IndicatorId,IndicatorName,IndicatorShortName,Source,SourceYear,Author,LocationId,Location,Iso2,Iso3,TimeId,Time,VariantId,Variant,SexId,Sex,AgeId,AgeStart,AgeEnd,Age,CategoryId,Category,EstimateTypeId,EstimateType,EstimateMethodId,EstimateMethod,Value
1,"Contraceptive prevalence: Any method (Percent)","Any","Estimates and Projections of Family Planning Indicators",2024,"United Nations Population Division",28,"Antigua and Barbuda","AG","ATG",59,"2008",4,"Median",2,"Female",31,15,49,"15-49",99,"All women",1,"Model-based Estimates",3,"Projection",35.8
1,"Contraceptive prevalence: Any method (Percent)","Any","Estimates and Projections of Family Planning Indicators",2024,"United Nations Population Division",28,"Antigua and Barbuda","AG","ATG",60,"2009",4,"Median",2,"Female",31,15,49,"15-49",99,"All women",1,"Model-based Estimates",3,"Projection",36.1
1,"Contraceptive prevalence: Any method (Percent)","Any","Estimates and Projections of Family Planning Indicators",2024,"United Nations Population Division",28,"Antigua and Barbuda","AG","ATG",61,"2010",4,"Median",2,"Female",31,15,49,"15-49",99,"All women",1,"Model-based Estimates",3,"Projection",36.3
1,"Contraceptive prevalence: Any method (Percent)","Any","Estimates and Projections of Family Planning Indicators",2024,"United Nations Population Division",28,"Antigua and Barbuda","AG","ATG",62,"2011",4,"Median",2,"Female",31,15,49,"15-49",99,"All women",1,"Model-based Estimates",3,"Projection",36.6
1,"Contraceptive prevalence: Any method (Percent)","Any","Estimates and Projections of Family Planning Indicators",2024,"United Nations Population Division",28,"Antigua and Barbuda","AG","ATG",63,"2012",4,"Median",2,"Female",31,15,49,"15-49",99,"All women",1,"Model-based Estimates",3,"Projection",36.9
1,"Contraceptive prevalence: Any method (Percent)","Any","Estimates and Projections of Family Planning Indicators",2024,"United Nations Population Division",28,"Antigua and Barbuda","AG","ATG",64,"2013",4,"Median",2,"Female",31,15,49,"15-49",99,"All women",1,"Model-based Estimates",3,"Projection",37.2
1,"Contraceptive prevalence: Any method (Percent)","Any","Estimates and Projections of Family Planning Indicators",2024,"United Nations Population Division",28,"Antigua and Barbuda","AG","ATG",65,"2014",4,"Median",2,"Female",31,15,49,"15-49",99,"All women",1,"Model-based Estimates",3,"Projection",37.5
1,"Contraceptive prevalence: Any method (Percent)","Any","Estimates and Projections of Family Planning Indicators",2024,"United Nations Population Division",28,"Antigua and Barbuda","AG","ATG",66,"2015",4,"Median",2,"Female",31,15,49,"15-49",99,"All women",1,"Model-based Estimates",3,"Projection",37.8
1,"Contraceptive prevalence: Any method (Percent)","Any","Estimates and Projections of Family Planning Indicators",2024,"United Nations Population Division",28,"Antigua and Barbuda","AG","ATG",67,"2016",4,"Median",2,"Female",31,15,49,"15-49",99,"All women",1,"Model-based Estimates",3,"Projection",38.1
1,"Contraceptive prevalence: Any method (Percent)","Any","Estimates and Projections of Family Planning Indicators",2024,"United Nations Population Division",28,"Antigua and Barbuda","AG","ATG",68,"2017",4,"Median",2,"Female",31,15,49,"15-49",99,"All women",1,"Model-based Estimates",3,"Projection",38.4
1,"Contraceptive prevalence: Any method (Percent)","Any","Estimates and Projections of Family Planning Indicators",2024,"United Nations Population Division",28,"Antigua and Barbuda","AG","ATG",69,"2018",4,"Median",2,"Female",31,15,49,"15-49",99,"All women",1,"Model-based Estimates",3,"Projection",38.7
1,"Contraceptive prevalence: Any method (Percent)","Any","Estimates and Projections of Family Planning Indicators",2024,"United Nations Population Division",28,"Antigua and Barbuda","AG","ATG",70,"2019",4,"Median",2,"Female",31,15,49,"15-49",99,"All women",1,"Model-based Estimates",3,"Projection",39
1,"Contraceptive prevalence: Any method (Percent)","Any","Estimates and Projections of Family Planning Indicators",2024,"United Nations Population Division",28,"Antigua and Barbuda","AG","ATG",71,"2020",4,"Median",2,"Female",31,15,49,"15-49",99,"All women",1,"Model-based Estimates",3,"Projection",39.3
1,"Contraceptive prevalence: Any method (Percent)","Any","Estimates and Projections of Family Planning Indicators",2024,"United Nations Population Division",28,"Antigua and Barbuda","AG","ATG",72,"2021",4,"Median",2,"Female",31,15,49,"15-49",99,"All women",1,"Model-based Estimates",3,"Projection",39.7
1,"Contraceptive prevalence: Any method (Percent)","Any","Estimates and Projections of Family Planning Indicators",2024,"United Nations Population Division",28,"Antigua and Barbuda","AG","ATG",73,"2022",4,"Median",2,"Female",31,15,49,"15-49",99,"All women",1,"Model-based Estimates",3,"Projection",40.2
1,"Contraceptive prevalence: Any method (Percent)","Any","Estimates and Projections of Family Planning Indicators",2024,"United Nations Population Division",32,"Argentina","AR","ARG",59,"2008",4,"Median",2,"Female",31,15,49,"15-49",99,"All women",1,"Model-based Estimates",2,"Interpolation",53.8
1,"Contraceptive prevalence: Any method (Percent)","Any","Estimates and Projections of Family Planning Indicators",2024,"United Nations Population Division",32,"Argentina","AR","ARG",60,"2009",4,"Median",2,"Female",31,15,49,"15-49",99,"All women",1,"Model-based Estimates",2,"Interpolation",53.8
1,"Contraceptive prevalence: Any method (Percent)","Any","Estimates and Projections of Family Planning Indicators",2024,"United Nations Population Division",32,"Argentina","AR","ARG",61,"2010",4,"Median",2,"Female",31,15,49,"15-49",99,"All women",1,"Model-based Estimates",2,"Interpolation",53.9
1,"Contraceptive prevalence: Any method (Percent)","Any","Estimates and Projections of Family Planning Indicators",2024,"United Nations Population Division",32,"Argentina","AR","ARG",62,"2011",4,"Median",2,"Female",31,15,49,"15-49",99,"All women",1,"Model-based Estimates",2,"Interpolation",54.1
1,"Contraceptive prevalence: Any method (Percent)","Any","Estimates and Projections of Family Planning Indicators",2024,"United Nations Population Division",32,"Argentina","AR","ARG",63,"2012",4,"Median",2,"Female",31,15,49,"15-49",99,"All women",1,"Model-based Estimates",2,"Interpolation",54.4
1,"Contraceptive prevalence: Any method (Percent)","Any","Estimates and Projections of Family Planning Indicators",2024,"United Nations Population Division",32,"Argentina","AR","ARG",64,"2013",4,"Median",2,"Female",31,15,49,"15-49",99,"All women",1,"Model-based Estimates",2,"Interpolation",54.9
1,"Contraceptive prevalence: Any method (Percent)","Any","Estimates and Projections of Family Planning Indicators",2024,"United Nations Population Division",32,"Argentina","AR","ARG",65,"2014",4,"Median",2,"Female",31,15,49,"15-49",99,"All women",1,"Model-based Estimates",2,"Interpolation",55.3
1,"Contraceptive prevalence: Any method (Percent)","Any","Estimates and Projections of Family Planning Indicators",2024,"United Nations Population Division",32,"Argentina","AR","ARG",66,"2015",4,"Median",2,"Female",31,15,49,"15-49",99,"All women",1,"Model-based Estimates",2,"Interpolation",55.7
1,"Contraceptive prevalence: Any method (Percent)","Any","Estimates and Projections of Family Planning Indicators",2024,"United Nations Population Division",32,"Argentina","AR","ARG",67,"2016",4,"Median",2,"Female",31,15,49,"15-49",99,"All women",1,"Model-based Estimates",2,"Interpolation",56
1,"Contraceptive prevalence: Any method (Percent)","Any","Estimates and Projections of Family Planning Indicators",2024,"United Nations Population Division",32,"Argentina","AR","ARG",68,"2017",4,"Median",2,"Female",31,15,49,"15-49",99,"All women",1,"Model-based Estimates",2,"Interpolation",56.4
1,"Contraceptive prevalence: Any method (Percent)","Any","Estimates and Projections of Family Planning Indicators",2024,"United Nations Population Division",32,"Argentina","AR","ARG",69,"2018",4,"Median",2,"Female",31,15,49,"15-49",99,"All women",1,"Model-based Estimates",2,"Interpolation",56.7
1,"Contraceptive prevalence: Any method (Percent)","Any","Estimates and Projections of Family Planning Indicators",2024,"United Nations Population Division",32,"Argentina","AR","ARG",70,"2019",4,"Median",2,"Female",31,15,49,"15-49",99,"All women",1,"Model-based Estimates",2,"Interpolation",57
1,"Contraceptive prevalence: Any method (Percent)","Any","Estimates and Projections of Family Planning Indicators",2024,"United Nations Population Division",32,"Argentina","AR","ARG",71,"2020",4,"Median",2,"Female",31,15,49,"15-49",99,"All women",1,"Model-based Estimates",2,"Interpolation",57.3
1,"Contraceptive prevalence: Any method (Percent)","Any","Estimates and Projections of Family Planning Indicators",2024,"United Nations Population Division",32,"Argentina","AR","ARG",72,"2021",4,"Median",2,"Female",31,15,49,"15-49",99,"All women",1,"Model-based Estimates",3,"Projection",57.5
1,"Contraceptive prevalence: Any method (Percent)","Any","Estimates and Projections of Family Planning Indicators",2024,"United Nations Population Division",32,"Argentina","AR","ARG",73,"2022",4,"Median",2,"Female",31,15,49,"15-49",99,"All women",1,"Model-based Estimates",3,"Projection",57.7
1,"Contraceptive prevalence: Any method (Percent)","Any","Estimates and Projections of Family Planning Indicators",2024,"United Nations Population Division",44,"Bahamas","BS","BHS",59,"2008",4,"Median",2,"Female",31,15,49,"15-49",99,"All women",1,"Model-based Estimates",3,"Projection",38.6
1,"Contraceptive prevalence: Any method (Percent)","Any","Estimates and Projections of Family Planning Indicators",2024,"United Nations Population Division",44,"Bahamas","BS","BHS",60,"2009",4,"Median",2,"Female",31,15,49,"15-49",99,"All women",1,"Model-based Estimates",3,"Projection",39
1,"Contraceptive prevalence: Any method (Percent)","Any","Estimates and Projections of Family Planning Indicators",2024,"United Nations Population Division",44,"Bahamas","BS","BHS",61,"2010",4,"Median",2,"Female",31,15,49,"15-49",99,"All women",1,"Model-based Estimates",3,"Projection",39.3
1,"Contraceptive prevalence: Any method (Percent)","Any","Estimates and Projections of Family Planning Indicators",2024,"United Nations Population Division",44,"Bahamas","BS","BHS",62,"2011",4,"Median",2,"Female",31,15,49,"15-49",99,"All women",1,"Model-based Estimates",3,"Projection",39.7
1,"Contraceptive prevalence: Any method (Percent)","Any","Estimates and Projections of Family Planning Indicators",2024,"United Nations Population Division",44,"Bahamas","BS","BHS",63,"2012",4,"Median",2,"Female",31,15,49,"15-49",99,"All women",1,"Model-based Estimates",3,"Projection",40
1,"Contraceptive prevalence: Any method (Percent)","Any","Estimates and Projections of Family Planning Indicators",2024,"United Nations Population Division",44,"Bahamas","BS","BHS",64,"2013",4,"Median",2,"Female",31,15,49,"15-49",99,"All women",1,"Model-based Estimates",3,"Projection",40.5
1,"Contraceptive prevalence: Any method (Percent)","Any","Estimates and Projections of Family Planning Indicators",2024,"United Nations Population Division",44,"Bahamas","BS","BHS",65,"2014",4,"Median",2,"Female",31,15,49,"15-49",99,"All women",1,"Model-based Estimates",3,"Projection",40.8
1,"Contraceptive prevalence: Any method (Percent)","Any","Estimates and Projections of Family Planning Indicators",2024,"United Nations Population Division",44,"Bahamas","BS","BHS",66,"2015",4,"Median",2,"Female",31,15,49,"15-49",99,"All women",1,"Model-based Estimates",3,"Projection",41.2
1,"Contraceptive prevalence: Any method (Percent)","Any","Estimates and Projections of Family Planning Indicators",2024,"United Nations Population Division",44,"Bahamas","BS","BHS",67,"2016",4,"Median",2,"Female",31,15,49,"15-49",99,"All women",1,"Model-based Estimates",3,"Projection",41.6
1,"Contraceptive prevalence: Any method (Percent)","Any","Estimates and Projections of Family Planning Indicators",2024,"United Nations Population Division",44,"Bahamas","BS","BHS",68,"2017",4,"Median",2,"Female",31,15,49,"15-49",99,"All women",1,"Model-based Estimates",3,"Projection",42
1,"Contraceptive prevalence: Any method (Percent)","Any","Estimates and Projections of Family Planning Indicators",2024,"United Nations Population Division",44,"Bahamas","BS","BHS",69,"2018",4,"Median",2,"Female",31,15,49,"15-49",99,"All women",1,"Model-based Estimates",3,"Projection",42.4
1,"Contraceptive prevalence: Any method (Percent)","Any","Estimates and Projections of Family Planning Indicators",2024,"United Nations Population Division",44,"Bahamas","BS","BHS",70,"2019",4,"Median",2,"Female",31,15,49,"15-49",99,"All women",1,"Model-based Estimates",3,"Projection",42.8
1,"Contraceptive prevalence: Any method (Percent)","Any","Estimates and Projections of Family Planning Indicators",2024,"United Nations Population Division",44,"Bahamas","BS","BHS",71,"2020",4,"Median",2,"Female",31,15,49,"15-49",99,"All women",1,"Model-based Estimates",3,"Projection",43.3
1,"Contraceptive prevalence: Any method (Percent)","Any","Estimates and Projections of Family Planning Indicators",2024,"United Nations Population Division",44,"Bahamas","BS","BHS",72,"2021",4,"Median",2,"Female",31,15,49,"15-49",99,"All women",1,"Model-based Estimates",3,"Projection",43.6
1,"Contraceptive prevalence: Any method (Percent)","Any","Estimates and Projections of Family Planning Indicators",2024,"United Nations Population Division",44,"Bahamas","BS","BHS",73,"2022",4,"Median",2,"Female",31,15,49,"15-49",99,"All women",1,"Model-based Estimates",3,"Projection",43.9
1,"Contraceptive prevalence: Any method (Percent)","Any","Estimates and Projections of Family Planning Indicators",2024,"United Nations Population Division",52,"Barbados","BB","BRB",59,"2008",4,"Median",2,"Female",31,15,49,"15-49",99,"All women",1,"Model-based Estimates",2,"Interpolation",45.5
1,"Contraceptive prevalence: Any method (Percent)","Any","Estimates and Projections of Family Planning Indicators",2024,"United Nations Population Division",52,"Barbados","BB","BRB",60,"2009",4,"Median",2,"Female",31,15,49,"15-49",99,"All women",1,"Model-based Estimates",2,"Interpolation",45.8
1,"Contraceptive prevalence: Any method (Percent)","Any","Estimates and Projections of Family Planning Indicators",2024,"United Nations Population Division",52,"Barbados","BB","BRB",61,"2010",4,"Median",2,"Female",31,15,49,"15-49",99,"All women",1,"Model-based Estimates",2,"Interpolation",46.2
1,"Contraceptive prevalence: Any method (Percent)","Any","Estimates and Projections of Family Planning Indicators",2024,"United Nations Population Division",52,"Barbados","BB","BRB",62,"2011",4,"Median",2,"Female",31,15,49,"15-49",99,"All women",1,"Model-based Estimates",2,"Interpolation",46.5
1,"Contraceptive prevalence: Any method (Percent)","Any","Estimates and Projections of Family Planning Indicators",2024,"United Nations Population Division",52,"Barbados","BB","BRB",63,"2012",4,"Median",2,"Female",31,15,49,"15-49",99,"All women",1,"Model-based Estimates",2,"Interpolation",46.8
1,"Contraceptive prevalence: Any method (Percent)","Any","Estimates and Projections of Family Planning Indicators",2024,"United Nations Population Division",52,"Barbados","BB","BRB",64,"2013",4,"Median",2,"Female",31,15,49,"15-49",99,"All women",1,"Model-based Estimates",3,"Projection",47.2
1,"Contraceptive prevalence: Any method (Percent)","Any","Estimates and Projections of Family Planning Indicators",2024,"United Nations Population Division",52,"Barbados","BB","BRB",65,"2014",4,"Median",2,"Female",31,15,49,"15-49",99,"All women",1,"Model-based Estimates",3,"Projection",47.4
1,"Contraceptive prevalence: Any method (Percent)","Any","Estimates and Projections of Family Planning Indicators",2024,"United Nations Population Division",52,"Barbados","BB","BRB",66,"2015",4,"Median",2,"Female",31,15,49,"15-49",99,"All women",1,"Model-based Estimates",3,"Projection",47.7
1,"Contraceptive prevalence: Any method (Percent)","Any","Estimates and Projections of Family Planning Indicators",2024,"United Nations Population Division",52,"Barbados","BB","BRB",67,"2016",4,"Median",2,"Female",31,15,49,"15-49",99,"All women",1,"Model-based Estimates",3,"Projection",48
1,"Contraceptive prevalence: Any method (Percent)","Any","Estimates and Projections of Family Planning Indicators",2024,"United Nations Population Division",52,"Barbados","BB","BRB",68,"2017",4,"Median",2,"Female",31,15,49,"15-49",99,"All women",1,"Model-based Estimates",3,"Projection",48.2
1,"Contraceptive prevalence: Any method (Percent)","Any","Estimates and Projections of Family Planning Indicators",2024,"United Nations Population Division",52,"Barbados","BB","BRB",69,"2018",4,"Median",2,"Female",31,15,49,"15-49",99,"All women",1,"Model-based Estimates",3,"Projection",48.5
1,"Contraceptive prevalence: Any method (Percent)","Any","Estimates and Projections of Family Planning Indicators",2024,"United Nations Population Division",52,"Barbados","BB","BRB",70,"2019",4,"Median",2,"Female",31,15,49,"15-49",99,"All women",1,"Model-based Estimates",3,"Projection",48.8
1,"Contraceptive prevalence: Any method (Percent)","Any","Estimates and Projections of Family Planning Indicators",2024,"United Nations Population Division",52,"Barbados","BB","BRB",71,"2020",4,"Median",2,"Female",31,15,49,"15-49",99,"All women",1,"Model-based Estimates",3,"Projection",49.1
1,"Contraceptive prevalence: Any method (Percent)","Any","Estimates and Projections of Family Planning Indicators",2024,"United Nations Population Division",52,"Barbados","BB","BRB",72,"2021",4,"Median",2,"Female",31,15,49,"15-49",99,"All women",1,"Model-based Estimates",3,"Projection",49.3
1,"Contraceptive prevalence: Any method (Percent)","Any","Estimates and Projections of Family Planning Indicators",2024,"United Nations Population Division",52,"Barbados","BB","BRB",73,"2022",4,"Median",2,"Female",31,15,49,"15-49",99,"All women",1,"Model-based Estimates",3,"Projection",49.6
1,"Contraceptive prevalence: Any method (Percent)","Any","Estimates and Projections of Family Planning Indicators",2024,"United Nations Population Division",68,"Bolivia (Plurinational State of)","BO","BOL",59,"2008",4,"Median",2,"Female",31,15,49,"15-49",99,"All women",1,"Model-based Estimates",2,"Interpolation",40.7
1,"Contraceptive prevalence: Any method (Percent)","Any","Estimates and Projections of Family Planning Indicators",2024,"United Nations Population Division",68,"Bolivia (Plurinational State of)","BO","BOL",60,"2009",4,"Median",2,"Female",31,15,49,"15-49",99,"All women",1,"Model-based Estimates",2,"Interpolation",41
1,"Contraceptive prevalence: Any method (Percent)","Any","Estimates and Projections of Family Planning Indicators",2024,"United Nations Population Division",68,"Bolivia (Plurinational State of)","BO","BOL",61,"2010",4,"Median",2,"Female",31,15,49,"15-49",99,"All women",1,"Model-based Estimates",2,"Interpolation",41.2
1,"Contraceptive prevalence: Any method (Percent)","Any","Estimates and Projections of Family Planning Indicators",2024,"United Nations Population Division",68,"Bolivia (Plurinational State of)","BO","BOL",62,"2011",4,"Median",2,"Female",31,15,49,"15-49",99,"All women",1,"Model-based Estimates",2,"Interpolation",41.6
1,"Contraceptive prevalence: Any method (Percent)","Any","Estimates and Projections of Family Planning Indicators",2024,"United Nations Population Division",68,"Bolivia (Plurinational State of)","BO","BOL",63,"2012",4,"Median",2,"Female",31,15,49,"15-49",99,"All women",1,"Model-based Estimates",2,"Interpolation",41.9
1,"Contraceptive prevalence: Any method (Percent)","Any","Estimates and Projections of Family Planning Indicators",2024,"United Nations Population Division",68,"Bolivia (Plurinational State of)","BO","BOL",64,"2013",4,"Median",2,"Female",31,15,49,"15-49",99,"All women",1,"Model-based Estimates",2,"Interpolation",42.2
1,"Contraceptive prevalence: Any method (Percent)","Any","Estimates and Projections of Family Planning Indicators",2024,"United Nations Population Division",68,"Bolivia (Plurinational State of)","BO","BOL",65,"2014",4,"Median",2,"Female",31,15,49,"15-49",99,"All women",1,"Model-based Estimates",2,"Interpolation",42.5
1,"Contraceptive prevalence: Any method (Percent)","Any","Estimates and Projections of Family Planning Indicators",2024,"United Nations Population Division",68,"Bolivia (Plurinational State of)","BO","BOL",66,"2015",4,"Median",2,"Female",31,15,49,"15-49",99,"All women",1,"Model-based Estimates",2,"Interpolation",42.7
1,"Contraceptive prevalence: Any method (Percent)","Any","Estimates and Projections of Family Planning Indicators",2024,"United Nations Population Division",68,"Bolivia (Plurinational State of)","BO","BOL",67,"2016",4,"Median",2,"Female",31,15,49,"15-49",99,"All women",1,"Model-based Estimates",2,"Interpolation",42.9
1,"Contraceptive prevalence: Any method (Percent)","Any","Estimates and Projections of Family Planning Indicators",2024,"United Nations Population Division",68,"Bolivia (Plurinational State of)","BO","BOL",68,"2017",4,"Median",2,"Female",31,15,49,"15-49",99,"All women",1,"Model-based Estimates",3,"Projection",43.2
1,"Contraceptive prevalence: Any method (Percent)","Any","Estimates and Projections of Family Planning Indicators",2024,"United Nations Population Division",68,"Bolivia (Plurinational State of)","BO","BOL",69,"2018",4,"Median",2,"Female",31,15,49,"15-49",99,"All women",1,"Model-based Estimates",3,"Projection",43.4
1,"Contraceptive prevalence: Any method (Percent)","Any","Estimates and Projections of Family Planning Indicators",2024,"United Nations Population Division",68,"Bolivia (Plurinational State of)","BO","BOL",70,"2019",4,"Median",2,"Female",31,15,49,"15-49",99,"All women",1,"Model-based Estimates",3,"Projection",43.6
1,"Contraceptive prevalence: Any method (Percent)","Any","Estimates and Projections of Family Planning Indicators",2024,"United Nations Population Division",68,"Bolivia (Plurinational State of)","BO","BOL",71,"2020",4,"Median",2,"Female",31,15,49,"15-49",99,"All women",1,"Model-based Estimates",3,"Projection",43.8
1,"Contraceptive prevalence: Any method (Percent)","Any","Estimates and Projections of Family Planning Indicators",2024,"United Nations Population Division",68,"Bolivia (Plurinational State of)","BO","BOL",72,"2021",4,"Median",2,"Female",31,15,49,"15-49",99,"All women",1,"Model-based Estimates",3,"Projection",44
1,"Contraceptive prevalence: Any method (Percent)","Any","Estimates and Projections of Family Planning Indicators",2024,"United Nations Population Division",68,"Bolivia (Plurinational State of)","BO","BOL",73,"2022",4,"Median",2,"Female",31,15,49,"15-49",99,"All women",1,"Model-based Estimates",3,"Projection",44.1
1,"Contraceptive prevalence: Any method (Percent)","Any","Estimates and Projections of Family Planning Indicators",2024,"United Nations Population Division",76,"Brazil","BR","BRA",59,"2008",4,"Median",2,"Female",31,15,49,"15-49",99,"All women",1,"Model-based Estimates",2,"Interpolation",65.4
1,"Contraceptive prevalence: Any method (Percent)","Any","Estimates and Projections of Family Planning Indicators",2024,"United Nations Population Division",76,"Brazil","BR","BRA",60,"2009",4,"Median",2,"Female",31,15,49,"15-49",99,"All women",1,"Model-based Estimates",2,"Interpolation",65.6
1,"Contraceptive prevalence: Any method (Percent)","Any","Estimates and Projections of Family Planning Indicators",2024,"United Nations Population Division",76,"Brazil","BR","BRA",61,"2010",4,"Median",2,"Female",31,15,49,"15-49",99,"All women",1,"Model-based Estimates",2,"Interpolation",65.7
1,"Contraceptive prevalence: Any method (Percent)","Any","Estimates and Projections of Family Planning Indicators",2024,"United Nations Population Division",76,"Brazil","BR","BRA",62,"2011",4,"Median",2,"Female",31,15,49,"15-49",99,"All women",1,"Model-based Estimates",2,"Interpolation",65.8
1,"Contraceptive prevalence: Any method (Percent)","Any","Estimates and Projections of Family Planning Indicators",2024,"United Nations Population Division",76,"Brazil","BR","BRA",63,"2012",4,"Median",2,"Female",31,15,49,"15-49",99,"All women",1,"Model-based Estimates",2,"Interpolation",65.9
1,"Contraceptive prevalence: Any method (Percent)","Any","Estimates and Projections of Family Planning Indicators",2024,"United Nations Population Division",76,"Brazil","BR","BRA",64,"2013",4,"Median",2,"Female",31,15,49,"15-49",99,"All women",1,"Model-based Estimates",2,"Interpolation",66
1,"Contraceptive prevalence: Any method (Percent)","Any","Estimates and Projections of Family Planning Indicators",2024,"United Nations Population Division",76,"Brazil","BR","BRA",65,"2014",4,"Median",2,"Female",31,15,49,"15-49",99,"All women",1,"Model-based Estimates",2,"Interpolation",66
1,"Contraceptive prevalence: Any method (Percent)","Any","Estimates and Projections of Family Planning Indicators",2024,"United Nations Population Division",76,"Brazil","BR","BRA",66,"2015",4,"Median",2,"Female",31,15,49,"15-49",99,"All women",1,"Model-based Estimates",2,"Interpolation",66
1,"Contraceptive prevalence: Any method (Percent)","Any","Estimates and Projections of Family Planning Indicators",2024,"United Nations Population Division",76,"Brazil","BR","BRA",67,"2016",4,"Median",2,"Female",31,15,49,"15-49",99,"All women",1,"Model-based Estimates",2,"Interpolation",66.1
1,"Contraceptive prevalence: Any method (Percent)","Any","Estimates and Projections of Family Planning Indicators",2024,"United Nations Population Division",76,"Brazil","BR","BRA",68,"2017",4,"Median",2,"Female",31,15,49,"15-49",99,"All women",1,"Model-based Estimates",2,"Interpolation",66.1
1,"Contraceptive prevalence: Any method (Percent)","Any","Estimates and Projections of Family Planning Indicators",2024,"United Nations Population Division",76,"Brazil","BR","BRA",69,"2018",4,"Median",2,"Female",31,15,49,"15-49",99,"All women",1,"Model-based Estimates",2,"Interpolation",66.3
1,"Contraceptive prevalence: Any method (Percent)","Any","Estimates and Projections of Family Planning Indicators",2024,"United Nations Population Division",76,"Brazil","BR","BRA",70,"2019",4,"Median",2,"Female",31,15,49,"15-49",99,"All women",1,"Model-based Estimates",2,"Interpolation",66.4
1,"Contraceptive prevalence: Any method (Percent)","Any","Estimates and Projections of Family Planning Indicators",2024,"United Nations Population Division",76,"Brazil","BR","BRA",71,"2020",4,"Median",2,"Female",31,15,49,"15-49",99,"All women",1,"Model-based Estimates",3,"Projection",66.4
1,"Contraceptive prevalence: Any method (Percent)","Any","Estimates and Projections of Family Planning Indicators",2024,"United Nations Population Division",76,"Brazil","BR","BRA",72,"2021",4,"Median",2,"Female",31,15,49,"15-49",99,"All women",1,"Model-based Estimates",3,"Projection",66.4
1,"Contraceptive prevalence: Any method (Percent)","Any","Estimates and Projections of Family Planning Indicators",2024,"United Nations Population Division",76,"Brazil","BR","BRA",73,"2022",4,"Median",2,"Female",31,15,49,"15-49",99,"All women",1,"Model-based Estimates",3,"Projection",66.5
1,"Contraceptive prevalence: Any method (Percent)","Any","Estimates and Projections of Family Planning Indicators",2024,"United Nations Population Division",84,"Belize","BZ","BLZ",59,"2008",4,"Median",2,"Female",31,15,49,"15-49",99,"All women",1,"Model-based Estimates",2,"Interpolation",37.3
1,"Contraceptive prevalence: Any method (Percent)","Any","Estimates and Projections of Family Planning Indicators",2024,"United Nations Population Division",84,"Belize","BZ","BLZ",60,"2009",4,"Median",2,"Female",31,15,49,"15-49",99,"All women",1,"Model-based Estimates",2,"Interpolation",37.8
1,"Contraceptive prevalence: Any method (Percent)","Any","Estimates and Projections of Family Planning Indicators",2024,"United Nations Population Division",84,"Belize","BZ","BLZ",61,"2010",4,"Median",2,"Female",31,15,49,"15-49",99,"All women",1,"Model-based Estimates",2,"Interpolation",38.4
1,"Contraceptive prevalence: Any method (Percent)","Any","Estimates and Projections of Family Planning Indicators",2024,"United Nations Population Division",84,"Belize","BZ","BLZ",62,"2011",4,"Median",2,"Female",31,15,49,"15-49",99,"All women",1,"Model-based Estimates",2,"Interpolation",38.8
1,"Contraceptive prevalence: Any method (Percent)","Any","Estimates and Projections of Family Planning Indicators",2024,"United Nations Population Division",84,"Belize","BZ","BLZ",63,"2012",4,"Median",2,"Female",31,15,49,"15-49",99,"All women",1,"Model-based Estimates",2,"Interpolation",39
1,"Contraceptive prevalence: Any method (Percent)","Any","Estimates and Projections of Family Planning Indicators",2024,"United Nations Population Division",84,"Belize","BZ","BLZ",64,"2013",4,"Median",2,"Female",31,15,49,"15-49",99,"All women",1,"Model-based Estimates",2,"Interpolation",39.1
1,"Contraceptive prevalence: Any method (Percent)","Any","Estimates and Projections of Family Planning Indicators",2024,"United Nations Population Division",84,"Belize","BZ","BLZ",65,"2014",4,"Median",2,"Female",31,15,49,"15-49",99,"All women",1,"Model-based Estimates",2,"Interpolation",39.2
1,"Contraceptive prevalence: Any method (Percent)","Any","Estimates and Projections of Family Planning Indicators",2024,"United Nations Population Division",84,"Belize","BZ","BLZ",66,"2015",4,"Median",2,"Female",31,15,49,"15-49",99,"All women",1,"Model-based Estimates",2,"Interpolation",39.3
1,"Contraceptive prevalence: Any method (Percent)","Any","Estimates and Projections of Family Planning Indicators",2024,"United Nations Population Division",84,"Belize","BZ","BLZ",67,"2016",4,"Median",2,"Female",31,15,49,"15-49",99,"All women",1,"Model-based Estimates",2,"Interpolation",39.6
1,"Contraceptive prevalence: Any method (Percent)","Any","Estimates and Projections of Family Planning Indicators",2024,"United Nations Population Division",84,"Belize","BZ","BLZ",68,"2017",4,"Median",2,"Female",31,15,49,"15-49",99,"All women",1,"Model-based Estimates",3,"Projection",40
1,"Contraceptive prevalence: Any method (Percent)","Any","Estimates and Projections of Family Planning Indicators",2024,"United Nations Population Division",84,"Belize","BZ","BLZ",69,"2018",4,"Median",2,"Female",31,15,49,"15-49",99,"All women",1,"Model-based Estimates",3,"Projection",40.5
1,"Contraceptive prevalence: Any method (Percent)","Any","Estimates and Projections of Family Planning Indicators",2024,"United Nations Population Division",84,"Belize","BZ","BLZ",70,"2019",4,"Median",2,"Female",31,15,49,"15-49",99,"All women",1,"Model-based Estimates",3,"Projection",41
1,"Contraceptive prevalence: Any method (Percent)","Any","Estimates and Projections of Family Planning Indicators",2024,"United Nations Population Division",84,"Belize","BZ","BLZ",71,"2020",4,"Median",2,"Female",31,15,49,"15-49",99,"All women",1,"Model-based Estimates",3,"Projection",41.5
1,"Contraceptive prevalence: Any method (Percent)","Any","Estimates and Projections of Family Planning Indicators",2024,"United Nations Population Division",84,"Belize","BZ","BLZ",72,"2021",4,"Median",2,"Female",31,15,49,"15-49",99,"All women",1,"Model-based Estimates",3,"Projection",41.9
1,"Contraceptive prevalence: Any method (Percent)","Any","Estimates and Projections of Family Planning Indicators",2024,"United Nations Population Division",84,"Belize","BZ","BLZ",73,"2022",4,"Median",2,"Female",31,15,49,"15-49",99,"All women",1,"Model-based Estimates",3,"Projection",42.4
1,"Contraceptive prevalence: Any method (Percent)","Any","Estimates and Projections of Family Planning Indicators",2024,"United Nations Population Division",124,"Canada","CA","CAN",59,"2008",4,"Median",2,"Female",31,15,49,"15-49",99,"All women",1,"Model-based Estimates",3,"Projection",72.8
1,"Contraceptive prevalence: Any method (Percent)","Any","Estimates and Projections of Family Planning Indicators",2024,"United Nations Population Division",124,"Canada","CA","CAN",60,"2009",4,"Median",2,"Female",31,15,49,"15-49",99,"All women",1,"Model-based Estimates",3,"Projection",72.8
1,"Contraceptive prevalence: Any method (Percent)","Any","Estimates and Projections of Family Planning Indicators",2024,"United Nations Population Division",124,"Canada","CA","CAN",61,"2010",4,"Median",2,"Female",31,15,49,"15-49",99,"All women",1,"Model-based Estimates",3,"Projection",72.8
1,"Contraceptive prevalence: Any method (Percent)","Any","Estimates and Projections of Family Planning Indicators",2024,"United Nations Population Division",124,"Canada","CA","CAN",62,"2011",4,"Median",2,"Female",31,15,49,"15-49",99,"All women",1,"Model-based Estimates",3,"Projection",72.8
1,"Contraceptive prevalence: Any method (Percent)","Any","Estimates and Projections of Family Planning Indicators",2024,"United Nations Population Division",124,"Canada","CA","CAN",63,"2012",4,"Median",2,"Female",31,15,49,"15-49",99,"All women",1,"Model-based Estimates",3,"Projection",72.8
1,"Contraceptive prevalence: Any method (Percent)","Any","Estimates and Projections of Family Planning Indicators",2024,"United Nations Population Division",124,"Canada","CA","CAN",64,"2013",4,"Median",2,"Female",31,15,49,"15-49",99,"All women",1,"Model-based Estimates",3,"Projection",72.8
1,"Contraceptive prevalence: Any method (Percent)","Any","Estimates and Projections of Family Planning Indicators",2024,"United Nations Population Division",124,"Canada","CA","CAN",65,"2014",4,"Median",2,"Female",31,15,49,"15-49",99,"All women",1,"Model-based Estimates",3,"Projection",72.8
1,"Contraceptive prevalence: Any method (Percent)","Any","Estimates and Projections of Family Planning Indicators",2024,"United Nations Population Division",124,"Canada","CA","CAN",66,"2015",4,"Median",2,"Female",31,15,49,"15-49",99,"All women",1,"Model-based Estimates",3,"Projection",72.7
1,"Contraceptive prevalence: Any method (Percent)","Any","Estimates and Projections of Family Planning Indicators",2024,"United Nations Population Division",124,"Canada","CA","CAN",67,"2016",4,"Median",2,"Female",31,15,49,"15-49",99,"All women",1,"Model-based Estimates",3,"Projection",72.7
1,"Contraceptive prevalence: Any method (Percent)","Any","Estimates and Projections of Family Planning Indicators",2024,"United Nations Population Division",124,"Canada","CA","CAN",68,"2017",4,"Median",2,"Female",31,15,49,"15-49",99,"All women",1,"Model-based Estimates",3,"Projection",72.7
1,"Contraceptive prevalence: Any method (Percent)","Any","Estimates and Projections of Family Planning Indicators",2024,"United Nations Population Division",124,"Canada","CA","CAN",69,"2018",4,"Median",2,"Female",31,15,49,"15-49",99,"All women",1,"Model-based Estimates",3,"Projection",72.7
1,"Contraceptive prevalence: Any method (Percent)","Any","Estimates and Projections of Family Planning Indicators",2024,"United Nations Population Division",124,"Canada","CA","CAN",70,"2019",4,"Median",2,"Female",31,15,49,"15-49",99,"All women",1,"Model-based Estimates",3,"Projection",72.6
1,"Contraceptive prevalence: Any method (Percent)","Any","Estimates and Projections of Family Planning Indicators",2024,"United Nations Population Division",124,"Canada","CA","CAN",71,"2020",4,"Median",2,"Female",31,15,49,"15-49",99,"All women",1,"Model-based Estimates",3,"Projection",72.6
1,"Contraceptive prevalence: Any method (Percent)","Any","Estimates and Projections of Family Planning Indicators",2024,"United Nations Population Division",124,"Canada","CA","CAN",72,"2021",4,"Median",2,"Female",31,15,49,"15-49",99,"All women",1,"Model-based Estimates",3,"Projection",72.6
1,"Contraceptive prevalence: Any method (Percent)","Any","Estimates and Projections of Family Planning Indicators",2024,"United Nations Population Division",124,"Canada","CA","CAN",73,"2022",4,"Median",2,"Female",31,15,49,"15-49",99,"All women",1,"Model-based Estimates",3,"Projection",72.6
1,"Contraceptive prevalence: Any method (Percent)","Any","Estimates and Projections of Family Planning Indicators",2024,"United Nations Population Division",152,"Chile","CL","CHL",59,"2008",4,"Median",2,"Female",31,15,49,"15-49",99,"All women",1,"Model-based Estimates",2,"Interpolation",53.6
1,"Contraceptive prevalence: Any method (Percent)","Any","Estimates and Projections of Family Planning Indicators",2024,"United Nations Population Division",152,"Chile","CL","CHL",60,"2009",4,"Median",2,"Female",31,15,49,"15-49",99,"All women",1,"Model-based Estimates",2,"Interpolation",54.9
1,"Contraceptive prevalence: Any method (Percent)","Any","Estimates and Projections of Family Planning Indicators",2024,"United Nations Population Division",152,"Chile","CL","CHL",61,"2010",4,"Median",2,"Female",31,15,49,"15-49",99,"All women",1,"Model-based Estimates",2,"Interpolation",56.1
1,"Contraceptive prevalence: Any method (Percent)","Any","Estimates and Projections of Family Planning Indicators",2024,"United Nations Population Division",152,"Chile","CL","CHL",62,"2011",4,"Median",2,"Female",31,15,49,"15-49",99,"All women",1,"Model-based Estimates",2,"Interpolation",57.3
1,"Contraceptive prevalence: Any method (Percent)","Any","Estimates and Projections of Family Planning Indicators",2024,"United Nations Population Division",152,"Chile","CL","CHL",63,"2012",4,"Median",2,"Female",31,15,49,"15-49",99,"All women",1,"Model-based Estimates",2,"Interpolation",58.6
1,"Contraceptive prevalence: Any method (Percent)","Any","Estimates and Projections of Family Planning Indicators",2024,"United Nations Population Division",152,"Chile","CL","CHL",64,"2013",4,"Median",2,"Female",31,15,49,"15-49",99,"All women",1,"Model-based Estimates",2,"Interpolation",59.8
1,"Contraceptive prevalence: Any method (Percent)","Any","Estimates and Projections of Family Planning Indicators",2024,"United Nations Population Division",152,"Chile","CL","CHL",65,"2014",4,"Median",2,"Female",31,15,49,"15-49",99,"All women",1,"Model-based Estimates",2,"Interpolation",61
1,"Contraceptive prevalence: Any method (Percent)","Any","Estimates and Projections of Family Planning Indicators",2024,"United Nations Population Division",152,"Chile","CL","CHL",66,"2015",4,"Median",2,"Female",31,15,49,"15-49",99,"All women",1,"Model-based Estimates",2,"Interpolation",62.1
1,"Contraceptive prevalence: Any method (Percent)","Any","Estimates and Projections of Family Planning Indicators",2024,"United Nations Population Division",152,"Chile","CL","CHL",67,"2016",4,"Median",2,"Female",31,15,49,"15-49",99,"All women",1,"Model-based Estimates",2,"Interpolation",62.8
1,"Contraceptive prevalence: Any method (Percent)","Any","Estimates and Projections of Family Planning Indicators",2024,"United Nations Population Division",152,"Chile","CL","CHL",68,"2017",4,"Median",2,"Female",31,15,49,"15-49",99,"All women",1,"Model-based Estimates",3,"Projection",63.3
1,"Contraceptive prevalence: Any method (Percent)","Any","Estimates and Projections of Family Planning Indicators",2024,"United Nations Population Division",152,"Chile","CL","CHL",69,"2018",4,"Median",2,"Female",31,15,49,"15-49",99,"All women",1,"Model-based Estimates",3,"Projection",63.7
1,"Contraceptive prevalence: Any method (Percent)","Any","Estimates and Projections of Family Planning Indicators",2024,"United Nations Population Division",152,"Chile","CL","CHL",70,"2019",4,"Median",2,"Female",31,15,49,"15-49",99,"All women",1,"Model-based Estimates",3,"Projection",64
1,"Contraceptive prevalence: Any method (Percent)","Any","Estimates and Projections of Family Planning Indicators",2024,"United Nations Population Division",152,"Chile","CL","CHL",71,"2020",4,"Median",2,"Female",31,15,49,"15-49",99,"All women",1,"Model-based Estimates",3,"Projection",64.3
1,"Contraceptive prevalence: Any method (Percent)","Any","Estimates and Projections of Family Planning Indicators",2024,"United Nations Population Division",152,"Chile","CL","CHL",72,"2021",4,"Median",2,"Female",31,15,49,"15-49",99,"All women",1,"Model-based Estimates",3,"Projection",64.6
1,"Contraceptive prevalence: Any method (Percent)","Any","Estimates and Projections of Family Planning Indicators",2024,"United Nations Population Division",152,"Chile","CL","CHL",73,"2022",4,"Median",2,"Female",31,15,49,"15-49",99,"All women",1,"Model-based Estimates",3,"Projection",64.9
1,"Contraceptive prevalence: Any method (Percent)","Any","Estimates and Projections of Family Planning Indicators",2024,"United Nations Population Division",170,"Colombia","CO","COL",59,"2008",4,"Median",2,"Female",31,15,49,"15-49",99,"All women",1,"Model-based Estimates",2,"Interpolation",57
1,"Contraceptive prevalence: Any method (Percent)","Any","Estimates and Projections of Family Planning Indicators",2024,"United Nations Population Division",170,"Colombia","CO","COL",60,"2009",4,"Median",2,"Female",31,15,49,"15-49",99,"All women",1,"Model-based Estimates",2,"Interpolation",57.5
1,"Contraceptive prevalence: Any method (Percent)","Any","Estimates and Projections of Family Planning Indicators",2024,"United Nations Population Division",170,"Colombia","CO","COL",61,"2010",4,"Median",2,"Female",31,15,49,"15-49",99,"All women",1,"Model-based Estimates",2,"Interpolation",58.1
1,"Contraceptive prevalence: Any method (Percent)","Any","Estimates and Projections of Family Planning Indicators",2024,"United Nations Population Division",170,"Colombia","CO","COL",62,"2011",4,"Median",2,"Female",31,15,49,"15-49",99,"All women",1,"Model-based Estimates",2,"Interpolation",58.7
1,"Contraceptive prevalence: Any method (Percent)","Any","Estimates and Projections of Family Planning Indicators",2024,"United Nations Population Division",170,"Colombia","CO","COL",63,"2012",4,"Median",2,"Female",31,15,49,"15-49",99,"All women",1,"Model-based Estimates",2,"Interpolation",59.3
1,"Contraceptive prevalence: Any method (Percent)","Any","Estimates and Projections of Family Planning Indicators",2024,"United Nations Population Division",170,"Colombia","CO","COL",64,"2013",4,"Median",2,"Female",31,15,49,"15-49",99,"All women",1,"Model-based Estimates",2,"Interpolation",59.9
1,"Contraceptive prevalence: Any method (Percent)","Any","Estimates and Projections of Family Planning Indicators",2024,"United Nations Population Division",170,"Colombia","CO","COL",65,"2014",4,"Median",2,"Female",31,15,49,"15-49",99,"All women",1,"Model-based Estimates",2,"Interpolation",60.5
1,"Contraceptive prevalence: Any method (Percent)","Any","Estimates and Projections of Family Planning Indicators",2024,"United Nations Population Division",170,"Colombia","CO","COL",66,"2015",4,"Median",2,"Female",31,15,49,"15-49",99,"All women",1,"Model-based Estimates",2,"Interpolation",61
1,"Contraceptive prevalence: Any method (Percent)","Any","Estimates and Projections of Family Planning Indicators",2024,"United Nations Population Division",170,"Colombia","CO","COL",67,"2016",4,"Median",2,"Female",31,15,49,"15-49",99,"All women",1,"Model-based Estimates",2,"Interpolation",61.4
1,"Contraceptive prevalence: Any method (Percent)","Any","Estimates and Projections of Family Planning Indicators",2024,"United Nations Population Division",170,"Colombia","CO","COL",68,"2017",4,"Median",2,"Female",31,15,49,"15-49",99,"All women",1,"Model-based Estimates",3,"Projection",61.6
1,"Contraceptive prevalence: Any method (Percent)","Any","Estimates and Projections of Family Planning Indicators",2024,"United Nations Population Division",170,"Colombia","CO","COL",69,"2018",4,"Median",2,"Female",31,15,49,"15-49",99,"All women",1,"Model-based Estimates",3,"Projection",61.8
1,"Contraceptive prevalence: Any method (Percent)","Any","Estimates and Projections of Family Planning Indicators",2024,"United Nations Population Division",170,"Colombia","CO","COL",70,"2019",4,"Median",2,"Female",31,15,49,"15-49",99,"All women",1,"Model-based Estimates",3,"Projection",62.1
1,"Contraceptive prevalence: Any method (Percent)","Any","Estimates and Projections of Family Planning Indicators",2024,"United Nations Population Division",170,"Colombia","CO","COL",71,"2020",4,"Median",2,"Female",31,15,49,"15-49",99,"All women",1,"Model-based Estimates",3,"Projection",62.3
1,"Contraceptive prevalence: Any method (Percent)","Any","Estimates and Projections of Family Planning Indicators",2024,"United Nations Population Division",170,"Colombia","CO","COL",72,"2021",4,"Median",2,"Female",31,15,49,"15-49",99,"All women",1,"Model-based Estimates",3,"Projection",62.5
1,"Contraceptive prevalence: Any method (Percent)","Any","Estimates and Projections of Family Planning Indicators",2024,"United Nations Population Division",170,"Colombia","CO","COL",73,"2022",4,"Median",2,"Female",31,15,49,"15-49",99,"All women",1,"Model-based Estimates",3,"Projection",62.7
1,"Contraceptive prevalence: Any method (Percent)","Any","Estimates and Projections of Family Planning Indicators",2024,"United Nations Population Division",188,"Costa Rica","CR","CRI",59,"2008",4,"Median",2,"Female",31,15,49,"15-49",99,"All women",1,"Model-based Estimates",2,"Interpolation",53.8
1,"Contraceptive prevalence: Any method (Percent)","Any","Estimates and Projections of Family Planning Indicators",2024,"United Nations Population Division",188,"Costa Rica","CR","CRI",60,"2009",4,"Median",2,"Female",31,15,49,"15-49",99,"All women",1,"Model-based Estimates",2,"Interpolation",54.2
1,"Contraceptive prevalence: Any method (Percent)","Any","Estimates and Projections of Family Planning Indicators",2024,"United Nations Population Division",188,"Costa Rica","CR","CRI",61,"2010",4,"Median",2,"Female",31,15,49,"15-49",99,"All women",1,"Model-based Estimates",2,"Interpolation",54.5
1,"Contraceptive prevalence: Any method (Percent)","Any","Estimates and Projections of Family Planning Indicators",2024,"United Nations Population Division",188,"Costa Rica","CR","CRI",62,"2011",4,"Median",2,"Female",31,15,49,"15-49",99,"All women",1,"Model-based Estimates",2,"Interpolation",54.7
1,"Contraceptive prevalence: Any method (Percent)","Any","Estimates and Projections of Family Planning Indicators",2024,"United Nations Population Division",188,"Costa Rica","CR","CRI",63,"2012",4,"Median",2,"Female",31,15,49,"15-49",99,"All women",1,"Model-based Estimates",2,"Interpolation",54.7
1,"Contraceptive prevalence: Any method (Percent)","Any","Estimates and Projections of Family Planning Indicators",2024,"United Nations Population Division",188,"Costa Rica","CR","CRI",64,"2013",4,"Median",2,"Female",31,15,49,"15-49",99,"All women",1,"Model-based Estimates",2,"Interpolation",54.7
1,"Contraceptive prevalence: Any method (Percent)","Any","Estimates and Projections of Family Planning Indicators",2024,"United Nations Population Division",188,"Costa Rica","CR","CRI",65,"2014",4,"Median",2,"Female",31,15,49,"15-49",99,"All women",1,"Model-based Estimates",2,"Interpolation",54.5
1,"Contraceptive prevalence: Any method (Percent)","Any","Estimates and Projections of Family Planning Indicators",2024,"United Nations Population Division",188,"Costa Rica","CR","CRI",66,"2015",4,"Median",2,"Female",31,15,49,"15-49",99,"All women",1,"Model-based Estimates",2,"Interpolation",54.4
1,"Contraceptive prevalence: Any method (Percent)","Any","Estimates and Projections of Family Planning Indicators",2024,"United Nations Population Division",188,"Costa Rica","CR","CRI",67,"2016",4,"Median",2,"Female",31,15,49,"15-49",99,"All women",1,"Model-based Estimates",2,"Interpolation",54.3
1,"Contraceptive prevalence: Any method (Percent)","Any","Estimates and Projections of Family Planning Indicators",2024,"United Nations Population Division",188,"Costa Rica","CR","CRI",68,"2017",4,"Median",2,"Female",31,15,49,"15-49",99,"All women",1,"Model-based Estimates",2,"Interpolation",54.2
1,"Contraceptive prevalence: Any method (Percent)","Any","Estimates and Projections of Family Planning Indicators",2024,"United Nations Population Division",188,"Costa Rica","CR","CRI",69,"2018",4,"Median",2,"Female",31,15,49,"15-49",99,"All women",1,"Model-based Estimates",2,"Interpolation",54.2
1,"Contraceptive prevalence: Any method (Percent)","Any","Estimates and Projections of Family Planning Indicators",2024,"United Nations Population Division",188,"Costa Rica","CR","CRI",70,"2019",4,"Median",2,"Female",31,15,49,"15-49",99,"All women",1,"Model-based Estimates",3,"Projection",54.2
1,"Contraceptive prevalence: Any method (Percent)","Any","Estimates and Projections of Family Planning Indicators",2024,"United Nations Population Division",188,"Costa Rica","CR","CRI",71,"2020",4,"Median",2,"Female",31,15,49,"15-49",99,"All women",1,"Model-based Estimates",3,"Projection",54.3
1,"Contraceptive prevalence: Any method (Percent)","Any","Estimates and Projections of Family Planning Indicators",2024,"United Nations Population Division",188,"Costa Rica","CR","CRI",72,"2021",4,"Median",2,"Female",31,15,49,"15-49",99,"All women",1,"Model-based Estimates",3,"Projection",54.4
1,"Contraceptive prevalence: Any method (Percent)","Any","Estimates and Projections of Family Planning Indicators",2024,"United Nations Population Division",188,"Costa Rica","CR","CRI",73,"2022",4,"Median",2,"Female",31,15,49,"15-49",99,"All women",1,"Model-based Estimates",3,"Projection",54.4
1,"Contraceptive prevalence: Any method (Percent)","Any","Estimates and Projections of Family Planning Indicators",2024,"United Nations Population Division",192,"Cuba","CU","CUB",59,"2008",4,"Median",2,"Female",31,15,49,"15-49",99,"All women",1,"Model-based Estimates",2,"Interpolation",66.7
1,"Contraceptive prevalence: Any method (Percent)","Any","Estimates and Projections of Family Planning Indicators",2024,"United Nations Population Division",192,"Cuba","CU","CUB",60,"2009",4,"Median",2,"Female",31,15,49,"15-49",99,"All women",1,"Model-based Estimates",2,"Interpolation",67.3
1,"Contraceptive prevalence: Any method (Percent)","Any","Estimates and Projections of Family Planning Indicators",2024,"United Nations Population Division",192,"Cuba","CU","CUB",61,"2010",4,"Median",2,"Female",31,15,49,"15-49",99,"All women",1,"Model-based Estimates",2,"Interpolation",67.8
1,"Contraceptive prevalence: Any method (Percent)","Any","Estimates and Projections of Family Planning Indicators",2024,"United Nations Population Division",192,"Cuba","CU","CUB",62,"2011",4,"Median",2,"Female",31,15,49,"15-49",99,"All women",1,"Model-based Estimates",2,"Interpolation",68.1
1,"Contraceptive prevalence: Any method (Percent)","Any","Estimates and Projections of Family Planning Indicators",2024,"United Nations Population Division",192,"Cuba","CU","CUB",63,"2012",4,"Median",2,"Female",31,15,49,"15-49",99,"All women",1,"Model-based Estimates",2,"Interpolation",68.2
1,"Contraceptive prevalence: Any method (Percent)","Any","Estimates and Projections of Family Planning Indicators",2024,"United Nations Population Division",192,"Cuba","CU","CUB",64,"2013",4,"Median",2,"Female",31,15,49,"15-49",99,"All women",1,"Model-based Estimates",2,"Interpolation",68.2
1,"Contraceptive prevalence: Any method (Percent)","Any","Estimates and Projections of Family Planning Indicators",2024,"United Nations Population Division",192,"Cuba","CU","CUB",65,"2014",4,"Median",2,"Female",31,15,49,"15-49",99,"All women",1,"Model-based Estimates",2,"Interpolation",68.1
1,"Contraceptive prevalence: Any method (Percent)","Any","Estimates and Projections of Family Planning Indicators",2024,"United Nations Population Division",192,"Cuba","CU","CUB",66,"2015",4,"Median",2,"Female",31,15,49,"15-49",99,"All women",1,"Model-based Estimates",2,"Interpolation",67.7
1,"Contraceptive prevalence: Any method (Percent)","Any","Estimates and Projections of Family Planning Indicators",2024,"United Nations Population Division",192,"Cuba","CU","CUB",67,"2016",4,"Median",2,"Female",31,15,49,"15-49",99,"All women",1,"Model-based Estimates",2,"Interpolation",67.2
1,"Contraceptive prevalence: Any method (Percent)","Any","Estimates and Projections of Family Planning Indicators",2024,"United Nations Population Division",192,"Cuba","CU","CUB",68,"2017",4,"Median",2,"Female",31,15,49,"15-49",99,"All women",1,"Model-based Estimates",2,"Interpolation",66.6
1,"Contraceptive prevalence: Any method (Percent)","Any","Estimates and Projections of Family Planning Indicators",2024,"United Nations Population Division",192,"Cuba","CU","CUB",69,"2018",4,"Median",2,"Female",31,15,49,"15-49",99,"All women",1,"Model-based Estimates",2,"Interpolation",66.1
1,"Contraceptive prevalence: Any method (Percent)","Any","Estimates and Projections of Family Planning Indicators",2024,"United Nations Population Division",192,"Cuba","CU","CUB",70,"2019",4,"Median",2,"Female",31,15,49,"15-49",99,"All women",1,"Model-based Estimates",2,"Interpolation",65.5
1,"Contraceptive prevalence: Any method (Percent)","Any","Estimates and Projections of Family Planning Indicators",2024,"United Nations Population Division",192,"Cuba","CU","CUB",71,"2020",4,"Median",2,"Female",31,15,49,"15-49",99,"All women",1,"Model-based Estimates",2,"Interpolation",64.8
1,"Contraceptive prevalence: Any method (Percent)","Any","Estimates and Projections of Family Planning Indicators",2024,"United Nations Population Division",192,"Cuba","CU","CUB",72,"2021",4,"Median",2,"Female",31,15,49,"15-49",99,"All women",1,"Model-based Estimates",2,"Interpolation",64.2
1,"Contraceptive prevalence: Any method (Percent)","Any","Estimates and Projections of Family Planning Indicators",2024,"United Nations Population Division",192,"Cuba","CU","CUB",73,"2022",4,"Median",2,"Female",31,15,49,"15-49",99,"All women",1,"Model-based Estimates",2,"Interpolation",63.5
1,"Contraceptive prevalence: Any method (Percent)","Any","Estimates and Projections of Family Planning Indicators",2024,"United Nations Population Division",212,"Dominica","DM","DMA",59,"2008",4,"Median",2,"Female",31,15,49,"15-49",99,"All women",1,"Model-based Estimates",3,"Projection",40.7
1,"Contraceptive prevalence: Any method (Percent)","Any","Estimates and Projections of Family Planning Indicators",2024,"United Nations Population Division",212,"Dominica","DM","DMA",60,"2009",4,"Median",2,"Female",31,15,49,"15-49",99,"All women",1,"Model-based Estimates",3,"Projection",41.1
1,"Contraceptive prevalence: Any method (Percent)","Any","Estimates and Projections of Family Planning Indicators",2024,"United Nations Population Division",212,"Dominica","DM","DMA",61,"2010",4,"Median",2,"Female",31,15,49,"15-49",99,"All women",1,"Model-based Estimates",3,"Projection",41.6
1,"Contraceptive prevalence: Any method (Percent)","Any","Estimates and Projections of Family Planning Indicators",2024,"United Nations Population Division",212,"Dominica","DM","DMA",62,"2011",4,"Median",2,"Female",31,15,49,"15-49",99,"All women",1,"Model-based Estimates",3,"Projection",42
1,"Contraceptive prevalence: Any method (Percent)","Any","Estimates and Projections of Family Planning Indicators",2024,"United Nations Population Division",212,"Dominica","DM","DMA",63,"2012",4,"Median",2,"Female",31,15,49,"15-49",99,"All women",1,"Model-based Estimates",3,"Projection",42.4
1,"Contraceptive prevalence: Any method (Percent)","Any","Estimates and Projections of Family Planning Indicators",2024,"United Nations Population Division",212,"Dominica","DM","DMA",64,"2013",4,"Median",2,"Female",31,15,49,"15-49",99,"All women",1,"Model-based Estimates",3,"Projection",42.8
1,"Contraceptive prevalence: Any method (Percent)","Any","Estimates and Projections of Family Planning Indicators",2024,"United Nations Population Division",212,"Dominica","DM","DMA",65,"2014",4,"Median",2,"Female",31,15,49,"15-49",99,"All women",1,"Model-based Estimates",3,"Projection",43.2
1,"Contraceptive prevalence: Any method (Percent)","Any","Estimates and Projections of Family Planning Indicators",2024,"United Nations Population Division",212,"Dominica","DM","DMA",66,"2015",4,"Median",2,"Female",31,15,49,"15-49",99,"All women",1,"Model-based Estimates",3,"Projection",43.7
1,"Contraceptive prevalence: Any method (Percent)","Any","Estimates and Projections of Family Planning Indicators",2024,"United Nations Population Division",212,"Dominica","DM","DMA",67,"2016",4,"Median",2,"Female",31,15,49,"15-49",99,"All women",1,"Model-based Estimates",3,"Projection",44.3
1,"Contraceptive prevalence: Any method (Percent)","Any","Estimates and Projections of Family Planning Indicators",2024,"United Nations Population Division",212,"Dominica","DM","DMA",68,"2017",4,"Median",2,"Female",31,15,49,"15-49",99,"All women",1,"Model-based Estimates",3,"Projection",44.8
1,"Contraceptive prevalence: Any method (Percent)","Any","Estimates and Projections of Family Planning Indicators",2024,"United Nations Population Division",212,"Dominica","DM","DMA",69,"2018",4,"Median",2,"Female",31,15,49,"15-49",99,"All women",1,"Model-based Estimates",3,"Projection",45.3
1,"Contraceptive prevalence: Any method (Percent)","Any","Estimates and Projections of Family Planning Indicators",2024,"United Nations Population Division",212,"Dominica","DM","DMA",70,"2019",4,"Median",2,"Female",31,15,49,"15-49",99,"All women",1,"Model-based Estimates",3,"Projection",45.7
1,"Contraceptive prevalence: Any method (Percent)","Any","Estimates and Projections of Family Planning Indicators",2024,"United Nations Population Division",212,"Dominica","DM","DMA",71,"2020",4,"Median",2,"Female",31,15,49,"15-49",99,"All women",1,"Model-based Estimates",3,"Projection",46.2
1,"Contraceptive prevalence: Any method (Percent)","Any","Estimates and Projections of Family Planning Indicators",2024,"United Nations Population Division",212,"Dominica","DM","DMA",72,"2021",4,"Median",2,"Female",31,15,49,"15-49",99,"All women",1,"Model-based Estimates",3,"Projection",46.6
1,"Contraceptive prevalence: Any method (Percent)","Any","Estimates and Projections of Family Planning Indicators",2024,"United Nations Population Division",212,"Dominica","DM","DMA",73,"2022",4,"Median",2,"Female",31,15,49,"15-49",99,"All women",1,"Model-based Estimates",3,"Projection",47.1
1,"Contraceptive prevalence: Any method (Percent)","Any","Estimates and Projections of Family Planning Indicators",2024,"United Nations Population Division",214,"Dominican Republic","DO","DOM",59,"2008",4,"Median",2,"Female",31,15,49,"15-49",99,"All women",1,"Model-based Estimates",2,"Interpolation",53.6
1,"Contraceptive prevalence: Any method (Percent)","Any","Estimates and Projections of Family Planning Indicators",2024,"United Nations Population Division",214,"Dominican Republic","DO","DOM",60,"2009",4,"Median",2,"Female",31,15,49,"15-49",99,"All women",1,"Model-based Estimates",2,"Interpolation",54.1
1,"Contraceptive prevalence: Any method (Percent)","Any","Estimates and Projections of Family Planning Indicators",2024,"United Nations Population Division",214,"Dominican Republic","DO","DOM",61,"2010",4,"Median",2,"Female",31,15,49,"15-49",99,"All women",1,"Model-based Estimates",2,"Interpolation",54.5
1,"Contraceptive prevalence: Any method (Percent)","Any","Estimates and Projections of Family Planning Indicators",2024,"United Nations Population Division",214,"Dominican Republic","DO","DOM",62,"2011",4,"Median",2,"Female",31,15,49,"15-49",99,"All women",1,"Model-based Estimates",2,"Interpolation",54.7
1,"Contraceptive prevalence: Any method (Percent)","Any","Estimates and Projections of Family Planning Indicators",2024,"United Nations Population Division",214,"Dominican Republic","DO","DOM",63,"2012",4,"Median",2,"Female",31,15,49,"15-49",99,"All women",1,"Model-based Estimates",2,"Interpolation",54.9
1,"Contraceptive prevalence: Any method (Percent)","Any","Estimates and Projections of Family Planning Indicators",2024,"United Nations Population Division",214,"Dominican Republic","DO","DOM",64,"2013",4,"Median",2,"Female",31,15,49,"15-49",99,"All women",1,"Model-based Estimates",2,"Interpolation",55.1
1,"Contraceptive prevalence: Any method (Percent)","Any","Estimates and Projections of Family Planning Indicators",2024,"United Nations Population Division",214,"Dominican Republic","DO","DOM",65,"2014",4,"Median",2,"Female",31,15,49,"15-49",99,"All women",1,"Model-based Estimates",2,"Interpolation",55.3
1,"Contraceptive prevalence: Any method (Percent)","Any","Estimates and Projections of Family Planning Indicators",2024,"United Nations Population Division",214,"Dominican Republic","DO","DOM",66,"2015",4,"Median",2,"Female",31,15,49,"15-49",99,"All women",1,"Model-based Estimates",2,"Interpolation",55.4
1,"Contraceptive prevalence: Any method (Percent)","Any","Estimates and Projections of Family Planning Indicators",2024,"United Nations Population Division",214,"Dominican Republic","DO","DOM",67,"2016",4,"Median",2,"Female",31,15,49,"15-49",99,"All women",1,"Model-based Estimates",2,"Interpolation",55.5
1,"Contraceptive prevalence: Any method (Percent)","Any","Estimates and Projections of Family Planning Indicators",2024,"United Nations Population Division",214,"Dominican Republic","DO","DOM",68,"2017",4,"Median",2,"Female",31,15,49,"15-49",99,"All women",1,"Model-based Estimates",2,"Interpolation",55.6
1,"Contraceptive prevalence: Any method (Percent)","Any","Estimates and Projections of Family Planning Indicators",2024,"United Nations Population Division",214,"Dominican Republic","DO","DOM",69,"2018",4,"Median",2,"Female",31,15,49,"15-49",99,"All women",1,"Model-based Estimates",2,"Interpolation",55.8
1,"Contraceptive prevalence: Any method (Percent)","Any","Estimates and Projections of Family Planning Indicators",2024,"United Nations Population Division",214,"Dominican Republic","DO","DOM",70,"2019",4,"Median",2,"Female",31,15,49,"15-49",99,"All women",1,"Model-based Estimates",2,"Interpolation",55.9
1,"Contraceptive prevalence: Any method (Percent)","Any","Estimates and Projections of Family Planning Indicators",2024,"United Nations Population Division",214,"Dominican Republic","DO","DOM",71,"2020",4,"Median",2,"Female",31,15,49,"15-49",99,"All women",1,"Model-based Estimates",3,"Projection",56
1,"Contraceptive prevalence: Any method (Percent)","Any","Estimates and Projections of Family Planning Indicators",2024,"United Nations Population Division",214,"Dominican Republic","DO","DOM",72,"2021",4,"Median",2,"Female",31,15,49,"15-49",99,"All women",1,"Model-based Estimates",3,"Projection",56.2
1,"Contraceptive prevalence: Any method (Percent)","Any","Estimates and Projections of Family Planning Indicators",2024,"United Nations Population Division",214,"Dominican Republic","DO","DOM",73,"2022",4,"Median",2,"Female",31,15,49,"15-49",99,"All women",1,"Model-based Estimates",3,"Projection",56.3
1,"Contraceptive prevalence: Any method (Percent)","Any","Estimates and Projections of Family Planning Indicators",2024,"United Nations Population Division",218,"Ecuador","EC","ECU",59,"2008",4,"Median",2,"Female",31,15,49,"15-49",99,"All women",1,"Model-based Estimates",2,"Interpolation",46.3
1,"Contraceptive prevalence: Any method (Percent)","Any","Estimates and Projections of Family Planning Indicators",2024,"United Nations Population Division",218,"Ecuador","EC","ECU",60,"2009",4,"Median",2,"Female",31,15,49,"15-49",99,"All women",1,"Model-based Estimates",2,"Interpolation",46.9
1,"Contraceptive prevalence: Any method (Percent)","Any","Estimates and Projections of Family Planning Indicators",2024,"United Nations Population Division",218,"Ecuador","EC","ECU",61,"2010",4,"Median",2,"Female",31,15,49,"15-49",99,"All women",1,"Model-based Estimates",2,"Interpolation",47.6
1,"Contraceptive prevalence: Any method (Percent)","Any","Estimates and Projections of Family Planning Indicators",2024,"United Nations Population Division",218,"Ecuador","EC","ECU",62,"2011",4,"Median",2,"Female",31,15,49,"15-49",99,"All women",1,"Model-based Estimates",2,"Interpolation",48.1
1,"Contraceptive prevalence: Any method (Percent)","Any","Estimates and Projections of Family Planning Indicators",2024,"United Nations Population Division",218,"Ecuador","EC","ECU",63,"2012",4,"Median",2,"Female",31,15,49,"15-49",99,"All women",1,"Model-based Estimates",2,"Interpolation",48.6
1,"Contraceptive prevalence: Any method (Percent)","Any","Estimates and Projections of Family Planning Indicators",2024,"United Nations Population Division",218,"Ecuador","EC","ECU",64,"2013",4,"Median",2,"Female",31,15,49,"15-49",99,"All women",1,"Model-based Estimates",2,"Interpolation",48.8
1,"Contraceptive prevalence: Any method (Percent)","Any","Estimates and Projections of Family Planning Indicators",2024,"United Nations Population Division",218,"Ecuador","EC","ECU",65,"2014",4,"Median",2,"Female",31,15,49,"15-49",99,"All women",1,"Model-based Estimates",2,"Interpolation",49
1,"Contraceptive prevalence: Any method (Percent)","Any","Estimates and Projections of Family Planning Indicators",2024,"United Nations Population Division",218,"Ecuador","EC","ECU",66,"2015",4,"Median",2,"Female",31,15,49,"15-49",99,"All women",1,"Model-based Estimates",2,"Interpolation",49.6
1,"Contraceptive prevalence: Any method (Percent)","Any","Estimates and Projections of Family Planning Indicators",2024,"United Nations Population Division",218,"Ecuador","EC","ECU",67,"2016",4,"Median",2,"Female",31,15,49,"15-49",99,"All women",1,"Model-based Estimates",2,"Interpolation",50.3
1,"Contraceptive prevalence: Any method (Percent)","Any","Estimates and Projections of Family Planning Indicators",2024,"United Nations Population Division",218,"Ecuador","EC","ECU",68,"2017",4,"Median",2,"Female",31,15,49,"15-49",99,"All women",1,"Model-based Estimates",2,"Interpolation",51
1,"Contraceptive prevalence: Any method (Percent)","Any","Estimates and Projections of Family Planning Indicators",2024,"United Nations Population Division",218,"Ecuador","EC","ECU",69,"2018",4,"Median",2,"Female",31,15,49,"15-49",99,"All women",1,"Model-based Estimates",2,"Interpolation",51.7
1,"Contraceptive prevalence: Any method (Percent)","Any","Estimates and Projections of Family Planning Indicators",2024,"United Nations Population Division",218,"Ecuador","EC","ECU",70,"2019",4,"Median",2,"Female",31,15,49,"15-49",99,"All women",1,"Model-based Estimates",2,"Interpolation",52.3
1,"Contraceptive prevalence: Any method (Percent)","Any","Estimates and Projections of Family Planning Indicators",2024,"United Nations Population Division",218,"Ecuador","EC","ECU",71,"2020",4,"Median",2,"Female",31,15,49,"15-49",99,"All women",1,"Model-based Estimates",3,"Projection",52.6
1,"Contraceptive prevalence: Any method (Percent)","Any","Estimates and Projections of Family Planning Indicators",2024,"United Nations Population Division",218,"Ecuador","EC","ECU",72,"2021",4,"Median",2,"Female",31,15,49,"15-49",99,"All women",1,"Model-based Estimates",3,"Projection",52.9
1,"Contraceptive prevalence: Any method (Percent)","Any","Estimates and Projections of Family Planning Indicators",2024,"United Nations Population Division",218,"Ecuador","EC","ECU",73,"2022",4,"Median",2,"Female",31,15,49,"15-49",99,"All women",1,"Model-based Estimates",3,"Projection",53.2
1,"Contraceptive prevalence: Any method (Percent)","Any","Estimates and Projections of Family Planning Indicators",2024,"United Nations Population Division",222,"El Salvador","SV","SLV",59,"2008",4,"Median",2,"Female",31,15,49,"15-49",99,"All women",1,"Model-based Estimates",2,"Interpolation",46.9
1,"Contraceptive prevalence: Any method (Percent)","Any","Estimates and Projections of Family Planning Indicators",2024,"United Nations Population Division",222,"El Salvador","SV","SLV",60,"2009",4,"Median",2,"Female",31,15,49,"15-49",99,"All women",1,"Model-based Estimates",2,"Interpolation",47
1,"Contraceptive prevalence: Any method (Percent)","Any","Estimates and Projections of Family Planning Indicators",2024,"United Nations Population Division",222,"El Salvador","SV","SLV",61,"2010",4,"Median",2,"Female",31,15,49,"15-49",99,"All women",1,"Model-based Estimates",2,"Interpolation",47.2
1,"Contraceptive prevalence: Any method (Percent)","Any","Estimates and Projections of Family Planning Indicators",2024,"United Nations Population Division",222,"El Salvador","SV","SLV",62,"2011",4,"Median",2,"Female",31,15,49,"15-49",99,"All women",1,"Model-based Estimates",2,"Interpolation",47.4
1,"Contraceptive prevalence: Any method (Percent)","Any","Estimates and Projections of Family Planning Indicators",2024,"United Nations Population Division",222,"El Salvador","SV","SLV",63,"2012",4,"Median",2,"Female",31,15,49,"15-49",99,"All women",1,"Model-based Estimates",2,"Interpolation",47.5
1,"Contraceptive prevalence: Any method (Percent)","Any","Estimates and Projections of Family Planning Indicators",2024,"United Nations Population Division",222,"El Salvador","SV","SLV",64,"2013",4,"Median",2,"Female",31,15,49,"15-49",99,"All women",1,"Model-based Estimates",2,"Interpolation",47.7
1,"Contraceptive prevalence: Any method (Percent)","Any","Estimates and Projections of Family Planning Indicators",2024,"United Nations Population Division",222,"El Salvador","SV","SLV",65,"2014",4,"Median",2,"Female",31,15,49,"15-49",99,"All women",1,"Model-based Estimates",2,"Interpolation",47.9
1,"Contraceptive prevalence: Any method (Percent)","Any","Estimates and Projections of Family Planning Indicators",2024,"United Nations Population Division",222,"El Salvador","SV","SLV",66,"2015",4,"Median",2,"Female",31,15,49,"15-49",99,"All women",1,"Model-based Estimates",2,"Interpolation",48.2
1,"Contraceptive prevalence: Any method (Percent)","Any","Estimates and Projections of Family Planning Indicators",2024,"United Nations Population Division",222,"El Salvador","SV","SLV",67,"2016",4,"Median",2,"Female",31,15,49,"15-49",99,"All women",1,"Model-based Estimates",2,"Interpolation",48.4
1,"Contraceptive prevalence: Any method (Percent)","Any","Estimates and Projections of Family Planning Indicators",2024,"United Nations Population Division",222,"El Salvador","SV","SLV",68,"2017",4,"Median",2,"Female",31,15,49,"15-49",99,"All women",1,"Model-based Estimates",2,"Interpolation",48.8
1,"Contraceptive prevalence: Any method (Percent)","Any","Estimates and Projections of Family Planning Indicators",2024,"United Nations Population Division",222,"El Salvador","SV","SLV",69,"2018",4,"Median",2,"Female",31,15,49,"15-49",99,"All women",1,"Model-based Estimates",2,"Interpolation",49.1
1,"Contraceptive prevalence: Any method (Percent)","Any","Estimates and Projections of Family Planning Indicators",2024,"United Nations Population Division",222,"El Salvador","SV","SLV",70,"2019",4,"Median",2,"Female",31,15,49,"15-49",99,"All women",1,"Model-based Estimates",2,"Interpolation",49.5
1,"Contraceptive prevalence: Any method (Percent)","Any","Estimates and Projections of Family Planning Indicators",2024,"United Nations Population Division",222,"El Salvador","SV","SLV",71,"2020",4,"Median",2,"Female",31,15,49,"15-49",99,"All women",1,"Model-based Estimates",2,"Interpolation",49.8
1,"Contraceptive prevalence: Any method (Percent)","Any","Estimates and Projections of Family Planning Indicators",2024,"United Nations Population Division",222,"El Salvador","SV","SLV",72,"2021",4,"Median",2,"Female",31,15,49,"15-49",99,"All women",1,"Model-based Estimates",2,"Interpolation",50.2
1,"Contraceptive prevalence: Any method (Percent)","Any","Estimates and Projections of Family Planning Indicators",2024,"United Nations Population Division",222,"El Salvador","SV","SLV",73,"2022",4,"Median",2,"Female",31,15,49,"15-49",99,"All women",1,"Model-based Estimates",3,"Projection",50.5
1,"Contraceptive prevalence: Any method (Percent)","Any","Estimates and Projections of Family Planning Indicators",2024,"United Nations Population Division",308,"Grenada","GD","GRD",59,"2008",4,"Median",2,"Female",31,15,49,"15-49",99,"All women",1,"Model-based Estimates",3,"Projection",36.2
1,"Contraceptive prevalence: Any method (Percent)","Any","Estimates and Projections of Family Planning Indicators",2024,"United Nations Population Division",308,"Grenada","GD","GRD",60,"2009",4,"Median",2,"Female",31,15,49,"15-49",99,"All women",1,"Model-based Estimates",3,"Projection",36.7
1,"Contraceptive prevalence: Any method (Percent)","Any","Estimates and Projections of Family Planning Indicators",2024,"United Nations Population Division",308,"Grenada","GD","GRD",61,"2010",4,"Median",2,"Female",31,15,49,"15-49",99,"All women",1,"Model-based Estimates",3,"Projection",37.2
1,"Contraceptive prevalence: Any method (Percent)","Any","Estimates and Projections of Family Planning Indicators",2024,"United Nations Population Division",308,"Grenada","GD","GRD",62,"2011",4,"Median",2,"Female",31,15,49,"15-49",99,"All women",1,"Model-based Estimates",3,"Projection",37.8
1,"Contraceptive prevalence: Any method (Percent)","Any","Estimates and Projections of Family Planning Indicators",2024,"United Nations Population Division",308,"Grenada","GD","GRD",63,"2012",4,"Median",2,"Female",31,15,49,"15-49",99,"All women",1,"Model-based Estimates",3,"Projection",38.3
1,"Contraceptive prevalence: Any method (Percent)","Any","Estimates and Projections of Family Planning Indicators",2024,"United Nations Population Division",308,"Grenada","GD","GRD",64,"2013",4,"Median",2,"Female",31,15,49,"15-49",99,"All women",1,"Model-based Estimates",3,"Projection",38.8
1,"Contraceptive prevalence: Any method (Percent)","Any","Estimates and Projections of Family Planning Indicators",2024,"United Nations Population Division",308,"Grenada","GD","GRD",65,"2014",4,"Median",2,"Female",31,15,49,"15-49",99,"All women",1,"Model-based Estimates",3,"Projection",39.4
1,"Contraceptive prevalence: Any method (Percent)","Any","Estimates and Projections of Family Planning Indicators",2024,"United Nations Population Division",308,"Grenada","GD","GRD",66,"2015",4,"Median",2,"Female",31,15,49,"15-49",99,"All women",1,"Model-based Estimates",3,"Projection",39.9
1,"Contraceptive prevalence: Any method (Percent)","Any","Estimates and Projections of Family Planning Indicators",2024,"United Nations Population Division",308,"Grenada","GD","GRD",67,"2016",4,"Median",2,"Female",31,15,49,"15-49",99,"All women",1,"Model-based Estimates",3,"Projection",40.4
1,"Contraceptive prevalence: Any method (Percent)","Any","Estimates and Projections of Family Planning Indicators",2024,"United Nations Population Division",308,"Grenada","GD","GRD",68,"2017",4,"Median",2,"Female",31,15,49,"15-49",99,"All women",1,"Model-based Estimates",3,"Projection",41
1,"Contraceptive prevalence: Any method (Percent)","Any","Estimates and Projections of Family Planning Indicators",2024,"United Nations Population Division",308,"Grenada","GD","GRD",69,"2018",4,"Median",2,"Female",31,15,49,"15-49",99,"All women",1,"Model-based Estimates",3,"Projection",41.5
1,"Contraceptive prevalence: Any method (Percent)","Any","Estimates and Projections of Family Planning Indicators",2024,"United Nations Population Division",308,"Grenada","GD","GRD",70,"2019",4,"Median",2,"Female",31,15,49,"15-49",99,"All women",1,"Model-based Estimates",3,"Projection",42
1,"Contraceptive prevalence: Any method (Percent)","Any","Estimates and Projections of Family Planning Indicators",2024,"United Nations Population Division",308,"Grenada","GD","GRD",71,"2020",4,"Median",2,"Female",31,15,49,"15-49",99,"All women",1,"Model-based Estimates",3,"Projection",42.6
1,"Contraceptive prevalence: Any method (Percent)","Any","Estimates and Projections of Family Planning Indicators",2024,"United Nations Population Division",308,"Grenada","GD","GRD",72,"2021",4,"Median",2,"Female",31,15,49,"15-49",99,"All women",1,"Model-based Estimates",3,"Projection",43.2
1,"Contraceptive prevalence: Any method (Percent)","Any","Estimates and Projections of Family Planning Indicators",2024,"United Nations Population Division",308,"Grenada","GD","GRD",73,"2022",4,"Median",2,"Female",31,15,49,"15-49",99,"All women",1,"Model-based Estimates",3,"Projection",43.6
1,"Contraceptive prevalence: Any method (Percent)","Any","Estimates and Projections of Family Planning Indicators",2024,"United Nations Population Division",312,"Guadeloupe","GP","GLP",59,"2008",4,"Median",2,"Female",31,15,49,"15-49",99,"All women",1,"Model-based Estimates",3,"Projection",34.7
1,"Contraceptive prevalence: Any method (Percent)","Any","Estimates and Projections of Family Planning Indicators",2024,"United Nations Population Division",312,"Guadeloupe","GP","GLP",60,"2009",4,"Median",2,"Female",31,15,49,"15-49",99,"All women",1,"Model-based Estimates",3,"Projection",35
1,"Contraceptive prevalence: Any method (Percent)","Any","Estimates and Projections of Family Planning Indicators",2024,"United Nations Population Division",312,"Guadeloupe","GP","GLP",61,"2010",4,"Median",2,"Female",31,15,49,"15-49",99,"All women",1,"Model-based Estimates",3,"Projection",35.4
1,"Contraceptive prevalence: Any method (Percent)","Any","Estimates and Projections of Family Planning Indicators",2024,"United Nations Population Division",312,"Guadeloupe","GP","GLP",62,"2011",4,"Median",2,"Female",31,15,49,"15-49",99,"All women",1,"Model-based Estimates",3,"Projection",35.7
1,"Contraceptive prevalence: Any method (Percent)","Any","Estimates and Projections of Family Planning Indicators",2024,"United Nations Population Division",312,"Guadeloupe","GP","GLP",63,"2012",4,"Median",2,"Female",31,15,49,"15-49",99,"All women",1,"Model-based Estimates",3,"Projection",36.1
1,"Contraceptive prevalence: Any method (Percent)","Any","Estimates and Projections of Family Planning Indicators",2024,"United Nations Population Division",312,"Guadeloupe","GP","GLP",64,"2013",4,"Median",2,"Female",31,15,49,"15-49",99,"All women",1,"Model-based Estimates",3,"Projection",36.4
1,"Contraceptive prevalence: Any method (Percent)","Any","Estimates and Projections of Family Planning Indicators",2024,"United Nations Population Division",312,"Guadeloupe","GP","GLP",65,"2014",4,"Median",2,"Female",31,15,49,"15-49",99,"All women",1,"Model-based Estimates",3,"Projection",36.7
1,"Contraceptive prevalence: Any method (Percent)","Any","Estimates and Projections of Family Planning Indicators",2024,"United Nations Population Division",312,"Guadeloupe","GP","GLP",66,"2015",4,"Median",2,"Female",31,15,49,"15-49",99,"All women",1,"Model-based Estimates",3,"Projection",37
1,"Contraceptive prevalence: Any method (Percent)","Any","Estimates and Projections of Family Planning Indicators",2024,"United Nations Population Division",312,"Guadeloupe","GP","GLP",67,"2016",4,"Median",2,"Female",31,15,49,"15-49",99,"All women",1,"Model-based Estimates",3,"Projection",37.3
1,"Contraceptive prevalence: Any method (Percent)","Any","Estimates and Projections of Family Planning Indicators",2024,"United Nations Population Division",312,"Guadeloupe","GP","GLP",68,"2017",4,"Median",2,"Female",31,15,49,"15-49",99,"All women",1,"Model-based Estimates",3,"Projection",37.6
1,"Contraceptive prevalence: Any method (Percent)","Any","Estimates and Projections of Family Planning Indicators",2024,"United Nations Population Division",312,"Guadeloupe","GP","GLP",69,"2018",4,"Median",2,"Female",31,15,49,"15-49",99,"All women",1,"Model-based Estimates",3,"Projection",38
1,"Contraceptive prevalence: Any method (Percent)","Any","Estimates and Projections of Family Planning Indicators",2024,"United Nations Population Division",312,"Guadeloupe","GP","GLP",70,"2019",4,"Median",2,"Female",31,15,49,"15-49",99,"All women",1,"Model-based Estimates",3,"Projection",38.2
1,"Contraceptive prevalence: Any method (Percent)","Any","Estimates and Projections of Family Planning Indicators",2024,"United Nations Population Division",312,"Guadeloupe","GP","GLP",71,"2020",4,"Median",2,"Female",31,15,49,"15-49",99,"All women",1,"Model-based Estimates",3,"Projection",38.4
1,"Contraceptive prevalence: Any method (Percent)","Any","Estimates and Projections of Family Planning Indicators",2024,"United Nations Population Division",312,"Guadeloupe","GP","GLP",72,"2021",4,"Median",2,"Female",31,15,49,"15-49",99,"All women",1,"Model-based Estimates",3,"Projection",38.7
1,"Contraceptive prevalence: Any method (Percent)","Any","Estimates and Projections of Family Planning Indicators",2024,"United Nations Population Division",312,"Guadeloupe","GP","GLP",73,"2022",4,"Median",2,"Female",31,15,49,"15-49",99,"All women",1,"Model-based Estimates",3,"Projection",39
1,"Contraceptive prevalence: Any method (Percent)","Any","Estimates and Projections of Family Planning Indicators",2024,"United Nations Population Division",320,"Guatemala","GT","GTM",59,"2008",4,"Median",2,"Female",31,15,49,"15-49",99,"All women",1,"Model-based Estimates",2,"Interpolation",33.5
1,"Contraceptive prevalence: Any method (Percent)","Any","Estimates and Projections of Family Planning Indicators",2024,"United Nations Population Division",320,"Guatemala","GT","GTM",60,"2009",4,"Median",2,"Female",31,15,49,"15-49",99,"All women",1,"Model-based Estimates",2,"Interpolation",34.3
1,"Contraceptive prevalence: Any method (Percent)","Any","Estimates and Projections of Family Planning Indicators",2024,"United Nations Population Division",320,"Guatemala","GT","GTM",61,"2010",4,"Median",2,"Female",31,15,49,"15-49",99,"All women",1,"Model-based Estimates",2,"Interpolation",35.1
1,"Contraceptive prevalence: Any method (Percent)","Any","Estimates and Projections of Family Planning Indicators",2024,"United Nations Population Division",320,"Guatemala","GT","GTM",62,"2011",4,"Median",2,"Female",31,15,49,"15-49",99,"All women",1,"Model-based Estimates",2,"Interpolation",35.8
1,"Contraceptive prevalence: Any method (Percent)","Any","Estimates and Projections of Family Planning Indicators",2024,"United Nations Population Division",320,"Guatemala","GT","GTM",63,"2012",4,"Median",2,"Female",31,15,49,"15-49",99,"All women",1,"Model-based Estimates",2,"Interpolation",36.6
1,"Contraceptive prevalence: Any method (Percent)","Any","Estimates and Projections of Family Planning Indicators",2024,"United Nations Population Division",320,"Guatemala","GT","GTM",64,"2013",4,"Median",2,"Female",31,15,49,"15-49",99,"All women",1,"Model-based Estimates",2,"Interpolation",37.3
1,"Contraceptive prevalence: Any method (Percent)","Any","Estimates and Projections of Family Planning Indicators",2024,"United Nations Population Division",320,"Guatemala","GT","GTM",65,"2014",4,"Median",2,"Female",31,15,49,"15-49",99,"All women",1,"Model-based Estimates",2,"Interpolation",37.9
1,"Contraceptive prevalence: Any method (Percent)","Any","Estimates and Projections of Family Planning Indicators",2024,"United Nations Population Division",320,"Guatemala","GT","GTM",66,"2015",4,"Median",2,"Female",31,15,49,"15-49",99,"All women",1,"Model-based Estimates",2,"Interpolation",38.5
1,"Contraceptive prevalence: Any method (Percent)","Any","Estimates and Projections of Family Planning Indicators",2024,"United Nations Population Division",320,"Guatemala","GT","GTM",67,"2016",4,"Median",2,"Female",31,15,49,"15-49",99,"All women",1,"Model-based Estimates",3,"Projection",39
1,"Contraceptive prevalence: Any method (Percent)","Any","Estimates and Projections of Family Planning Indicators",2024,"United Nations Population Division",320,"Guatemala","GT","GTM",68,"2017",4,"Median",2,"Female",31,15,49,"15-49",99,"All women",1,"Model-based Estimates",3,"Projection",39.5
1,"Contraceptive prevalence: Any method (Percent)","Any","Estimates and Projections of Family Planning Indicators",2024,"United Nations Population Division",320,"Guatemala","GT","GTM",69,"2018",4,"Median",2,"Female",31,15,49,"15-49",99,"All women",1,"Model-based Estimates",3,"Projection",39.9
1,"Contraceptive prevalence: Any method (Percent)","Any","Estimates and Projections of Family Planning Indicators",2024,"United Nations Population Division",320,"Guatemala","GT","GTM",70,"2019",4,"Median",2,"Female",31,15,49,"15-49",99,"All women",1,"Model-based Estimates",3,"Projection",40.3
1,"Contraceptive prevalence: Any method (Percent)","Any","Estimates and Projections of Family Planning Indicators",2024,"United Nations Population Division",320,"Guatemala","GT","GTM",71,"2020",4,"Median",2,"Female",31,15,49,"15-49",99,"All women",1,"Model-based Estimates",3,"Projection",40.7
1,"Contraceptive prevalence: Any method (Percent)","Any","Estimates and Projections of Family Planning Indicators",2024,"United Nations Population Division",320,"Guatemala","GT","GTM",72,"2021",4,"Median",2,"Female",31,15,49,"15-49",99,"All women",1,"Model-based Estimates",3,"Projection",41.1
1,"Contraceptive prevalence: Any method (Percent)","Any","Estimates and Projections of Family Planning Indicators",2024,"United Nations Population Division",320,"Guatemala","GT","GTM",73,"2022",4,"Median",2,"Female",31,15,49,"15-49",99,"All women",1,"Model-based Estimates",3,"Projection",41.4
1,"Contraceptive prevalence: Any method (Percent)","Any","Estimates and Projections of Family Planning Indicators",2024,"United Nations Population Division",328,"Guyana","GY","GUY",59,"2008",4,"Median",2,"Female",31,15,49,"15-49",99,"All women",1,"Model-based Estimates",2,"Interpolation",29.9
1,"Contraceptive prevalence: Any method (Percent)","Any","Estimates and Projections of Family Planning Indicators",2024,"United Nations Population Division",328,"Guyana","GY","GUY",60,"2009",4,"Median",2,"Female",31,15,49,"15-49",99,"All women",1,"Model-based Estimates",2,"Interpolation",30.6
1,"Contraceptive prevalence: Any method (Percent)","Any","Estimates and Projections of Family Planning Indicators",2024,"United Nations Population Division",328,"Guyana","GY","GUY",61,"2010",4,"Median",2,"Female",31,15,49,"15-49",99,"All women",1,"Model-based Estimates",2,"Interpolation",30.1
1,"Contraceptive prevalence: Any method (Percent)","Any","Estimates and Projections of Family Planning Indicators",2024,"United Nations Population Division",328,"Guyana","GY","GUY",62,"2011",4,"Median",2,"Female",31,15,49,"15-49",99,"All women",1,"Model-based Estimates",2,"Interpolation",29.4
1,"Contraceptive prevalence: Any method (Percent)","Any","Estimates and Projections of Family Planning Indicators",2024,"United Nations Population Division",328,"Guyana","GY","GUY",63,"2012",4,"Median",2,"Female",31,15,49,"15-49",99,"All women",1,"Model-based Estimates",2,"Interpolation",28.6
1,"Contraceptive prevalence: Any method (Percent)","Any","Estimates and Projections of Family Planning Indicators",2024,"United Nations Population Division",328,"Guyana","GY","GUY",64,"2013",4,"Median",2,"Female",31,15,49,"15-49",99,"All women",1,"Model-based Estimates",2,"Interpolation",27.7
1,"Contraceptive prevalence: Any method (Percent)","Any","Estimates and Projections of Family Planning Indicators",2024,"United Nations Population Division",328,"Guyana","GY","GUY",65,"2014",4,"Median",2,"Female",31,15,49,"15-49",99,"All women",1,"Model-based Estimates",2,"Interpolation",26.9
1,"Contraceptive prevalence: Any method (Percent)","Any","Estimates and Projections of Family Planning Indicators",2024,"United Nations Population Division",328,"Guyana","GY","GUY",66,"2015",4,"Median",2,"Female",31,15,49,"15-49",99,"All women",1,"Model-based Estimates",2,"Interpolation",26.5
1,"Contraceptive prevalence: Any method (Percent)","Any","Estimates and Projections of Family Planning Indicators",2024,"United Nations Population Division",328,"Guyana","GY","GUY",67,"2016",4,"Median",2,"Female",31,15,49,"15-49",99,"All women",1,"Model-based Estimates",2,"Interpolation",26.2
1,"Contraceptive prevalence: Any method (Percent)","Any","Estimates and Projections of Family Planning Indicators",2024,"United Nations Population Division",328,"Guyana","GY","GUY",68,"2017",4,"Median",2,"Female",31,15,49,"15-49",99,"All women",1,"Model-based Estimates",2,"Interpolation",26.1
1,"Contraceptive prevalence: Any method (Percent)","Any","Estimates and Projections of Family Planning Indicators",2024,"United Nations Population Division",328,"Guyana","GY","GUY",69,"2018",4,"Median",2,"Female",31,15,49,"15-49",99,"All women",1,"Model-based Estimates",2,"Interpolation",26
1,"Contraceptive prevalence: Any method (Percent)","Any","Estimates and Projections of Family Planning Indicators",2024,"United Nations Population Division",328,"Guyana","GY","GUY",70,"2019",4,"Median",2,"Female",31,15,49,"15-49",99,"All women",1,"Model-based Estimates",2,"Interpolation",26
1,"Contraceptive prevalence: Any method (Percent)","Any","Estimates and Projections of Family Planning Indicators",2024,"United Nations Population Division",328,"Guyana","GY","GUY",71,"2020",4,"Median",2,"Female",31,15,49,"15-49",99,"All women",1,"Model-based Estimates",2,"Interpolation",26.4
1,"Contraceptive prevalence: Any method (Percent)","Any","Estimates and Projections of Family Planning Indicators",2024,"United Nations Population Division",328,"Guyana","GY","GUY",72,"2021",4,"Median",2,"Female",31,15,49,"15-49",99,"All women",1,"Model-based Estimates",3,"Projection",27
1,"Contraceptive prevalence: Any method (Percent)","Any","Estimates and Projections of Family Planning Indicators",2024,"United Nations Population Division",328,"Guyana","GY","GUY",73,"2022",4,"Median",2,"Female",31,15,49,"15-49",99,"All women",1,"Model-based Estimates",3,"Projection",27.6
1,"Contraceptive prevalence: Any method (Percent)","Any","Estimates and Projections of Family Planning Indicators",2024,"United Nations Population Division",332,"Haiti","HT","HTI",59,"2008",4,"Median",2,"Female",31,15,49,"15-49",99,"All women",1,"Model-based Estimates",2,"Interpolation",22.2
1,"Contraceptive prevalence: Any method (Percent)","Any","Estimates and Projections of Family Planning Indicators",2024,"United Nations Population Division",332,"Haiti","HT","HTI",60,"2009",4,"Median",2,"Female",31,15,49,"15-49",99,"All women",1,"Model-based Estimates",2,"Interpolation",22.6
1,"Contraceptive prevalence: Any method (Percent)","Any","Estimates and Projections of Family Planning Indicators",2024,"United Nations Population Division",332,"Haiti","HT","HTI",61,"2010",4,"Median",2,"Female",31,15,49,"15-49",99,"All women",1,"Model-based Estimates",2,"Interpolation",23.1
1,"Contraceptive prevalence: Any method (Percent)","Any","Estimates and Projections of Family Planning Indicators",2024,"United Nations Population Division",332,"Haiti","HT","HTI",62,"2011",4,"Median",2,"Female",31,15,49,"15-49",99,"All women",1,"Model-based Estimates",2,"Interpolation",23.5
1,"Contraceptive prevalence: Any method (Percent)","Any","Estimates and Projections of Family Planning Indicators",2024,"United Nations Population Division",332,"Haiti","HT","HTI",63,"2012",4,"Median",2,"Female",31,15,49,"15-49",99,"All women",1,"Model-based Estimates",2,"Interpolation",23.8
1,"Contraceptive prevalence: Any method (Percent)","Any","Estimates and Projections of Family Planning Indicators",2024,"United Nations Population Division",332,"Haiti","HT","HTI",64,"2013",4,"Median",2,"Female",31,15,49,"15-49",99,"All women",1,"Model-based Estimates",2,"Interpolation",24.2
1,"Contraceptive prevalence: Any method (Percent)","Any","Estimates and Projections of Family Planning Indicators",2024,"United Nations Population Division",332,"Haiti","HT","HTI",65,"2014",4,"Median",2,"Female",31,15,49,"15-49",99,"All women",1,"Model-based Estimates",2,"Interpolation",24.5
1,"Contraceptive prevalence: Any method (Percent)","Any","Estimates and Projections of Family Planning Indicators",2024,"United Nations Population Division",332,"Haiti","HT","HTI",66,"2015",4,"Median",2,"Female",31,15,49,"15-49",99,"All women",1,"Model-based Estimates",2,"Interpolation",24.7
1,"Contraceptive prevalence: Any method (Percent)","Any","Estimates and Projections of Family Planning Indicators",2024,"United Nations Population Division",332,"Haiti","HT","HTI",67,"2016",4,"Median",2,"Female",31,15,49,"15-49",99,"All women",1,"Model-based Estimates",2,"Interpolation",25
1,"Contraceptive prevalence: Any method (Percent)","Any","Estimates and Projections of Family Planning Indicators",2024,"United Nations Population Division",332,"Haiti","HT","HTI",68,"2017",4,"Median",2,"Female",31,15,49,"15-49",99,"All women",1,"Model-based Estimates",2,"Interpolation",25.4
1,"Contraceptive prevalence: Any method (Percent)","Any","Estimates and Projections of Family Planning Indicators",2024,"United Nations Population Division",332,"Haiti","HT","HTI",69,"2018",4,"Median",2,"Female",31,15,49,"15-49",99,"All women",1,"Model-based Estimates",3,"Projection",25.9
1,"Contraceptive prevalence: Any method (Percent)","Any","Estimates and Projections of Family Planning Indicators",2024,"United Nations Population Division",332,"Haiti","HT","HTI",70,"2019",4,"Median",2,"Female",31,15,49,"15-49",99,"All women",1,"Model-based Estimates",3,"Projection",26.5
1,"Contraceptive prevalence: Any method (Percent)","Any","Estimates and Projections of Family Planning Indicators",2024,"United Nations Population Division",332,"Haiti","HT","HTI",71,"2020",4,"Median",2,"Female",31,15,49,"15-49",99,"All women",1,"Model-based Estimates",3,"Projection",27.1
1,"Contraceptive prevalence: Any method (Percent)","Any","Estimates and Projections of Family Planning Indicators",2024,"United Nations Population Division",332,"Haiti","HT","HTI",72,"2021",4,"Median",2,"Female",31,15,49,"15-49",99,"All women",1,"Model-based Estimates",3,"Projection",27.6
1,"Contraceptive prevalence: Any method (Percent)","Any","Estimates and Projections of Family Planning Indicators",2024,"United Nations Population Division",332,"Haiti","HT","HTI",73,"2022",4,"Median",2,"Female",31,15,49,"15-49",99,"All women",1,"Model-based Estimates",3,"Projection",28.2
1,"Contraceptive prevalence: Any method (Percent)","Any","Estimates and Projections of Family Planning Indicators",2024,"United Nations Population Division",340,"Honduras","HN","HND",59,"2008",4,"Median",2,"Female",31,15,49,"15-49",99,"All women",1,"Model-based Estimates",2,"Interpolation",45.2
1,"Contraceptive prevalence: Any method (Percent)","Any","Estimates and Projections of Family Planning Indicators",2024,"United Nations Population Division",340,"Honduras","HN","HND",60,"2009",4,"Median",2,"Female",31,15,49,"15-49",99,"All women",1,"Model-based Estimates",2,"Interpolation",46.1
1,"Contraceptive prevalence: Any method (Percent)","Any","Estimates and Projections of Family Planning Indicators",2024,"United Nations Population Division",340,"Honduras","HN","HND",61,"2010",4,"Median",2,"Female",31,15,49,"15-49",99,"All women",1,"Model-based Estimates",2,"Interpolation",46.9
1,"Contraceptive prevalence: Any method (Percent)","Any","Estimates and Projections of Family Planning Indicators",2024,"United Nations Population Division",340,"Honduras","HN","HND",62,"2011",4,"Median",2,"Female",31,15,49,"15-49",99,"All women",1,"Model-based Estimates",2,"Interpolation",47.6
1,"Contraceptive prevalence: Any method (Percent)","Any","Estimates and Projections of Family Planning Indicators",2024,"United Nations Population Division",340,"Honduras","HN","HND",63,"2012",4,"Median",2,"Female",31,15,49,"15-49",99,"All women",1,"Model-based Estimates",2,"Interpolation",48.1
1,"Contraceptive prevalence: Any method (Percent)","Any","Estimates and Projections of Family Planning Indicators",2024,"United Nations Population Division",340,"Honduras","HN","HND",64,"2013",4,"Median",2,"Female",31,15,49,"15-49",99,"All women",1,"Model-based Estimates",2,"Interpolation",48.4
1,"Contraceptive prevalence: Any method (Percent)","Any","Estimates and Projections of Family Planning Indicators",2024,"United Nations Population Division",340,"Honduras","HN","HND",65,"2014",4,"Median",2,"Female",31,15,49,"15-49",99,"All women",1,"Model-based Estimates",2,"Interpolation",48.6
1,"Contraceptive prevalence: Any method (Percent)","Any","Estimates and Projections of Family Planning Indicators",2024,"United Nations Population Division",340,"Honduras","HN","HND",66,"2015",4,"Median",2,"Female",31,15,49,"15-49",99,"All women",1,"Model-based Estimates",2,"Interpolation",48.7
1,"Contraceptive prevalence: Any method (Percent)","Any","Estimates and Projections of Family Planning Indicators",2024,"United Nations Population Division",340,"Honduras","HN","HND",67,"2016",4,"Median",2,"Female",31,15,49,"15-49",99,"All women",1,"Model-based Estimates",2,"Interpolation",48.8
1,"Contraceptive prevalence: Any method (Percent)","Any","Estimates and Projections of Family Planning Indicators",2024,"United Nations Population Division",340,"Honduras","HN","HND",68,"2017",4,"Median",2,"Female",31,15,49,"15-49",99,"All women",1,"Model-based Estimates",2,"Interpolation",48.9
1,"Contraceptive prevalence: Any method (Percent)","Any","Estimates and Projections of Family Planning Indicators",2024,"United Nations Population Division",340,"Honduras","HN","HND",69,"2018",4,"Median",2,"Female",31,15,49,"15-49",99,"All women",1,"Model-based Estimates",2,"Interpolation",48.9
1,"Contraceptive prevalence: Any method (Percent)","Any","Estimates and Projections of Family Planning Indicators",2024,"United Nations Population Division",340,"Honduras","HN","HND",70,"2019",4,"Median",2,"Female",31,15,49,"15-49",99,"All women",1,"Model-based Estimates",2,"Interpolation",49
1,"Contraceptive prevalence: Any method (Percent)","Any","Estimates and Projections of Family Planning Indicators",2024,"United Nations Population Division",340,"Honduras","HN","HND",71,"2020",4,"Median",2,"Female",31,15,49,"15-49",99,"All women",1,"Model-based Estimates",3,"Projection",49.2
1,"Contraceptive prevalence: Any method (Percent)","Any","Estimates and Projections of Family Planning Indicators",2024,"United Nations Population Division",340,"Honduras","HN","HND",72,"2021",4,"Median",2,"Female",31,15,49,"15-49",99,"All women",1,"Model-based Estimates",3,"Projection",49.4
1,"Contraceptive prevalence: Any method (Percent)","Any","Estimates and Projections of Family Planning Indicators",2024,"United Nations Population Division",340,"Honduras","HN","HND",73,"2022",4,"Median",2,"Female",31,15,49,"15-49",99,"All women",1,"Model-based Estimates",3,"Projection",49.6
1,"Contraceptive prevalence: Any method (Percent)","Any","Estimates and Projections of Family Planning Indicators",2024,"United Nations Population Division",388,"Jamaica","JM","JAM",59,"2008",4,"Median",2,"Female",31,15,49,"15-49",99,"All women",1,"Model-based Estimates",2,"Interpolation",38.3
1,"Contraceptive prevalence: Any method (Percent)","Any","Estimates and Projections of Family Planning Indicators",2024,"United Nations Population Division",388,"Jamaica","JM","JAM",60,"2009",4,"Median",2,"Female",31,15,49,"15-49",99,"All women",1,"Model-based Estimates",2,"Interpolation",38.2
1,"Contraceptive prevalence: Any method (Percent)","Any","Estimates and Projections of Family Planning Indicators",2024,"United Nations Population Division",388,"Jamaica","JM","JAM",61,"2010",4,"Median",2,"Female",31,15,49,"15-49",99,"All women",1,"Model-based Estimates",2,"Interpolation",38
1,"Contraceptive prevalence: Any method (Percent)","Any","Estimates and Projections of Family Planning Indicators",2024,"United Nations Population Division",388,"Jamaica","JM","JAM",62,"2011",4,"Median",2,"Female",31,15,49,"15-49",99,"All women",1,"Model-based Estimates",2,"Interpolation",37.8
1,"Contraceptive prevalence: Any method (Percent)","Any","Estimates and Projections of Family Planning Indicators",2024,"United Nations Population Division",388,"Jamaica","JM","JAM",63,"2012",4,"Median",2,"Female",31,15,49,"15-49",99,"All women",1,"Model-based Estimates",2,"Interpolation",37.6
1,"Contraceptive prevalence: Any method (Percent)","Any","Estimates and Projections of Family Planning Indicators",2024,"United Nations Population Division",388,"Jamaica","JM","JAM",64,"2013",4,"Median",2,"Female",31,15,49,"15-49",99,"All women",1,"Model-based Estimates",2,"Interpolation",37.4
1,"Contraceptive prevalence: Any method (Percent)","Any","Estimates and Projections of Family Planning Indicators",2024,"United Nations Population Division",388,"Jamaica","JM","JAM",65,"2014",4,"Median",2,"Female",31,15,49,"15-49",99,"All women",1,"Model-based Estimates",2,"Interpolation",37.1
1,"Contraceptive prevalence: Any method (Percent)","Any","Estimates and Projections of Family Planning Indicators",2024,"United Nations Population Division",388,"Jamaica","JM","JAM",66,"2015",4,"Median",2,"Female",31,15,49,"15-49",99,"All women",1,"Model-based Estimates",2,"Interpolation",36.9
1,"Contraceptive prevalence: Any method (Percent)","Any","Estimates and Projections of Family Planning Indicators",2024,"United Nations Population Division",388,"Jamaica","JM","JAM",67,"2016",4,"Median",2,"Female",31,15,49,"15-49",99,"All women",1,"Model-based Estimates",2,"Interpolation",36.7
1,"Contraceptive prevalence: Any method (Percent)","Any","Estimates and Projections of Family Planning Indicators",2024,"United Nations Population Division",388,"Jamaica","JM","JAM",68,"2017",4,"Median",2,"Female",31,15,49,"15-49",99,"All women",1,"Model-based Estimates",2,"Interpolation",36.5
1,"Contraceptive prevalence: Any method (Percent)","Any","Estimates and Projections of Family Planning Indicators",2024,"United Nations Population Division",388,"Jamaica","JM","JAM",69,"2018",4,"Median",2,"Female",31,15,49,"15-49",99,"All women",1,"Model-based Estimates",2,"Interpolation",36.2
1,"Contraceptive prevalence: Any method (Percent)","Any","Estimates and Projections of Family Planning Indicators",2024,"United Nations Population Division",388,"Jamaica","JM","JAM",70,"2019",4,"Median",2,"Female",31,15,49,"15-49",99,"All women",1,"Model-based Estimates",2,"Interpolation",36
1,"Contraceptive prevalence: Any method (Percent)","Any","Estimates and Projections of Family Planning Indicators",2024,"United Nations Population Division",388,"Jamaica","JM","JAM",71,"2020",4,"Median",2,"Female",31,15,49,"15-49",99,"All women",1,"Model-based Estimates",2,"Interpolation",35.8
1,"Contraceptive prevalence: Any method (Percent)","Any","Estimates and Projections of Family Planning Indicators",2024,"United Nations Population Division",388,"Jamaica","JM","JAM",72,"2021",4,"Median",2,"Female",31,15,49,"15-49",99,"All women",1,"Model-based Estimates",2,"Interpolation",35.6
1,"Contraceptive prevalence: Any method (Percent)","Any","Estimates and Projections of Family Planning Indicators",2024,"United Nations Population Division",388,"Jamaica","JM","JAM",73,"2022",4,"Median",2,"Female",31,15,49,"15-49",99,"All women",1,"Model-based Estimates",2,"Interpolation",35.7
1,"Contraceptive prevalence: Any method (Percent)","Any","Estimates and Projections of Family Planning Indicators",2024,"United Nations Population Division",474,"Martinique","MQ","MTQ",59,"2008",4,"Median",2,"Female",31,15,49,"15-49",99,"All women",1,"Model-based Estimates",3,"Projection",35.3
1,"Contraceptive prevalence: Any method (Percent)","Any","Estimates and Projections of Family Planning Indicators",2024,"United Nations Population Division",474,"Martinique","MQ","MTQ",60,"2009",4,"Median",2,"Female",31,15,49,"15-49",99,"All women",1,"Model-based Estimates",3,"Projection",35.7
1,"Contraceptive prevalence: Any method (Percent)","Any","Estimates and Projections of Family Planning Indicators",2024,"United Nations Population Division",474,"Martinique","MQ","MTQ",61,"2010",4,"Median",2,"Female",31,15,49,"15-49",99,"All women",1,"Model-based Estimates",3,"Projection",36
1,"Contraceptive prevalence: Any method (Percent)","Any","Estimates and Projections of Family Planning Indicators",2024,"United Nations Population Division",474,"Martinique","MQ","MTQ",62,"2011",4,"Median",2,"Female",31,15,49,"15-49",99,"All women",1,"Model-based Estimates",3,"Projection",36.4
1,"Contraceptive prevalence: Any method (Percent)","Any","Estimates and Projections of Family Planning Indicators",2024,"United Nations Population Division",474,"Martinique","MQ","MTQ",63,"2012",4,"Median",2,"Female",31,15,49,"15-49",99,"All women",1,"Model-based Estimates",3,"Projection",36.8
1,"Contraceptive prevalence: Any method (Percent)","Any","Estimates and Projections of Family Planning Indicators",2024,"United Nations Population Division",474,"Martinique","MQ","MTQ",64,"2013",4,"Median",2,"Female",31,15,49,"15-49",99,"All women",1,"Model-based Estimates",3,"Projection",37.1
1,"Contraceptive prevalence: Any method (Percent)","Any","Estimates and Projections of Family Planning Indicators",2024,"United Nations Population Division",474,"Martinique","MQ","MTQ",65,"2014",4,"Median",2,"Female",31,15,49,"15-49",99,"All women",1,"Model-based Estimates",3,"Projection",37.4
1,"Contraceptive prevalence: Any method (Percent)","Any","Estimates and Projections of Family Planning Indicators",2024,"United Nations Population Division",474,"Martinique","MQ","MTQ",66,"2015",4,"Median",2,"Female",31,15,49,"15-49",99,"All women",1,"Model-based Estimates",3,"Projection",37.6
1,"Contraceptive prevalence: Any method (Percent)","Any","Estimates and Projections of Family Planning Indicators",2024,"United Nations Population Division",474,"Martinique","MQ","MTQ",67,"2016",4,"Median",2,"Female",31,15,49,"15-49",99,"All women",1,"Model-based Estimates",3,"Projection",37.8
1,"Contraceptive prevalence: Any method (Percent)","Any","Estimates and Projections of Family Planning Indicators",2024,"United Nations Population Division",474,"Martinique","MQ","MTQ",68,"2017",4,"Median",2,"Female",31,15,49,"15-49",99,"All women",1,"Model-based Estimates",3,"Projection",38
1,"Contraceptive prevalence: Any method (Percent)","Any","Estimates and Projections of Family Planning Indicators",2024,"United Nations Population Division",474,"Martinique","MQ","MTQ",69,"2018",4,"Median",2,"Female",31,15,49,"15-49",99,"All women",1,"Model-based Estimates",3,"Projection",38.2
1,"Contraceptive prevalence: Any method (Percent)","Any","Estimates and Projections of Family Planning Indicators",2024,"United Nations Population Division",474,"Martinique","MQ","MTQ",70,"2019",4,"Median",2,"Female",31,15,49,"15-49",99,"All women",1,"Model-based Estimates",3,"Projection",38.4
1,"Contraceptive prevalence: Any method (Percent)","Any","Estimates and Projections of Family Planning Indicators",2024,"United Nations Population Division",474,"Martinique","MQ","MTQ",71,"2020",4,"Median",2,"Female",31,15,49,"15-49",99,"All women",1,"Model-based Estimates",3,"Projection",38.7
1,"Contraceptive prevalence: Any method (Percent)","Any","Estimates and Projections of Family Planning Indicators",2024,"United Nations Population Division",474,"Martinique","MQ","MTQ",72,"2021",4,"Median",2,"Female",31,15,49,"15-49",99,"All women",1,"Model-based Estimates",3,"Projection",38.9
1,"Contraceptive prevalence: Any method (Percent)","Any","Estimates and Projections of Family Planning Indicators",2024,"United Nations Population Division",474,"Martinique","MQ","MTQ",73,"2022",4,"Median",2,"Female",31,15,49,"15-49",99,"All women",1,"Model-based Estimates",3,"Projection",39.1
1,"Contraceptive prevalence: Any method (Percent)","Any","Estimates and Projections of Family Planning Indicators",2024,"United Nations Population Division",484,"Mexico","MX","MEX",59,"2008",4,"Median",2,"Female",31,15,49,"15-49",99,"All women",1,"Model-based Estimates",2,"Interpolation",50.2
1,"Contraceptive prevalence: Any method (Percent)","Any","Estimates and Projections of Family Planning Indicators",2024,"United Nations Population Division",484,"Mexico","MX","MEX",60,"2009",4,"Median",2,"Female",31,15,49,"15-49",99,"All women",1,"Model-based Estimates",2,"Interpolation",50.5
1,"Contraceptive prevalence: Any method (Percent)","Any","Estimates and Projections of Family Planning Indicators",2024,"United Nations Population Division",484,"Mexico","MX","MEX",61,"2010",4,"Median",2,"Female",31,15,49,"15-49",99,"All women",1,"Model-based Estimates",2,"Interpolation",50.9
1,"Contraceptive prevalence: Any method (Percent)","Any","Estimates and Projections of Family Planning Indicators",2024,"United Nations Population Division",484,"Mexico","MX","MEX",62,"2011",4,"Median",2,"Female",31,15,49,"15-49",99,"All women",1,"Model-based Estimates",2,"Interpolation",51.1
1,"Contraceptive prevalence: Any method (Percent)","Any","Estimates and Projections of Family Planning Indicators",2024,"United Nations Population Division",484,"Mexico","MX","MEX",63,"2012",4,"Median",2,"Female",31,15,49,"15-49",99,"All women",1,"Model-based Estimates",2,"Interpolation",51.3
1,"Contraceptive prevalence: Any method (Percent)","Any","Estimates and Projections of Family Planning Indicators",2024,"United Nations Population Division",484,"Mexico","MX","MEX",64,"2013",4,"Median",2,"Female",31,15,49,"15-49",99,"All women",1,"Model-based Estimates",2,"Interpolation",51.5
1,"Contraceptive prevalence: Any method (Percent)","Any","Estimates and Projections of Family Planning Indicators",2024,"United Nations Population Division",484,"Mexico","MX","MEX",65,"2014",4,"Median",2,"Female",31,15,49,"15-49",99,"All women",1,"Model-based Estimates",2,"Interpolation",51.7
1,"Contraceptive prevalence: Any method (Percent)","Any","Estimates and Projections of Family Planning Indicators",2024,"United Nations Population Division",484,"Mexico","MX","MEX",66,"2015",4,"Median",2,"Female",31,15,49,"15-49",99,"All women",1,"Model-based Estimates",2,"Interpolation",51.9
1,"Contraceptive prevalence: Any method (Percent)","Any","Estimates and Projections of Family Planning Indicators",2024,"United Nations Population Division",484,"Mexico","MX","MEX",67,"2016",4,"Median",2,"Female",31,15,49,"15-49",99,"All women",1,"Model-based Estimates",2,"Interpolation",52.1
1,"Contraceptive prevalence: Any method (Percent)","Any","Estimates and Projections of Family Planning Indicators",2024,"United Nations Population Division",484,"Mexico","MX","MEX",68,"2017",4,"Median",2,"Female",31,15,49,"15-49",99,"All women",1,"Model-based Estimates",2,"Interpolation",52.3
1,"Contraceptive prevalence: Any method (Percent)","Any","Estimates and Projections of Family Planning Indicators",2024,"United Nations Population Division",484,"Mexico","MX","MEX",69,"2018",4,"Median",2,"Female",31,15,49,"15-49",99,"All women",1,"Model-based Estimates",2,"Interpolation",52.4
1,"Contraceptive prevalence: Any method (Percent)","Any","Estimates and Projections of Family Planning Indicators",2024,"United Nations Population Division",484,"Mexico","MX","MEX",70,"2019",4,"Median",2,"Female",31,15,49,"15-49",99,"All women",1,"Model-based Estimates",2,"Interpolation",52.5
1,"Contraceptive prevalence: Any method (Percent)","Any","Estimates and Projections of Family Planning Indicators",2024,"United Nations Population Division",484,"Mexico","MX","MEX",71,"2020",4,"Median",2,"Female",31,15,49,"15-49",99,"All women",1,"Model-based Estimates",2,"Interpolation",52.6
1,"Contraceptive prevalence: Any method (Percent)","Any","Estimates and Projections of Family Planning Indicators",2024,"United Nations Population Division",484,"Mexico","MX","MEX",72,"2021",4,"Median",2,"Female",31,15,49,"15-49",99,"All women",1,"Model-based Estimates",2,"Interpolation",52.7
1,"Contraceptive prevalence: Any method (Percent)","Any","Estimates and Projections of Family Planning Indicators",2024,"United Nations Population Division",484,"Mexico","MX","MEX",73,"2022",4,"Median",2,"Female",31,15,49,"15-49",99,"All women",1,"Model-based Estimates",2,"Interpolation",52.8
1,"Contraceptive prevalence: Any method (Percent)","Any","Estimates and Projections of Family Planning Indicators",2024,"United Nations Population Division",500,"Montserrat","MS","MSR",59,"2008",4,"Median",2,"Female",31,15,49,"15-49",99,"All women",1,"Model-based Estimates",3,"Projection",37.6
1,"Contraceptive prevalence: Any method (Percent)","Any","Estimates and Projections of Family Planning Indicators",2024,"United Nations Population Division",500,"Montserrat","MS","MSR",60,"2009",4,"Median",2,"Female",31,15,49,"15-49",99,"All women",1,"Model-based Estimates",3,"Projection",38
1,"Contraceptive prevalence: Any method (Percent)","Any","Estimates and Projections of Family Planning Indicators",2024,"United Nations Population Division",500,"Montserrat","MS","MSR",61,"2010",4,"Median",2,"Female",31,15,49,"15-49",99,"All women",1,"Model-based Estimates",3,"Projection",38.3
1,"Contraceptive prevalence: Any method (Percent)","Any","Estimates and Projections of Family Planning Indicators",2024,"United Nations Population Division",500,"Montserrat","MS","MSR",62,"2011",4,"Median",2,"Female",31,15,49,"15-49",99,"All women",1,"Model-based Estimates",3,"Projection",38.7
1,"Contraceptive prevalence: Any method (Percent)","Any","Estimates and Projections of Family Planning Indicators",2024,"United Nations Population Division",500,"Montserrat","MS","MSR",63,"2012",4,"Median",2,"Female",31,15,49,"15-49",99,"All women",1,"Model-based Estimates",3,"Projection",39
1,"Contraceptive prevalence: Any method (Percent)","Any","Estimates and Projections of Family Planning Indicators",2024,"United Nations Population Division",500,"Montserrat","MS","MSR",64,"2013",4,"Median",2,"Female",31,15,49,"15-49",99,"All women",1,"Model-based Estimates",3,"Projection",39.3
1,"Contraceptive prevalence: Any method (Percent)","Any","Estimates and Projections of Family Planning Indicators",2024,"United Nations Population Division",500,"Montserrat","MS","MSR",65,"2014",4,"Median",2,"Female",31,15,49,"15-49",99,"All women",1,"Model-based Estimates",3,"Projection",39.7
1,"Contraceptive prevalence: Any method (Percent)","Any","Estimates and Projections of Family Planning Indicators",2024,"United Nations Population Division",500,"Montserrat","MS","MSR",66,"2015",4,"Median",2,"Female",31,15,49,"15-49",99,"All women",1,"Model-based Estimates",3,"Projection",40.1
1,"Contraceptive prevalence: Any method (Percent)","Any","Estimates and Projections of Family Planning Indicators",2024,"United Nations Population Division",500,"Montserrat","MS","MSR",67,"2016",4,"Median",2,"Female",31,15,49,"15-49",99,"All women",1,"Model-based Estimates",3,"Projection",40.4
1,"Contraceptive prevalence: Any method (Percent)","Any","Estimates and Projections of Family Planning Indicators",2024,"United Nations Population Division",500,"Montserrat","MS","MSR",68,"2017",4,"Median",2,"Female",31,15,49,"15-49",99,"All women",1,"Model-based Estimates",3,"Projection",40.8
1,"Contraceptive prevalence: Any method (Percent)","Any","Estimates and Projections of Family Planning Indicators",2024,"United Nations Population Division",500,"Montserrat","MS","MSR",69,"2018",4,"Median",2,"Female",31,15,49,"15-49",99,"All women",1,"Model-based Estimates",3,"Projection",41.2
1,"Contraceptive prevalence: Any method (Percent)","Any","Estimates and Projections of Family Planning Indicators",2024,"United Nations Population Division",500,"Montserrat","MS","MSR",70,"2019",4,"Median",2,"Female",31,15,49,"15-49",99,"All women",1,"Model-based Estimates",3,"Projection",41.7
1,"Contraceptive prevalence: Any method (Percent)","Any","Estimates and Projections of Family Planning Indicators",2024,"United Nations Population Division",500,"Montserrat","MS","MSR",71,"2020",4,"Median",2,"Female",31,15,49,"15-49",99,"All women",1,"Model-based Estimates",3,"Projection",42
1,"Contraceptive prevalence: Any method (Percent)","Any","Estimates and Projections of Family Planning Indicators",2024,"United Nations Population Division",500,"Montserrat","MS","MSR",72,"2021",4,"Median",2,"Female",31,15,49,"15-49",99,"All women",1,"Model-based Estimates",3,"Projection",42.5
1,"Contraceptive prevalence: Any method (Percent)","Any","Estimates and Projections of Family Planning Indicators",2024,"United Nations Population Division",500,"Montserrat","MS","MSR",73,"2022",4,"Median",2,"Female",31,15,49,"15-49",99,"All women",1,"Model-based Estimates",3,"Projection",42.9
1,"Contraceptive prevalence: Any method (Percent)","Any","Estimates and Projections of Family Planning Indicators",2024,"United Nations Population Division",531,"Curaçao","CW","CUW",59,"2008",4,"Median",2,"Female",31,15,49,"15-49",99,"All women",1,"Model-based Estimates",3,"Projection",31.3
1,"Contraceptive prevalence: Any method (Percent)","Any","Estimates and Projections of Family Planning Indicators",2024,"United Nations Population Division",531,"Curaçao","CW","CUW",60,"2009",4,"Median",2,"Female",31,15,49,"15-49",99,"All women",1,"Model-based Estimates",3,"Projection",31.6
1,"Contraceptive prevalence: Any method (Percent)","Any","Estimates and Projections of Family Planning Indicators",2024,"United Nations Population Division",531,"Curaçao","CW","CUW",61,"2010",4,"Median",2,"Female",31,15,49,"15-49",99,"All women",1,"Model-based Estimates",3,"Projection",32
1,"Contraceptive prevalence: Any method (Percent)","Any","Estimates and Projections of Family Planning Indicators",2024,"United Nations Population Division",531,"Curaçao","CW","CUW",62,"2011",4,"Median",2,"Female",31,15,49,"15-49",99,"All women",1,"Model-based Estimates",3,"Projection",32.4
1,"Contraceptive prevalence: Any method (Percent)","Any","Estimates and Projections of Family Planning Indicators",2024,"United Nations Population Division",531,"Curaçao","CW","CUW",63,"2012",4,"Median",2,"Female",31,15,49,"15-49",99,"All women",1,"Model-based Estimates",3,"Projection",32.8
1,"Contraceptive prevalence: Any method (Percent)","Any","Estimates and Projections of Family Planning Indicators",2024,"United Nations Population Division",531,"Curaçao","CW","CUW",64,"2013",4,"Median",2,"Female",31,15,49,"15-49",99,"All women",1,"Model-based Estimates",2,"Interpolation",33.1
1,"Contraceptive prevalence: Any method (Percent)","Any","Estimates and Projections of Family Planning Indicators",2024,"United Nations Population Division",531,"Curaçao","CW","CUW",65,"2014",4,"Median",2,"Female",31,15,49,"15-49",99,"All women",1,"Model-based Estimates",3,"Projection",33.6
1,"Contraceptive prevalence: Any method (Percent)","Any","Estimates and Projections of Family Planning Indicators",2024,"United Nations Population Division",531,"Curaçao","CW","CUW",66,"2015",4,"Median",2,"Female",31,15,49,"15-49",99,"All women",1,"Model-based Estimates",3,"Projection",34
1,"Contraceptive prevalence: Any method (Percent)","Any","Estimates and Projections of Family Planning Indicators",2024,"United Nations Population Division",531,"Curaçao","CW","CUW",67,"2016",4,"Median",2,"Female",31,15,49,"15-49",99,"All women",1,"Model-based Estimates",3,"Projection",34.5
1,"Contraceptive prevalence: Any method (Percent)","Any","Estimates and Projections of Family Planning Indicators",2024,"United Nations Population Division",531,"Curaçao","CW","CUW",68,"2017",4,"Median",2,"Female",31,15,49,"15-49",99,"All women",1,"Model-based Estimates",3,"Projection",35.1
1,"Contraceptive prevalence: Any method (Percent)","Any","Estimates and Projections of Family Planning Indicators",2024,"United Nations Population Division",531,"Curaçao","CW","CUW",69,"2018",4,"Median",2,"Female",31,15,49,"15-49",99,"All women",1,"Model-based Estimates",3,"Projection",35.5
1,"Contraceptive prevalence: Any method (Percent)","Any","Estimates and Projections of Family Planning Indicators",2024,"United Nations Population Division",531,"Curaçao","CW","CUW",70,"2019",4,"Median",2,"Female",31,15,49,"15-49",99,"All women",1,"Model-based Estimates",3,"Projection",36
1,"Contraceptive prevalence: Any method (Percent)","Any","Estimates and Projections of Family Planning Indicators",2024,"United Nations Population Division",531,"Curaçao","CW","CUW",71,"2020",4,"Median",2,"Female",31,15,49,"15-49",99,"All women",1,"Model-based Estimates",3,"Projection",36.6
1,"Contraceptive prevalence: Any method (Percent)","Any","Estimates and Projections of Family Planning Indicators",2024,"United Nations Population Division",531,"Curaçao","CW","CUW",72,"2021",4,"Median",2,"Female",31,15,49,"15-49",99,"All women",1,"Model-based Estimates",3,"Projection",37.2
1,"Contraceptive prevalence: Any method (Percent)","Any","Estimates and Projections of Family Planning Indicators",2024,"United Nations Population Division",531,"Curaçao","CW","CUW",73,"2022",4,"Median",2,"Female",31,15,49,"15-49",99,"All women",1,"Model-based Estimates",3,"Projection",37.6
1,"Contraceptive prevalence: Any method (Percent)","Any","Estimates and Projections of Family Planning Indicators",2024,"United Nations Population Division",558,"Nicaragua","NI","NIC",59,"2008",4,"Median",2,"Female",31,15,49,"15-49",99,"All women",1,"Model-based Estimates",2,"Interpolation",51.8
1,"Contraceptive prevalence: Any method (Percent)","Any","Estimates and Projections of Family Planning Indicators",2024,"United Nations Population Division",558,"Nicaragua","NI","NIC",60,"2009",4,"Median",2,"Female",31,15,49,"15-49",99,"All women",1,"Model-based Estimates",2,"Interpolation",52.8
1,"Contraceptive prevalence: Any method (Percent)","Any","Estimates and Projections of Family Planning Indicators",2024,"United Nations Population Division",558,"Nicaragua","NI","NIC",61,"2010",4,"Median",2,"Female",31,15,49,"15-49",99,"All women",1,"Model-based Estimates",2,"Interpolation",53.8
1,"Contraceptive prevalence: Any method (Percent)","Any","Estimates and Projections of Family Planning Indicators",2024,"United Nations Population Division",558,"Nicaragua","NI","NIC",62,"2011",4,"Median",2,"Female",31,15,49,"15-49",99,"All women",1,"Model-based Estimates",2,"Interpolation",54.7
1,"Contraceptive prevalence: Any method (Percent)","Any","Estimates and Projections of Family Planning Indicators",2024,"United Nations Population Division",558,"Nicaragua","NI","NIC",63,"2012",4,"Median",2,"Female",31,15,49,"15-49",99,"All women",1,"Model-based Estimates",2,"Interpolation",55.4
1,"Contraceptive prevalence: Any method (Percent)","Any","Estimates and Projections of Family Planning Indicators",2024,"United Nations Population Division",558,"Nicaragua","NI","NIC",64,"2013",4,"Median",2,"Female",31,15,49,"15-49",99,"All women",1,"Model-based Estimates",3,"Projection",55.9
1,"Contraceptive prevalence: Any method (Percent)","Any","Estimates and Projections of Family Planning Indicators",2024,"United Nations Population Division",558,"Nicaragua","NI","NIC",65,"2014",4,"Median",2,"Female",31,15,49,"15-49",99,"All women",1,"Model-based Estimates",3,"Projection",56.3
1,"Contraceptive prevalence: Any method (Percent)","Any","Estimates and Projections of Family Planning Indicators",2024,"United Nations Population Division",558,"Nicaragua","NI","NIC",66,"2015",4,"Median",2,"Female",31,15,49,"15-49",99,"All women",1,"Model-based Estimates",3,"Projection",56.7
1,"Contraceptive prevalence: Any method (Percent)","Any","Estimates and Projections of Family Planning Indicators",2024,"United Nations Population Division",558,"Nicaragua","NI","NIC",67,"2016",4,"Median",2,"Female",31,15,49,"15-49",99,"All women",1,"Model-based Estimates",3,"Projection",57.1
1,"Contraceptive prevalence: Any method (Percent)","Any","Estimates and Projections of Family Planning Indicators",2024,"United Nations Population Division",558,"Nicaragua","NI","NIC",68,"2017",4,"Median",2,"Female",31,15,49,"15-49",99,"All women",1,"Model-based Estimates",3,"Projection",57.4
1,"Contraceptive prevalence: Any method (Percent)","Any","Estimates and Projections of Family Planning Indicators",2024,"United Nations Population Division",558,"Nicaragua","NI","NIC",69,"2018",4,"Median",2,"Female",31,15,49,"15-49",99,"All women",1,"Model-based Estimates",3,"Projection",57.7
1,"Contraceptive prevalence: Any method (Percent)","Any","Estimates and Projections of Family Planning Indicators",2024,"United Nations Population Division",558,"Nicaragua","NI","NIC",70,"2019",4,"Median",2,"Female",31,15,49,"15-49",99,"All women",1,"Model-based Estimates",3,"Projection",58
1,"Contraceptive prevalence: Any method (Percent)","Any","Estimates and Projections of Family Planning Indicators",2024,"United Nations Population Division",558,"Nicaragua","NI","NIC",71,"2020",4,"Median",2,"Female",31,15,49,"15-49",99,"All women",1,"Model-based Estimates",3,"Projection",58.2
1,"Contraceptive prevalence: Any method (Percent)","Any","Estimates and Projections of Family Planning Indicators",2024,"United Nations Population Division",558,"Nicaragua","NI","NIC",72,"2021",4,"Median",2,"Female",31,15,49,"15-49",99,"All women",1,"Model-based Estimates",3,"Projection",58.5
1,"Contraceptive prevalence: Any method (Percent)","Any","Estimates and Projections of Family Planning Indicators",2024,"United Nations Population Division",558,"Nicaragua","NI","NIC",73,"2022",4,"Median",2,"Female",31,15,49,"15-49",99,"All women",1,"Model-based Estimates",3,"Projection",58.7
1,"Contraceptive prevalence: Any method (Percent)","Any","Estimates and Projections of Family Planning Indicators",2024,"United Nations Population Division",591,"Panama","PA","PAN",59,"2008",4,"Median",2,"Female",31,15,49,"15-49",99,"All women",1,"Model-based Estimates",2,"Interpolation",44.7
1,"Contraceptive prevalence: Any method (Percent)","Any","Estimates and Projections of Family Planning Indicators",2024,"United Nations Population Division",591,"Panama","PA","PAN",60,"2009",4,"Median",2,"Female",31,15,49,"15-49",99,"All women",1,"Model-based Estimates",2,"Interpolation",44.8
1,"Contraceptive prevalence: Any method (Percent)","Any","Estimates and Projections of Family Planning Indicators",2024,"United Nations Population Division",591,"Panama","PA","PAN",61,"2010",4,"Median",2,"Female",31,15,49,"15-49",99,"All women",1,"Model-based Estimates",2,"Interpolation",45
1,"Contraceptive prevalence: Any method (Percent)","Any","Estimates and Projections of Family Planning Indicators",2024,"United Nations Population Division",591,"Panama","PA","PAN",62,"2011",4,"Median",2,"Female",31,15,49,"15-49",99,"All women",1,"Model-based Estimates",2,"Interpolation",45.1
1,"Contraceptive prevalence: Any method (Percent)","Any","Estimates and Projections of Family Planning Indicators",2024,"United Nations Population Division",591,"Panama","PA","PAN",63,"2012",4,"Median",2,"Female",31,15,49,"15-49",99,"All women",1,"Model-based Estimates",2,"Interpolation",45.1
1,"Contraceptive prevalence: Any method (Percent)","Any","Estimates and Projections of Family Planning Indicators",2024,"United Nations Population Division",591,"Panama","PA","PAN",64,"2013",4,"Median",2,"Female",31,15,49,"15-49",99,"All women",1,"Model-based Estimates",2,"Interpolation",45.1
1,"Contraceptive prevalence: Any method (Percent)","Any","Estimates and Projections of Family Planning Indicators",2024,"United Nations Population Division",591,"Panama","PA","PAN",65,"2014",4,"Median",2,"Female",31,15,49,"15-49",99,"All women",1,"Model-based Estimates",2,"Interpolation",44.9
1,"Contraceptive prevalence: Any method (Percent)","Any","Estimates and Projections of Family Planning Indicators",2024,"United Nations Population Division",591,"Panama","PA","PAN",66,"2015",4,"Median",2,"Female",31,15,49,"15-49",99,"All women",1,"Model-based Estimates",2,"Interpolation",44.8
1,"Contraceptive prevalence: Any method (Percent)","Any","Estimates and Projections of Family Planning Indicators",2024,"United Nations Population Division",591,"Panama","PA","PAN",67,"2016",4,"Median",2,"Female",31,15,49,"15-49",99,"All women",1,"Model-based Estimates",3,"Projection",45
1,"Contraceptive prevalence: Any method (Percent)","Any","Estimates and Projections of Family Planning Indicators",2024,"United Nations Population Division",591,"Panama","PA","PAN",68,"2017",4,"Median",2,"Female",31,15,49,"15-49",99,"All women",1,"Model-based Estimates",3,"Projection",45.2
1,"Contraceptive prevalence: Any method (Percent)","Any","Estimates and Projections of Family Planning Indicators",2024,"United Nations Population Division",591,"Panama","PA","PAN",69,"2018",4,"Median",2,"Female",31,15,49,"15-49",99,"All women",1,"Model-based Estimates",3,"Projection",45.4
1,"Contraceptive prevalence: Any method (Percent)","Any","Estimates and Projections of Family Planning Indicators",2024,"United Nations Population Division",591,"Panama","PA","PAN",70,"2019",4,"Median",2,"Female",31,15,49,"15-49",99,"All women",1,"Model-based Estimates",3,"Projection",45.7
1,"Contraceptive prevalence: Any method (Percent)","Any","Estimates and Projections of Family Planning Indicators",2024,"United Nations Population Division",591,"Panama","PA","PAN",71,"2020",4,"Median",2,"Female",31,15,49,"15-49",99,"All women",1,"Model-based Estimates",3,"Projection",46
1,"Contraceptive prevalence: Any method (Percent)","Any","Estimates and Projections of Family Planning Indicators",2024,"United Nations Population Division",591,"Panama","PA","PAN",72,"2021",4,"Median",2,"Female",31,15,49,"15-49",99,"All women",1,"Model-based Estimates",3,"Projection",46.2
1,"Contraceptive prevalence: Any method (Percent)","Any","Estimates and Projections of Family Planning Indicators",2024,"United Nations Population Division",591,"Panama","PA","PAN",73,"2022",4,"Median",2,"Female",31,15,49,"15-49",99,"All women",1,"Model-based Estimates",3,"Projection",46.6
1,"Contraceptive prevalence: Any method (Percent)","Any","Estimates and Projections of Family Planning Indicators",2024,"United Nations Population Division",600,"Paraguay","PY","PRY",59,"2008",4,"Median",2,"Female",31,15,49,"15-49",99,"All women",1,"Model-based Estimates",2,"Interpolation",54.3
1,"Contraceptive prevalence: Any method (Percent)","Any","Estimates and Projections of Family Planning Indicators",2024,"United Nations Population Division",600,"Paraguay","PY","PRY",60,"2009",4,"Median",2,"Female",31,15,49,"15-49",99,"All women",1,"Model-based Estimates",2,"Interpolation",54.7
1,"Contraceptive prevalence: Any method (Percent)","Any","Estimates and Projections of Family Planning Indicators",2024,"United Nations Population Division",600,"Paraguay","PY","PRY",61,"2010",4,"Median",2,"Female",31,15,49,"15-49",99,"All women",1,"Model-based Estimates",2,"Interpolation",54.8
1,"Contraceptive prevalence: Any method (Percent)","Any","Estimates and Projections of Family Planning Indicators",2024,"United Nations Population Division",600,"Paraguay","PY","PRY",62,"2011",4,"Median",2,"Female",31,15,49,"15-49",99,"All women",1,"Model-based Estimates",2,"Interpolation",54.9
1,"Contraceptive prevalence: Any method (Percent)","Any","Estimates and Projections of Family Planning Indicators",2024,"United Nations Population Division",600,"Paraguay","PY","PRY",63,"2012",4,"Median",2,"Female",31,15,49,"15-49",99,"All women",1,"Model-based Estimates",2,"Interpolation",54.9
1,"Contraceptive prevalence: Any method (Percent)","Any","Estimates and Projections of Family Planning Indicators",2024,"United Nations Population Division",600,"Paraguay","PY","PRY",64,"2013",4,"Median",2,"Female",31,15,49,"15-49",99,"All women",1,"Model-based Estimates",2,"Interpolation",54.9
1,"Contraceptive prevalence: Any method (Percent)","Any","Estimates and Projections of Family Planning Indicators",2024,"United Nations Population Division",600,"Paraguay","PY","PRY",65,"2014",4,"Median",2,"Female",31,15,49,"15-49",99,"All women",1,"Model-based Estimates",2,"Interpolation",54.8
1,"Contraceptive prevalence: Any method (Percent)","Any","Estimates and Projections of Family Planning Indicators",2024,"United Nations Population Division",600,"Paraguay","PY","PRY",66,"2015",4,"Median",2,"Female",31,15,49,"15-49",99,"All women",1,"Model-based Estimates",2,"Interpolation",54.8
1,"Contraceptive prevalence: Any method (Percent)","Any","Estimates and Projections of Family Planning Indicators",2024,"United Nations Population Division",600,"Paraguay","PY","PRY",67,"2016",4,"Median",2,"Female",31,15,49,"15-49",99,"All women",1,"Model-based Estimates",2,"Interpolation",55
1,"Contraceptive prevalence: Any method (Percent)","Any","Estimates and Projections of Family Planning Indicators",2024,"United Nations Population Division",600,"Paraguay","PY","PRY",68,"2017",4,"Median",2,"Female",31,15,49,"15-49",99,"All women",1,"Model-based Estimates",3,"Projection",55.3
1,"Contraceptive prevalence: Any method (Percent)","Any","Estimates and Projections of Family Planning Indicators",2024,"United Nations Population Division",600,"Paraguay","PY","PRY",69,"2018",4,"Median",2,"Female",31,15,49,"15-49",99,"All women",1,"Model-based Estimates",3,"Projection",55.7
1,"Contraceptive prevalence: Any method (Percent)","Any","Estimates and Projections of Family Planning Indicators",2024,"United Nations Population Division",600,"Paraguay","PY","PRY",70,"2019",4,"Median",2,"Female",31,15,49,"15-49",99,"All women",1,"Model-based Estimates",3,"Projection",56.1
1,"Contraceptive prevalence: Any method (Percent)","Any","Estimates and Projections of Family Planning Indicators",2024,"United Nations Population Division",600,"Paraguay","PY","PRY",71,"2020",4,"Median",2,"Female",31,15,49,"15-49",99,"All women",1,"Model-based Estimates",3,"Projection",56.5
1,"Contraceptive prevalence: Any method (Percent)","Any","Estimates and Projections of Family Planning Indicators",2024,"United Nations Population Division",600,"Paraguay","PY","PRY",72,"2021",4,"Median",2,"Female",31,15,49,"15-49",99,"All women",1,"Model-based Estimates",3,"Projection",56.9
1,"Contraceptive prevalence: Any method (Percent)","Any","Estimates and Projections of Family Planning Indicators",2024,"United Nations Population Division",600,"Paraguay","PY","PRY",73,"2022",4,"Median",2,"Female",31,15,49,"15-49",99,"All women",1,"Model-based Estimates",3,"Projection",57.3
1,"Contraceptive prevalence: Any method (Percent)","Any","Estimates and Projections of Family Planning Indicators",2024,"United Nations Population Division",604,"Peru","PE","PER",59,"2008",4,"Median",2,"Female",31,15,49,"15-49",99,"All women",1,"Model-based Estimates",2,"Interpolation",47.2
1,"Contraceptive prevalence: Any method (Percent)","Any","Estimates and Projections of Family Planning Indicators",2024,"United Nations Population Division",604,"Peru","PE","PER",60,"2009",4,"Median",2,"Female",31,15,49,"15-49",99,"All women",1,"Model-based Estimates",2,"Interpolation",47.8
1,"Contraceptive prevalence: Any method (Percent)","Any","Estimates and Projections of Family Planning Indicators",2024,"United Nations Population Division",604,"Peru","PE","PER",61,"2010",4,"Median",2,"Female",31,15,49,"15-49",99,"All women",1,"Model-based Estimates",2,"Interpolation",48.4
1,"Contraceptive prevalence: Any method (Percent)","Any","Estimates and Projections of Family Planning Indicators",2024,"United Nations Population Division",604,"Peru","PE","PER",62,"2011",4,"Median",2,"Female",31,15,49,"15-49",99,"All women",1,"Model-based Estimates",2,"Interpolation",48.9
1,"Contraceptive prevalence: Any method (Percent)","Any","Estimates and Projections of Family Planning Indicators",2024,"United Nations Population Division",604,"Peru","PE","PER",63,"2012",4,"Median",2,"Female",31,15,49,"15-49",99,"All women",1,"Model-based Estimates",2,"Interpolation",49.2
1,"Contraceptive prevalence: Any method (Percent)","Any","Estimates and Projections of Family Planning Indicators",2024,"United Nations Population Division",604,"Peru","PE","PER",64,"2013",4,"Median",2,"Female",31,15,49,"15-49",99,"All women",1,"Model-based Estimates",2,"Interpolation",49.4
1,"Contraceptive prevalence: Any method (Percent)","Any","Estimates and Projections of Family Planning Indicators",2024,"United Nations Population Division",604,"Peru","PE","PER",65,"2014",4,"Median",2,"Female",31,15,49,"15-49",99,"All women",1,"Model-based Estimates",2,"Interpolation",49.8
1,"Contraceptive prevalence: Any method (Percent)","Any","Estimates and Projections of Family Planning Indicators",2024,"United Nations Population Division",604,"Peru","PE","PER",66,"2015",4,"Median",2,"Female",31,15,49,"15-49",99,"All women",1,"Model-based Estimates",2,"Interpolation",50.3
1,"Contraceptive prevalence: Any method (Percent)","Any","Estimates and Projections of Family Planning Indicators",2024,"United Nations Population Division",604,"Peru","PE","PER",67,"2016",4,"Median",2,"Female",31,15,49,"15-49",99,"All women",1,"Model-based Estimates",2,"Interpolation",50.8
1,"Contraceptive prevalence: Any method (Percent)","Any","Estimates and Projections of Family Planning Indicators",2024,"United Nations Population Division",604,"Peru","PE","PER",68,"2017",4,"Median",2,"Female",31,15,49,"15-49",99,"All women",1,"Model-based Estimates",2,"Interpolation",51.3
1,"Contraceptive prevalence: Any method (Percent)","Any","Estimates and Projections of Family Planning Indicators",2024,"United Nations Population Division",604,"Peru","PE","PER",69,"2018",4,"Median",2,"Female",31,15,49,"15-49",99,"All women",1,"Model-based Estimates",2,"Interpolation",51.6
1,"Contraceptive prevalence: Any method (Percent)","Any","Estimates and Projections of Family Planning Indicators",2024,"United Nations Population Division",604,"Peru","PE","PER",70,"2019",4,"Median",2,"Female",31,15,49,"15-49",99,"All women",1,"Model-based Estimates",2,"Interpolation",51.9
1,"Contraceptive prevalence: Any method (Percent)","Any","Estimates and Projections of Family Planning Indicators",2024,"United Nations Population Division",604,"Peru","PE","PER",71,"2020",4,"Median",2,"Female",31,15,49,"15-49",99,"All women",1,"Model-based Estimates",2,"Interpolation",52.3
1,"Contraceptive prevalence: Any method (Percent)","Any","Estimates and Projections of Family Planning Indicators",2024,"United Nations Population Division",604,"Peru","PE","PER",72,"2021",4,"Median",2,"Female",31,15,49,"15-49",99,"All women",1,"Model-based Estimates",2,"Interpolation",53
1,"Contraceptive prevalence: Any method (Percent)","Any","Estimates and Projections of Family Planning Indicators",2024,"United Nations Population Division",604,"Peru","PE","PER",73,"2022",4,"Median",2,"Female",31,15,49,"15-49",99,"All women",1,"Model-based Estimates",2,"Interpolation",53.5
1,"Contraceptive prevalence: Any method (Percent)","Any","Estimates and Projections of Family Planning Indicators",2024,"United Nations Population Division",630,"Puerto Rico","PR","PRI",59,"2008",4,"Median",2,"Female",31,15,49,"15-49",99,"All women",1,"Model-based Estimates",3,"Projection",51.6
1,"Contraceptive prevalence: Any method (Percent)","Any","Estimates and Projections of Family Planning Indicators",2024,"United Nations Population Division",630,"Puerto Rico","PR","PRI",60,"2009",4,"Median",2,"Female",31,15,49,"15-49",99,"All women",1,"Model-based Estimates",3,"Projection",51.6
1,"Contraceptive prevalence: Any method (Percent)","Any","Estimates and Projections of Family Planning Indicators",2024,"United Nations Population Division",630,"Puerto Rico","PR","PRI",61,"2010",4,"Median",2,"Female",31,15,49,"15-49",99,"All women",1,"Model-based Estimates",3,"Projection",51.5
1,"Contraceptive prevalence: Any method (Percent)","Any","Estimates and Projections of Family Planning Indicators",2024,"United Nations Population Division",630,"Puerto Rico","PR","PRI",62,"2011",4,"Median",2,"Female",31,15,49,"15-49",99,"All women",1,"Model-based Estimates",3,"Projection",51.6
1,"Contraceptive prevalence: Any method (Percent)","Any","Estimates and Projections of Family Planning Indicators",2024,"United Nations Population Division",630,"Puerto Rico","PR","PRI",63,"2012",4,"Median",2,"Female",31,15,49,"15-49",99,"All women",1,"Model-based Estimates",3,"Projection",51.7
1,"Contraceptive prevalence: Any method (Percent)","Any","Estimates and Projections of Family Planning Indicators",2024,"United Nations Population Division",630,"Puerto Rico","PR","PRI",64,"2013",4,"Median",2,"Female",31,15,49,"15-49",99,"All women",1,"Model-based Estimates",3,"Projection",51.7
1,"Contraceptive prevalence: Any method (Percent)","Any","Estimates and Projections of Family Planning Indicators",2024,"United Nations Population Division",630,"Puerto Rico","PR","PRI",65,"2014",4,"Median",2,"Female",31,15,49,"15-49",99,"All women",1,"Model-based Estimates",3,"Projection",51.7
1,"Contraceptive prevalence: Any method (Percent)","Any","Estimates and Projections of Family Planning Indicators",2024,"United Nations Population Division",630,"Puerto Rico","PR","PRI",66,"2015",4,"Median",2,"Female",31,15,49,"15-49",99,"All women",1,"Model-based Estimates",3,"Projection",51.7
1,"Contraceptive prevalence: Any method (Percent)","Any","Estimates and Projections of Family Planning Indicators",2024,"United Nations Population Division",630,"Puerto Rico","PR","PRI",67,"2016",4,"Median",2,"Female",31,15,49,"15-49",99,"All women",1,"Model-based Estimates",3,"Projection",51.7
1,"Contraceptive prevalence: Any method (Percent)","Any","Estimates and Projections of Family Planning Indicators",2024,"United Nations Population Division",630,"Puerto Rico","PR","PRI",68,"2017",4,"Median",2,"Female",31,15,49,"15-49",99,"All women",1,"Model-based Estimates",3,"Projection",51.8
1,"Contraceptive prevalence: Any method (Percent)","Any","Estimates and Projections of Family Planning Indicators",2024,"United Nations Population Division",630,"Puerto Rico","PR","PRI",69,"2018",4,"Median",2,"Female",31,15,49,"15-49",99,"All women",1,"Model-based Estimates",3,"Projection",51.9
1,"Contraceptive prevalence: Any method (Percent)","Any","Estimates and Projections of Family Planning Indicators",2024,"United Nations Population Division",630,"Puerto Rico","PR","PRI",70,"2019",4,"Median",2,"Female",31,15,49,"15-49",99,"All women",1,"Model-based Estimates",3,"Projection",51.8
1,"Contraceptive prevalence: Any method (Percent)","Any","Estimates and Projections of Family Planning Indicators",2024,"United Nations Population Division",630,"Puerto Rico","PR","PRI",71,"2020",4,"Median",2,"Female",31,15,49,"15-49",99,"All women",1,"Model-based Estimates",3,"Projection",51.7
1,"Contraceptive prevalence: Any method (Percent)","Any","Estimates and Projections of Family Planning Indicators",2024,"United Nations Population Division",630,"Puerto Rico","PR","PRI",72,"2021",4,"Median",2,"Female",31,15,49,"15-49",99,"All women",1,"Model-based Estimates",3,"Projection",51.6
1,"Contraceptive prevalence: Any method (Percent)","Any","Estimates and Projections of Family Planning Indicators",2024,"United Nations Population Division",630,"Puerto Rico","PR","PRI",73,"2022",4,"Median",2,"Female",31,15,49,"15-49",99,"All women",1,"Model-based Estimates",3,"Projection",51.6
1,"Contraceptive prevalence: Any method (Percent)","Any","Estimates and Projections of Family Planning Indicators",2024,"United Nations Population Division",659,"Saint Kitts and Nevis","KN","KNA",59,"2008",4,"Median",2,"Female",31,15,49,"15-49",99,"All women",1,"Model-based Estimates",3,"Projection",40.2
1,"Contraceptive prevalence: Any method (Percent)","Any","Estimates and Projections of Family Planning Indicators",2024,"United Nations Population Division",659,"Saint Kitts and Nevis","KN","KNA",60,"2009",4,"Median",2,"Female",31,15,49,"15-49",99,"All women",1,"Model-based Estimates",3,"Projection",40.7
1,"Contraceptive prevalence: Any method (Percent)","Any","Estimates and Projections of Family Planning Indicators",2024,"United Nations Population Division",659,"Saint Kitts and Nevis","KN","KNA",61,"2010",4,"Median",2,"Female",31,15,49,"15-49",99,"All women",1,"Model-based Estimates",3,"Projection",41.2
1,"Contraceptive prevalence: Any method (Percent)","Any","Estimates and Projections of Family Planning Indicators",2024,"United Nations Population Division",659,"Saint Kitts and Nevis","KN","KNA",62,"2011",4,"Median",2,"Female",31,15,49,"15-49",99,"All women",1,"Model-based Estimates",3,"Projection",41.7
1,"Contraceptive prevalence: Any method (Percent)","Any","Estimates and Projections of Family Planning Indicators",2024,"United Nations Population Division",659,"Saint Kitts and Nevis","KN","KNA",63,"2012",4,"Median",2,"Female",31,15,49,"15-49",99,"All women",1,"Model-based Estimates",3,"Projection",42.2
1,"Contraceptive prevalence: Any method (Percent)","Any","Estimates and Projections of Family Planning Indicators",2024,"United Nations Population Division",659,"Saint Kitts and Nevis","KN","KNA",64,"2013",4,"Median",2,"Female",31,15,49,"15-49",99,"All women",1,"Model-based Estimates",3,"Projection",42.7
1,"Contraceptive prevalence: Any method (Percent)","Any","Estimates and Projections of Family Planning Indicators",2024,"United Nations Population Division",659,"Saint Kitts and Nevis","KN","KNA",65,"2014",4,"Median",2,"Female",31,15,49,"15-49",99,"All women",1,"Model-based Estimates",3,"Projection",43.2
1,"Contraceptive prevalence: Any method (Percent)","Any","Estimates and Projections of Family Planning Indicators",2024,"United Nations Population Division",659,"Saint Kitts and Nevis","KN","KNA",66,"2015",4,"Median",2,"Female",31,15,49,"15-49",99,"All women",1,"Model-based Estimates",3,"Projection",43.6
1,"Contraceptive prevalence: Any method (Percent)","Any","Estimates and Projections of Family Planning Indicators",2024,"United Nations Population Division",659,"Saint Kitts and Nevis","KN","KNA",67,"2016",4,"Median",2,"Female",31,15,49,"15-49",99,"All women",1,"Model-based Estimates",3,"Projection",44
1,"Contraceptive prevalence: Any method (Percent)","Any","Estimates and Projections of Family Planning Indicators",2024,"United Nations Population Division",659,"Saint Kitts and Nevis","KN","KNA",68,"2017",4,"Median",2,"Female",31,15,49,"15-49",99,"All women",1,"Model-based Estimates",3,"Projection",44.5
1,"Contraceptive prevalence: Any method (Percent)","Any","Estimates and Projections of Family Planning Indicators",2024,"United Nations Population Division",659,"Saint Kitts and Nevis","KN","KNA",69,"2018",4,"Median",2,"Female",31,15,49,"15-49",99,"All women",1,"Model-based Estimates",3,"Projection",45
1,"Contraceptive prevalence: Any method (Percent)","Any","Estimates and Projections of Family Planning Indicators",2024,"United Nations Population Division",659,"Saint Kitts and Nevis","KN","KNA",70,"2019",4,"Median",2,"Female",31,15,49,"15-49",99,"All women",1,"Model-based Estimates",3,"Projection",45.5
1,"Contraceptive prevalence: Any method (Percent)","Any","Estimates and Projections of Family Planning Indicators",2024,"United Nations Population Division",659,"Saint Kitts and Nevis","KN","KNA",71,"2020",4,"Median",2,"Female",31,15,49,"15-49",99,"All women",1,"Model-based Estimates",3,"Projection",46
1,"Contraceptive prevalence: Any method (Percent)","Any","Estimates and Projections of Family Planning Indicators",2024,"United Nations Population Division",659,"Saint Kitts and Nevis","KN","KNA",72,"2021",4,"Median",2,"Female",31,15,49,"15-49",99,"All women",1,"Model-based Estimates",3,"Projection",46.4
1,"Contraceptive prevalence: Any method (Percent)","Any","Estimates and Projections of Family Planning Indicators",2024,"United Nations Population Division",659,"Saint Kitts and Nevis","KN","KNA",73,"2022",4,"Median",2,"Female",31,15,49,"15-49",99,"All women",1,"Model-based Estimates",3,"Projection",46.7
1,"Contraceptive prevalence: Any method (Percent)","Any","Estimates and Projections of Family Planning Indicators",2024,"United Nations Population Division",660,"Anguilla","AI","AIA",59,"2008",4,"Median",2,"Female",31,15,49,"15-49",99,"All women",1,"Model-based Estimates",3,"Projection",33.6
1,"Contraceptive prevalence: Any method (Percent)","Any","Estimates and Projections of Family Planning Indicators",2024,"United Nations Population Division",660,"Anguilla","AI","AIA",60,"2009",4,"Median",2,"Female",31,15,49,"15-49",99,"All women",1,"Model-based Estimates",3,"Projection",34.1
1,"Contraceptive prevalence: Any method (Percent)","Any","Estimates and Projections of Family Planning Indicators",2024,"United Nations Population Division",660,"Anguilla","AI","AIA",61,"2010",4,"Median",2,"Female",31,15,49,"15-49",99,"All women",1,"Model-based Estimates",3,"Projection",34.7
1,"Contraceptive prevalence: Any method (Percent)","Any","Estimates and Projections of Family Planning Indicators",2024,"United Nations Population Division",660,"Anguilla","AI","AIA",62,"2011",4,"Median",2,"Female",31,15,49,"15-49",99,"All women",1,"Model-based Estimates",3,"Projection",35.2
1,"Contraceptive prevalence: Any method (Percent)","Any","Estimates and Projections of Family Planning Indicators",2024,"United Nations Population Division",660,"Anguilla","AI","AIA",63,"2012",4,"Median",2,"Female",31,15,49,"15-49",99,"All women",1,"Model-based Estimates",3,"Projection",35.7
1,"Contraceptive prevalence: Any method (Percent)","Any","Estimates and Projections of Family Planning Indicators",2024,"United Nations Population Division",660,"Anguilla","AI","AIA",64,"2013",4,"Median",2,"Female",31,15,49,"15-49",99,"All women",1,"Model-based Estimates",3,"Projection",36.1
1,"Contraceptive prevalence: Any method (Percent)","Any","Estimates and Projections of Family Planning Indicators",2024,"United Nations Population Division",660,"Anguilla","AI","AIA",65,"2014",4,"Median",2,"Female",31,15,49,"15-49",99,"All women",1,"Model-based Estimates",3,"Projection",36.6
1,"Contraceptive prevalence: Any method (Percent)","Any","Estimates and Projections of Family Planning Indicators",2024,"United Nations Population Division",660,"Anguilla","AI","AIA",66,"2015",4,"Median",2,"Female",31,15,49,"15-49",99,"All women",1,"Model-based Estimates",3,"Projection",37.1
1,"Contraceptive prevalence: Any method (Percent)","Any","Estimates and Projections of Family Planning Indicators",2024,"United Nations Population Division",660,"Anguilla","AI","AIA",67,"2016",4,"Median",2,"Female",31,15,49,"15-49",99,"All women",1,"Model-based Estimates",3,"Projection",37.5
1,"Contraceptive prevalence: Any method (Percent)","Any","Estimates and Projections of Family Planning Indicators",2024,"United Nations Population Division",660,"Anguilla","AI","AIA",68,"2017",4,"Median",2,"Female",31,15,49,"15-49",99,"All women",1,"Model-based Estimates",3,"Projection",38
1,"Contraceptive prevalence: Any method (Percent)","Any","Estimates and Projections of Family Planning Indicators",2024,"United Nations Population Division",660,"Anguilla","AI","AIA",69,"2018",4,"Median",2,"Female",31,15,49,"15-49",99,"All women",1,"Model-based Estimates",3,"Projection",38.4
1,"Contraceptive prevalence: Any method (Percent)","Any","Estimates and Projections of Family Planning Indicators",2024,"United Nations Population Division",660,"Anguilla","AI","AIA",70,"2019",4,"Median",2,"Female",31,15,49,"15-49",99,"All women",1,"Model-based Estimates",3,"Projection",39
1,"Contraceptive prevalence: Any method (Percent)","Any","Estimates and Projections of Family Planning Indicators",2024,"United Nations Population Division",660,"Anguilla","AI","AIA",71,"2020",4,"Median",2,"Female",31,15,49,"15-49",99,"All women",1,"Model-based Estimates",3,"Projection",39.4
1,"Contraceptive prevalence: Any method (Percent)","Any","Estimates and Projections of Family Planning Indicators",2024,"United Nations Population Division",660,"Anguilla","AI","AIA",72,"2021",4,"Median",2,"Female",31,15,49,"15-49",99,"All women",1,"Model-based Estimates",3,"Projection",39.8
1,"Contraceptive prevalence: Any method (Percent)","Any","Estimates and Projections of Family Planning Indicators",2024,"United Nations Population Division",660,"Anguilla","AI","AIA",73,"2022",4,"Median",2,"Female",31,15,49,"15-49",99,"All women",1,"Model-based Estimates",3,"Projection",40
1,"Contraceptive prevalence: Any method (Percent)","Any","Estimates and Projections of Family Planning Indicators",2024,"United Nations Population Division",662,"Saint Lucia","LC","LCA",59,"2008",4,"Median",2,"Female",31,15,49,"15-49",99,"All women",1,"Model-based Estimates",2,"Interpolation",42.4
1,"Contraceptive prevalence: Any method (Percent)","Any","Estimates and Projections of Family Planning Indicators",2024,"United Nations Population Division",662,"Saint Lucia","LC","LCA",60,"2009",4,"Median",2,"Female",31,15,49,"15-49",99,"All women",1,"Model-based Estimates",2,"Interpolation",42.9
1,"Contraceptive prevalence: Any method (Percent)","Any","Estimates and Projections of Family Planning Indicators",2024,"United Nations Population Division",662,"Saint Lucia","LC","LCA",61,"2010",4,"Median",2,"Female",31,15,49,"15-49",99,"All women",1,"Model-based Estimates",2,"Interpolation",43.3
1,"Contraceptive prevalence: Any method (Percent)","Any","Estimates and Projections of Family Planning Indicators",2024,"United Nations Population Division",662,"Saint Lucia","LC","LCA",62,"2011",4,"Median",2,"Female",31,15,49,"15-49",99,"All women",1,"Model-based Estimates",2,"Interpolation",43.7
1,"Contraceptive prevalence: Any method (Percent)","Any","Estimates and Projections of Family Planning Indicators",2024,"United Nations Population Division",662,"Saint Lucia","LC","LCA",63,"2012",4,"Median",2,"Female",31,15,49,"15-49",99,"All women",1,"Model-based Estimates",2,"Interpolation",44.1
1,"Contraceptive prevalence: Any method (Percent)","Any","Estimates and Projections of Family Planning Indicators",2024,"United Nations Population Division",662,"Saint Lucia","LC","LCA",64,"2013",4,"Median",2,"Female",31,15,49,"15-49",99,"All women",1,"Model-based Estimates",3,"Projection",44.4
1,"Contraceptive prevalence: Any method (Percent)","Any","Estimates and Projections of Family Planning Indicators",2024,"United Nations Population Division",662,"Saint Lucia","LC","LCA",65,"2014",4,"Median",2,"Female",31,15,49,"15-49",99,"All women",1,"Model-based Estimates",3,"Projection",44.8
1,"Contraceptive prevalence: Any method (Percent)","Any","Estimates and Projections of Family Planning Indicators",2024,"United Nations Population Division",662,"Saint Lucia","LC","LCA",66,"2015",4,"Median",2,"Female",31,15,49,"15-49",99,"All women",1,"Model-based Estimates",3,"Projection",45.1
1,"Contraceptive prevalence: Any method (Percent)","Any","Estimates and Projections of Family Planning Indicators",2024,"United Nations Population Division",662,"Saint Lucia","LC","LCA",67,"2016",4,"Median",2,"Female",31,15,49,"15-49",99,"All women",1,"Model-based Estimates",3,"Projection",45.5
1,"Contraceptive prevalence: Any method (Percent)","Any","Estimates and Projections of Family Planning Indicators",2024,"United Nations Population Division",662,"Saint Lucia","LC","LCA",68,"2017",4,"Median",2,"Female",31,15,49,"15-49",99,"All women",1,"Model-based Estimates",3,"Projection",45.8
1,"Contraceptive prevalence: Any method (Percent)","Any","Estimates and Projections of Family Planning Indicators",2024,"United Nations Population Division",662,"Saint Lucia","LC","LCA",69,"2018",4,"Median",2,"Female",31,15,49,"15-49",99,"All women",1,"Model-based Estimates",3,"Projection",46.2
1,"Contraceptive prevalence: Any method (Percent)","Any","Estimates and Projections of Family Planning Indicators",2024,"United Nations Population Division",662,"Saint Lucia","LC","LCA",70,"2019",4,"Median",2,"Female",31,15,49,"15-49",99,"All women",1,"Model-based Estimates",3,"Projection",46.6
1,"Contraceptive prevalence: Any method (Percent)","Any","Estimates and Projections of Family Planning Indicators",2024,"United Nations Population Division",662,"Saint Lucia","LC","LCA",71,"2020",4,"Median",2,"Female",31,15,49,"15-49",99,"All women",1,"Model-based Estimates",3,"Projection",46.9
1,"Contraceptive prevalence: Any method (Percent)","Any","Estimates and Projections of Family Planning Indicators",2024,"United Nations Population Division",662,"Saint Lucia","LC","LCA",72,"2021",4,"Median",2,"Female",31,15,49,"15-49",99,"All women",1,"Model-based Estimates",3,"Projection",47.2
1,"Contraceptive prevalence: Any method (Percent)","Any","Estimates and Projections of Family Planning Indicators",2024,"United Nations Population Division",662,"Saint Lucia","LC","LCA",73,"2022",4,"Median",2,"Female",31,15,49,"15-49",99,"All women",1,"Model-based Estimates",3,"Projection",47.5
1,"Contraceptive prevalence: Any method (Percent)","Any","Estimates and Projections of Family Planning Indicators",2024,"United Nations Population Division",670,"Saint Vincent and the Grenadines","VC","VCT",59,"2008",4,"Median",2,"Female",31,15,49,"15-49",99,"All women",1,"Model-based Estimates",3,"Projection",43.9
1,"Contraceptive prevalence: Any method (Percent)","Any","Estimates and Projections of Family Planning Indicators",2024,"United Nations Population Division",670,"Saint Vincent and the Grenadines","VC","VCT",60,"2009",4,"Median",2,"Female",31,15,49,"15-49",99,"All women",1,"Model-based Estimates",3,"Projection",44.2
1,"Contraceptive prevalence: Any method (Percent)","Any","Estimates and Projections of Family Planning Indicators",2024,"United Nations Population Division",670,"Saint Vincent and the Grenadines","VC","VCT",61,"2010",4,"Median",2,"Female",31,15,49,"15-49",99,"All women",1,"Model-based Estimates",3,"Projection",44.5
1,"Contraceptive prevalence: Any method (Percent)","Any","Estimates and Projections of Family Planning Indicators",2024,"United Nations Population Division",670,"Saint Vincent and the Grenadines","VC","VCT",62,"2011",4,"Median",2,"Female",31,15,49,"15-49",99,"All women",1,"Model-based Estimates",3,"Projection",44.7
1,"Contraceptive prevalence: Any method (Percent)","Any","Estimates and Projections of Family Planning Indicators",2024,"United Nations Population Division",670,"Saint Vincent and the Grenadines","VC","VCT",63,"2012",4,"Median",2,"Female",31,15,49,"15-49",99,"All women",1,"Model-based Estimates",3,"Projection",45
1,"Contraceptive prevalence: Any method (Percent)","Any","Estimates and Projections of Family Planning Indicators",2024,"United Nations Population Division",670,"Saint Vincent and the Grenadines","VC","VCT",64,"2013",4,"Median",2,"Female",31,15,49,"15-49",99,"All women",1,"Model-based Estimates",3,"Projection",45.3
1,"Contraceptive prevalence: Any method (Percent)","Any","Estimates and Projections of Family Planning Indicators",2024,"United Nations Population Division",670,"Saint Vincent and the Grenadines","VC","VCT",65,"2014",4,"Median",2,"Female",31,15,49,"15-49",99,"All women",1,"Model-based Estimates",3,"Projection",45.6
1,"Contraceptive prevalence: Any method (Percent)","Any","Estimates and Projections of Family Planning Indicators",2024,"United Nations Population Division",670,"Saint Vincent and the Grenadines","VC","VCT",66,"2015",4,"Median",2,"Female",31,15,49,"15-49",99,"All women",1,"Model-based Estimates",3,"Projection",45.8
1,"Contraceptive prevalence: Any method (Percent)","Any","Estimates and Projections of Family Planning Indicators",2024,"United Nations Population Division",670,"Saint Vincent and the Grenadines","VC","VCT",67,"2016",4,"Median",2,"Female",31,15,49,"15-49",99,"All women",1,"Model-based Estimates",3,"Projection",46.1
1,"Contraceptive prevalence: Any method (Percent)","Any","Estimates and Projections of Family Planning Indicators",2024,"United Nations Population Division",670,"Saint Vincent and the Grenadines","VC","VCT",68,"2017",4,"Median",2,"Female",31,15,49,"15-49",99,"All women",1,"Model-based Estimates",3,"Projection",46.3
1,"Contraceptive prevalence: Any method (Percent)","Any","Estimates and Projections of Family Planning Indicators",2024,"United Nations Population Division",670,"Saint Vincent and the Grenadines","VC","VCT",69,"2018",4,"Median",2,"Female",31,15,49,"15-49",99,"All women",1,"Model-based Estimates",3,"Projection",46.6
1,"Contraceptive prevalence: Any method (Percent)","Any","Estimates and Projections of Family Planning Indicators",2024,"United Nations Population Division",670,"Saint Vincent and the Grenadines","VC","VCT",70,"2019",4,"Median",2,"Female",31,15,49,"15-49",99,"All women",1,"Model-based Estimates",3,"Projection",46.9
1,"Contraceptive prevalence: Any method (Percent)","Any","Estimates and Projections of Family Planning Indicators",2024,"United Nations Population Division",670,"Saint Vincent and the Grenadines","VC","VCT",71,"2020",4,"Median",2,"Female",31,15,49,"15-49",99,"All women",1,"Model-based Estimates",3,"Projection",47.2
1,"Contraceptive prevalence: Any method (Percent)","Any","Estimates and Projections of Family Planning Indicators",2024,"United Nations Population Division",670,"Saint Vincent and the Grenadines","VC","VCT",72,"2021",4,"Median",2,"Female",31,15,49,"15-49",99,"All women",1,"Model-based Estimates",3,"Projection",47.4
1,"Contraceptive prevalence: Any method (Percent)","Any","Estimates and Projections of Family Planning Indicators",2024,"United Nations Population Division",670,"Saint Vincent and the Grenadines","VC","VCT",73,"2022",4,"Median",2,"Female",31,15,49,"15-49",99,"All women",1,"Model-based Estimates",3,"Projection",47.6
1,"Contraceptive prevalence: Any method (Percent)","Any","Estimates and Projections of Family Planning Indicators",2024,"United Nations Population Division",740,"Suriname","SR","SUR",59,"2008",4,"Median",2,"Female",31,15,49,"15-49",99,"All women",1,"Model-based Estimates",2,"Interpolation",33.6
1,"Contraceptive prevalence: Any method (Percent)","Any","Estimates and Projections of Family Planning Indicators",2024,"United Nations Population Division",740,"Suriname","SR","SUR",60,"2009",4,"Median",2,"Female",31,15,49,"15-49",99,"All women",1,"Model-based Estimates",2,"Interpolation",33.8
1,"Contraceptive prevalence: Any method (Percent)","Any","Estimates and Projections of Family Planning Indicators",2024,"United Nations Population Division",740,"Suriname","SR","SUR",61,"2010",4,"Median",2,"Female",31,15,49,"15-49",99,"All women",1,"Model-based Estimates",2,"Interpolation",33.9
1,"Contraceptive prevalence: Any method (Percent)","Any","Estimates and Projections of Family Planning Indicators",2024,"United Nations Population Division",740,"Suriname","SR","SUR",62,"2011",4,"Median",2,"Female",31,15,49,"15-49",99,"All women",1,"Model-based Estimates",2,"Interpolation",33.7
1,"Contraceptive prevalence: Any method (Percent)","Any","Estimates and Projections of Family Planning Indicators",2024,"United Nations Population Division",740,"Suriname","SR","SUR",63,"2012",4,"Median",2,"Female",31,15,49,"15-49",99,"All women",1,"Model-based Estimates",2,"Interpolation",33.4
1,"Contraceptive prevalence: Any method (Percent)","Any","Estimates and Projections of Family Planning Indicators",2024,"United Nations Population Division",740,"Suriname","SR","SUR",64,"2013",4,"Median",2,"Female",31,15,49,"15-49",99,"All women",1,"Model-based Estimates",2,"Interpolation",33
1,"Contraceptive prevalence: Any method (Percent)","Any","Estimates and Projections of Family Planning Indicators",2024,"United Nations Population Division",740,"Suriname","SR","SUR",65,"2014",4,"Median",2,"Female",31,15,49,"15-49",99,"All women",1,"Model-based Estimates",2,"Interpolation",32.7
1,"Contraceptive prevalence: Any method (Percent)","Any","Estimates and Projections of Family Planning Indicators",2024,"United Nations Population Division",740,"Suriname","SR","SUR",66,"2015",4,"Median",2,"Female",31,15,49,"15-49",99,"All women",1,"Model-based Estimates",2,"Interpolation",32.3
1,"Contraceptive prevalence: Any method (Percent)","Any","Estimates and Projections of Family Planning Indicators",2024,"United Nations Population Division",740,"Suriname","SR","SUR",67,"2016",4,"Median",2,"Female",31,15,49,"15-49",99,"All women",1,"Model-based Estimates",2,"Interpolation",31.9
1,"Contraceptive prevalence: Any method (Percent)","Any","Estimates and Projections of Family Planning Indicators",2024,"United Nations Population Division",740,"Suriname","SR","SUR",68,"2017",4,"Median",2,"Female",31,15,49,"15-49",99,"All women",1,"Model-based Estimates",2,"Interpolation",31.6
1,"Contraceptive prevalence: Any method (Percent)","Any","Estimates and Projections of Family Planning Indicators",2024,"United Nations Population Division",740,"Suriname","SR","SUR",69,"2018",4,"Median",2,"Female",31,15,49,"15-49",99,"All women",1,"Model-based Estimates",2,"Interpolation",31.4
1,"Contraceptive prevalence: Any method (Percent)","Any","Estimates and Projections of Family Planning Indicators",2024,"United Nations Population Division",740,"Suriname","SR","SUR",70,"2019",4,"Median",2,"Female",31,15,49,"15-49",99,"All women",1,"Model-based Estimates",3,"Projection",31.7
1,"Contraceptive prevalence: Any method (Percent)","Any","Estimates and Projections of Family Planning Indicators",2024,"United Nations Population Division",740,"Suriname","SR","SUR",71,"2020",4,"Median",2,"Female",31,15,49,"15-49",99,"All women",1,"Model-based Estimates",3,"Projection",32.2
1,"Contraceptive prevalence: Any method (Percent)","Any","Estimates and Projections of Family Planning Indicators",2024,"United Nations Population Division",740,"Suriname","SR","SUR",72,"2021",4,"Median",2,"Female",31,15,49,"15-49",99,"All women",1,"Model-based Estimates",3,"Projection",32.8
1,"Contraceptive prevalence: Any method (Percent)","Any","Estimates and Projections of Family Planning Indicators",2024,"United Nations Population Division",740,"Suriname","SR","SUR",73,"2022",4,"Median",2,"Female",31,15,49,"15-49",99,"All women",1,"Model-based Estimates",3,"Projection",33.3
1,"Contraceptive prevalence: Any method (Percent)","Any","Estimates and Projections of Family Planning Indicators",2024,"United Nations Population Division",780,"Trinidad and Tobago","TT","TTO",59,"2008",4,"Median",2,"Female",31,15,49,"15-49",99,"All women",1,"Model-based Estimates",2,"Interpolation",30.3
1,"Contraceptive prevalence: Any method (Percent)","Any","Estimates and Projections of Family Planning Indicators",2024,"United Nations Population Division",780,"Trinidad and Tobago","TT","TTO",60,"2009",4,"Median",2,"Female",31,15,49,"15-49",99,"All women",1,"Model-based Estimates",2,"Interpolation",30.7
1,"Contraceptive prevalence: Any method (Percent)","Any","Estimates and Projections of Family Planning Indicators",2024,"United Nations Population Division",780,"Trinidad and Tobago","TT","TTO",61,"2010",4,"Median",2,"Female",31,15,49,"15-49",99,"All women",1,"Model-based Estimates",2,"Interpolation",31
1,"Contraceptive prevalence: Any method (Percent)","Any","Estimates and Projections of Family Planning Indicators",2024,"United Nations Population Division",780,"Trinidad and Tobago","TT","TTO",62,"2011",4,"Median",2,"Female",31,15,49,"15-49",99,"All women",1,"Model-based Estimates",2,"Interpolation",31.3
1,"Contraceptive prevalence: Any method (Percent)","Any","Estimates and Projections of Family Planning Indicators",2024,"United Nations Population Division",780,"Trinidad and Tobago","TT","TTO",63,"2012",4,"Median",2,"Female",31,15,49,"15-49",99,"All women",1,"Model-based Estimates",2,"Interpolation",31.3
1,"Contraceptive prevalence: Any method (Percent)","Any","Estimates and Projections of Family Planning Indicators",2024,"United Nations Population Division",780,"Trinidad and Tobago","TT","TTO",64,"2013",4,"Median",2,"Female",31,15,49,"15-49",99,"All women",1,"Model-based Estimates",2,"Interpolation",31.4
1,"Contraceptive prevalence: Any method (Percent)","Any","Estimates and Projections of Family Planning Indicators",2024,"United Nations Population Division",780,"Trinidad and Tobago","TT","TTO",65,"2014",4,"Median",2,"Female",31,15,49,"15-49",99,"All women",1,"Model-based Estimates",2,"Interpolation",31.3
1,"Contraceptive prevalence: Any method (Percent)","Any","Estimates and Projections of Family Planning Indicators",2024,"United Nations Population Division",780,"Trinidad and Tobago","TT","TTO",66,"2015",4,"Median",2,"Female",31,15,49,"15-49",99,"All women",1,"Model-based Estimates",2,"Interpolation",31.3
1,"Contraceptive prevalence: Any method (Percent)","Any","Estimates and Projections of Family Planning Indicators",2024,"United Nations Population Division",780,"Trinidad and Tobago","TT","TTO",67,"2016",4,"Median",2,"Female",31,15,49,"15-49",99,"All women",1,"Model-based Estimates",2,"Interpolation",31.2
1,"Contraceptive prevalence: Any method (Percent)","Any","Estimates and Projections of Family Planning Indicators",2024,"United Nations Population Division",780,"Trinidad and Tobago","TT","TTO",68,"2017",4,"Median",2,"Female",31,15,49,"15-49",99,"All women",1,"Model-based Estimates",2,"Interpolation",31.2
1,"Contraceptive prevalence: Any method (Percent)","Any","Estimates and Projections of Family Planning Indicators",2024,"United Nations Population Division",780,"Trinidad and Tobago","TT","TTO",69,"2018",4,"Median",2,"Female",31,15,49,"15-49",99,"All women",1,"Model-based Estimates",2,"Interpolation",31.1
1,"Contraceptive prevalence: Any method (Percent)","Any","Estimates and Projections of Family Planning Indicators",2024,"United Nations Population Division",780,"Trinidad and Tobago","TT","TTO",70,"2019",4,"Median",2,"Female",31,15,49,"15-49",99,"All women",1,"Model-based Estimates",2,"Interpolation",31
1,"Contraceptive prevalence: Any method (Percent)","Any","Estimates and Projections of Family Planning Indicators",2024,"United Nations Population Division",780,"Trinidad and Tobago","TT","TTO",71,"2020",4,"Median",2,"Female",31,15,49,"15-49",99,"All women",1,"Model-based Estimates",2,"Interpolation",30.9
1,"Contraceptive prevalence: Any method (Percent)","Any","Estimates and Projections of Family Planning Indicators",2024,"United Nations Population Division",780,"Trinidad and Tobago","TT","TTO",72,"2021",4,"Median",2,"Female",31,15,49,"15-49",99,"All women",1,"Model-based Estimates",2,"Interpolation",30.8
1,"Contraceptive prevalence: Any method (Percent)","Any","Estimates and Projections of Family Planning Indicators",2024,"United Nations Population Division",780,"Trinidad and Tobago","TT","TTO",73,"2022",4,"Median",2,"Female",31,15,49,"15-49",99,"All women",1,"Model-based Estimates",2,"Interpolation",30.7
1,"Contraceptive prevalence: Any method (Percent)","Any","Estimates and Projections of Family Planning Indicators",2024,"United Nations Population Division",796,"Turks and Caicos Islands","TC","TCA",59,"2008",4,"Median",2,"Female",31,15,49,"15-49",99,"All women",1,"Model-based Estimates",3,"Projection",31.5
1,"Contraceptive prevalence: Any method (Percent)","Any","Estimates and Projections of Family Planning Indicators",2024,"United Nations Population Division",796,"Turks and Caicos Islands","TC","TCA",60,"2009",4,"Median",2,"Female",31,15,49,"15-49",99,"All women",1,"Model-based Estimates",3,"Projection",31.8
1,"Contraceptive prevalence: Any method (Percent)","Any","Estimates and Projections of Family Planning Indicators",2024,"United Nations Population Division",796,"Turks and Caicos Islands","TC","TCA",61,"2010",4,"Median",2,"Female",31,15,49,"15-49",99,"All women",1,"Model-based Estimates",3,"Projection",32.1
1,"Contraceptive prevalence: Any method (Percent)","Any","Estimates and Projections of Family Planning Indicators",2024,"United Nations Population Division",796,"Turks and Caicos Islands","TC","TCA",62,"2011",4,"Median",2,"Female",31,15,49,"15-49",99,"All women",1,"Model-based Estimates",3,"Projection",32.3
1,"Contraceptive prevalence: Any method (Percent)","Any","Estimates and Projections of Family Planning Indicators",2024,"United Nations Population Division",796,"Turks and Caicos Islands","TC","TCA",63,"2012",4,"Median",2,"Female",31,15,49,"15-49",99,"All women",1,"Model-based Estimates",3,"Projection",32.6
1,"Contraceptive prevalence: Any method (Percent)","Any","Estimates and Projections of Family Planning Indicators",2024,"United Nations Population Division",796,"Turks and Caicos Islands","TC","TCA",64,"2013",4,"Median",2,"Female",31,15,49,"15-49",99,"All women",1,"Model-based Estimates",3,"Projection",32.8
1,"Contraceptive prevalence: Any method (Percent)","Any","Estimates and Projections of Family Planning Indicators",2024,"United Nations Population Division",796,"Turks and Caicos Islands","TC","TCA",65,"2014",4,"Median",2,"Female",31,15,49,"15-49",99,"All women",1,"Model-based Estimates",3,"Projection",33
1,"Contraceptive prevalence: Any method (Percent)","Any","Estimates and Projections of Family Planning Indicators",2024,"United Nations Population Division",796,"Turks and Caicos Islands","TC","TCA",66,"2015",4,"Median",2,"Female",31,15,49,"15-49",99,"All women",1,"Model-based Estimates",3,"Projection",33.3
1,"Contraceptive prevalence: Any method (Percent)","Any","Estimates and Projections of Family Planning Indicators",2024,"United Nations Population Division",796,"Turks and Caicos Islands","TC","TCA",67,"2016",4,"Median",2,"Female",31,15,49,"15-49",99,"All women",1,"Model-based Estimates",3,"Projection",33.5
1,"Contraceptive prevalence: Any method (Percent)","Any","Estimates and Projections of Family Planning Indicators",2024,"United Nations Population Division",796,"Turks and Caicos Islands","TC","TCA",68,"2017",4,"Median",2,"Female",31,15,49,"15-49",99,"All women",1,"Model-based Estimates",3,"Projection",33.8
1,"Contraceptive prevalence: Any method (Percent)","Any","Estimates and Projections of Family Planning Indicators",2024,"United Nations Population Division",796,"Turks and Caicos Islands","TC","TCA",69,"2018",4,"Median",2,"Female",31,15,49,"15-49",99,"All women",1,"Model-based Estimates",3,"Projection",34.2
1,"Contraceptive prevalence: Any method (Percent)","Any","Estimates and Projections of Family Planning Indicators",2024,"United Nations Population Division",796,"Turks and Caicos Islands","TC","TCA",70,"2019",4,"Median",2,"Female",31,15,49,"15-49",99,"All women",1,"Model-based Estimates",2,"Interpolation",34.4
1,"Contraceptive prevalence: Any method (Percent)","Any","Estimates and Projections of Family Planning Indicators",2024,"United Nations Population Division",796,"Turks and Caicos Islands","TC","TCA",71,"2020",4,"Median",2,"Female",31,15,49,"15-49",99,"All women",1,"Model-based Estimates",2,"Interpolation",34.8
1,"Contraceptive prevalence: Any method (Percent)","Any","Estimates and Projections of Family Planning Indicators",2024,"United Nations Population Division",796,"Turks and Caicos Islands","TC","TCA",72,"2021",4,"Median",2,"Female",31,15,49,"15-49",99,"All women",1,"Model-based Estimates",3,"Projection",35.2
1,"Contraceptive prevalence: Any method (Percent)","Any","Estimates and Projections of Family Planning Indicators",2024,"United Nations Population Division",796,"Turks and Caicos Islands","TC","TCA",73,"2022",4,"Median",2,"Female",31,15,49,"15-49",99,"All women",1,"Model-based Estimates",3,"Projection",35.6
1,"Contraceptive prevalence: Any method (Percent)","Any","Estimates and Projections of Family Planning Indicators",2024,"United Nations Population Division",840,"United States of America","US","USA",59,"2008",4,"Median",2,"Female",31,15,49,"15-49",99,"All women",1,"Model-based Estimates",2,"Interpolation",61.4
1,"Contraceptive prevalence: Any method (Percent)","Any","Estimates and Projections of Family Planning Indicators",2024,"United Nations Population Division",840,"United States of America","US","USA",60,"2009",4,"Median",2,"Female",31,15,49,"15-49",99,"All women",1,"Model-based Estimates",2,"Interpolation",61.3
1,"Contraceptive prevalence: Any method (Percent)","Any","Estimates and Projections of Family Planning Indicators",2024,"United Nations Population Division",840,"United States of America","US","USA",61,"2010",4,"Median",2,"Female",31,15,49,"15-49",99,"All women",1,"Model-based Estimates",2,"Interpolation",61.2
1,"Contraceptive prevalence: Any method (Percent)","Any","Estimates and Projections of Family Planning Indicators",2024,"United Nations Population Division",840,"United States of America","US","USA",62,"2011",4,"Median",2,"Female",31,15,49,"15-49",99,"All women",1,"Model-based Estimates",2,"Interpolation",61
1,"Contraceptive prevalence: Any method (Percent)","Any","Estimates and Projections of Family Planning Indicators",2024,"United Nations Population Division",840,"United States of America","US","USA",63,"2012",4,"Median",2,"Female",31,15,49,"15-49",99,"All women",1,"Model-based Estimates",2,"Interpolation",60.9
1,"Contraceptive prevalence: Any method (Percent)","Any","Estimates and Projections of Family Planning Indicators",2024,"United Nations Population Division",840,"United States of America","US","USA",64,"2013",4,"Median",2,"Female",31,15,49,"15-49",99,"All women",1,"Model-based Estimates",2,"Interpolation",60.8
1,"Contraceptive prevalence: Any method (Percent)","Any","Estimates and Projections of Family Planning Indicators",2024,"United Nations Population Division",840,"United States of America","US","USA",65,"2014",4,"Median",2,"Female",31,15,49,"15-49",99,"All women",1,"Model-based Estimates",2,"Interpolation",60.9
1,"Contraceptive prevalence: Any method (Percent)","Any","Estimates and Projections of Family Planning Indicators",2024,"United Nations Population Division",840,"United States of America","US","USA",66,"2015",4,"Median",2,"Female",31,15,49,"15-49",99,"All women",1,"Model-based Estimates",2,"Interpolation",61
1,"Contraceptive prevalence: Any method (Percent)","Any","Estimates and Projections of Family Planning Indicators",2024,"United Nations Population Division",840,"United States of America","US","USA",67,"2016",4,"Median",2,"Female",31,15,49,"15-49",99,"All women",1,"Model-based Estimates",2,"Interpolation",60.9
1,"Contraceptive prevalence: Any method (Percent)","Any","Estimates and Projections of Family Planning Indicators",2024,"United Nations Population Division",840,"United States of America","US","USA",68,"2017",4,"Median",2,"Female",31,15,49,"15-49",99,"All women",1,"Model-based Estimates",2,"Interpolation",60.6
1,"Contraceptive prevalence: Any method (Percent)","Any","Estimates and Projections of Family Planning Indicators",2024,"United Nations Population Division",840,"United States of America","US","USA",69,"2018",4,"Median",2,"Female",31,15,49,"15-49",99,"All women",1,"Model-based Estimates",2,"Interpolation",60.4
1,"Contraceptive prevalence: Any method (Percent)","Any","Estimates and Projections of Family Planning Indicators",2024,"United Nations Population Division",840,"United States of America","US","USA",70,"2019",4,"Median",2,"Female",31,15,49,"15-49",99,"All women",1,"Model-based Estimates",2,"Interpolation",60.4
1,"Contraceptive prevalence: Any method (Percent)","Any","Estimates and Projections of Family Planning Indicators",2024,"United Nations Population Division",840,"United States of America","US","USA",71,"2020",4,"Median",2,"Female",31,15,49,"15-49",99,"All women",1,"Model-based Estimates",3,"Projection",60.4
1,"Contraceptive prevalence: Any method (Percent)","Any","Estimates and Projections of Family Planning Indicators",2024,"United Nations Population Division",840,"United States of America","US","USA",72,"2021",4,"Median",2,"Female",31,15,49,"15-49",99,"All women",1,"Model-based Estimates",3,"Projection",60.4
1,"Contraceptive prevalence: Any method (Percent)","Any","Estimates and Projections of Family Planning Indicators",2024,"United Nations Population Division",840,"United States of America","US","USA",73,"2022",4,"Median",2,"Female",31,15,49,"15-49",99,"All women",1,"Model-based Estimates",3,"Projection",60.4
1,"Contraceptive prevalence: Any method (Percent)","Any","Estimates and Projections of Family Planning Indicators",2024,"United Nations Population Division",850,"United States Virgin Islands","VI","VIR",59,"2008",4,"Median",2,"Female",31,15,49,"15-49",99,"All women",1,"Model-based Estimates",3,"Projection",46.3
1,"Contraceptive prevalence: Any method (Percent)","Any","Estimates and Projections of Family Planning Indicators",2024,"United Nations Population Division",850,"United States Virgin Islands","VI","VIR",60,"2009",4,"Median",2,"Female",31,15,49,"15-49",99,"All women",1,"Model-based Estimates",3,"Projection",46.8
1,"Contraceptive prevalence: Any method (Percent)","Any","Estimates and Projections of Family Planning Indicators",2024,"United Nations Population Division",850,"United States Virgin Islands","VI","VIR",61,"2010",4,"Median",2,"Female",31,15,49,"15-49",99,"All women",1,"Model-based Estimates",3,"Projection",47.3
1,"Contraceptive prevalence: Any method (Percent)","Any","Estimates and Projections of Family Planning Indicators",2024,"United Nations Population Division",850,"United States Virgin Islands","VI","VIR",62,"2011",4,"Median",2,"Female",31,15,49,"15-49",99,"All women",1,"Model-based Estimates",3,"Projection",47.8
1,"Contraceptive prevalence: Any method (Percent)","Any","Estimates and Projections of Family Planning Indicators",2024,"United Nations Population Division",850,"United States Virgin Islands","VI","VIR",63,"2012",4,"Median",2,"Female",31,15,49,"15-49",99,"All women",1,"Model-based Estimates",3,"Projection",48.3
1,"Contraceptive prevalence: Any method (Percent)","Any","Estimates and Projections of Family Planning Indicators",2024,"United Nations Population Division",850,"United States Virgin Islands","VI","VIR",64,"2013",4,"Median",2,"Female",31,15,49,"15-49",99,"All women",1,"Model-based Estimates",3,"Projection",48.7
1,"Contraceptive prevalence: Any method (Percent)","Any","Estimates and Projections of Family Planning Indicators",2024,"United Nations Population Division",850,"United States Virgin Islands","VI","VIR",65,"2014",4,"Median",2,"Female",31,15,49,"15-49",99,"All women",1,"Model-based Estimates",3,"Projection",49.1
1,"Contraceptive prevalence: Any method (Percent)","Any","Estimates and Projections of Family Planning Indicators",2024,"United Nations Population Division",850,"United States Virgin Islands","VI","VIR",66,"2015",4,"Median",2,"Female",31,15,49,"15-49",99,"All women",1,"Model-based Estimates",3,"Projection",49.6
1,"Contraceptive prevalence: Any method (Percent)","Any","Estimates and Projections of Family Planning Indicators",2024,"United Nations Population Division",850,"United States Virgin Islands","VI","VIR",67,"2016",4,"Median",2,"Female",31,15,49,"15-49",99,"All women",1,"Model-based Estimates",3,"Projection",50
1,"Contraceptive prevalence: Any method (Percent)","Any","Estimates and Projections of Family Planning Indicators",2024,"United Nations Population Division",850,"United States Virgin Islands","VI","VIR",68,"2017",4,"Median",2,"Female",31,15,49,"15-49",99,"All women",1,"Model-based Estimates",3,"Projection",50.4
1,"Contraceptive prevalence: Any method (Percent)","Any","Estimates and Projections of Family Planning Indicators",2024,"United Nations Population Division",850,"United States Virgin Islands","VI","VIR",69,"2018",4,"Median",2,"Female",31,15,49,"15-49",99,"All women",1,"Model-based Estimates",3,"Projection",50.8
1,"Contraceptive prevalence: Any method (Percent)","Any","Estimates and Projections of Family Planning Indicators",2024,"United Nations Population Division",850,"United States Virgin Islands","VI","VIR",70,"2019",4,"Median",2,"Female",31,15,49,"15-49",99,"All women",1,"Model-based Estimates",3,"Projection",51.2
1,"Contraceptive prevalence: Any method (Percent)","Any","Estimates and Projections of Family Planning Indicators",2024,"United Nations Population Division",850,"United States Virgin Islands","VI","VIR",71,"2020",4,"Median",2,"Female",31,15,49,"15-49",99,"All women",1,"Model-based Estimates",3,"Projection",51.5
1,"Contraceptive prevalence: Any method (Percent)","Any","Estimates and Projections of Family Planning Indicators",2024,"United Nations Population Division",850,"United States Virgin Islands","VI","VIR",72,"2021",4,"Median",2,"Female",31,15,49,"15-49",99,"All women",1,"Model-based Estimates",3,"Projection",51.8
1,"Contraceptive prevalence: Any method (Percent)","Any","Estimates and Projections of Family Planning Indicators",2024,"United Nations Population Division",850,"United States Virgin Islands","VI","VIR",73,"2022",4,"Median",2,"Female",31,15,49,"15-49",99,"All women",1,"Model-based Estimates",3,"Projection",51.9
1,"Contraceptive prevalence: Any method (Percent)","Any","Estimates and Projections of Family Planning Indicators",2024,"United Nations Population Division",858,"Uruguay","UY","URY",59,"2008",4,"Median",2,"Female",31,15,49,"15-49",99,"All women",1,"Model-based Estimates",2,"Interpolation",53.4
1,"Contraceptive prevalence: Any method (Percent)","Any","Estimates and Projections of Family Planning Indicators",2024,"United Nations Population Division",858,"Uruguay","UY","URY",60,"2009",4,"Median",2,"Female",31,15,49,"15-49",99,"All women",1,"Model-based Estimates",2,"Interpolation",53.7
1,"Contraceptive prevalence: Any method (Percent)","Any","Estimates and Projections of Family Planning Indicators",2024,"United Nations Population Division",858,"Uruguay","UY","URY",61,"2010",4,"Median",2,"Female",31,15,49,"15-49",99,"All women",1,"Model-based Estimates",2,"Interpolation",53.9
1,"Contraceptive prevalence: Any method (Percent)","Any","Estimates and Projections of Family Planning Indicators",2024,"United Nations Population Division",858,"Uruguay","UY","URY",62,"2011",4,"Median",2,"Female",31,15,49,"15-49",99,"All women",1,"Model-based Estimates",2,"Interpolation",54.1
1,"Contraceptive prevalence: Any method (Percent)","Any","Estimates and Projections of Family Planning Indicators",2024,"United Nations Population Division",858,"Uruguay","UY","URY",63,"2012",4,"Median",2,"Female",31,15,49,"15-49",99,"All women",1,"Model-based Estimates",2,"Interpolation",54.3
1,"Contraceptive prevalence: Any method (Percent)","Any","Estimates and Projections of Family Planning Indicators",2024,"United Nations Population Division",858,"Uruguay","UY","URY",64,"2013",4,"Median",2,"Female",31,15,49,"15-49",99,"All women",1,"Model-based Estimates",2,"Interpolation",54.6
1,"Contraceptive prevalence: Any method (Percent)","Any","Estimates and Projections of Family Planning Indicators",2024,"United Nations Population Division",858,"Uruguay","UY","URY",65,"2014",4,"Median",2,"Female",31,15,49,"15-49",99,"All women",1,"Model-based Estimates",2,"Interpolation",54.8
1,"Contraceptive prevalence: Any method (Percent)","Any","Estimates and Projections of Family Planning Indicators",2024,"United Nations Population Division",858,"Uruguay","UY","URY",66,"2015",4,"Median",2,"Female",31,15,49,"15-49",99,"All women",1,"Model-based Estimates",2,"Interpolation",55
1,"Contraceptive prevalence: Any method (Percent)","Any","Estimates and Projections of Family Planning Indicators",2024,"United Nations Population Division",858,"Uruguay","UY","URY",67,"2016",4,"Median",2,"Female",31,15,49,"15-49",99,"All women",1,"Model-based Estimates",3,"Projection",55.3
1,"Contraceptive prevalence: Any method (Percent)","Any","Estimates and Projections of Family Planning Indicators",2024,"United Nations Population Division",858,"Uruguay","UY","URY",68,"2017",4,"Median",2,"Female",31,15,49,"15-49",99,"All women",1,"Model-based Estimates",3,"Projection",55.4
1,"Contraceptive prevalence: Any method (Percent)","Any","Estimates and Projections of Family Planning Indicators",2024,"United Nations Population Division",858,"Uruguay","UY","URY",69,"2018",4,"Median",2,"Female",31,15,49,"15-49",99,"All women",1,"Model-based Estimates",3,"Projection",55.7
1,"Contraceptive prevalence: Any method (Percent)","Any","Estimates and Projections of Family Planning Indicators",2024,"United Nations Population Division",858,"Uruguay","UY","URY",70,"2019",4,"Median",2,"Female",31,15,49,"15-49",99,"All women",1,"Model-based Estimates",3,"Projection",56
1,"Contraceptive prevalence: Any method (Percent)","Any","Estimates and Projections of Family Planning Indicators",2024,"United Nations Population Division",858,"Uruguay","UY","URY",71,"2020",4,"Median",2,"Female",31,15,49,"15-49",99,"All women",1,"Model-based Estimates",3,"Projection",56.2
1,"Contraceptive prevalence: Any method (Percent)","Any","Estimates and Projections of Family Planning Indicators",2024,"United Nations Population Division",858,"Uruguay","UY","URY",72,"2021",4,"Median",2,"Female",31,15,49,"15-49",99,"All women",1,"Model-based Estimates",3,"Projection",56.4
1,"Contraceptive prevalence: Any method (Percent)","Any","Estimates and Projections of Family Planning Indicators",2024,"United Nations Population Division",858,"Uruguay","UY","URY",73,"2022",4,"Median",2,"Female",31,15,49,"15-49",99,"All women",1,"Model-based Estimates",3,"Projection",56.7
1,"Contraceptive prevalence: Any method (Percent)","Any","Estimates and Projections of Family Planning Indicators",2024,"United Nations Population Division",862,"Venezuela (Bolivarian Republic of)","VE","VEN",59,"2008",4,"Median",2,"Female",31,15,49,"15-49",99,"All women",1,"Model-based Estimates",2,"Interpolation",50.2
1,"Contraceptive prevalence: Any method (Percent)","Any","Estimates and Projections of Family Planning Indicators",2024,"United Nations Population Division",862,"Venezuela (Bolivarian Republic of)","VE","VEN",60,"2009",4,"Median",2,"Female",31,15,49,"15-49",99,"All women",1,"Model-based Estimates",2,"Interpolation",50.6
1,"Contraceptive prevalence: Any method (Percent)","Any","Estimates and Projections of Family Planning Indicators",2024,"United Nations Population Division",862,"Venezuela (Bolivarian Republic of)","VE","VEN",61,"2010",4,"Median",2,"Female",31,15,49,"15-49",99,"All women",1,"Model-based Estimates",2,"Interpolation",51.1
1,"Contraceptive prevalence: Any method (Percent)","Any","Estimates and Projections of Family Planning Indicators",2024,"United Nations Population Division",862,"Venezuela (Bolivarian Republic of)","VE","VEN",62,"2011",4,"Median",2,"Female",31,15,49,"15-49",99,"All women",1,"Model-based Estimates",3,"Projection",51.4
1,"Contraceptive prevalence: Any method (Percent)","Any","Estimates and Projections of Family Planning Indicators",2024,"United Nations Population Division",862,"Venezuela (Bolivarian Republic of)","VE","VEN",63,"2012",4,"Median",2,"Female",31,15,49,"15-49",99,"All women",1,"Model-based Estimates",3,"Projection",51.8
1,"Contraceptive prevalence: Any method (Percent)","Any","Estimates and Projections of Family Planning Indicators",2024,"United Nations Population Division",862,"Venezuela (Bolivarian Republic of)","VE","VEN",64,"2013",4,"Median",2,"Female",31,15,49,"15-49",99,"All women",1,"Model-based Estimates",3,"Projection",52.1
1,"Contraceptive prevalence: Any method (Percent)","Any","Estimates and Projections of Family Planning Indicators",2024,"United Nations Population Division",862,"Venezuela (Bolivarian Republic of)","VE","VEN",65,"2014",4,"Median",2,"Female",31,15,49,"15-49",99,"All women",1,"Model-based Estimates",3,"Projection",52.4
1,"Contraceptive prevalence: Any method (Percent)","Any","Estimates and Projections of Family Planning Indicators",2024,"United Nations Population Division",862,"Venezuela (Bolivarian Republic of)","VE","VEN",66,"2015",4,"Median",2,"Female",31,15,49,"15-49",99,"All women",1,"Model-based Estimates",3,"Projection",52.6
1,"Contraceptive prevalence: Any method (Percent)","Any","Estimates and Projections of Family Planning Indicators",2024,"United Nations Population Division",862,"Venezuela (Bolivarian Republic of)","VE","VEN",67,"2016",4,"Median",2,"Female",31,15,49,"15-49",99,"All women",1,"Model-based Estimates",3,"Projection",52.9
1,"Contraceptive prevalence: Any method (Percent)","Any","Estimates and Projections of Family Planning Indicators",2024,"United Nations Population Division",862,"Venezuela (Bolivarian Republic of)","VE","VEN",68,"2017",4,"Median",2,"Female",31,15,49,"15-49",99,"All women",1,"Model-based Estimates",3,"Projection",53.1
1,"Contraceptive prevalence: Any method (Percent)","Any","Estimates and Projections of Family Planning Indicators",2024,"United Nations Population Division",862,"Venezuela (Bolivarian Republic of)","VE","VEN",69,"2018",4,"Median",2,"Female",31,15,49,"15-49",99,"All women",1,"Model-based Estimates",3,"Projection",53.3
1,"Contraceptive prevalence: Any method (Percent)","Any","Estimates and Projections of Family Planning Indicators",2024,"United Nations Population Division",862,"Venezuela (Bolivarian Republic of)","VE","VEN",70,"2019",4,"Median",2,"Female",31,15,49,"15-49",99,"All women",1,"Model-based Estimates",3,"Projection",53.5
1,"Contraceptive prevalence: Any method (Percent)","Any","Estimates and Projections of Family Planning Indicators",2024,"United Nations Population Division",862,"Venezuela (Bolivarian Republic of)","VE","VEN",71,"2020",4,"Median",2,"Female",31,15,49,"15-49",99,"All women",1,"Model-based Estimates",3,"Projection",53.7
1,"Contraceptive prevalence: Any method (Percent)","Any","Estimates and Projections of Family Planning Indicators",2024,"United Nations Population Division",862,"Venezuela (Bolivarian Republic of)","VE","VEN",72,"2021",4,"Median",2,"Female",31,15,49,"15-49",99,"All women",1,"Model-based Estimates",3,"Projection",53.7
1,"Contraceptive prevalence: Any method (Percent)","Any","Estimates and Projections of Family Planning Indicators",2024,"United Nations Population Division",862,"Venezuela (Bolivarian Republic of)","VE","VEN",73,"2022",4,"Median",2,"Female",31,15,49,"15-49",99,"All women",1,"Model-based Estimates",3,"Projection",53.8
