IndicatorId,IndicatorName,IndicatorShortName,Source,SourceYear,Author,LocationId,Location,Iso2,Iso3,TimeId,Time,VariantId,Variant,SexId,Sex,AgeId,AgeStart,AgeEnd,Age,CategoryId,Category,EstimateTypeId,EstimateType,EstimateMethodId,EstimateMethod,Value
44,"Currently married by age of woman (Percent)","Currently married by age of woman (Percent)","Estimates and Projections of Women of Reproductive Age Who Are Married or in a Union 2024",2024,"United Nations Population Division",4,"Afghanistan","AF","AFG",59,"2008",4,"Median",2,"Female",67,15,19,"15-19",100,"Married or in a union women",1,"Model-based Estimates",2,"Interpolation",19.05
44,"Currently married by age of woman (Percent)","Currently married by age of woman (Percent)","Estimates and Projections of Women of Reproductive Age Who Are Married or in a Union 2024",2024,"United Nations Population Division",4,"Afghanistan","AF","AFG",60,"2009",4,"Median",2,"Female",67,15,19,"15-19",100,"Married or in a union women",1,"Model-based Estimates",2,"Interpolation",18.18
44,"Currently married by age of woman (Percent)","Currently married by age of woman (Percent)","Estimates and Projections of Women of Reproductive Age Who Are Married or in a Union 2024",2024,"United Nations Population Division",4,"Afghanistan","AF","AFG",61,"2010",4,"Median",2,"Female",67,15,19,"15-19",100,"Married or in a union women",1,"Model-based Estimates",2,"Interpolation",17.3
44,"Currently married by age of woman (Percent)","Currently married by age of woman (Percent)","Estimates and Projections of Women of Reproductive Age Who Are Married or in a Union 2024",2024,"United Nations Population Division",4,"Afghanistan","AF","AFG",62,"2011",4,"Median",2,"Female",67,15,19,"15-19",100,"Married or in a union women",1,"Model-based Estimates",2,"Interpolation",17.23
44,"Currently married by age of woman (Percent)","Currently married by age of woman (Percent)","Estimates and Projections of Women of Reproductive Age Who Are Married or in a Union 2024",2024,"United Nations Population Division",4,"Afghanistan","AF","AFG",63,"2012",4,"Median",2,"Female",67,15,19,"15-19",100,"Married or in a union women",1,"Model-based Estimates",2,"Interpolation",17.16
44,"Currently married by age of woman (Percent)","Currently married by age of woman (Percent)","Estimates and Projections of Women of Reproductive Age Who Are Married or in a Union 2024",2024,"United Nations Population Division",4,"Afghanistan","AF","AFG",64,"2013",4,"Median",2,"Female",67,15,19,"15-19",100,"Married or in a union women",1,"Model-based Estimates",2,"Interpolation",17.09
44,"Currently married by age of woman (Percent)","Currently married by age of woman (Percent)","Estimates and Projections of Women of Reproductive Age Who Are Married or in a Union 2024",2024,"United Nations Population Division",4,"Afghanistan","AF","AFG",65,"2014",4,"Median",2,"Female",67,15,19,"15-19",100,"Married or in a union women",1,"Model-based Estimates",2,"Interpolation",17.01
44,"Currently married by age of woman (Percent)","Currently married by age of woman (Percent)","Estimates and Projections of Women of Reproductive Age Who Are Married or in a Union 2024",2024,"United Nations Population Division",4,"Afghanistan","AF","AFG",66,"2015",4,"Median",2,"Female",67,15,19,"15-19",100,"Married or in a union women",1,"Model-based Estimates",2,"Interpolation",16.94
44,"Currently married by age of woman (Percent)","Currently married by age of woman (Percent)","Estimates and Projections of Women of Reproductive Age Who Are Married or in a Union 2024",2024,"United Nations Population Division",4,"Afghanistan","AF","AFG",67,"2016",4,"Median",2,"Female",67,15,19,"15-19",100,"Married or in a union women",1,"Model-based Estimates",2,"Interpolation",16.87
44,"Currently married by age of woman (Percent)","Currently married by age of woman (Percent)","Estimates and Projections of Women of Reproductive Age Who Are Married or in a Union 2024",2024,"United Nations Population Division",4,"Afghanistan","AF","AFG",68,"2017",4,"Median",2,"Female",67,15,19,"15-19",100,"Married or in a union women",1,"Model-based Estimates",2,"Interpolation",16.8
44,"Currently married by age of woman (Percent)","Currently married by age of woman (Percent)","Estimates and Projections of Women of Reproductive Age Who Are Married or in a Union 2024",2024,"United Nations Population Division",4,"Afghanistan","AF","AFG",69,"2018",4,"Median",2,"Female",67,15,19,"15-19",100,"Married or in a union women",1,"Model-based Estimates",2,"Interpolation",16.73
44,"Currently married by age of woman (Percent)","Currently married by age of woman (Percent)","Estimates and Projections of Women of Reproductive Age Who Are Married or in a Union 2024",2024,"United Nations Population Division",4,"Afghanistan","AF","AFG",70,"2019",4,"Median",2,"Female",67,15,19,"15-19",100,"Married or in a union women",1,"Model-based Estimates",2,"Interpolation",16.66
44,"Currently married by age of woman (Percent)","Currently married by age of woman (Percent)","Estimates and Projections of Women of Reproductive Age Who Are Married or in a Union 2024",2024,"United Nations Population Division",4,"Afghanistan","AF","AFG",71,"2020",4,"Median",2,"Female",67,15,19,"15-19",100,"Married or in a union women",1,"Model-based Estimates",2,"Interpolation",16.58
44,"Currently married by age of woman (Percent)","Currently married by age of woman (Percent)","Estimates and Projections of Women of Reproductive Age Who Are Married or in a Union 2024",2024,"United Nations Population Division",4,"Afghanistan","AF","AFG",72,"2021",4,"Median",2,"Female",67,15,19,"15-19",100,"Married or in a union women",1,"Model-based Estimates",2,"Interpolation",16.51
44,"Currently married by age of woman (Percent)","Currently married by age of woman (Percent)","Estimates and Projections of Women of Reproductive Age Who Are Married or in a Union 2024",2024,"United Nations Population Division",4,"Afghanistan","AF","AFG",73,"2022",4,"Median",2,"Female",67,15,19,"15-19",100,"Married or in a union women",1,"Model-based Estimates",2,"Interpolation",16.44
44,"Currently married by age of woman (Percent)","Currently married by age of woman (Percent)","Estimates and Projections of Women of Reproductive Age Who Are Married or in a Union 2024",2024,"United Nations Population Division",31,"Azerbaijan","AZ","AZE",59,"2008",4,"Median",2,"Female",67,15,19,"15-19",100,"Married or in a union women",1,"Model-based Estimates",2,"Interpolation",5.79
44,"Currently married by age of woman (Percent)","Currently married by age of woman (Percent)","Estimates and Projections of Women of Reproductive Age Who Are Married or in a Union 2024",2024,"United Nations Population Division",31,"Azerbaijan","AZ","AZE",60,"2009",4,"Median",2,"Female",67,15,19,"15-19",100,"Married or in a union women",1,"Model-based Estimates",2,"Interpolation",5.7
44,"Currently married by age of woman (Percent)","Currently married by age of woman (Percent)","Estimates and Projections of Women of Reproductive Age Who Are Married or in a Union 2024",2024,"United Nations Population Division",31,"Azerbaijan","AZ","AZE",61,"2010",4,"Median",2,"Female",67,15,19,"15-19",100,"Married or in a union women",1,"Model-based Estimates",2,"Interpolation",5.62
44,"Currently married by age of woman (Percent)","Currently married by age of woman (Percent)","Estimates and Projections of Women of Reproductive Age Who Are Married or in a Union 2024",2024,"United Nations Population Division",31,"Azerbaijan","AZ","AZE",62,"2011",4,"Median",2,"Female",67,15,19,"15-19",100,"Married or in a union women",1,"Model-based Estimates",2,"Interpolation",5.53
44,"Currently married by age of woman (Percent)","Currently married by age of woman (Percent)","Estimates and Projections of Women of Reproductive Age Who Are Married or in a Union 2024",2024,"United Nations Population Division",31,"Azerbaijan","AZ","AZE",63,"2012",4,"Median",2,"Female",67,15,19,"15-19",100,"Married or in a union women",1,"Model-based Estimates",2,"Interpolation",5.45
44,"Currently married by age of woman (Percent)","Currently married by age of woman (Percent)","Estimates and Projections of Women of Reproductive Age Who Are Married or in a Union 2024",2024,"United Nations Population Division",31,"Azerbaijan","AZ","AZE",64,"2013",4,"Median",2,"Female",67,15,19,"15-19",100,"Married or in a union women",1,"Model-based Estimates",2,"Interpolation",5.37
44,"Currently married by age of woman (Percent)","Currently married by age of woman (Percent)","Estimates and Projections of Women of Reproductive Age Who Are Married or in a Union 2024",2024,"United Nations Population Division",31,"Azerbaijan","AZ","AZE",65,"2014",4,"Median",2,"Female",67,15,19,"15-19",100,"Married or in a union women",1,"Model-based Estimates",2,"Interpolation",5.28
44,"Currently married by age of woman (Percent)","Currently married by age of woman (Percent)","Estimates and Projections of Women of Reproductive Age Who Are Married or in a Union 2024",2024,"United Nations Population Division",31,"Azerbaijan","AZ","AZE",66,"2015",4,"Median",2,"Female",67,15,19,"15-19",100,"Married or in a union women",1,"Model-based Estimates",2,"Interpolation",5.2
44,"Currently married by age of woman (Percent)","Currently married by age of woman (Percent)","Estimates and Projections of Women of Reproductive Age Who Are Married or in a Union 2024",2024,"United Nations Population Division",31,"Azerbaijan","AZ","AZE",67,"2016",4,"Median",2,"Female",67,15,19,"15-19",100,"Married or in a union women",1,"Model-based Estimates",2,"Interpolation",5.11
44,"Currently married by age of woman (Percent)","Currently married by age of woman (Percent)","Estimates and Projections of Women of Reproductive Age Who Are Married or in a Union 2024",2024,"United Nations Population Division",31,"Azerbaijan","AZ","AZE",68,"2017",4,"Median",2,"Female",67,15,19,"15-19",100,"Married or in a union women",1,"Model-based Estimates",2,"Interpolation",5.03
44,"Currently married by age of woman (Percent)","Currently married by age of woman (Percent)","Estimates and Projections of Women of Reproductive Age Who Are Married or in a Union 2024",2024,"United Nations Population Division",31,"Azerbaijan","AZ","AZE",69,"2018",4,"Median",2,"Female",67,15,19,"15-19",100,"Married or in a union women",1,"Model-based Estimates",2,"Interpolation",4.94
44,"Currently married by age of woman (Percent)","Currently married by age of woman (Percent)","Estimates and Projections of Women of Reproductive Age Who Are Married or in a Union 2024",2024,"United Nations Population Division",31,"Azerbaijan","AZ","AZE",70,"2019",4,"Median",2,"Female",67,15,19,"15-19",100,"Married or in a union women",1,"Model-based Estimates",2,"Interpolation",4.86
44,"Currently married by age of woman (Percent)","Currently married by age of woman (Percent)","Estimates and Projections of Women of Reproductive Age Who Are Married or in a Union 2024",2024,"United Nations Population Division",31,"Azerbaijan","AZ","AZE",71,"2020",4,"Median",2,"Female",67,15,19,"15-19",100,"Married or in a union women",1,"Model-based Estimates",3,"Projection",4.79
44,"Currently married by age of woman (Percent)","Currently married by age of woman (Percent)","Estimates and Projections of Women of Reproductive Age Who Are Married or in a Union 2024",2024,"United Nations Population Division",31,"Azerbaijan","AZ","AZE",72,"2021",4,"Median",2,"Female",67,15,19,"15-19",100,"Married or in a union women",1,"Model-based Estimates",3,"Projection",4.73
44,"Currently married by age of woman (Percent)","Currently married by age of woman (Percent)","Estimates and Projections of Women of Reproductive Age Who Are Married or in a Union 2024",2024,"United Nations Population Division",31,"Azerbaijan","AZ","AZE",73,"2022",4,"Median",2,"Female",67,15,19,"15-19",100,"Married or in a union women",1,"Model-based Estimates",3,"Projection",4.67
44,"Currently married by age of woman (Percent)","Currently married by age of woman (Percent)","Estimates and Projections of Women of Reproductive Age Who Are Married or in a Union 2024",2024,"United Nations Population Division",48,"Bahrain","BH","BHR",59,"2008",4,"Median",2,"Female",67,15,19,"15-19",100,"Married or in a union women",1,"Model-based Estimates",2,"Interpolation",3.51
44,"Currently married by age of woman (Percent)","Currently married by age of woman (Percent)","Estimates and Projections of Women of Reproductive Age Who Are Married or in a Union 2024",2024,"United Nations Population Division",48,"Bahrain","BH","BHR",60,"2009",4,"Median",2,"Female",67,15,19,"15-19",100,"Married or in a union women",1,"Model-based Estimates",2,"Interpolation",3.43
44,"Currently married by age of woman (Percent)","Currently married by age of woman (Percent)","Estimates and Projections of Women of Reproductive Age Who Are Married or in a Union 2024",2024,"United Nations Population Division",48,"Bahrain","BH","BHR",61,"2010",4,"Median",2,"Female",67,15,19,"15-19",100,"Married or in a union women",1,"Model-based Estimates",2,"Interpolation",3.34
44,"Currently married by age of woman (Percent)","Currently married by age of woman (Percent)","Estimates and Projections of Women of Reproductive Age Who Are Married or in a Union 2024",2024,"United Nations Population Division",48,"Bahrain","BH","BHR",62,"2011",4,"Median",2,"Female",67,15,19,"15-19",100,"Married or in a union women",1,"Model-based Estimates",2,"Interpolation",3.26
44,"Currently married by age of woman (Percent)","Currently married by age of woman (Percent)","Estimates and Projections of Women of Reproductive Age Who Are Married or in a Union 2024",2024,"United Nations Population Division",48,"Bahrain","BH","BHR",63,"2012",4,"Median",2,"Female",67,15,19,"15-19",100,"Married or in a union women",1,"Model-based Estimates",2,"Interpolation",3.17
44,"Currently married by age of woman (Percent)","Currently married by age of woman (Percent)","Estimates and Projections of Women of Reproductive Age Who Are Married or in a Union 2024",2024,"United Nations Population Division",48,"Bahrain","BH","BHR",64,"2013",4,"Median",2,"Female",67,15,19,"15-19",100,"Married or in a union women",1,"Model-based Estimates",2,"Interpolation",3.08
44,"Currently married by age of woman (Percent)","Currently married by age of woman (Percent)","Estimates and Projections of Women of Reproductive Age Who Are Married or in a Union 2024",2024,"United Nations Population Division",48,"Bahrain","BH","BHR",65,"2014",4,"Median",2,"Female",67,15,19,"15-19",100,"Married or in a union women",1,"Model-based Estimates",2,"Interpolation",3
44,"Currently married by age of woman (Percent)","Currently married by age of woman (Percent)","Estimates and Projections of Women of Reproductive Age Who Are Married or in a Union 2024",2024,"United Nations Population Division",48,"Bahrain","BH","BHR",66,"2015",4,"Median",2,"Female",67,15,19,"15-19",100,"Married or in a union women",1,"Model-based Estimates",2,"Interpolation",2.91
44,"Currently married by age of woman (Percent)","Currently married by age of woman (Percent)","Estimates and Projections of Women of Reproductive Age Who Are Married or in a Union 2024",2024,"United Nations Population Division",48,"Bahrain","BH","BHR",67,"2016",4,"Median",2,"Female",67,15,19,"15-19",100,"Married or in a union women",1,"Model-based Estimates",2,"Interpolation",2.83
44,"Currently married by age of woman (Percent)","Currently married by age of woman (Percent)","Estimates and Projections of Women of Reproductive Age Who Are Married or in a Union 2024",2024,"United Nations Population Division",48,"Bahrain","BH","BHR",68,"2017",4,"Median",2,"Female",67,15,19,"15-19",100,"Married or in a union women",1,"Model-based Estimates",2,"Interpolation",2.74
44,"Currently married by age of woman (Percent)","Currently married by age of woman (Percent)","Estimates and Projections of Women of Reproductive Age Who Are Married or in a Union 2024",2024,"United Nations Population Division",48,"Bahrain","BH","BHR",69,"2018",4,"Median",2,"Female",67,15,19,"15-19",100,"Married or in a union women",1,"Model-based Estimates",2,"Interpolation",2.65
44,"Currently married by age of woman (Percent)","Currently married by age of woman (Percent)","Estimates and Projections of Women of Reproductive Age Who Are Married or in a Union 2024",2024,"United Nations Population Division",48,"Bahrain","BH","BHR",70,"2019",4,"Median",2,"Female",67,15,19,"15-19",100,"Married or in a union women",1,"Model-based Estimates",2,"Interpolation",2.57
44,"Currently married by age of woman (Percent)","Currently married by age of woman (Percent)","Estimates and Projections of Women of Reproductive Age Who Are Married or in a Union 2024",2024,"United Nations Population Division",48,"Bahrain","BH","BHR",71,"2020",4,"Median",2,"Female",67,15,19,"15-19",100,"Married or in a union women",1,"Model-based Estimates",2,"Interpolation",2.48
44,"Currently married by age of woman (Percent)","Currently married by age of woman (Percent)","Estimates and Projections of Women of Reproductive Age Who Are Married or in a Union 2024",2024,"United Nations Population Division",48,"Bahrain","BH","BHR",72,"2021",4,"Median",2,"Female",67,15,19,"15-19",100,"Married or in a union women",1,"Model-based Estimates",3,"Projection",2.42
44,"Currently married by age of woman (Percent)","Currently married by age of woman (Percent)","Estimates and Projections of Women of Reproductive Age Who Are Married or in a Union 2024",2024,"United Nations Population Division",48,"Bahrain","BH","BHR",73,"2022",4,"Median",2,"Female",67,15,19,"15-19",100,"Married or in a union women",1,"Model-based Estimates",3,"Projection",2.36
44,"Currently married by age of woman (Percent)","Currently married by age of woman (Percent)","Estimates and Projections of Women of Reproductive Age Who Are Married or in a Union 2024",2024,"United Nations Population Division",50,"Bangladesh","BD","BGD",59,"2008",4,"Median",2,"Female",67,15,19,"15-19",100,"Married or in a union women",1,"Model-based Estimates",2,"Interpolation",36.54
44,"Currently married by age of woman (Percent)","Currently married by age of woman (Percent)","Estimates and Projections of Women of Reproductive Age Who Are Married or in a Union 2024",2024,"United Nations Population Division",50,"Bangladesh","BD","BGD",60,"2009",4,"Median",2,"Female",67,15,19,"15-19",100,"Married or in a union women",1,"Model-based Estimates",2,"Interpolation",36.58
44,"Currently married by age of woman (Percent)","Currently married by age of woman (Percent)","Estimates and Projections of Women of Reproductive Age Who Are Married or in a Union 2024",2024,"United Nations Population Division",50,"Bangladesh","BD","BGD",61,"2010",4,"Median",2,"Female",67,15,19,"15-19",100,"Married or in a union women",1,"Model-based Estimates",2,"Interpolation",36.63
44,"Currently married by age of woman (Percent)","Currently married by age of woman (Percent)","Estimates and Projections of Women of Reproductive Age Who Are Married or in a Union 2024",2024,"United Nations Population Division",50,"Bangladesh","BD","BGD",62,"2011",4,"Median",2,"Female",67,15,19,"15-19",100,"Married or in a union women",1,"Model-based Estimates",2,"Interpolation",36.68
44,"Currently married by age of woman (Percent)","Currently married by age of woman (Percent)","Estimates and Projections of Women of Reproductive Age Who Are Married or in a Union 2024",2024,"United Nations Population Division",50,"Bangladesh","BD","BGD",63,"2012",4,"Median",2,"Female",67,15,19,"15-19",100,"Married or in a union women",1,"Model-based Estimates",2,"Interpolation",36.73
44,"Currently married by age of woman (Percent)","Currently married by age of woman (Percent)","Estimates and Projections of Women of Reproductive Age Who Are Married or in a Union 2024",2024,"United Nations Population Division",50,"Bangladesh","BD","BGD",64,"2013",4,"Median",2,"Female",67,15,19,"15-19",100,"Married or in a union women",1,"Model-based Estimates",2,"Interpolation",36.78
44,"Currently married by age of woman (Percent)","Currently married by age of woman (Percent)","Estimates and Projections of Women of Reproductive Age Who Are Married or in a Union 2024",2024,"United Nations Population Division",50,"Bangladesh","BD","BGD",65,"2014",4,"Median",2,"Female",67,15,19,"15-19",100,"Married or in a union women",1,"Model-based Estimates",2,"Interpolation",36.83
44,"Currently married by age of woman (Percent)","Currently married by age of woman (Percent)","Estimates and Projections of Women of Reproductive Age Who Are Married or in a Union 2024",2024,"United Nations Population Division",50,"Bangladesh","BD","BGD",66,"2015",4,"Median",2,"Female",67,15,19,"15-19",100,"Married or in a union women",1,"Model-based Estimates",2,"Interpolation",36.87
44,"Currently married by age of woman (Percent)","Currently married by age of woman (Percent)","Estimates and Projections of Women of Reproductive Age Who Are Married or in a Union 2024",2024,"United Nations Population Division",50,"Bangladesh","BD","BGD",67,"2016",4,"Median",2,"Female",67,15,19,"15-19",100,"Married or in a union women",1,"Model-based Estimates",2,"Interpolation",36.92
44,"Currently married by age of woman (Percent)","Currently married by age of woman (Percent)","Estimates and Projections of Women of Reproductive Age Who Are Married or in a Union 2024",2024,"United Nations Population Division",50,"Bangladesh","BD","BGD",68,"2017",4,"Median",2,"Female",67,15,19,"15-19",100,"Married or in a union women",1,"Model-based Estimates",2,"Interpolation",36.97
44,"Currently married by age of woman (Percent)","Currently married by age of woman (Percent)","Estimates and Projections of Women of Reproductive Age Who Are Married or in a Union 2024",2024,"United Nations Population Division",50,"Bangladesh","BD","BGD",69,"2018",4,"Median",2,"Female",67,15,19,"15-19",100,"Married or in a union women",1,"Model-based Estimates",2,"Interpolation",37.02
44,"Currently married by age of woman (Percent)","Currently married by age of woman (Percent)","Estimates and Projections of Women of Reproductive Age Who Are Married or in a Union 2024",2024,"United Nations Population Division",50,"Bangladesh","BD","BGD",70,"2019",4,"Median",2,"Female",67,15,19,"15-19",100,"Married or in a union women",1,"Model-based Estimates",2,"Interpolation",37.07
44,"Currently married by age of woman (Percent)","Currently married by age of woman (Percent)","Estimates and Projections of Women of Reproductive Age Who Are Married or in a Union 2024",2024,"United Nations Population Division",50,"Bangladesh","BD","BGD",71,"2020",4,"Median",2,"Female",67,15,19,"15-19",100,"Married or in a union women",1,"Model-based Estimates",2,"Interpolation",37.11
44,"Currently married by age of woman (Percent)","Currently married by age of woman (Percent)","Estimates and Projections of Women of Reproductive Age Who Are Married or in a Union 2024",2024,"United Nations Population Division",50,"Bangladesh","BD","BGD",72,"2021",4,"Median",2,"Female",67,15,19,"15-19",100,"Married or in a union women",1,"Model-based Estimates",2,"Interpolation",37.16
44,"Currently married by age of woman (Percent)","Currently married by age of woman (Percent)","Estimates and Projections of Women of Reproductive Age Who Are Married or in a Union 2024",2024,"United Nations Population Division",50,"Bangladesh","BD","BGD",73,"2022",4,"Median",2,"Female",67,15,19,"15-19",100,"Married or in a union women",1,"Model-based Estimates",2,"Interpolation",37.21
44,"Currently married by age of woman (Percent)","Currently married by age of woman (Percent)","Estimates and Projections of Women of Reproductive Age Who Are Married or in a Union 2024",2024,"United Nations Population Division",51,"Armenia","AM","ARM",59,"2008",4,"Median",2,"Female",67,15,19,"15-19",100,"Married or in a union women",1,"Model-based Estimates",2,"Interpolation",6.43
44,"Currently married by age of woman (Percent)","Currently married by age of woman (Percent)","Estimates and Projections of Women of Reproductive Age Who Are Married or in a Union 2024",2024,"United Nations Population Division",51,"Armenia","AM","ARM",60,"2009",4,"Median",2,"Female",67,15,19,"15-19",100,"Married or in a union women",1,"Model-based Estimates",2,"Interpolation",6.17
44,"Currently married by age of woman (Percent)","Currently married by age of woman (Percent)","Estimates and Projections of Women of Reproductive Age Who Are Married or in a Union 2024",2024,"United Nations Population Division",51,"Armenia","AM","ARM",61,"2010",4,"Median",2,"Female",67,15,19,"15-19",100,"Married or in a union women",1,"Model-based Estimates",2,"Interpolation",5.91
44,"Currently married by age of woman (Percent)","Currently married by age of woman (Percent)","Estimates and Projections of Women of Reproductive Age Who Are Married or in a Union 2024",2024,"United Nations Population Division",51,"Armenia","AM","ARM",62,"2011",4,"Median",2,"Female",67,15,19,"15-19",100,"Married or in a union women",1,"Model-based Estimates",2,"Interpolation",5.65
44,"Currently married by age of woman (Percent)","Currently married by age of woman (Percent)","Estimates and Projections of Women of Reproductive Age Who Are Married or in a Union 2024",2024,"United Nations Population Division",51,"Armenia","AM","ARM",63,"2012",4,"Median",2,"Female",67,15,19,"15-19",100,"Married or in a union women",1,"Model-based Estimates",2,"Interpolation",5.39
44,"Currently married by age of woman (Percent)","Currently married by age of woman (Percent)","Estimates and Projections of Women of Reproductive Age Who Are Married or in a Union 2024",2024,"United Nations Population Division",51,"Armenia","AM","ARM",64,"2013",4,"Median",2,"Female",67,15,19,"15-19",100,"Married or in a union women",1,"Model-based Estimates",2,"Interpolation",5.13
44,"Currently married by age of woman (Percent)","Currently married by age of woman (Percent)","Estimates and Projections of Women of Reproductive Age Who Are Married or in a Union 2024",2024,"United Nations Population Division",51,"Armenia","AM","ARM",65,"2014",4,"Median",2,"Female",67,15,19,"15-19",100,"Married or in a union women",1,"Model-based Estimates",2,"Interpolation",4.87
44,"Currently married by age of woman (Percent)","Currently married by age of woman (Percent)","Estimates and Projections of Women of Reproductive Age Who Are Married or in a Union 2024",2024,"United Nations Population Division",51,"Armenia","AM","ARM",66,"2015",4,"Median",2,"Female",67,15,19,"15-19",100,"Married or in a union women",1,"Model-based Estimates",2,"Interpolation",4.61
44,"Currently married by age of woman (Percent)","Currently married by age of woman (Percent)","Estimates and Projections of Women of Reproductive Age Who Are Married or in a Union 2024",2024,"United Nations Population Division",51,"Armenia","AM","ARM",67,"2016",4,"Median",2,"Female",67,15,19,"15-19",100,"Married or in a union women",1,"Model-based Estimates",2,"Interpolation",4.35
44,"Currently married by age of woman (Percent)","Currently married by age of woman (Percent)","Estimates and Projections of Women of Reproductive Age Who Are Married or in a Union 2024",2024,"United Nations Population Division",51,"Armenia","AM","ARM",68,"2017",4,"Median",2,"Female",67,15,19,"15-19",100,"Married or in a union women",1,"Model-based Estimates",2,"Interpolation",4.1
44,"Currently married by age of woman (Percent)","Currently married by age of woman (Percent)","Estimates and Projections of Women of Reproductive Age Who Are Married or in a Union 2024",2024,"United Nations Population Division",51,"Armenia","AM","ARM",69,"2018",4,"Median",2,"Female",67,15,19,"15-19",100,"Married or in a union women",1,"Model-based Estimates",2,"Interpolation",3.84
44,"Currently married by age of woman (Percent)","Currently married by age of woman (Percent)","Estimates and Projections of Women of Reproductive Age Who Are Married or in a Union 2024",2024,"United Nations Population Division",51,"Armenia","AM","ARM",70,"2019",4,"Median",2,"Female",67,15,19,"15-19",100,"Married or in a union women",1,"Model-based Estimates",2,"Interpolation",3.58
44,"Currently married by age of woman (Percent)","Currently married by age of woman (Percent)","Estimates and Projections of Women of Reproductive Age Who Are Married or in a Union 2024",2024,"United Nations Population Division",51,"Armenia","AM","ARM",71,"2020",4,"Median",2,"Female",67,15,19,"15-19",100,"Married or in a union women",1,"Model-based Estimates",2,"Interpolation",3.32
44,"Currently married by age of woman (Percent)","Currently married by age of woman (Percent)","Estimates and Projections of Women of Reproductive Age Who Are Married or in a Union 2024",2024,"United Nations Population Division",51,"Armenia","AM","ARM",72,"2021",4,"Median",2,"Female",67,15,19,"15-19",100,"Married or in a union women",1,"Model-based Estimates",2,"Interpolation",3.06
44,"Currently married by age of woman (Percent)","Currently married by age of woman (Percent)","Estimates and Projections of Women of Reproductive Age Who Are Married or in a Union 2024",2024,"United Nations Population Division",51,"Armenia","AM","ARM",73,"2022",4,"Median",2,"Female",67,15,19,"15-19",100,"Married or in a union women",1,"Model-based Estimates",2,"Interpolation",2.8
44,"Currently married by age of woman (Percent)","Currently married by age of woman (Percent)","Estimates and Projections of Women of Reproductive Age Who Are Married or in a Union 2024",2024,"United Nations Population Division",64,"Bhutan","BT","BTN",59,"2008",4,"Median",2,"Female",67,15,19,"15-19",100,"Married or in a union women",1,"Model-based Estimates",2,"Interpolation",12.95
44,"Currently married by age of woman (Percent)","Currently married by age of woman (Percent)","Estimates and Projections of Women of Reproductive Age Who Are Married or in a Union 2024",2024,"United Nations Population Division",64,"Bhutan","BT","BTN",60,"2009",4,"Median",2,"Female",67,15,19,"15-19",100,"Married or in a union women",1,"Model-based Estimates",2,"Interpolation",12.06
44,"Currently married by age of woman (Percent)","Currently married by age of woman (Percent)","Estimates and Projections of Women of Reproductive Age Who Are Married or in a Union 2024",2024,"United Nations Population Division",64,"Bhutan","BT","BTN",61,"2010",4,"Median",2,"Female",67,15,19,"15-19",100,"Married or in a union women",1,"Model-based Estimates",2,"Interpolation",11.16
44,"Currently married by age of woman (Percent)","Currently married by age of woman (Percent)","Estimates and Projections of Women of Reproductive Age Who Are Married or in a Union 2024",2024,"United Nations Population Division",64,"Bhutan","BT","BTN",62,"2011",4,"Median",2,"Female",67,15,19,"15-19",100,"Married or in a union women",1,"Model-based Estimates",2,"Interpolation",10.27
44,"Currently married by age of woman (Percent)","Currently married by age of woman (Percent)","Estimates and Projections of Women of Reproductive Age Who Are Married or in a Union 2024",2024,"United Nations Population Division",64,"Bhutan","BT","BTN",63,"2012",4,"Median",2,"Female",67,15,19,"15-19",100,"Married or in a union women",1,"Model-based Estimates",2,"Interpolation",9.37
44,"Currently married by age of woman (Percent)","Currently married by age of woman (Percent)","Estimates and Projections of Women of Reproductive Age Who Are Married or in a Union 2024",2024,"United Nations Population Division",64,"Bhutan","BT","BTN",64,"2013",4,"Median",2,"Female",67,15,19,"15-19",100,"Married or in a union women",1,"Model-based Estimates",2,"Interpolation",8.48
44,"Currently married by age of woman (Percent)","Currently married by age of woman (Percent)","Estimates and Projections of Women of Reproductive Age Who Are Married or in a Union 2024",2024,"United Nations Population Division",64,"Bhutan","BT","BTN",65,"2014",4,"Median",2,"Female",67,15,19,"15-19",100,"Married or in a union women",1,"Model-based Estimates",2,"Interpolation",7.58
44,"Currently married by age of woman (Percent)","Currently married by age of woman (Percent)","Estimates and Projections of Women of Reproductive Age Who Are Married or in a Union 2024",2024,"United Nations Population Division",64,"Bhutan","BT","BTN",66,"2015",4,"Median",2,"Female",67,15,19,"15-19",100,"Married or in a union women",1,"Model-based Estimates",2,"Interpolation",6.69
44,"Currently married by age of woman (Percent)","Currently married by age of woman (Percent)","Estimates and Projections of Women of Reproductive Age Who Are Married or in a Union 2024",2024,"United Nations Population Division",64,"Bhutan","BT","BTN",67,"2016",4,"Median",2,"Female",67,15,19,"15-19",100,"Married or in a union women",1,"Model-based Estimates",2,"Interpolation",5.79
44,"Currently married by age of woman (Percent)","Currently married by age of woman (Percent)","Estimates and Projections of Women of Reproductive Age Who Are Married or in a Union 2024",2024,"United Nations Population Division",64,"Bhutan","BT","BTN",68,"2017",4,"Median",2,"Female",67,15,19,"15-19",100,"Married or in a union women",1,"Model-based Estimates",2,"Interpolation",4.9
44,"Currently married by age of woman (Percent)","Currently married by age of woman (Percent)","Estimates and Projections of Women of Reproductive Age Who Are Married or in a Union 2024",2024,"United Nations Population Division",64,"Bhutan","BT","BTN",69,"2018",4,"Median",2,"Female",67,15,19,"15-19",100,"Married or in a union women",1,"Model-based Estimates",2,"Interpolation",4.44
44,"Currently married by age of woman (Percent)","Currently married by age of woman (Percent)","Estimates and Projections of Women of Reproductive Age Who Are Married or in a Union 2024",2024,"United Nations Population Division",64,"Bhutan","BT","BTN",70,"2019",4,"Median",2,"Female",67,15,19,"15-19",100,"Married or in a union women",1,"Model-based Estimates",2,"Interpolation",4.03
44,"Currently married by age of woman (Percent)","Currently married by age of woman (Percent)","Estimates and Projections of Women of Reproductive Age Who Are Married or in a Union 2024",2024,"United Nations Population Division",64,"Bhutan","BT","BTN",71,"2020",4,"Median",2,"Female",67,15,19,"15-19",100,"Married or in a union women",1,"Model-based Estimates",2,"Interpolation",3.69
44,"Currently married by age of woman (Percent)","Currently married by age of woman (Percent)","Estimates and Projections of Women of Reproductive Age Who Are Married or in a Union 2024",2024,"United Nations Population Division",64,"Bhutan","BT","BTN",72,"2021",4,"Median",2,"Female",67,15,19,"15-19",100,"Married or in a union women",1,"Model-based Estimates",2,"Interpolation",3.38
44,"Currently married by age of woman (Percent)","Currently married by age of woman (Percent)","Estimates and Projections of Women of Reproductive Age Who Are Married or in a Union 2024",2024,"United Nations Population Division",64,"Bhutan","BT","BTN",73,"2022",4,"Median",2,"Female",67,15,19,"15-19",100,"Married or in a union women",1,"Model-based Estimates",2,"Interpolation",3.12
44,"Currently married by age of woman (Percent)","Currently married by age of woman (Percent)","Estimates and Projections of Women of Reproductive Age Who Are Married or in a Union 2024",2024,"United Nations Population Division",96,"Brunei Darussalam","BN","BRN",59,"2008",4,"Median",2,"Female",67,15,19,"15-19",100,"Married or in a union women",1,"Model-based Estimates",2,"Interpolation",4.12
44,"Currently married by age of woman (Percent)","Currently married by age of woman (Percent)","Estimates and Projections of Women of Reproductive Age Who Are Married or in a Union 2024",2024,"United Nations Population Division",96,"Brunei Darussalam","BN","BRN",60,"2009",4,"Median",2,"Female",67,15,19,"15-19",100,"Married or in a union women",1,"Model-based Estimates",2,"Interpolation",3.78
44,"Currently married by age of woman (Percent)","Currently married by age of woman (Percent)","Estimates and Projections of Women of Reproductive Age Who Are Married or in a Union 2024",2024,"United Nations Population Division",96,"Brunei Darussalam","BN","BRN",61,"2010",4,"Median",2,"Female",67,15,19,"15-19",100,"Married or in a union women",1,"Model-based Estimates",2,"Interpolation",3.43
44,"Currently married by age of woman (Percent)","Currently married by age of woman (Percent)","Estimates and Projections of Women of Reproductive Age Who Are Married or in a Union 2024",2024,"United Nations Population Division",96,"Brunei Darussalam","BN","BRN",62,"2011",4,"Median",2,"Female",67,15,19,"15-19",100,"Married or in a union women",1,"Model-based Estimates",2,"Interpolation",3.09
44,"Currently married by age of woman (Percent)","Currently married by age of woman (Percent)","Estimates and Projections of Women of Reproductive Age Who Are Married or in a Union 2024",2024,"United Nations Population Division",96,"Brunei Darussalam","BN","BRN",63,"2012",4,"Median",2,"Female",67,15,19,"15-19",100,"Married or in a union women",1,"Model-based Estimates",3,"Projection",2.87
44,"Currently married by age of woman (Percent)","Currently married by age of woman (Percent)","Estimates and Projections of Women of Reproductive Age Who Are Married or in a Union 2024",2024,"United Nations Population Division",96,"Brunei Darussalam","BN","BRN",64,"2013",4,"Median",2,"Female",67,15,19,"15-19",100,"Married or in a union women",1,"Model-based Estimates",3,"Projection",2.67
44,"Currently married by age of woman (Percent)","Currently married by age of woman (Percent)","Estimates and Projections of Women of Reproductive Age Who Are Married or in a Union 2024",2024,"United Nations Population Division",96,"Brunei Darussalam","BN","BRN",65,"2014",4,"Median",2,"Female",67,15,19,"15-19",100,"Married or in a union women",1,"Model-based Estimates",3,"Projection",2.5
44,"Currently married by age of woman (Percent)","Currently married by age of woman (Percent)","Estimates and Projections of Women of Reproductive Age Who Are Married or in a Union 2024",2024,"United Nations Population Division",96,"Brunei Darussalam","BN","BRN",66,"2015",4,"Median",2,"Female",67,15,19,"15-19",100,"Married or in a union women",1,"Model-based Estimates",3,"Projection",2.34
44,"Currently married by age of woman (Percent)","Currently married by age of woman (Percent)","Estimates and Projections of Women of Reproductive Age Who Are Married or in a Union 2024",2024,"United Nations Population Division",96,"Brunei Darussalam","BN","BRN",67,"2016",4,"Median",2,"Female",67,15,19,"15-19",100,"Married or in a union women",1,"Model-based Estimates",3,"Projection",2.21
44,"Currently married by age of woman (Percent)","Currently married by age of woman (Percent)","Estimates and Projections of Women of Reproductive Age Who Are Married or in a Union 2024",2024,"United Nations Population Division",96,"Brunei Darussalam","BN","BRN",68,"2017",4,"Median",2,"Female",67,15,19,"15-19",100,"Married or in a union women",1,"Model-based Estimates",3,"Projection",2.08
44,"Currently married by age of woman (Percent)","Currently married by age of woman (Percent)","Estimates and Projections of Women of Reproductive Age Who Are Married or in a Union 2024",2024,"United Nations Population Division",96,"Brunei Darussalam","BN","BRN",69,"2018",4,"Median",2,"Female",67,15,19,"15-19",100,"Married or in a union women",1,"Model-based Estimates",3,"Projection",1.97
44,"Currently married by age of woman (Percent)","Currently married by age of woman (Percent)","Estimates and Projections of Women of Reproductive Age Who Are Married or in a Union 2024",2024,"United Nations Population Division",96,"Brunei Darussalam","BN","BRN",70,"2019",4,"Median",2,"Female",67,15,19,"15-19",100,"Married or in a union women",1,"Model-based Estimates",3,"Projection",1.88
44,"Currently married by age of woman (Percent)","Currently married by age of woman (Percent)","Estimates and Projections of Women of Reproductive Age Who Are Married or in a Union 2024",2024,"United Nations Population Division",96,"Brunei Darussalam","BN","BRN",71,"2020",4,"Median",2,"Female",67,15,19,"15-19",100,"Married or in a union women",1,"Model-based Estimates",3,"Projection",1.79
44,"Currently married by age of woman (Percent)","Currently married by age of woman (Percent)","Estimates and Projections of Women of Reproductive Age Who Are Married or in a Union 2024",2024,"United Nations Population Division",96,"Brunei Darussalam","BN","BRN",72,"2021",4,"Median",2,"Female",67,15,19,"15-19",100,"Married or in a union women",1,"Model-based Estimates",3,"Projection",1.72
44,"Currently married by age of woman (Percent)","Currently married by age of woman (Percent)","Estimates and Projections of Women of Reproductive Age Who Are Married or in a Union 2024",2024,"United Nations Population Division",96,"Brunei Darussalam","BN","BRN",73,"2022",4,"Median",2,"Female",67,15,19,"15-19",100,"Married or in a union women",1,"Model-based Estimates",3,"Projection",1.65
44,"Currently married by age of woman (Percent)","Currently married by age of woman (Percent)","Estimates and Projections of Women of Reproductive Age Who Are Married or in a Union 2024",2024,"United Nations Population Division",104,"Myanmar","MM","MMR",59,"2008",4,"Median",2,"Female",67,15,19,"15-19",100,"Married or in a union women",1,"Model-based Estimates",2,"Interpolation",12.63
44,"Currently married by age of woman (Percent)","Currently married by age of woman (Percent)","Estimates and Projections of Women of Reproductive Age Who Are Married or in a Union 2024",2024,"United Nations Population Division",104,"Myanmar","MM","MMR",60,"2009",4,"Median",2,"Female",67,15,19,"15-19",100,"Married or in a union women",1,"Model-based Estimates",2,"Interpolation",12.4
44,"Currently married by age of woman (Percent)","Currently married by age of woman (Percent)","Estimates and Projections of Women of Reproductive Age Who Are Married or in a Union 2024",2024,"United Nations Population Division",104,"Myanmar","MM","MMR",61,"2010",4,"Median",2,"Female",67,15,19,"15-19",100,"Married or in a union women",1,"Model-based Estimates",2,"Interpolation",12.17
44,"Currently married by age of woman (Percent)","Currently married by age of woman (Percent)","Estimates and Projections of Women of Reproductive Age Who Are Married or in a Union 2024",2024,"United Nations Population Division",104,"Myanmar","MM","MMR",62,"2011",4,"Median",2,"Female",67,15,19,"15-19",100,"Married or in a union women",1,"Model-based Estimates",2,"Interpolation",11.94
44,"Currently married by age of woman (Percent)","Currently married by age of woman (Percent)","Estimates and Projections of Women of Reproductive Age Who Are Married or in a Union 2024",2024,"United Nations Population Division",104,"Myanmar","MM","MMR",63,"2012",4,"Median",2,"Female",67,15,19,"15-19",100,"Married or in a union women",1,"Model-based Estimates",2,"Interpolation",11.71
44,"Currently married by age of woman (Percent)","Currently married by age of woman (Percent)","Estimates and Projections of Women of Reproductive Age Who Are Married or in a Union 2024",2024,"United Nations Population Division",104,"Myanmar","MM","MMR",64,"2013",4,"Median",2,"Female",67,15,19,"15-19",100,"Married or in a union women",1,"Model-based Estimates",2,"Interpolation",11.48
44,"Currently married by age of woman (Percent)","Currently married by age of woman (Percent)","Estimates and Projections of Women of Reproductive Age Who Are Married or in a Union 2024",2024,"United Nations Population Division",104,"Myanmar","MM","MMR",65,"2014",4,"Median",2,"Female",67,15,19,"15-19",100,"Married or in a union women",1,"Model-based Estimates",2,"Interpolation",11.25
44,"Currently married by age of woman (Percent)","Currently married by age of woman (Percent)","Estimates and Projections of Women of Reproductive Age Who Are Married or in a Union 2024",2024,"United Nations Population Division",104,"Myanmar","MM","MMR",66,"2015",4,"Median",2,"Female",67,15,19,"15-19",100,"Married or in a union women",1,"Model-based Estimates",2,"Interpolation",11.02
44,"Currently married by age of woman (Percent)","Currently married by age of woman (Percent)","Estimates and Projections of Women of Reproductive Age Who Are Married or in a Union 2024",2024,"United Nations Population Division",104,"Myanmar","MM","MMR",67,"2016",4,"Median",2,"Female",67,15,19,"15-19",100,"Married or in a union women",1,"Model-based Estimates",2,"Interpolation",10.79
44,"Currently married by age of woman (Percent)","Currently married by age of woman (Percent)","Estimates and Projections of Women of Reproductive Age Who Are Married or in a Union 2024",2024,"United Nations Population Division",104,"Myanmar","MM","MMR",68,"2017",4,"Median",2,"Female",67,15,19,"15-19",100,"Married or in a union women",1,"Model-based Estimates",2,"Interpolation",10.56
44,"Currently married by age of woman (Percent)","Currently married by age of woman (Percent)","Estimates and Projections of Women of Reproductive Age Who Are Married or in a Union 2024",2024,"United Nations Population Division",104,"Myanmar","MM","MMR",69,"2018",4,"Median",2,"Female",67,15,19,"15-19",100,"Married or in a union women",1,"Model-based Estimates",2,"Interpolation",10.33
44,"Currently married by age of woman (Percent)","Currently married by age of woman (Percent)","Estimates and Projections of Women of Reproductive Age Who Are Married or in a Union 2024",2024,"United Nations Population Division",104,"Myanmar","MM","MMR",70,"2019",4,"Median",2,"Female",67,15,19,"15-19",100,"Married or in a union women",1,"Model-based Estimates",2,"Interpolation",10.1
44,"Currently married by age of woman (Percent)","Currently married by age of woman (Percent)","Estimates and Projections of Women of Reproductive Age Who Are Married or in a Union 2024",2024,"United Nations Population Division",104,"Myanmar","MM","MMR",71,"2020",4,"Median",2,"Female",67,15,19,"15-19",100,"Married or in a union women",1,"Model-based Estimates",3,"Projection",9.94
44,"Currently married by age of woman (Percent)","Currently married by age of woman (Percent)","Estimates and Projections of Women of Reproductive Age Who Are Married or in a Union 2024",2024,"United Nations Population Division",104,"Myanmar","MM","MMR",72,"2021",4,"Median",2,"Female",67,15,19,"15-19",100,"Married or in a union women",1,"Model-based Estimates",3,"Projection",9.77
44,"Currently married by age of woman (Percent)","Currently married by age of woman (Percent)","Estimates and Projections of Women of Reproductive Age Who Are Married or in a Union 2024",2024,"United Nations Population Division",104,"Myanmar","MM","MMR",73,"2022",4,"Median",2,"Female",67,15,19,"15-19",100,"Married or in a union women",1,"Model-based Estimates",3,"Projection",9.61
44,"Currently married by age of woman (Percent)","Currently married by age of woman (Percent)","Estimates and Projections of Women of Reproductive Age Who Are Married or in a Union 2024",2024,"United Nations Population Division",116,"Cambodia","KH","KHM",59,"2008",4,"Median",2,"Female",67,15,19,"15-19",100,"Married or in a union women",1,"Model-based Estimates",2,"Interpolation",10.41
44,"Currently married by age of woman (Percent)","Currently married by age of woman (Percent)","Estimates and Projections of Women of Reproductive Age Who Are Married or in a Union 2024",2024,"United Nations Population Division",116,"Cambodia","KH","KHM",60,"2009",4,"Median",2,"Female",67,15,19,"15-19",100,"Married or in a union women",1,"Model-based Estimates",2,"Interpolation",10.31
44,"Currently married by age of woman (Percent)","Currently married by age of woman (Percent)","Estimates and Projections of Women of Reproductive Age Who Are Married or in a Union 2024",2024,"United Nations Population Division",116,"Cambodia","KH","KHM",61,"2010",4,"Median",2,"Female",67,15,19,"15-19",100,"Married or in a union women",1,"Model-based Estimates",2,"Interpolation",10.2
44,"Currently married by age of woman (Percent)","Currently married by age of woman (Percent)","Estimates and Projections of Women of Reproductive Age Who Are Married or in a Union 2024",2024,"United Nations Population Division",116,"Cambodia","KH","KHM",62,"2011",4,"Median",2,"Female",67,15,19,"15-19",100,"Married or in a union women",1,"Model-based Estimates",2,"Interpolation",10.29
44,"Currently married by age of woman (Percent)","Currently married by age of woman (Percent)","Estimates and Projections of Women of Reproductive Age Who Are Married or in a Union 2024",2024,"United Nations Population Division",116,"Cambodia","KH","KHM",63,"2012",4,"Median",2,"Female",67,15,19,"15-19",100,"Married or in a union women",1,"Model-based Estimates",2,"Interpolation",10.38
44,"Currently married by age of woman (Percent)","Currently married by age of woman (Percent)","Estimates and Projections of Women of Reproductive Age Who Are Married or in a Union 2024",2024,"United Nations Population Division",116,"Cambodia","KH","KHM",64,"2013",4,"Median",2,"Female",67,15,19,"15-19",100,"Married or in a union women",1,"Model-based Estimates",2,"Interpolation",10.48
44,"Currently married by age of woman (Percent)","Currently married by age of woman (Percent)","Estimates and Projections of Women of Reproductive Age Who Are Married or in a Union 2024",2024,"United Nations Population Division",116,"Cambodia","KH","KHM",65,"2014",4,"Median",2,"Female",67,15,19,"15-19",100,"Married or in a union women",1,"Model-based Estimates",2,"Interpolation",10.57
44,"Currently married by age of woman (Percent)","Currently married by age of woman (Percent)","Estimates and Projections of Women of Reproductive Age Who Are Married or in a Union 2024",2024,"United Nations Population Division",116,"Cambodia","KH","KHM",66,"2015",4,"Median",2,"Female",67,15,19,"15-19",100,"Married or in a union women",1,"Model-based Estimates",2,"Interpolation",10.66
44,"Currently married by age of woman (Percent)","Currently married by age of woman (Percent)","Estimates and Projections of Women of Reproductive Age Who Are Married or in a Union 2024",2024,"United Nations Population Division",116,"Cambodia","KH","KHM",67,"2016",4,"Median",2,"Female",67,15,19,"15-19",100,"Married or in a union women",1,"Model-based Estimates",2,"Interpolation",10.75
44,"Currently married by age of woman (Percent)","Currently married by age of woman (Percent)","Estimates and Projections of Women of Reproductive Age Who Are Married or in a Union 2024",2024,"United Nations Population Division",116,"Cambodia","KH","KHM",68,"2017",4,"Median",2,"Female",67,15,19,"15-19",100,"Married or in a union women",1,"Model-based Estimates",2,"Interpolation",10.84
44,"Currently married by age of woman (Percent)","Currently married by age of woman (Percent)","Estimates and Projections of Women of Reproductive Age Who Are Married or in a Union 2024",2024,"United Nations Population Division",116,"Cambodia","KH","KHM",69,"2018",4,"Median",2,"Female",67,15,19,"15-19",100,"Married or in a union women",1,"Model-based Estimates",2,"Interpolation",10.93
44,"Currently married by age of woman (Percent)","Currently married by age of woman (Percent)","Estimates and Projections of Women of Reproductive Age Who Are Married or in a Union 2024",2024,"United Nations Population Division",116,"Cambodia","KH","KHM",70,"2019",4,"Median",2,"Female",67,15,19,"15-19",100,"Married or in a union women",1,"Model-based Estimates",2,"Interpolation",11.02
44,"Currently married by age of woman (Percent)","Currently married by age of woman (Percent)","Estimates and Projections of Women of Reproductive Age Who Are Married or in a Union 2024",2024,"United Nations Population Division",116,"Cambodia","KH","KHM",71,"2020",4,"Median",2,"Female",67,15,19,"15-19",100,"Married or in a union women",1,"Model-based Estimates",2,"Interpolation",11.12
44,"Currently married by age of woman (Percent)","Currently married by age of woman (Percent)","Estimates and Projections of Women of Reproductive Age Who Are Married or in a Union 2024",2024,"United Nations Population Division",116,"Cambodia","KH","KHM",72,"2021",4,"Median",2,"Female",67,15,19,"15-19",100,"Married or in a union women",1,"Model-based Estimates",2,"Interpolation",11.21
44,"Currently married by age of woman (Percent)","Currently married by age of woman (Percent)","Estimates and Projections of Women of Reproductive Age Who Are Married or in a Union 2024",2024,"United Nations Population Division",116,"Cambodia","KH","KHM",73,"2022",4,"Median",2,"Female",67,15,19,"15-19",100,"Married or in a union women",1,"Model-based Estimates",2,"Interpolation",11.3
44,"Currently married by age of woman (Percent)","Currently married by age of woman (Percent)","Estimates and Projections of Women of Reproductive Age Who Are Married or in a Union 2024",2024,"United Nations Population Division",144,"Sri Lanka","LK","LKA",59,"2008",4,"Median",2,"Female",67,15,19,"15-19",100,"Married or in a union women",1,"Model-based Estimates",2,"Interpolation",6.78
44,"Currently married by age of woman (Percent)","Currently married by age of woman (Percent)","Estimates and Projections of Women of Reproductive Age Who Are Married or in a Union 2024",2024,"United Nations Population Division",144,"Sri Lanka","LK","LKA",60,"2009",4,"Median",2,"Female",67,15,19,"15-19",100,"Married or in a union women",1,"Model-based Estimates",2,"Interpolation",6.69
44,"Currently married by age of woman (Percent)","Currently married by age of woman (Percent)","Estimates and Projections of Women of Reproductive Age Who Are Married or in a Union 2024",2024,"United Nations Population Division",144,"Sri Lanka","LK","LKA",61,"2010",4,"Median",2,"Female",67,15,19,"15-19",100,"Married or in a union women",1,"Model-based Estimates",2,"Interpolation",6.59
44,"Currently married by age of woman (Percent)","Currently married by age of woman (Percent)","Estimates and Projections of Women of Reproductive Age Who Are Married or in a Union 2024",2024,"United Nations Population Division",144,"Sri Lanka","LK","LKA",62,"2011",4,"Median",2,"Female",67,15,19,"15-19",100,"Married or in a union women",1,"Model-based Estimates",2,"Interpolation",6.49
44,"Currently married by age of woman (Percent)","Currently married by age of woman (Percent)","Estimates and Projections of Women of Reproductive Age Who Are Married or in a Union 2024",2024,"United Nations Population Division",144,"Sri Lanka","LK","LKA",63,"2012",4,"Median",2,"Female",67,15,19,"15-19",100,"Married or in a union women",1,"Model-based Estimates",2,"Interpolation",6.39
44,"Currently married by age of woman (Percent)","Currently married by age of woman (Percent)","Estimates and Projections of Women of Reproductive Age Who Are Married or in a Union 2024",2024,"United Nations Population Division",144,"Sri Lanka","LK","LKA",64,"2013",4,"Median",2,"Female",67,15,19,"15-19",100,"Married or in a union women",1,"Model-based Estimates",2,"Interpolation",6.29
44,"Currently married by age of woman (Percent)","Currently married by age of woman (Percent)","Estimates and Projections of Women of Reproductive Age Who Are Married or in a Union 2024",2024,"United Nations Population Division",144,"Sri Lanka","LK","LKA",65,"2014",4,"Median",2,"Female",67,15,19,"15-19",100,"Married or in a union women",1,"Model-based Estimates",2,"Interpolation",6.2
44,"Currently married by age of woman (Percent)","Currently married by age of woman (Percent)","Estimates and Projections of Women of Reproductive Age Who Are Married or in a Union 2024",2024,"United Nations Population Division",144,"Sri Lanka","LK","LKA",66,"2015",4,"Median",2,"Female",67,15,19,"15-19",100,"Married or in a union women",1,"Model-based Estimates",2,"Interpolation",6.1
44,"Currently married by age of woman (Percent)","Currently married by age of woman (Percent)","Estimates and Projections of Women of Reproductive Age Who Are Married or in a Union 2024",2024,"United Nations Population Division",144,"Sri Lanka","LK","LKA",67,"2016",4,"Median",2,"Female",67,15,19,"15-19",100,"Married or in a union women",1,"Model-based Estimates",2,"Interpolation",6
44,"Currently married by age of woman (Percent)","Currently married by age of woman (Percent)","Estimates and Projections of Women of Reproductive Age Who Are Married or in a Union 2024",2024,"United Nations Population Division",144,"Sri Lanka","LK","LKA",68,"2017",4,"Median",2,"Female",67,15,19,"15-19",100,"Married or in a union women",1,"Model-based Estimates",3,"Projection",5.93
44,"Currently married by age of woman (Percent)","Currently married by age of woman (Percent)","Estimates and Projections of Women of Reproductive Age Who Are Married or in a Union 2024",2024,"United Nations Population Division",144,"Sri Lanka","LK","LKA",69,"2018",4,"Median",2,"Female",67,15,19,"15-19",100,"Married or in a union women",1,"Model-based Estimates",3,"Projection",5.86
44,"Currently married by age of woman (Percent)","Currently married by age of woman (Percent)","Estimates and Projections of Women of Reproductive Age Who Are Married or in a Union 2024",2024,"United Nations Population Division",144,"Sri Lanka","LK","LKA",70,"2019",4,"Median",2,"Female",67,15,19,"15-19",100,"Married or in a union women",1,"Model-based Estimates",3,"Projection",5.79
44,"Currently married by age of woman (Percent)","Currently married by age of woman (Percent)","Estimates and Projections of Women of Reproductive Age Who Are Married or in a Union 2024",2024,"United Nations Population Division",144,"Sri Lanka","LK","LKA",71,"2020",4,"Median",2,"Female",67,15,19,"15-19",100,"Married or in a union women",1,"Model-based Estimates",3,"Projection",5.72
44,"Currently married by age of woman (Percent)","Currently married by age of woman (Percent)","Estimates and Projections of Women of Reproductive Age Who Are Married or in a Union 2024",2024,"United Nations Population Division",144,"Sri Lanka","LK","LKA",72,"2021",4,"Median",2,"Female",67,15,19,"15-19",100,"Married or in a union women",1,"Model-based Estimates",3,"Projection",5.66
44,"Currently married by age of woman (Percent)","Currently married by age of woman (Percent)","Estimates and Projections of Women of Reproductive Age Who Are Married or in a Union 2024",2024,"United Nations Population Division",144,"Sri Lanka","LK","LKA",73,"2022",4,"Median",2,"Female",67,15,19,"15-19",100,"Married or in a union women",1,"Model-based Estimates",3,"Projection",5.6
44,"Currently married by age of woman (Percent)","Currently married by age of woman (Percent)","Estimates and Projections of Women of Reproductive Age Who Are Married or in a Union 2024",2024,"United Nations Population Division",156,"China","CN","CHN",59,"2008",4,"Median",2,"Female",67,15,19,"15-19",100,"Married or in a union women",1,"Model-based Estimates",2,"Interpolation",2.25
44,"Currently married by age of woman (Percent)","Currently married by age of woman (Percent)","Estimates and Projections of Women of Reproductive Age Who Are Married or in a Union 2024",2024,"United Nations Population Division",156,"China","CN","CHN",60,"2009",4,"Median",2,"Female",67,15,19,"15-19",100,"Married or in a union women",1,"Model-based Estimates",2,"Interpolation",2.17
44,"Currently married by age of woman (Percent)","Currently married by age of woman (Percent)","Estimates and Projections of Women of Reproductive Age Who Are Married or in a Union 2024",2024,"United Nations Population Division",156,"China","CN","CHN",61,"2010",4,"Median",2,"Female",67,15,19,"15-19",100,"Married or in a union women",1,"Model-based Estimates",2,"Interpolation",2.09
44,"Currently married by age of woman (Percent)","Currently married by age of woman (Percent)","Estimates and Projections of Women of Reproductive Age Who Are Married or in a Union 2024",2024,"United Nations Population Division",156,"China","CN","CHN",62,"2011",4,"Median",2,"Female",67,15,19,"15-19",100,"Married or in a union women",1,"Model-based Estimates",2,"Interpolation",2.13
44,"Currently married by age of woman (Percent)","Currently married by age of woman (Percent)","Estimates and Projections of Women of Reproductive Age Who Are Married or in a Union 2024",2024,"United Nations Population Division",156,"China","CN","CHN",63,"2012",4,"Median",2,"Female",67,15,19,"15-19",100,"Married or in a union women",1,"Model-based Estimates",2,"Interpolation",2.17
44,"Currently married by age of woman (Percent)","Currently married by age of woman (Percent)","Estimates and Projections of Women of Reproductive Age Who Are Married or in a Union 2024",2024,"United Nations Population Division",156,"China","CN","CHN",64,"2013",4,"Median",2,"Female",67,15,19,"15-19",100,"Married or in a union women",1,"Model-based Estimates",2,"Interpolation",2.2
44,"Currently married by age of woman (Percent)","Currently married by age of woman (Percent)","Estimates and Projections of Women of Reproductive Age Who Are Married or in a Union 2024",2024,"United Nations Population Division",156,"China","CN","CHN",65,"2014",4,"Median",2,"Female",67,15,19,"15-19",100,"Married or in a union women",1,"Model-based Estimates",2,"Interpolation",2.24
44,"Currently married by age of woman (Percent)","Currently married by age of woman (Percent)","Estimates and Projections of Women of Reproductive Age Who Are Married or in a Union 2024",2024,"United Nations Population Division",156,"China","CN","CHN",66,"2015",4,"Median",2,"Female",67,15,19,"15-19",100,"Married or in a union women",1,"Model-based Estimates",2,"Interpolation",2.28
44,"Currently married by age of woman (Percent)","Currently married by age of woman (Percent)","Estimates and Projections of Women of Reproductive Age Who Are Married or in a Union 2024",2024,"United Nations Population Division",156,"China","CN","CHN",67,"2016",4,"Median",2,"Female",67,15,19,"15-19",100,"Married or in a union women",1,"Model-based Estimates",2,"Interpolation",2.32
44,"Currently married by age of woman (Percent)","Currently married by age of woman (Percent)","Estimates and Projections of Women of Reproductive Age Who Are Married or in a Union 2024",2024,"United Nations Population Division",156,"China","CN","CHN",68,"2017",4,"Median",2,"Female",67,15,19,"15-19",100,"Married or in a union women",1,"Model-based Estimates",2,"Interpolation",2.36
44,"Currently married by age of woman (Percent)","Currently married by age of woman (Percent)","Estimates and Projections of Women of Reproductive Age Who Are Married or in a Union 2024",2024,"United Nations Population Division",156,"China","CN","CHN",69,"2018",4,"Median",2,"Female",67,15,19,"15-19",100,"Married or in a union women",1,"Model-based Estimates",2,"Interpolation",2.39
44,"Currently married by age of woman (Percent)","Currently married by age of woman (Percent)","Estimates and Projections of Women of Reproductive Age Who Are Married or in a Union 2024",2024,"United Nations Population Division",156,"China","CN","CHN",70,"2019",4,"Median",2,"Female",67,15,19,"15-19",100,"Married or in a union women",1,"Model-based Estimates",2,"Interpolation",2.43
44,"Currently married by age of woman (Percent)","Currently married by age of woman (Percent)","Estimates and Projections of Women of Reproductive Age Who Are Married or in a Union 2024",2024,"United Nations Population Division",156,"China","CN","CHN",71,"2020",4,"Median",2,"Female",67,15,19,"15-19",100,"Married or in a union women",1,"Model-based Estimates",2,"Interpolation",2.47
44,"Currently married by age of woman (Percent)","Currently married by age of woman (Percent)","Estimates and Projections of Women of Reproductive Age Who Are Married or in a Union 2024",2024,"United Nations Population Division",156,"China","CN","CHN",72,"2021",4,"Median",2,"Female",67,15,19,"15-19",100,"Married or in a union women",1,"Model-based Estimates",2,"Interpolation",2.51
44,"Currently married by age of woman (Percent)","Currently married by age of woman (Percent)","Estimates and Projections of Women of Reproductive Age Who Are Married or in a Union 2024",2024,"United Nations Population Division",156,"China","CN","CHN",73,"2022",4,"Median",2,"Female",67,15,19,"15-19",100,"Married or in a union women",1,"Model-based Estimates",3,"Projection",2.55
44,"Currently married by age of woman (Percent)","Currently married by age of woman (Percent)","Estimates and Projections of Women of Reproductive Age Who Are Married or in a Union 2024",2024,"United Nations Population Division",158,"China, Taiwan Province of China","TW","TWN",59,"2008",4,"Median",2,"Female",67,15,19,"15-19",100,"Married or in a union women",1,"Model-based Estimates",2,"Interpolation",1.61
44,"Currently married by age of woman (Percent)","Currently married by age of woman (Percent)","Estimates and Projections of Women of Reproductive Age Who Are Married or in a Union 2024",2024,"United Nations Population Division",158,"China, Taiwan Province of China","TW","TWN",60,"2009",4,"Median",2,"Female",67,15,19,"15-19",100,"Married or in a union women",1,"Model-based Estimates",2,"Interpolation",1.53
44,"Currently married by age of woman (Percent)","Currently married by age of woman (Percent)","Estimates and Projections of Women of Reproductive Age Who Are Married or in a Union 2024",2024,"United Nations Population Division",158,"China, Taiwan Province of China","TW","TWN",61,"2010",4,"Median",2,"Female",67,15,19,"15-19",100,"Married or in a union women",1,"Model-based Estimates",2,"Interpolation",1.45
44,"Currently married by age of woman (Percent)","Currently married by age of woman (Percent)","Estimates and Projections of Women of Reproductive Age Who Are Married or in a Union 2024",2024,"United Nations Population Division",158,"China, Taiwan Province of China","TW","TWN",62,"2011",4,"Median",2,"Female",67,15,19,"15-19",100,"Married or in a union women",1,"Model-based Estimates",2,"Interpolation",1.38
44,"Currently married by age of woman (Percent)","Currently married by age of woman (Percent)","Estimates and Projections of Women of Reproductive Age Who Are Married or in a Union 2024",2024,"United Nations Population Division",158,"China, Taiwan Province of China","TW","TWN",63,"2012",4,"Median",2,"Female",67,15,19,"15-19",100,"Married or in a union women",1,"Model-based Estimates",2,"Interpolation",1.3
44,"Currently married by age of woman (Percent)","Currently married by age of woman (Percent)","Estimates and Projections of Women of Reproductive Age Who Are Married or in a Union 2024",2024,"United Nations Population Division",158,"China, Taiwan Province of China","TW","TWN",64,"2013",4,"Median",2,"Female",67,15,19,"15-19",100,"Married or in a union women",1,"Model-based Estimates",2,"Interpolation",1.23
44,"Currently married by age of woman (Percent)","Currently married by age of woman (Percent)","Estimates and Projections of Women of Reproductive Age Who Are Married or in a Union 2024",2024,"United Nations Population Division",158,"China, Taiwan Province of China","TW","TWN",65,"2014",4,"Median",2,"Female",67,15,19,"15-19",100,"Married or in a union women",1,"Model-based Estimates",2,"Interpolation",1.15
44,"Currently married by age of woman (Percent)","Currently married by age of woman (Percent)","Estimates and Projections of Women of Reproductive Age Who Are Married or in a Union 2024",2024,"United Nations Population Division",158,"China, Taiwan Province of China","TW","TWN",66,"2015",4,"Median",2,"Female",67,15,19,"15-19",100,"Married or in a union women",1,"Model-based Estimates",2,"Interpolation",1.08
44,"Currently married by age of woman (Percent)","Currently married by age of woman (Percent)","Estimates and Projections of Women of Reproductive Age Who Are Married or in a Union 2024",2024,"United Nations Population Division",158,"China, Taiwan Province of China","TW","TWN",67,"2016",4,"Median",2,"Female",67,15,19,"15-19",100,"Married or in a union women",1,"Model-based Estimates",2,"Interpolation",1
44,"Currently married by age of woman (Percent)","Currently married by age of woman (Percent)","Estimates and Projections of Women of Reproductive Age Who Are Married or in a Union 2024",2024,"United Nations Population Division",158,"China, Taiwan Province of China","TW","TWN",68,"2017",4,"Median",2,"Female",67,15,19,"15-19",100,"Married or in a union women",1,"Model-based Estimates",2,"Interpolation",0.93
44,"Currently married by age of woman (Percent)","Currently married by age of woman (Percent)","Estimates and Projections of Women of Reproductive Age Who Are Married or in a Union 2024",2024,"United Nations Population Division",158,"China, Taiwan Province of China","TW","TWN",69,"2018",4,"Median",2,"Female",67,15,19,"15-19",100,"Married or in a union women",1,"Model-based Estimates",2,"Interpolation",0.85
44,"Currently married by age of woman (Percent)","Currently married by age of woman (Percent)","Estimates and Projections of Women of Reproductive Age Who Are Married or in a Union 2024",2024,"United Nations Population Division",158,"China, Taiwan Province of China","TW","TWN",70,"2019",4,"Median",2,"Female",67,15,19,"15-19",100,"Married or in a union women",1,"Model-based Estimates",2,"Interpolation",0.77
44,"Currently married by age of woman (Percent)","Currently married by age of woman (Percent)","Estimates and Projections of Women of Reproductive Age Who Are Married or in a Union 2024",2024,"United Nations Population Division",158,"China, Taiwan Province of China","TW","TWN",71,"2020",4,"Median",2,"Female",67,15,19,"15-19",100,"Married or in a union women",1,"Model-based Estimates",2,"Interpolation",0.7
44,"Currently married by age of woman (Percent)","Currently married by age of woman (Percent)","Estimates and Projections of Women of Reproductive Age Who Are Married or in a Union 2024",2024,"United Nations Population Division",158,"China, Taiwan Province of China","TW","TWN",72,"2021",4,"Median",2,"Female",67,15,19,"15-19",100,"Married or in a union women",1,"Model-based Estimates",3,"Projection",0.66
44,"Currently married by age of woman (Percent)","Currently married by age of woman (Percent)","Estimates and Projections of Women of Reproductive Age Who Are Married or in a Union 2024",2024,"United Nations Population Division",158,"China, Taiwan Province of China","TW","TWN",73,"2022",4,"Median",2,"Female",67,15,19,"15-19",100,"Married or in a union women",1,"Model-based Estimates",3,"Projection",0.63
44,"Currently married by age of woman (Percent)","Currently married by age of woman (Percent)","Estimates and Projections of Women of Reproductive Age Who Are Married or in a Union 2024",2024,"United Nations Population Division",196,"Cyprus","CY","CYP",59,"2008",4,"Median",2,"Female",67,15,19,"15-19",100,"Married or in a union women",1,"Model-based Estimates",2,"Interpolation",1.66
44,"Currently married by age of woman (Percent)","Currently married by age of woman (Percent)","Estimates and Projections of Women of Reproductive Age Who Are Married or in a Union 2024",2024,"United Nations Population Division",196,"Cyprus","CY","CYP",60,"2009",4,"Median",2,"Female",67,15,19,"15-19",100,"Married or in a union women",1,"Model-based Estimates",2,"Interpolation",1.6
44,"Currently married by age of woman (Percent)","Currently married by age of woman (Percent)","Estimates and Projections of Women of Reproductive Age Who Are Married or in a Union 2024",2024,"United Nations Population Division",196,"Cyprus","CY","CYP",61,"2010",4,"Median",2,"Female",67,15,19,"15-19",100,"Married or in a union women",1,"Model-based Estimates",2,"Interpolation",1.54
44,"Currently married by age of woman (Percent)","Currently married by age of woman (Percent)","Estimates and Projections of Women of Reproductive Age Who Are Married or in a Union 2024",2024,"United Nations Population Division",196,"Cyprus","CY","CYP",62,"2011",4,"Median",2,"Female",67,15,19,"15-19",100,"Married or in a union women",1,"Model-based Estimates",2,"Interpolation",1.48
44,"Currently married by age of woman (Percent)","Currently married by age of woman (Percent)","Estimates and Projections of Women of Reproductive Age Who Are Married or in a Union 2024",2024,"United Nations Population Division",196,"Cyprus","CY","CYP",63,"2012",4,"Median",2,"Female",67,15,19,"15-19",100,"Married or in a union women",1,"Model-based Estimates",3,"Projection",1.44
44,"Currently married by age of woman (Percent)","Currently married by age of woman (Percent)","Estimates and Projections of Women of Reproductive Age Who Are Married or in a Union 2024",2024,"United Nations Population Division",196,"Cyprus","CY","CYP",64,"2013",4,"Median",2,"Female",67,15,19,"15-19",100,"Married or in a union women",1,"Model-based Estimates",3,"Projection",1.41
44,"Currently married by age of woman (Percent)","Currently married by age of woman (Percent)","Estimates and Projections of Women of Reproductive Age Who Are Married or in a Union 2024",2024,"United Nations Population Division",196,"Cyprus","CY","CYP",65,"2014",4,"Median",2,"Female",67,15,19,"15-19",100,"Married or in a union women",1,"Model-based Estimates",3,"Projection",1.38
44,"Currently married by age of woman (Percent)","Currently married by age of woman (Percent)","Estimates and Projections of Women of Reproductive Age Who Are Married or in a Union 2024",2024,"United Nations Population Division",196,"Cyprus","CY","CYP",66,"2015",4,"Median",2,"Female",67,15,19,"15-19",100,"Married or in a union women",1,"Model-based Estimates",3,"Projection",1.36
44,"Currently married by age of woman (Percent)","Currently married by age of woman (Percent)","Estimates and Projections of Women of Reproductive Age Who Are Married or in a Union 2024",2024,"United Nations Population Division",196,"Cyprus","CY","CYP",67,"2016",4,"Median",2,"Female",67,15,19,"15-19",100,"Married or in a union women",1,"Model-based Estimates",3,"Projection",1.34
44,"Currently married by age of woman (Percent)","Currently married by age of woman (Percent)","Estimates and Projections of Women of Reproductive Age Who Are Married or in a Union 2024",2024,"United Nations Population Division",196,"Cyprus","CY","CYP",68,"2017",4,"Median",2,"Female",67,15,19,"15-19",100,"Married or in a union women",1,"Model-based Estimates",3,"Projection",1.32
44,"Currently married by age of woman (Percent)","Currently married by age of woman (Percent)","Estimates and Projections of Women of Reproductive Age Who Are Married or in a Union 2024",2024,"United Nations Population Division",196,"Cyprus","CY","CYP",69,"2018",4,"Median",2,"Female",67,15,19,"15-19",100,"Married or in a union women",1,"Model-based Estimates",3,"Projection",1.3
44,"Currently married by age of woman (Percent)","Currently married by age of woman (Percent)","Estimates and Projections of Women of Reproductive Age Who Are Married or in a Union 2024",2024,"United Nations Population Division",196,"Cyprus","CY","CYP",70,"2019",4,"Median",2,"Female",67,15,19,"15-19",100,"Married or in a union women",1,"Model-based Estimates",3,"Projection",1.29
44,"Currently married by age of woman (Percent)","Currently married by age of woman (Percent)","Estimates and Projections of Women of Reproductive Age Who Are Married or in a Union 2024",2024,"United Nations Population Division",196,"Cyprus","CY","CYP",71,"2020",4,"Median",2,"Female",67,15,19,"15-19",100,"Married or in a union women",1,"Model-based Estimates",3,"Projection",1.28
44,"Currently married by age of woman (Percent)","Currently married by age of woman (Percent)","Estimates and Projections of Women of Reproductive Age Who Are Married or in a Union 2024",2024,"United Nations Population Division",196,"Cyprus","CY","CYP",72,"2021",4,"Median",2,"Female",67,15,19,"15-19",100,"Married or in a union women",1,"Model-based Estimates",3,"Projection",1.27
44,"Currently married by age of woman (Percent)","Currently married by age of woman (Percent)","Estimates and Projections of Women of Reproductive Age Who Are Married or in a Union 2024",2024,"United Nations Population Division",196,"Cyprus","CY","CYP",73,"2022",4,"Median",2,"Female",67,15,19,"15-19",100,"Married or in a union women",1,"Model-based Estimates",3,"Projection",1.27
44,"Currently married by age of woman (Percent)","Currently married by age of woman (Percent)","Estimates and Projections of Women of Reproductive Age Who Are Married or in a Union 2024",2024,"United Nations Population Division",268,"Georgia","GE","GEO",59,"2008",4,"Median",2,"Female",67,15,19,"15-19",100,"Married or in a union women",1,"Model-based Estimates",2,"Interpolation",6.39
44,"Currently married by age of woman (Percent)","Currently married by age of woman (Percent)","Estimates and Projections of Women of Reproductive Age Who Are Married or in a Union 2024",2024,"United Nations Population Division",268,"Georgia","GE","GEO",60,"2009",4,"Median",2,"Female",67,15,19,"15-19",100,"Married or in a union women",1,"Model-based Estimates",2,"Interpolation",6.24
44,"Currently married by age of woman (Percent)","Currently married by age of woman (Percent)","Estimates and Projections of Women of Reproductive Age Who Are Married or in a Union 2024",2024,"United Nations Population Division",268,"Georgia","GE","GEO",61,"2010",4,"Median",2,"Female",67,15,19,"15-19",100,"Married or in a union women",1,"Model-based Estimates",2,"Interpolation",6.09
44,"Currently married by age of woman (Percent)","Currently married by age of woman (Percent)","Estimates and Projections of Women of Reproductive Age Who Are Married or in a Union 2024",2024,"United Nations Population Division",268,"Georgia","GE","GEO",62,"2011",4,"Median",2,"Female",67,15,19,"15-19",100,"Married or in a union women",1,"Model-based Estimates",2,"Interpolation",5.94
44,"Currently married by age of woman (Percent)","Currently married by age of woman (Percent)","Estimates and Projections of Women of Reproductive Age Who Are Married or in a Union 2024",2024,"United Nations Population Division",268,"Georgia","GE","GEO",63,"2012",4,"Median",2,"Female",67,15,19,"15-19",100,"Married or in a union women",1,"Model-based Estimates",2,"Interpolation",5.8
44,"Currently married by age of woman (Percent)","Currently married by age of woman (Percent)","Estimates and Projections of Women of Reproductive Age Who Are Married or in a Union 2024",2024,"United Nations Population Division",268,"Georgia","GE","GEO",64,"2013",4,"Median",2,"Female",67,15,19,"15-19",100,"Married or in a union women",1,"Model-based Estimates",2,"Interpolation",5.65
44,"Currently married by age of woman (Percent)","Currently married by age of woman (Percent)","Estimates and Projections of Women of Reproductive Age Who Are Married or in a Union 2024",2024,"United Nations Population Division",268,"Georgia","GE","GEO",65,"2014",4,"Median",2,"Female",67,15,19,"15-19",100,"Married or in a union women",1,"Model-based Estimates",2,"Interpolation",5.5
44,"Currently married by age of woman (Percent)","Currently married by age of woman (Percent)","Estimates and Projections of Women of Reproductive Age Who Are Married or in a Union 2024",2024,"United Nations Population Division",268,"Georgia","GE","GEO",66,"2015",4,"Median",2,"Female",67,15,19,"15-19",100,"Married or in a union women",1,"Model-based Estimates",2,"Interpolation",5.4
44,"Currently married by age of woman (Percent)","Currently married by age of woman (Percent)","Estimates and Projections of Women of Reproductive Age Who Are Married or in a Union 2024",2024,"United Nations Population Division",268,"Georgia","GE","GEO",67,"2016",4,"Median",2,"Female",67,15,19,"15-19",100,"Married or in a union women",1,"Model-based Estimates",2,"Interpolation",5.31
44,"Currently married by age of woman (Percent)","Currently married by age of woman (Percent)","Estimates and Projections of Women of Reproductive Age Who Are Married or in a Union 2024",2024,"United Nations Population Division",268,"Georgia","GE","GEO",68,"2017",4,"Median",2,"Female",67,15,19,"15-19",100,"Married or in a union women",1,"Model-based Estimates",2,"Interpolation",5.22
44,"Currently married by age of woman (Percent)","Currently married by age of woman (Percent)","Estimates and Projections of Women of Reproductive Age Who Are Married or in a Union 2024",2024,"United Nations Population Division",268,"Georgia","GE","GEO",69,"2018",4,"Median",2,"Female",67,15,19,"15-19",100,"Married or in a union women",1,"Model-based Estimates",2,"Interpolation",5.14
44,"Currently married by age of woman (Percent)","Currently married by age of woman (Percent)","Estimates and Projections of Women of Reproductive Age Who Are Married or in a Union 2024",2024,"United Nations Population Division",268,"Georgia","GE","GEO",70,"2019",4,"Median",2,"Female",67,15,19,"15-19",100,"Married or in a union women",1,"Model-based Estimates",3,"Projection",5.06
44,"Currently married by age of woman (Percent)","Currently married by age of woman (Percent)","Estimates and Projections of Women of Reproductive Age Who Are Married or in a Union 2024",2024,"United Nations Population Division",268,"Georgia","GE","GEO",71,"2020",4,"Median",2,"Female",67,15,19,"15-19",100,"Married or in a union women",1,"Model-based Estimates",3,"Projection",4.99
44,"Currently married by age of woman (Percent)","Currently married by age of woman (Percent)","Estimates and Projections of Women of Reproductive Age Who Are Married or in a Union 2024",2024,"United Nations Population Division",268,"Georgia","GE","GEO",72,"2021",4,"Median",2,"Female",67,15,19,"15-19",100,"Married or in a union women",1,"Model-based Estimates",3,"Projection",4.92
44,"Currently married by age of woman (Percent)","Currently married by age of woman (Percent)","Estimates and Projections of Women of Reproductive Age Who Are Married or in a Union 2024",2024,"United Nations Population Division",268,"Georgia","GE","GEO",73,"2022",4,"Median",2,"Female",67,15,19,"15-19",100,"Married or in a union women",1,"Model-based Estimates",3,"Projection",4.86
44,"Currently married by age of woman (Percent)","Currently married by age of woman (Percent)","Estimates and Projections of Women of Reproductive Age Who Are Married or in a Union 2024",2024,"United Nations Population Division",275,"State of Palestine","PS","PSE",59,"2008",4,"Median",2,"Female",67,15,19,"15-19",100,"Married or in a union women",1,"Model-based Estimates",2,"Interpolation",17.83
44,"Currently married by age of woman (Percent)","Currently married by age of woman (Percent)","Estimates and Projections of Women of Reproductive Age Who Are Married or in a Union 2024",2024,"United Nations Population Division",275,"State of Palestine","PS","PSE",60,"2009",4,"Median",2,"Female",67,15,19,"15-19",100,"Married or in a union women",1,"Model-based Estimates",2,"Interpolation",17.01
44,"Currently married by age of woman (Percent)","Currently married by age of woman (Percent)","Estimates and Projections of Women of Reproductive Age Who Are Married or in a Union 2024",2024,"United Nations Population Division",275,"State of Palestine","PS","PSE",61,"2010",4,"Median",2,"Female",67,15,19,"15-19",100,"Married or in a union women",1,"Model-based Estimates",2,"Interpolation",16.18
44,"Currently married by age of woman (Percent)","Currently married by age of woman (Percent)","Estimates and Projections of Women of Reproductive Age Who Are Married or in a Union 2024",2024,"United Nations Population Division",275,"State of Palestine","PS","PSE",62,"2011",4,"Median",2,"Female",67,15,19,"15-19",100,"Married or in a union women",1,"Model-based Estimates",2,"Interpolation",15.36
44,"Currently married by age of woman (Percent)","Currently married by age of woman (Percent)","Estimates and Projections of Women of Reproductive Age Who Are Married or in a Union 2024",2024,"United Nations Population Division",275,"State of Palestine","PS","PSE",63,"2012",4,"Median",2,"Female",67,15,19,"15-19",100,"Married or in a union women",1,"Model-based Estimates",2,"Interpolation",14.53
44,"Currently married by age of woman (Percent)","Currently married by age of woman (Percent)","Estimates and Projections of Women of Reproductive Age Who Are Married or in a Union 2024",2024,"United Nations Population Division",275,"State of Palestine","PS","PSE",64,"2013",4,"Median",2,"Female",67,15,19,"15-19",100,"Married or in a union women",1,"Model-based Estimates",2,"Interpolation",13.71
44,"Currently married by age of woman (Percent)","Currently married by age of woman (Percent)","Estimates and Projections of Women of Reproductive Age Who Are Married or in a Union 2024",2024,"United Nations Population Division",275,"State of Palestine","PS","PSE",65,"2014",4,"Median",2,"Female",67,15,19,"15-19",100,"Married or in a union women",1,"Model-based Estimates",2,"Interpolation",12.89
44,"Currently married by age of woman (Percent)","Currently married by age of woman (Percent)","Estimates and Projections of Women of Reproductive Age Who Are Married or in a Union 2024",2024,"United Nations Population Division",275,"State of Palestine","PS","PSE",66,"2015",4,"Median",2,"Female",67,15,19,"15-19",100,"Married or in a union women",1,"Model-based Estimates",2,"Interpolation",12.06
44,"Currently married by age of woman (Percent)","Currently married by age of woman (Percent)","Estimates and Projections of Women of Reproductive Age Who Are Married or in a Union 2024",2024,"United Nations Population Division",275,"State of Palestine","PS","PSE",67,"2016",4,"Median",2,"Female",67,15,19,"15-19",100,"Married or in a union women",1,"Model-based Estimates",2,"Interpolation",11.24
44,"Currently married by age of woman (Percent)","Currently married by age of woman (Percent)","Estimates and Projections of Women of Reproductive Age Who Are Married or in a Union 2024",2024,"United Nations Population Division",275,"State of Palestine","PS","PSE",68,"2017",4,"Median",2,"Female",67,15,19,"15-19",100,"Married or in a union women",1,"Model-based Estimates",2,"Interpolation",10.41
44,"Currently married by age of woman (Percent)","Currently married by age of woman (Percent)","Estimates and Projections of Women of Reproductive Age Who Are Married or in a Union 2024",2024,"United Nations Population Division",275,"State of Palestine","PS","PSE",69,"2018",4,"Median",2,"Female",67,15,19,"15-19",100,"Married or in a union women",1,"Model-based Estimates",2,"Interpolation",9.59
44,"Currently married by age of woman (Percent)","Currently married by age of woman (Percent)","Estimates and Projections of Women of Reproductive Age Who Are Married or in a Union 2024",2024,"United Nations Population Division",275,"State of Palestine","PS","PSE",70,"2019",4,"Median",2,"Female",67,15,19,"15-19",100,"Married or in a union women",1,"Model-based Estimates",2,"Interpolation",8.76
44,"Currently married by age of woman (Percent)","Currently married by age of woman (Percent)","Estimates and Projections of Women of Reproductive Age Who Are Married or in a Union 2024",2024,"United Nations Population Division",275,"State of Palestine","PS","PSE",71,"2020",4,"Median",2,"Female",67,15,19,"15-19",100,"Married or in a union women",1,"Model-based Estimates",2,"Interpolation",7.94
44,"Currently married by age of woman (Percent)","Currently married by age of woman (Percent)","Estimates and Projections of Women of Reproductive Age Who Are Married or in a Union 2024",2024,"United Nations Population Division",275,"State of Palestine","PS","PSE",72,"2021",4,"Median",2,"Female",67,15,19,"15-19",100,"Married or in a union women",1,"Model-based Estimates",3,"Projection",7.5
44,"Currently married by age of woman (Percent)","Currently married by age of woman (Percent)","Estimates and Projections of Women of Reproductive Age Who Are Married or in a Union 2024",2024,"United Nations Population Division",275,"State of Palestine","PS","PSE",73,"2022",4,"Median",2,"Female",67,15,19,"15-19",100,"Married or in a union women",1,"Model-based Estimates",3,"Projection",7.1
44,"Currently married by age of woman (Percent)","Currently married by age of woman (Percent)","Estimates and Projections of Women of Reproductive Age Who Are Married or in a Union 2024",2024,"United Nations Population Division",344,"China, Hong Kong SAR","HK","HKG",59,"2008",4,"Median",2,"Female",67,15,19,"15-19",100,"Married or in a union women",1,"Model-based Estimates",2,"Interpolation",0.41
44,"Currently married by age of woman (Percent)","Currently married by age of woman (Percent)","Estimates and Projections of Women of Reproductive Age Who Are Married or in a Union 2024",2024,"United Nations Population Division",344,"China, Hong Kong SAR","HK","HKG",60,"2009",4,"Median",2,"Female",67,15,19,"15-19",100,"Married or in a union women",1,"Model-based Estimates",2,"Interpolation",0.43
44,"Currently married by age of woman (Percent)","Currently married by age of woman (Percent)","Estimates and Projections of Women of Reproductive Age Who Are Married or in a Union 2024",2024,"United Nations Population Division",344,"China, Hong Kong SAR","HK","HKG",61,"2010",4,"Median",2,"Female",67,15,19,"15-19",100,"Married or in a union women",1,"Model-based Estimates",2,"Interpolation",0.45
44,"Currently married by age of woman (Percent)","Currently married by age of woman (Percent)","Estimates and Projections of Women of Reproductive Age Who Are Married or in a Union 2024",2024,"United Nations Population Division",344,"China, Hong Kong SAR","HK","HKG",62,"2011",4,"Median",2,"Female",67,15,19,"15-19",100,"Married or in a union women",1,"Model-based Estimates",2,"Interpolation",0.47
44,"Currently married by age of woman (Percent)","Currently married by age of woman (Percent)","Estimates and Projections of Women of Reproductive Age Who Are Married or in a Union 2024",2024,"United Nations Population Division",344,"China, Hong Kong SAR","HK","HKG",63,"2012",4,"Median",2,"Female",67,15,19,"15-19",100,"Married or in a union women",1,"Model-based Estimates",2,"Interpolation",0.49
44,"Currently married by age of woman (Percent)","Currently married by age of woman (Percent)","Estimates and Projections of Women of Reproductive Age Who Are Married or in a Union 2024",2024,"United Nations Population Division",344,"China, Hong Kong SAR","HK","HKG",64,"2013",4,"Median",2,"Female",67,15,19,"15-19",100,"Married or in a union women",1,"Model-based Estimates",2,"Interpolation",0.51
44,"Currently married by age of woman (Percent)","Currently married by age of woman (Percent)","Estimates and Projections of Women of Reproductive Age Who Are Married or in a Union 2024",2024,"United Nations Population Division",344,"China, Hong Kong SAR","HK","HKG",65,"2014",4,"Median",2,"Female",67,15,19,"15-19",100,"Married or in a union women",1,"Model-based Estimates",2,"Interpolation",0.53
44,"Currently married by age of woman (Percent)","Currently married by age of woman (Percent)","Estimates and Projections of Women of Reproductive Age Who Are Married or in a Union 2024",2024,"United Nations Population Division",344,"China, Hong Kong SAR","HK","HKG",66,"2015",4,"Median",2,"Female",67,15,19,"15-19",100,"Married or in a union women",1,"Model-based Estimates",2,"Interpolation",0.55
44,"Currently married by age of woman (Percent)","Currently married by age of woman (Percent)","Estimates and Projections of Women of Reproductive Age Who Are Married or in a Union 2024",2024,"United Nations Population Division",344,"China, Hong Kong SAR","HK","HKG",67,"2016",4,"Median",2,"Female",67,15,19,"15-19",100,"Married or in a union women",1,"Model-based Estimates",2,"Interpolation",0.57
44,"Currently married by age of woman (Percent)","Currently married by age of woman (Percent)","Estimates and Projections of Women of Reproductive Age Who Are Married or in a Union 2024",2024,"United Nations Population Division",344,"China, Hong Kong SAR","HK","HKG",68,"2017",4,"Median",2,"Female",67,15,19,"15-19",100,"Married or in a union women",1,"Model-based Estimates",2,"Interpolation",0.59
44,"Currently married by age of woman (Percent)","Currently married by age of woman (Percent)","Estimates and Projections of Women of Reproductive Age Who Are Married or in a Union 2024",2024,"United Nations Population Division",344,"China, Hong Kong SAR","HK","HKG",69,"2018",4,"Median",2,"Female",67,15,19,"15-19",100,"Married or in a union women",1,"Model-based Estimates",2,"Interpolation",0.61
44,"Currently married by age of woman (Percent)","Currently married by age of woman (Percent)","Estimates and Projections of Women of Reproductive Age Who Are Married or in a Union 2024",2024,"United Nations Population Division",344,"China, Hong Kong SAR","HK","HKG",70,"2019",4,"Median",2,"Female",67,15,19,"15-19",100,"Married or in a union women",1,"Model-based Estimates",2,"Interpolation",0.63
44,"Currently married by age of woman (Percent)","Currently married by age of woman (Percent)","Estimates and Projections of Women of Reproductive Age Who Are Married or in a Union 2024",2024,"United Nations Population Division",344,"China, Hong Kong SAR","HK","HKG",71,"2020",4,"Median",2,"Female",67,15,19,"15-19",100,"Married or in a union women",1,"Model-based Estimates",2,"Interpolation",0.65
44,"Currently married by age of woman (Percent)","Currently married by age of woman (Percent)","Estimates and Projections of Women of Reproductive Age Who Are Married or in a Union 2024",2024,"United Nations Population Division",344,"China, Hong Kong SAR","HK","HKG",72,"2021",4,"Median",2,"Female",67,15,19,"15-19",100,"Married or in a union women",1,"Model-based Estimates",2,"Interpolation",0.67
44,"Currently married by age of woman (Percent)","Currently married by age of woman (Percent)","Estimates and Projections of Women of Reproductive Age Who Are Married or in a Union 2024",2024,"United Nations Population Division",344,"China, Hong Kong SAR","HK","HKG",73,"2022",4,"Median",2,"Female",67,15,19,"15-19",100,"Married or in a union women",1,"Model-based Estimates",3,"Projection",0.7
44,"Currently married by age of woman (Percent)","Currently married by age of woman (Percent)","Estimates and Projections of Women of Reproductive Age Who Are Married or in a Union 2024",2024,"United Nations Population Division",356,"India","IN","IND",59,"2008",4,"Median",2,"Female",67,15,19,"15-19",100,"Married or in a union women",1,"Model-based Estimates",2,"Interpolation",22.03
44,"Currently married by age of woman (Percent)","Currently married by age of woman (Percent)","Estimates and Projections of Women of Reproductive Age Who Are Married or in a Union 2024",2024,"United Nations Population Division",356,"India","IN","IND",60,"2009",4,"Median",2,"Female",67,15,19,"15-19",100,"Married or in a union women",1,"Model-based Estimates",2,"Interpolation",21.29
44,"Currently married by age of woman (Percent)","Currently married by age of woman (Percent)","Estimates and Projections of Women of Reproductive Age Who Are Married or in a Union 2024",2024,"United Nations Population Division",356,"India","IN","IND",61,"2010",4,"Median",2,"Female",67,15,19,"15-19",100,"Married or in a union women",1,"Model-based Estimates",2,"Interpolation",20.56
44,"Currently married by age of woman (Percent)","Currently married by age of woman (Percent)","Estimates and Projections of Women of Reproductive Age Who Are Married or in a Union 2024",2024,"United Nations Population Division",356,"India","IN","IND",62,"2011",4,"Median",2,"Female",67,15,19,"15-19",100,"Married or in a union women",1,"Model-based Estimates",2,"Interpolation",19.82
44,"Currently married by age of woman (Percent)","Currently married by age of woman (Percent)","Estimates and Projections of Women of Reproductive Age Who Are Married or in a Union 2024",2024,"United Nations Population Division",356,"India","IN","IND",63,"2012",4,"Median",2,"Female",67,15,19,"15-19",100,"Married or in a union women",1,"Model-based Estimates",2,"Interpolation",19.09
44,"Currently married by age of woman (Percent)","Currently married by age of woman (Percent)","Estimates and Projections of Women of Reproductive Age Who Are Married or in a Union 2024",2024,"United Nations Population Division",356,"India","IN","IND",64,"2013",4,"Median",2,"Female",67,15,19,"15-19",100,"Married or in a union women",1,"Model-based Estimates",2,"Interpolation",18.35
44,"Currently married by age of woman (Percent)","Currently married by age of woman (Percent)","Estimates and Projections of Women of Reproductive Age Who Are Married or in a Union 2024",2024,"United Nations Population Division",356,"India","IN","IND",65,"2014",4,"Median",2,"Female",67,15,19,"15-19",100,"Married or in a union women",1,"Model-based Estimates",2,"Interpolation",17.61
44,"Currently married by age of woman (Percent)","Currently married by age of woman (Percent)","Estimates and Projections of Women of Reproductive Age Who Are Married or in a Union 2024",2024,"United Nations Population Division",356,"India","IN","IND",66,"2015",4,"Median",2,"Female",67,15,19,"15-19",100,"Married or in a union women",1,"Model-based Estimates",2,"Interpolation",16.88
44,"Currently married by age of woman (Percent)","Currently married by age of woman (Percent)","Estimates and Projections of Women of Reproductive Age Who Are Married or in a Union 2024",2024,"United Nations Population Division",356,"India","IN","IND",67,"2016",4,"Median",2,"Female",67,15,19,"15-19",100,"Married or in a union women",1,"Model-based Estimates",2,"Interpolation",16.14
44,"Currently married by age of woman (Percent)","Currently married by age of woman (Percent)","Estimates and Projections of Women of Reproductive Age Who Are Married or in a Union 2024",2024,"United Nations Population Division",356,"India","IN","IND",68,"2017",4,"Median",2,"Female",67,15,19,"15-19",100,"Married or in a union women",1,"Model-based Estimates",2,"Interpolation",15.41
44,"Currently married by age of woman (Percent)","Currently married by age of woman (Percent)","Estimates and Projections of Women of Reproductive Age Who Are Married or in a Union 2024",2024,"United Nations Population Division",356,"India","IN","IND",69,"2018",4,"Median",2,"Female",67,15,19,"15-19",100,"Married or in a union women",1,"Model-based Estimates",2,"Interpolation",14.67
44,"Currently married by age of woman (Percent)","Currently married by age of woman (Percent)","Estimates and Projections of Women of Reproductive Age Who Are Married or in a Union 2024",2024,"United Nations Population Division",356,"India","IN","IND",70,"2019",4,"Median",2,"Female",67,15,19,"15-19",100,"Married or in a union women",1,"Model-based Estimates",2,"Interpolation",13.94
44,"Currently married by age of woman (Percent)","Currently married by age of woman (Percent)","Estimates and Projections of Women of Reproductive Age Who Are Married or in a Union 2024",2024,"United Nations Population Division",356,"India","IN","IND",71,"2020",4,"Median",2,"Female",67,15,19,"15-19",100,"Married or in a union women",1,"Model-based Estimates",2,"Interpolation",13.2
44,"Currently married by age of woman (Percent)","Currently married by age of woman (Percent)","Estimates and Projections of Women of Reproductive Age Who Are Married or in a Union 2024",2024,"United Nations Population Division",356,"India","IN","IND",72,"2021",4,"Median",2,"Female",67,15,19,"15-19",100,"Married or in a union women",1,"Model-based Estimates",3,"Projection",12.64
44,"Currently married by age of woman (Percent)","Currently married by age of woman (Percent)","Estimates and Projections of Women of Reproductive Age Who Are Married or in a Union 2024",2024,"United Nations Population Division",356,"India","IN","IND",73,"2022",4,"Median",2,"Female",67,15,19,"15-19",100,"Married or in a union women",1,"Model-based Estimates",3,"Projection",12.12
44,"Currently married by age of woman (Percent)","Currently married by age of woman (Percent)","Estimates and Projections of Women of Reproductive Age Who Are Married or in a Union 2024",2024,"United Nations Population Division",360,"Indonesia","ID","IDN",59,"2008",4,"Median",2,"Female",67,15,19,"15-19",100,"Married or in a union women",1,"Model-based Estimates",2,"Interpolation",12.49
44,"Currently married by age of woman (Percent)","Currently married by age of woman (Percent)","Estimates and Projections of Women of Reproductive Age Who Are Married or in a Union 2024",2024,"United Nations Population Division",360,"Indonesia","ID","IDN",60,"2009",4,"Median",2,"Female",67,15,19,"15-19",100,"Married or in a union women",1,"Model-based Estimates",2,"Interpolation",12.14
44,"Currently married by age of woman (Percent)","Currently married by age of woman (Percent)","Estimates and Projections of Women of Reproductive Age Who Are Married or in a Union 2024",2024,"United Nations Population Division",360,"Indonesia","ID","IDN",61,"2010",4,"Median",2,"Female",67,15,19,"15-19",100,"Married or in a union women",1,"Model-based Estimates",2,"Interpolation",11.8
44,"Currently married by age of woman (Percent)","Currently married by age of woman (Percent)","Estimates and Projections of Women of Reproductive Age Who Are Married or in a Union 2024",2024,"United Nations Population Division",360,"Indonesia","ID","IDN",62,"2011",4,"Median",2,"Female",67,15,19,"15-19",100,"Married or in a union women",1,"Model-based Estimates",2,"Interpolation",11.46
44,"Currently married by age of woman (Percent)","Currently married by age of woman (Percent)","Estimates and Projections of Women of Reproductive Age Who Are Married or in a Union 2024",2024,"United Nations Population Division",360,"Indonesia","ID","IDN",63,"2012",4,"Median",2,"Female",67,15,19,"15-19",100,"Married or in a union women",1,"Model-based Estimates",2,"Interpolation",11.11
44,"Currently married by age of woman (Percent)","Currently married by age of woman (Percent)","Estimates and Projections of Women of Reproductive Age Who Are Married or in a Union 2024",2024,"United Nations Population Division",360,"Indonesia","ID","IDN",64,"2013",4,"Median",2,"Female",67,15,19,"15-19",100,"Married or in a union women",1,"Model-based Estimates",2,"Interpolation",10.77
44,"Currently married by age of woman (Percent)","Currently married by age of woman (Percent)","Estimates and Projections of Women of Reproductive Age Who Are Married or in a Union 2024",2024,"United Nations Population Division",360,"Indonesia","ID","IDN",65,"2014",4,"Median",2,"Female",67,15,19,"15-19",100,"Married or in a union women",1,"Model-based Estimates",2,"Interpolation",10.43
44,"Currently married by age of woman (Percent)","Currently married by age of woman (Percent)","Estimates and Projections of Women of Reproductive Age Who Are Married or in a Union 2024",2024,"United Nations Population Division",360,"Indonesia","ID","IDN",66,"2015",4,"Median",2,"Female",67,15,19,"15-19",100,"Married or in a union women",1,"Model-based Estimates",2,"Interpolation",10.09
44,"Currently married by age of woman (Percent)","Currently married by age of woman (Percent)","Estimates and Projections of Women of Reproductive Age Who Are Married or in a Union 2024",2024,"United Nations Population Division",360,"Indonesia","ID","IDN",67,"2016",4,"Median",2,"Female",67,15,19,"15-19",100,"Married or in a union women",1,"Model-based Estimates",2,"Interpolation",9.74
44,"Currently married by age of woman (Percent)","Currently married by age of woman (Percent)","Estimates and Projections of Women of Reproductive Age Who Are Married or in a Union 2024",2024,"United Nations Population Division",360,"Indonesia","ID","IDN",68,"2017",4,"Median",2,"Female",67,15,19,"15-19",100,"Married or in a union women",1,"Model-based Estimates",2,"Interpolation",9.4
44,"Currently married by age of woman (Percent)","Currently married by age of woman (Percent)","Estimates and Projections of Women of Reproductive Age Who Are Married or in a Union 2024",2024,"United Nations Population Division",360,"Indonesia","ID","IDN",69,"2018",4,"Median",2,"Female",67,15,19,"15-19",100,"Married or in a union women",1,"Model-based Estimates",2,"Interpolation",9.12
44,"Currently married by age of woman (Percent)","Currently married by age of woman (Percent)","Estimates and Projections of Women of Reproductive Age Who Are Married or in a Union 2024",2024,"United Nations Population Division",360,"Indonesia","ID","IDN",70,"2019",4,"Median",2,"Female",67,15,19,"15-19",100,"Married or in a union women",1,"Model-based Estimates",2,"Interpolation",8.86
44,"Currently married by age of woman (Percent)","Currently married by age of woman (Percent)","Estimates and Projections of Women of Reproductive Age Who Are Married or in a Union 2024",2024,"United Nations Population Division",360,"Indonesia","ID","IDN",71,"2020",4,"Median",2,"Female",67,15,19,"15-19",100,"Married or in a union women",1,"Model-based Estimates",2,"Interpolation",8.61
44,"Currently married by age of woman (Percent)","Currently married by age of woman (Percent)","Estimates and Projections of Women of Reproductive Age Who Are Married or in a Union 2024",2024,"United Nations Population Division",360,"Indonesia","ID","IDN",72,"2021",4,"Median",2,"Female",67,15,19,"15-19",100,"Married or in a union women",1,"Model-based Estimates",2,"Interpolation",8.37
44,"Currently married by age of woman (Percent)","Currently married by age of woman (Percent)","Estimates and Projections of Women of Reproductive Age Who Are Married or in a Union 2024",2024,"United Nations Population Division",360,"Indonesia","ID","IDN",73,"2022",4,"Median",2,"Female",67,15,19,"15-19",100,"Married or in a union women",1,"Model-based Estimates",2,"Interpolation",8.15
44,"Currently married by age of woman (Percent)","Currently married by age of woman (Percent)","Estimates and Projections of Women of Reproductive Age Who Are Married or in a Union 2024",2024,"United Nations Population Division",364,"Iran (Islamic Republic of)","IR","IRN",59,"2008",4,"Median",2,"Female",67,15,19,"15-19",100,"Married or in a union women",1,"Model-based Estimates",2,"Interpolation",24.39
44,"Currently married by age of woman (Percent)","Currently married by age of woman (Percent)","Estimates and Projections of Women of Reproductive Age Who Are Married or in a Union 2024",2024,"United Nations Population Division",364,"Iran (Islamic Republic of)","IR","IRN",60,"2009",4,"Median",2,"Female",67,15,19,"15-19",100,"Married or in a union women",1,"Model-based Estimates",2,"Interpolation",23.97
44,"Currently married by age of woman (Percent)","Currently married by age of woman (Percent)","Estimates and Projections of Women of Reproductive Age Who Are Married or in a Union 2024",2024,"United Nations Population Division",364,"Iran (Islamic Republic of)","IR","IRN",61,"2010",4,"Median",2,"Female",67,15,19,"15-19",100,"Married or in a union women",1,"Model-based Estimates",2,"Interpolation",23.55
44,"Currently married by age of woman (Percent)","Currently married by age of woman (Percent)","Estimates and Projections of Women of Reproductive Age Who Are Married or in a Union 2024",2024,"United Nations Population Division",364,"Iran (Islamic Republic of)","IR","IRN",62,"2011",4,"Median",2,"Female",67,15,19,"15-19",100,"Married or in a union women",1,"Model-based Estimates",2,"Interpolation",23.13
44,"Currently married by age of woman (Percent)","Currently married by age of woman (Percent)","Estimates and Projections of Women of Reproductive Age Who Are Married or in a Union 2024",2024,"United Nations Population Division",364,"Iran (Islamic Republic of)","IR","IRN",63,"2012",4,"Median",2,"Female",67,15,19,"15-19",100,"Married or in a union women",1,"Model-based Estimates",2,"Interpolation",22.71
44,"Currently married by age of woman (Percent)","Currently married by age of woman (Percent)","Estimates and Projections of Women of Reproductive Age Who Are Married or in a Union 2024",2024,"United Nations Population Division",364,"Iran (Islamic Republic of)","IR","IRN",64,"2013",4,"Median",2,"Female",67,15,19,"15-19",100,"Married or in a union women",1,"Model-based Estimates",2,"Interpolation",22.28
44,"Currently married by age of woman (Percent)","Currently married by age of woman (Percent)","Estimates and Projections of Women of Reproductive Age Who Are Married or in a Union 2024",2024,"United Nations Population Division",364,"Iran (Islamic Republic of)","IR","IRN",65,"2014",4,"Median",2,"Female",67,15,19,"15-19",100,"Married or in a union women",1,"Model-based Estimates",2,"Interpolation",21.86
44,"Currently married by age of woman (Percent)","Currently married by age of woman (Percent)","Estimates and Projections of Women of Reproductive Age Who Are Married or in a Union 2024",2024,"United Nations Population Division",364,"Iran (Islamic Republic of)","IR","IRN",66,"2015",4,"Median",2,"Female",67,15,19,"15-19",100,"Married or in a union women",1,"Model-based Estimates",2,"Interpolation",21.44
44,"Currently married by age of woman (Percent)","Currently married by age of woman (Percent)","Estimates and Projections of Women of Reproductive Age Who Are Married or in a Union 2024",2024,"United Nations Population Division",364,"Iran (Islamic Republic of)","IR","IRN",67,"2016",4,"Median",2,"Female",67,15,19,"15-19",100,"Married or in a union women",1,"Model-based Estimates",2,"Interpolation",21.02
44,"Currently married by age of woman (Percent)","Currently married by age of woman (Percent)","Estimates and Projections of Women of Reproductive Age Who Are Married or in a Union 2024",2024,"United Nations Population Division",364,"Iran (Islamic Republic of)","IR","IRN",68,"2017",4,"Median",2,"Female",67,15,19,"15-19",100,"Married or in a union women",1,"Model-based Estimates",2,"Interpolation",20.66
44,"Currently married by age of woman (Percent)","Currently married by age of woman (Percent)","Estimates and Projections of Women of Reproductive Age Who Are Married or in a Union 2024",2024,"United Nations Population Division",364,"Iran (Islamic Republic of)","IR","IRN",69,"2018",4,"Median",2,"Female",67,15,19,"15-19",100,"Married or in a union women",1,"Model-based Estimates",2,"Interpolation",20.29
44,"Currently married by age of woman (Percent)","Currently married by age of woman (Percent)","Estimates and Projections of Women of Reproductive Age Who Are Married or in a Union 2024",2024,"United Nations Population Division",364,"Iran (Islamic Republic of)","IR","IRN",70,"2019",4,"Median",2,"Female",67,15,19,"15-19",100,"Married or in a union women",1,"Model-based Estimates",2,"Interpolation",19.92
44,"Currently married by age of woman (Percent)","Currently married by age of woman (Percent)","Estimates and Projections of Women of Reproductive Age Who Are Married or in a Union 2024",2024,"United Nations Population Division",364,"Iran (Islamic Republic of)","IR","IRN",71,"2020",4,"Median",2,"Female",67,15,19,"15-19",100,"Married or in a union women",1,"Model-based Estimates",2,"Interpolation",19.54
44,"Currently married by age of woman (Percent)","Currently married by age of woman (Percent)","Estimates and Projections of Women of Reproductive Age Who Are Married or in a Union 2024",2024,"United Nations Population Division",364,"Iran (Islamic Republic of)","IR","IRN",72,"2021",4,"Median",2,"Female",67,15,19,"15-19",100,"Married or in a union women",1,"Model-based Estimates",2,"Interpolation",19.16
44,"Currently married by age of woman (Percent)","Currently married by age of woman (Percent)","Estimates and Projections of Women of Reproductive Age Who Are Married or in a Union 2024",2024,"United Nations Population Division",364,"Iran (Islamic Republic of)","IR","IRN",73,"2022",4,"Median",2,"Female",67,15,19,"15-19",100,"Married or in a union women",1,"Model-based Estimates",2,"Interpolation",18.77
44,"Currently married by age of woman (Percent)","Currently married by age of woman (Percent)","Estimates and Projections of Women of Reproductive Age Who Are Married or in a Union 2024",2024,"United Nations Population Division",368,"Iraq","IQ","IRQ",59,"2008",4,"Median",2,"Female",67,15,19,"15-19",100,"Married or in a union women",1,"Model-based Estimates",2,"Interpolation",18.91
44,"Currently married by age of woman (Percent)","Currently married by age of woman (Percent)","Estimates and Projections of Women of Reproductive Age Who Are Married or in a Union 2024",2024,"United Nations Population Division",368,"Iraq","IQ","IRQ",60,"2009",4,"Median",2,"Female",67,15,19,"15-19",100,"Married or in a union women",1,"Model-based Estimates",2,"Interpolation",18.86
44,"Currently married by age of woman (Percent)","Currently married by age of woman (Percent)","Estimates and Projections of Women of Reproductive Age Who Are Married or in a Union 2024",2024,"United Nations Population Division",368,"Iraq","IQ","IRQ",61,"2010",4,"Median",2,"Female",67,15,19,"15-19",100,"Married or in a union women",1,"Model-based Estimates",2,"Interpolation",18.81
44,"Currently married by age of woman (Percent)","Currently married by age of woman (Percent)","Estimates and Projections of Women of Reproductive Age Who Are Married or in a Union 2024",2024,"United Nations Population Division",368,"Iraq","IQ","IRQ",62,"2011",4,"Median",2,"Female",67,15,19,"15-19",100,"Married or in a union women",1,"Model-based Estimates",2,"Interpolation",18.76
44,"Currently married by age of woman (Percent)","Currently married by age of woman (Percent)","Estimates and Projections of Women of Reproductive Age Who Are Married or in a Union 2024",2024,"United Nations Population Division",368,"Iraq","IQ","IRQ",63,"2012",4,"Median",2,"Female",67,15,19,"15-19",100,"Married or in a union women",1,"Model-based Estimates",2,"Interpolation",18.7
44,"Currently married by age of woman (Percent)","Currently married by age of woman (Percent)","Estimates and Projections of Women of Reproductive Age Who Are Married or in a Union 2024",2024,"United Nations Population Division",368,"Iraq","IQ","IRQ",64,"2013",4,"Median",2,"Female",67,15,19,"15-19",100,"Married or in a union women",1,"Model-based Estimates",2,"Interpolation",18.65
44,"Currently married by age of woman (Percent)","Currently married by age of woman (Percent)","Estimates and Projections of Women of Reproductive Age Who Are Married or in a Union 2024",2024,"United Nations Population Division",368,"Iraq","IQ","IRQ",65,"2014",4,"Median",2,"Female",67,15,19,"15-19",100,"Married or in a union women",1,"Model-based Estimates",2,"Interpolation",18.6
44,"Currently married by age of woman (Percent)","Currently married by age of woman (Percent)","Estimates and Projections of Women of Reproductive Age Who Are Married or in a Union 2024",2024,"United Nations Population Division",368,"Iraq","IQ","IRQ",66,"2015",4,"Median",2,"Female",67,15,19,"15-19",100,"Married or in a union women",1,"Model-based Estimates",2,"Interpolation",18.55
44,"Currently married by age of woman (Percent)","Currently married by age of woman (Percent)","Estimates and Projections of Women of Reproductive Age Who Are Married or in a Union 2024",2024,"United Nations Population Division",368,"Iraq","IQ","IRQ",67,"2016",4,"Median",2,"Female",67,15,19,"15-19",100,"Married or in a union women",1,"Model-based Estimates",2,"Interpolation",18.5
44,"Currently married by age of woman (Percent)","Currently married by age of woman (Percent)","Estimates and Projections of Women of Reproductive Age Who Are Married or in a Union 2024",2024,"United Nations Population Division",368,"Iraq","IQ","IRQ",68,"2017",4,"Median",2,"Female",67,15,19,"15-19",100,"Married or in a union women",1,"Model-based Estimates",2,"Interpolation",18.45
44,"Currently married by age of woman (Percent)","Currently married by age of woman (Percent)","Estimates and Projections of Women of Reproductive Age Who Are Married or in a Union 2024",2024,"United Nations Population Division",368,"Iraq","IQ","IRQ",69,"2018",4,"Median",2,"Female",67,15,19,"15-19",100,"Married or in a union women",1,"Model-based Estimates",2,"Interpolation",18.4
44,"Currently married by age of woman (Percent)","Currently married by age of woman (Percent)","Estimates and Projections of Women of Reproductive Age Who Are Married or in a Union 2024",2024,"United Nations Population Division",368,"Iraq","IQ","IRQ",70,"2019",4,"Median",2,"Female",67,15,19,"15-19",100,"Married or in a union women",1,"Model-based Estimates",3,"Projection",18.34
44,"Currently married by age of woman (Percent)","Currently married by age of woman (Percent)","Estimates and Projections of Women of Reproductive Age Who Are Married or in a Union 2024",2024,"United Nations Population Division",368,"Iraq","IQ","IRQ",71,"2020",4,"Median",2,"Female",67,15,19,"15-19",100,"Married or in a union women",1,"Model-based Estimates",3,"Projection",18.26
44,"Currently married by age of woman (Percent)","Currently married by age of woman (Percent)","Estimates and Projections of Women of Reproductive Age Who Are Married or in a Union 2024",2024,"United Nations Population Division",368,"Iraq","IQ","IRQ",72,"2021",4,"Median",2,"Female",67,15,19,"15-19",100,"Married or in a union women",1,"Model-based Estimates",3,"Projection",18.15
44,"Currently married by age of woman (Percent)","Currently married by age of woman (Percent)","Estimates and Projections of Women of Reproductive Age Who Are Married or in a Union 2024",2024,"United Nations Population Division",368,"Iraq","IQ","IRQ",73,"2022",4,"Median",2,"Female",67,15,19,"15-19",100,"Married or in a union women",1,"Model-based Estimates",3,"Projection",18.02
44,"Currently married by age of woman (Percent)","Currently married by age of woman (Percent)","Estimates and Projections of Women of Reproductive Age Who Are Married or in a Union 2024",2024,"United Nations Population Division",376,"Israel","IL","ISR",59,"2008",4,"Median",2,"Female",67,15,19,"15-19",100,"Married or in a union women",1,"Model-based Estimates",2,"Interpolation",3.36
44,"Currently married by age of woman (Percent)","Currently married by age of woman (Percent)","Estimates and Projections of Women of Reproductive Age Who Are Married or in a Union 2024",2024,"United Nations Population Division",376,"Israel","IL","ISR",60,"2009",4,"Median",2,"Female",67,15,19,"15-19",100,"Married or in a union women",1,"Model-based Estimates",2,"Interpolation",3.22
44,"Currently married by age of woman (Percent)","Currently married by age of woman (Percent)","Estimates and Projections of Women of Reproductive Age Who Are Married or in a Union 2024",2024,"United Nations Population Division",376,"Israel","IL","ISR",61,"2010",4,"Median",2,"Female",67,15,19,"15-19",100,"Married or in a union women",1,"Model-based Estimates",2,"Interpolation",3.08
44,"Currently married by age of woman (Percent)","Currently married by age of woman (Percent)","Estimates and Projections of Women of Reproductive Age Who Are Married or in a Union 2024",2024,"United Nations Population Division",376,"Israel","IL","ISR",62,"2011",4,"Median",2,"Female",67,15,19,"15-19",100,"Married or in a union women",1,"Model-based Estimates",2,"Interpolation",2.93
44,"Currently married by age of woman (Percent)","Currently married by age of woman (Percent)","Estimates and Projections of Women of Reproductive Age Who Are Married or in a Union 2024",2024,"United Nations Population Division",376,"Israel","IL","ISR",63,"2012",4,"Median",2,"Female",67,15,19,"15-19",100,"Married or in a union women",1,"Model-based Estimates",2,"Interpolation",2.79
44,"Currently married by age of woman (Percent)","Currently married by age of woman (Percent)","Estimates and Projections of Women of Reproductive Age Who Are Married or in a Union 2024",2024,"United Nations Population Division",376,"Israel","IL","ISR",64,"2013",4,"Median",2,"Female",67,15,19,"15-19",100,"Married or in a union women",1,"Model-based Estimates",2,"Interpolation",2.65
44,"Currently married by age of woman (Percent)","Currently married by age of woman (Percent)","Estimates and Projections of Women of Reproductive Age Who Are Married or in a Union 2024",2024,"United Nations Population Division",376,"Israel","IL","ISR",65,"2014",4,"Median",2,"Female",67,15,19,"15-19",100,"Married or in a union women",1,"Model-based Estimates",2,"Interpolation",2.5
44,"Currently married by age of woman (Percent)","Currently married by age of woman (Percent)","Estimates and Projections of Women of Reproductive Age Who Are Married or in a Union 2024",2024,"United Nations Population Division",376,"Israel","IL","ISR",66,"2015",4,"Median",2,"Female",67,15,19,"15-19",100,"Married or in a union women",1,"Model-based Estimates",2,"Interpolation",2.36
44,"Currently married by age of woman (Percent)","Currently married by age of woman (Percent)","Estimates and Projections of Women of Reproductive Age Who Are Married or in a Union 2024",2024,"United Nations Population Division",376,"Israel","IL","ISR",67,"2016",4,"Median",2,"Female",67,15,19,"15-19",100,"Married or in a union women",1,"Model-based Estimates",2,"Interpolation",2.22
44,"Currently married by age of woman (Percent)","Currently married by age of woman (Percent)","Estimates and Projections of Women of Reproductive Age Who Are Married or in a Union 2024",2024,"United Nations Population Division",376,"Israel","IL","ISR",68,"2017",4,"Median",2,"Female",67,15,19,"15-19",100,"Married or in a union women",1,"Model-based Estimates",2,"Interpolation",2.07
44,"Currently married by age of woman (Percent)","Currently married by age of woman (Percent)","Estimates and Projections of Women of Reproductive Age Who Are Married or in a Union 2024",2024,"United Nations Population Division",376,"Israel","IL","ISR",69,"2018",4,"Median",2,"Female",67,15,19,"15-19",100,"Married or in a union women",1,"Model-based Estimates",2,"Interpolation",1.93
44,"Currently married by age of woman (Percent)","Currently married by age of woman (Percent)","Estimates and Projections of Women of Reproductive Age Who Are Married or in a Union 2024",2024,"United Nations Population Division",376,"Israel","IL","ISR",70,"2019",4,"Median",2,"Female",67,15,19,"15-19",100,"Married or in a union women",1,"Model-based Estimates",2,"Interpolation",1.79
44,"Currently married by age of woman (Percent)","Currently married by age of woman (Percent)","Estimates and Projections of Women of Reproductive Age Who Are Married or in a Union 2024",2024,"United Nations Population Division",376,"Israel","IL","ISR",71,"2020",4,"Median",2,"Female",67,15,19,"15-19",100,"Married or in a union women",1,"Model-based Estimates",2,"Interpolation",1.64
44,"Currently married by age of woman (Percent)","Currently married by age of woman (Percent)","Estimates and Projections of Women of Reproductive Age Who Are Married or in a Union 2024",2024,"United Nations Population Division",376,"Israel","IL","ISR",72,"2021",4,"Median",2,"Female",67,15,19,"15-19",100,"Married or in a union women",1,"Model-based Estimates",2,"Interpolation",1.5
44,"Currently married by age of woman (Percent)","Currently married by age of woman (Percent)","Estimates and Projections of Women of Reproductive Age Who Are Married or in a Union 2024",2024,"United Nations Population Division",376,"Israel","IL","ISR",73,"2022",4,"Median",2,"Female",67,15,19,"15-19",100,"Married or in a union women",1,"Model-based Estimates",3,"Projection",1.41
44,"Currently married by age of woman (Percent)","Currently married by age of woman (Percent)","Estimates and Projections of Women of Reproductive Age Who Are Married or in a Union 2024",2024,"United Nations Population Division",392,"Japan","JP","JPN",59,"2008",4,"Median",2,"Female",67,15,19,"15-19",100,"Married or in a union women",1,"Model-based Estimates",2,"Interpolation",0.7
44,"Currently married by age of woman (Percent)","Currently married by age of woman (Percent)","Estimates and Projections of Women of Reproductive Age Who Are Married or in a Union 2024",2024,"United Nations Population Division",392,"Japan","JP","JPN",60,"2009",4,"Median",2,"Female",67,15,19,"15-19",100,"Married or in a union women",1,"Model-based Estimates",2,"Interpolation",0.67
44,"Currently married by age of woman (Percent)","Currently married by age of woman (Percent)","Estimates and Projections of Women of Reproductive Age Who Are Married or in a Union 2024",2024,"United Nations Population Division",392,"Japan","JP","JPN",61,"2010",4,"Median",2,"Female",67,15,19,"15-19",100,"Married or in a union women",1,"Model-based Estimates",2,"Interpolation",0.64
44,"Currently married by age of woman (Percent)","Currently married by age of woman (Percent)","Estimates and Projections of Women of Reproductive Age Who Are Married or in a Union 2024",2024,"United Nations Population Division",392,"Japan","JP","JPN",62,"2011",4,"Median",2,"Female",67,15,19,"15-19",100,"Married or in a union women",1,"Model-based Estimates",2,"Interpolation",0.61
44,"Currently married by age of woman (Percent)","Currently married by age of woman (Percent)","Estimates and Projections of Women of Reproductive Age Who Are Married or in a Union 2024",2024,"United Nations Population Division",392,"Japan","JP","JPN",63,"2012",4,"Median",2,"Female",67,15,19,"15-19",100,"Married or in a union women",1,"Model-based Estimates",2,"Interpolation",0.58
44,"Currently married by age of woman (Percent)","Currently married by age of woman (Percent)","Estimates and Projections of Women of Reproductive Age Who Are Married or in a Union 2024",2024,"United Nations Population Division",392,"Japan","JP","JPN",64,"2013",4,"Median",2,"Female",67,15,19,"15-19",100,"Married or in a union women",1,"Model-based Estimates",2,"Interpolation",0.55
44,"Currently married by age of woman (Percent)","Currently married by age of woman (Percent)","Estimates and Projections of Women of Reproductive Age Who Are Married or in a Union 2024",2024,"United Nations Population Division",392,"Japan","JP","JPN",65,"2014",4,"Median",2,"Female",67,15,19,"15-19",100,"Married or in a union women",1,"Model-based Estimates",2,"Interpolation",0.52
44,"Currently married by age of woman (Percent)","Currently married by age of woman (Percent)","Estimates and Projections of Women of Reproductive Age Who Are Married or in a Union 2024",2024,"United Nations Population Division",392,"Japan","JP","JPN",66,"2015",4,"Median",2,"Female",67,15,19,"15-19",100,"Married or in a union women",1,"Model-based Estimates",2,"Interpolation",0.49
44,"Currently married by age of woman (Percent)","Currently married by age of woman (Percent)","Estimates and Projections of Women of Reproductive Age Who Are Married or in a Union 2024",2024,"United Nations Population Division",392,"Japan","JP","JPN",67,"2016",4,"Median",2,"Female",67,15,19,"15-19",100,"Married or in a union women",1,"Model-based Estimates",2,"Interpolation",0.46
44,"Currently married by age of woman (Percent)","Currently married by age of woman (Percent)","Estimates and Projections of Women of Reproductive Age Who Are Married or in a Union 2024",2024,"United Nations Population Division",392,"Japan","JP","JPN",68,"2017",4,"Median",2,"Female",67,15,19,"15-19",100,"Married or in a union women",1,"Model-based Estimates",2,"Interpolation",0.43
44,"Currently married by age of woman (Percent)","Currently married by age of woman (Percent)","Estimates and Projections of Women of Reproductive Age Who Are Married or in a Union 2024",2024,"United Nations Population Division",392,"Japan","JP","JPN",69,"2018",4,"Median",2,"Female",67,15,19,"15-19",100,"Married or in a union women",1,"Model-based Estimates",2,"Interpolation",0.4
44,"Currently married by age of woman (Percent)","Currently married by age of woman (Percent)","Estimates and Projections of Women of Reproductive Age Who Are Married or in a Union 2024",2024,"United Nations Population Division",392,"Japan","JP","JPN",70,"2019",4,"Median",2,"Female",67,15,19,"15-19",100,"Married or in a union women",1,"Model-based Estimates",2,"Interpolation",0.37
44,"Currently married by age of woman (Percent)","Currently married by age of woman (Percent)","Estimates and Projections of Women of Reproductive Age Who Are Married or in a Union 2024",2024,"United Nations Population Division",392,"Japan","JP","JPN",71,"2020",4,"Median",2,"Female",67,15,19,"15-19",100,"Married or in a union women",1,"Model-based Estimates",2,"Interpolation",0.34
44,"Currently married by age of woman (Percent)","Currently married by age of woman (Percent)","Estimates and Projections of Women of Reproductive Age Who Are Married or in a Union 2024",2024,"United Nations Population Division",392,"Japan","JP","JPN",72,"2021",4,"Median",2,"Female",67,15,19,"15-19",100,"Married or in a union women",1,"Model-based Estimates",3,"Projection",0.32
44,"Currently married by age of woman (Percent)","Currently married by age of woman (Percent)","Estimates and Projections of Women of Reproductive Age Who Are Married or in a Union 2024",2024,"United Nations Population Division",392,"Japan","JP","JPN",73,"2022",4,"Median",2,"Female",67,15,19,"15-19",100,"Married or in a union women",1,"Model-based Estimates",3,"Projection",0.32
44,"Currently married by age of woman (Percent)","Currently married by age of woman (Percent)","Estimates and Projections of Women of Reproductive Age Who Are Married or in a Union 2024",2024,"United Nations Population Division",398,"Kazakhstan","KZ","KAZ",59,"2008",4,"Median",2,"Female",67,15,19,"15-19",100,"Married or in a union women",1,"Model-based Estimates",2,"Interpolation",7.22
44,"Currently married by age of woman (Percent)","Currently married by age of woman (Percent)","Estimates and Projections of Women of Reproductive Age Who Are Married or in a Union 2024",2024,"United Nations Population Division",398,"Kazakhstan","KZ","KAZ",60,"2009",4,"Median",2,"Female",67,15,19,"15-19",100,"Married or in a union women",1,"Model-based Estimates",2,"Interpolation",7.12
44,"Currently married by age of woman (Percent)","Currently married by age of woman (Percent)","Estimates and Projections of Women of Reproductive Age Who Are Married or in a Union 2024",2024,"United Nations Population Division",398,"Kazakhstan","KZ","KAZ",61,"2010",4,"Median",2,"Female",67,15,19,"15-19",100,"Married or in a union women",1,"Model-based Estimates",2,"Interpolation",7.02
44,"Currently married by age of woman (Percent)","Currently married by age of woman (Percent)","Estimates and Projections of Women of Reproductive Age Who Are Married or in a Union 2024",2024,"United Nations Population Division",398,"Kazakhstan","KZ","KAZ",62,"2011",4,"Median",2,"Female",67,15,19,"15-19",100,"Married or in a union women",1,"Model-based Estimates",2,"Interpolation",6.92
44,"Currently married by age of woman (Percent)","Currently married by age of woman (Percent)","Estimates and Projections of Women of Reproductive Age Who Are Married or in a Union 2024",2024,"United Nations Population Division",398,"Kazakhstan","KZ","KAZ",63,"2012",4,"Median",2,"Female",67,15,19,"15-19",100,"Married or in a union women",1,"Model-based Estimates",2,"Interpolation",6.82
44,"Currently married by age of woman (Percent)","Currently married by age of woman (Percent)","Estimates and Projections of Women of Reproductive Age Who Are Married or in a Union 2024",2024,"United Nations Population Division",398,"Kazakhstan","KZ","KAZ",64,"2013",4,"Median",2,"Female",67,15,19,"15-19",100,"Married or in a union women",1,"Model-based Estimates",2,"Interpolation",6.71
44,"Currently married by age of woman (Percent)","Currently married by age of woman (Percent)","Estimates and Projections of Women of Reproductive Age Who Are Married or in a Union 2024",2024,"United Nations Population Division",398,"Kazakhstan","KZ","KAZ",65,"2014",4,"Median",2,"Female",67,15,19,"15-19",100,"Married or in a union women",1,"Model-based Estimates",2,"Interpolation",6.61
44,"Currently married by age of woman (Percent)","Currently married by age of woman (Percent)","Estimates and Projections of Women of Reproductive Age Who Are Married or in a Union 2024",2024,"United Nations Population Division",398,"Kazakhstan","KZ","KAZ",66,"2015",4,"Median",2,"Female",67,15,19,"15-19",100,"Married or in a union women",1,"Model-based Estimates",2,"Interpolation",6.51
44,"Currently married by age of woman (Percent)","Currently married by age of woman (Percent)","Estimates and Projections of Women of Reproductive Age Who Are Married or in a Union 2024",2024,"United Nations Population Division",398,"Kazakhstan","KZ","KAZ",67,"2016",4,"Median",2,"Female",67,15,19,"15-19",100,"Married or in a union women",1,"Model-based Estimates",2,"Interpolation",6.41
44,"Currently married by age of woman (Percent)","Currently married by age of woman (Percent)","Estimates and Projections of Women of Reproductive Age Who Are Married or in a Union 2024",2024,"United Nations Population Division",398,"Kazakhstan","KZ","KAZ",68,"2017",4,"Median",2,"Female",67,15,19,"15-19",100,"Married or in a union women",1,"Model-based Estimates",2,"Interpolation",6.31
44,"Currently married by age of woman (Percent)","Currently married by age of woman (Percent)","Estimates and Projections of Women of Reproductive Age Who Are Married or in a Union 2024",2024,"United Nations Population Division",398,"Kazakhstan","KZ","KAZ",69,"2018",4,"Median",2,"Female",67,15,19,"15-19",100,"Married or in a union women",1,"Model-based Estimates",2,"Interpolation",6.21
44,"Currently married by age of woman (Percent)","Currently married by age of woman (Percent)","Estimates and Projections of Women of Reproductive Age Who Are Married or in a Union 2024",2024,"United Nations Population Division",398,"Kazakhstan","KZ","KAZ",70,"2019",4,"Median",2,"Female",67,15,19,"15-19",100,"Married or in a union women",1,"Model-based Estimates",2,"Interpolation",6.1
44,"Currently married by age of woman (Percent)","Currently married by age of woman (Percent)","Estimates and Projections of Women of Reproductive Age Who Are Married or in a Union 2024",2024,"United Nations Population Division",398,"Kazakhstan","KZ","KAZ",71,"2020",4,"Median",2,"Female",67,15,19,"15-19",100,"Married or in a union women",1,"Model-based Estimates",2,"Interpolation",6
44,"Currently married by age of woman (Percent)","Currently married by age of woman (Percent)","Estimates and Projections of Women of Reproductive Age Who Are Married or in a Union 2024",2024,"United Nations Population Division",398,"Kazakhstan","KZ","KAZ",72,"2021",4,"Median",2,"Female",67,15,19,"15-19",100,"Married or in a union women",1,"Model-based Estimates",2,"Interpolation",5.9
44,"Currently married by age of woman (Percent)","Currently married by age of woman (Percent)","Estimates and Projections of Women of Reproductive Age Who Are Married or in a Union 2024",2024,"United Nations Population Division",398,"Kazakhstan","KZ","KAZ",73,"2022",4,"Median",2,"Female",67,15,19,"15-19",100,"Married or in a union women",1,"Model-based Estimates",3,"Projection",5.82
44,"Currently married by age of woman (Percent)","Currently married by age of woman (Percent)","Estimates and Projections of Women of Reproductive Age Who Are Married or in a Union 2024",2024,"United Nations Population Division",400,"Jordan","JO","JOR",59,"2008",4,"Median",2,"Female",67,15,19,"15-19",100,"Married or in a union women",1,"Model-based Estimates",2,"Interpolation",8.45
44,"Currently married by age of woman (Percent)","Currently married by age of woman (Percent)","Estimates and Projections of Women of Reproductive Age Who Are Married or in a Union 2024",2024,"United Nations Population Division",400,"Jordan","JO","JOR",60,"2009",4,"Median",2,"Female",67,15,19,"15-19",100,"Married or in a union women",1,"Model-based Estimates",2,"Interpolation",8.36
44,"Currently married by age of woman (Percent)","Currently married by age of woman (Percent)","Estimates and Projections of Women of Reproductive Age Who Are Married or in a Union 2024",2024,"United Nations Population Division",400,"Jordan","JO","JOR",61,"2010",4,"Median",2,"Female",67,15,19,"15-19",100,"Married or in a union women",1,"Model-based Estimates",2,"Interpolation",8.28
44,"Currently married by age of woman (Percent)","Currently married by age of woman (Percent)","Estimates and Projections of Women of Reproductive Age Who Are Married or in a Union 2024",2024,"United Nations Population Division",400,"Jordan","JO","JOR",62,"2011",4,"Median",2,"Female",67,15,19,"15-19",100,"Married or in a union women",1,"Model-based Estimates",2,"Interpolation",8.19
44,"Currently married by age of woman (Percent)","Currently married by age of woman (Percent)","Estimates and Projections of Women of Reproductive Age Who Are Married or in a Union 2024",2024,"United Nations Population Division",400,"Jordan","JO","JOR",63,"2012",4,"Median",2,"Female",67,15,19,"15-19",100,"Married or in a union women",1,"Model-based Estimates",2,"Interpolation",8.11
44,"Currently married by age of woman (Percent)","Currently married by age of woman (Percent)","Estimates and Projections of Women of Reproductive Age Who Are Married or in a Union 2024",2024,"United Nations Population Division",400,"Jordan","JO","JOR",64,"2013",4,"Median",2,"Female",67,15,19,"15-19",100,"Married or in a union women",1,"Model-based Estimates",2,"Interpolation",8.02
44,"Currently married by age of woman (Percent)","Currently married by age of woman (Percent)","Estimates and Projections of Women of Reproductive Age Who Are Married or in a Union 2024",2024,"United Nations Population Division",400,"Jordan","JO","JOR",65,"2014",4,"Median",2,"Female",67,15,19,"15-19",100,"Married or in a union women",1,"Model-based Estimates",2,"Interpolation",7.94
44,"Currently married by age of woman (Percent)","Currently married by age of woman (Percent)","Estimates and Projections of Women of Reproductive Age Who Are Married or in a Union 2024",2024,"United Nations Population Division",400,"Jordan","JO","JOR",66,"2015",4,"Median",2,"Female",67,15,19,"15-19",100,"Married or in a union women",1,"Model-based Estimates",2,"Interpolation",7.86
44,"Currently married by age of woman (Percent)","Currently married by age of woman (Percent)","Estimates and Projections of Women of Reproductive Age Who Are Married or in a Union 2024",2024,"United Nations Population Division",400,"Jordan","JO","JOR",67,"2016",4,"Median",2,"Female",67,15,19,"15-19",100,"Married or in a union women",1,"Model-based Estimates",2,"Interpolation",7.77
44,"Currently married by age of woman (Percent)","Currently married by age of woman (Percent)","Estimates and Projections of Women of Reproductive Age Who Are Married or in a Union 2024",2024,"United Nations Population Division",400,"Jordan","JO","JOR",68,"2017",4,"Median",2,"Female",67,15,19,"15-19",100,"Married or in a union women",1,"Model-based Estimates",2,"Interpolation",7.68
44,"Currently married by age of woman (Percent)","Currently married by age of woman (Percent)","Estimates and Projections of Women of Reproductive Age Who Are Married or in a Union 2024",2024,"United Nations Population Division",400,"Jordan","JO","JOR",69,"2018",4,"Median",2,"Female",67,15,19,"15-19",100,"Married or in a union women",1,"Model-based Estimates",2,"Interpolation",7.6
44,"Currently married by age of woman (Percent)","Currently married by age of woman (Percent)","Estimates and Projections of Women of Reproductive Age Who Are Married or in a Union 2024",2024,"United Nations Population Division",400,"Jordan","JO","JOR",70,"2019",4,"Median",2,"Female",67,15,19,"15-19",100,"Married or in a union women",1,"Model-based Estimates",3,"Projection",7.52
44,"Currently married by age of woman (Percent)","Currently married by age of woman (Percent)","Estimates and Projections of Women of Reproductive Age Who Are Married or in a Union 2024",2024,"United Nations Population Division",400,"Jordan","JO","JOR",71,"2020",4,"Median",2,"Female",67,15,19,"15-19",100,"Married or in a union women",1,"Model-based Estimates",3,"Projection",7.44
44,"Currently married by age of woman (Percent)","Currently married by age of woman (Percent)","Estimates and Projections of Women of Reproductive Age Who Are Married or in a Union 2024",2024,"United Nations Population Division",400,"Jordan","JO","JOR",72,"2021",4,"Median",2,"Female",67,15,19,"15-19",100,"Married or in a union women",1,"Model-based Estimates",3,"Projection",7.37
44,"Currently married by age of woman (Percent)","Currently married by age of woman (Percent)","Estimates and Projections of Women of Reproductive Age Who Are Married or in a Union 2024",2024,"United Nations Population Division",400,"Jordan","JO","JOR",73,"2022",4,"Median",2,"Female",67,15,19,"15-19",100,"Married or in a union women",1,"Model-based Estimates",3,"Projection",7.29
44,"Currently married by age of woman (Percent)","Currently married by age of woman (Percent)","Estimates and Projections of Women of Reproductive Age Who Are Married or in a Union 2024",2024,"United Nations Population Division",408,"Dem. People's Rep. of Korea","KP","PRK",59,"2008",4,"Median",2,"Female",67,15,19,"15-19",100,"Married or in a union women",1,"Model-based Estimates",2,"Interpolation",0.26
44,"Currently married by age of woman (Percent)","Currently married by age of woman (Percent)","Estimates and Projections of Women of Reproductive Age Who Are Married or in a Union 2024",2024,"United Nations Population Division",408,"Dem. People's Rep. of Korea","KP","PRK",60,"2009",4,"Median",2,"Female",67,15,19,"15-19",100,"Married or in a union women",1,"Model-based Estimates",2,"Interpolation",0.24
44,"Currently married by age of woman (Percent)","Currently married by age of woman (Percent)","Estimates and Projections of Women of Reproductive Age Who Are Married or in a Union 2024",2024,"United Nations Population Division",408,"Dem. People's Rep. of Korea","KP","PRK",61,"2010",4,"Median",2,"Female",67,15,19,"15-19",100,"Married or in a union women",1,"Model-based Estimates",2,"Interpolation",0.21
44,"Currently married by age of woman (Percent)","Currently married by age of woman (Percent)","Estimates and Projections of Women of Reproductive Age Who Are Married or in a Union 2024",2024,"United Nations Population Division",408,"Dem. People's Rep. of Korea","KP","PRK",62,"2011",4,"Median",2,"Female",67,15,19,"15-19",100,"Married or in a union women",1,"Model-based Estimates",2,"Interpolation",0.18
44,"Currently married by age of woman (Percent)","Currently married by age of woman (Percent)","Estimates and Projections of Women of Reproductive Age Who Are Married or in a Union 2024",2024,"United Nations Population Division",408,"Dem. People's Rep. of Korea","KP","PRK",63,"2012",4,"Median",2,"Female",67,15,19,"15-19",100,"Married or in a union women",1,"Model-based Estimates",2,"Interpolation",0.15
44,"Currently married by age of woman (Percent)","Currently married by age of woman (Percent)","Estimates and Projections of Women of Reproductive Age Who Are Married or in a Union 2024",2024,"United Nations Population Division",408,"Dem. People's Rep. of Korea","KP","PRK",64,"2013",4,"Median",2,"Female",67,15,19,"15-19",100,"Married or in a union women",1,"Model-based Estimates",2,"Interpolation",0.12
44,"Currently married by age of woman (Percent)","Currently married by age of woman (Percent)","Estimates and Projections of Women of Reproductive Age Who Are Married or in a Union 2024",2024,"United Nations Population Division",408,"Dem. People's Rep. of Korea","KP","PRK",65,"2014",4,"Median",2,"Female",67,15,19,"15-19",100,"Married or in a union women",1,"Model-based Estimates",2,"Interpolation",0.09
44,"Currently married by age of woman (Percent)","Currently married by age of woman (Percent)","Estimates and Projections of Women of Reproductive Age Who Are Married or in a Union 2024",2024,"United Nations Population Division",408,"Dem. People's Rep. of Korea","KP","PRK",66,"2015",4,"Median",2,"Female",67,15,19,"15-19",100,"Married or in a union women",1,"Model-based Estimates",2,"Interpolation",0.06
44,"Currently married by age of woman (Percent)","Currently married by age of woman (Percent)","Estimates and Projections of Women of Reproductive Age Who Are Married or in a Union 2024",2024,"United Nations Population Division",408,"Dem. People's Rep. of Korea","KP","PRK",67,"2016",4,"Median",2,"Female",67,15,19,"15-19",100,"Married or in a union women",1,"Model-based Estimates",2,"Interpolation",0.03
44,"Currently married by age of woman (Percent)","Currently married by age of woman (Percent)","Estimates and Projections of Women of Reproductive Age Who Are Married or in a Union 2024",2024,"United Nations Population Division",408,"Dem. People's Rep. of Korea","KP","PRK",68,"2017",4,"Median",2,"Female",67,15,19,"15-19",100,"Married or in a union women",1,"Model-based Estimates",2,"Interpolation",0
44,"Currently married by age of woman (Percent)","Currently married by age of woman (Percent)","Estimates and Projections of Women of Reproductive Age Who Are Married or in a Union 2024",2024,"United Nations Population Division",408,"Dem. People's Rep. of Korea","KP","PRK",69,"2018",4,"Median",2,"Female",67,15,19,"15-19",100,"Married or in a union women",1,"Model-based Estimates",3,"Projection",0
44,"Currently married by age of woman (Percent)","Currently married by age of woman (Percent)","Estimates and Projections of Women of Reproductive Age Who Are Married or in a Union 2024",2024,"United Nations Population Division",408,"Dem. People's Rep. of Korea","KP","PRK",70,"2019",4,"Median",2,"Female",67,15,19,"15-19",100,"Married or in a union women",1,"Model-based Estimates",3,"Projection",0
44,"Currently married by age of woman (Percent)","Currently married by age of woman (Percent)","Estimates and Projections of Women of Reproductive Age Who Are Married or in a Union 2024",2024,"United Nations Population Division",408,"Dem. People's Rep. of Korea","KP","PRK",71,"2020",4,"Median",2,"Female",67,15,19,"15-19",100,"Married or in a union women",1,"Model-based Estimates",3,"Projection",0
44,"Currently married by age of woman (Percent)","Currently married by age of woman (Percent)","Estimates and Projections of Women of Reproductive Age Who Are Married or in a Union 2024",2024,"United Nations Population Division",408,"Dem. People's Rep. of Korea","KP","PRK",72,"2021",4,"Median",2,"Female",67,15,19,"15-19",100,"Married or in a union women",1,"Model-based Estimates",3,"Projection",0
44,"Currently married by age of woman (Percent)","Currently married by age of woman (Percent)","Estimates and Projections of Women of Reproductive Age Who Are Married or in a Union 2024",2024,"United Nations Population Division",408,"Dem. People's Rep. of Korea","KP","PRK",73,"2022",4,"Median",2,"Female",67,15,19,"15-19",100,"Married or in a union women",1,"Model-based Estimates",3,"Projection",0
44,"Currently married by age of woman (Percent)","Currently married by age of woman (Percent)","Estimates and Projections of Women of Reproductive Age Who Are Married or in a Union 2024",2024,"United Nations Population Division",410,"Republic of Korea","KR","KOR",59,"2008",4,"Median",2,"Female",67,15,19,"15-19",100,"Married or in a union women",1,"Model-based Estimates",2,"Interpolation",0.34
44,"Currently married by age of woman (Percent)","Currently married by age of woman (Percent)","Estimates and Projections of Women of Reproductive Age Who Are Married or in a Union 2024",2024,"United Nations Population Division",410,"Republic of Korea","KR","KOR",60,"2009",4,"Median",2,"Female",67,15,19,"15-19",100,"Married or in a union women",1,"Model-based Estimates",2,"Interpolation",0.32
44,"Currently married by age of woman (Percent)","Currently married by age of woman (Percent)","Estimates and Projections of Women of Reproductive Age Who Are Married or in a Union 2024",2024,"United Nations Population Division",410,"Republic of Korea","KR","KOR",61,"2010",4,"Median",2,"Female",67,15,19,"15-19",100,"Married or in a union women",1,"Model-based Estimates",2,"Interpolation",0.3
44,"Currently married by age of woman (Percent)","Currently married by age of woman (Percent)","Estimates and Projections of Women of Reproductive Age Who Are Married or in a Union 2024",2024,"United Nations Population Division",410,"Republic of Korea","KR","KOR",62,"2011",4,"Median",2,"Female",67,15,19,"15-19",100,"Married or in a union women",1,"Model-based Estimates",2,"Interpolation",0.28
44,"Currently married by age of woman (Percent)","Currently married by age of woman (Percent)","Estimates and Projections of Women of Reproductive Age Who Are Married or in a Union 2024",2024,"United Nations Population Division",410,"Republic of Korea","KR","KOR",63,"2012",4,"Median",2,"Female",67,15,19,"15-19",100,"Married or in a union women",1,"Model-based Estimates",2,"Interpolation",0.26
44,"Currently married by age of woman (Percent)","Currently married by age of woman (Percent)","Estimates and Projections of Women of Reproductive Age Who Are Married or in a Union 2024",2024,"United Nations Population Division",410,"Republic of Korea","KR","KOR",64,"2013",4,"Median",2,"Female",67,15,19,"15-19",100,"Married or in a union women",1,"Model-based Estimates",2,"Interpolation",0.24
44,"Currently married by age of woman (Percent)","Currently married by age of woman (Percent)","Estimates and Projections of Women of Reproductive Age Who Are Married or in a Union 2024",2024,"United Nations Population Division",410,"Republic of Korea","KR","KOR",65,"2014",4,"Median",2,"Female",67,15,19,"15-19",100,"Married or in a union women",1,"Model-based Estimates",2,"Interpolation",0.22
44,"Currently married by age of woman (Percent)","Currently married by age of woman (Percent)","Estimates and Projections of Women of Reproductive Age Who Are Married or in a Union 2024",2024,"United Nations Population Division",410,"Republic of Korea","KR","KOR",66,"2015",4,"Median",2,"Female",67,15,19,"15-19",100,"Married or in a union women",1,"Model-based Estimates",2,"Interpolation",0.2
44,"Currently married by age of woman (Percent)","Currently married by age of woman (Percent)","Estimates and Projections of Women of Reproductive Age Who Are Married or in a Union 2024",2024,"United Nations Population Division",410,"Republic of Korea","KR","KOR",67,"2016",4,"Median",2,"Female",67,15,19,"15-19",100,"Married or in a union women",1,"Model-based Estimates",3,"Projection",0.19
44,"Currently married by age of woman (Percent)","Currently married by age of woman (Percent)","Estimates and Projections of Women of Reproductive Age Who Are Married or in a Union 2024",2024,"United Nations Population Division",410,"Republic of Korea","KR","KOR",68,"2017",4,"Median",2,"Female",67,15,19,"15-19",100,"Married or in a union women",1,"Model-based Estimates",3,"Projection",0.18
44,"Currently married by age of woman (Percent)","Currently married by age of woman (Percent)","Estimates and Projections of Women of Reproductive Age Who Are Married or in a Union 2024",2024,"United Nations Population Division",410,"Republic of Korea","KR","KOR",69,"2018",4,"Median",2,"Female",67,15,19,"15-19",100,"Married or in a union women",1,"Model-based Estimates",3,"Projection",0.17
44,"Currently married by age of woman (Percent)","Currently married by age of woman (Percent)","Estimates and Projections of Women of Reproductive Age Who Are Married or in a Union 2024",2024,"United Nations Population Division",410,"Republic of Korea","KR","KOR",70,"2019",4,"Median",2,"Female",67,15,19,"15-19",100,"Married or in a union women",1,"Model-based Estimates",3,"Projection",0.16
44,"Currently married by age of woman (Percent)","Currently married by age of woman (Percent)","Estimates and Projections of Women of Reproductive Age Who Are Married or in a Union 2024",2024,"United Nations Population Division",410,"Republic of Korea","KR","KOR",71,"2020",4,"Median",2,"Female",67,15,19,"15-19",100,"Married or in a union women",1,"Model-based Estimates",3,"Projection",0.15
44,"Currently married by age of woman (Percent)","Currently married by age of woman (Percent)","Estimates and Projections of Women of Reproductive Age Who Are Married or in a Union 2024",2024,"United Nations Population Division",410,"Republic of Korea","KR","KOR",72,"2021",4,"Median",2,"Female",67,15,19,"15-19",100,"Married or in a union women",1,"Model-based Estimates",3,"Projection",0.15
44,"Currently married by age of woman (Percent)","Currently married by age of woman (Percent)","Estimates and Projections of Women of Reproductive Age Who Are Married or in a Union 2024",2024,"United Nations Population Division",410,"Republic of Korea","KR","KOR",73,"2022",4,"Median",2,"Female",67,15,19,"15-19",100,"Married or in a union women",1,"Model-based Estimates",3,"Projection",0.14
44,"Currently married by age of woman (Percent)","Currently married by age of woman (Percent)","Estimates and Projections of Women of Reproductive Age Who Are Married or in a Union 2024",2024,"United Nations Population Division",414,"Kuwait","KW","KWT",59,"2008",4,"Median",2,"Female",67,15,19,"15-19",100,"Married or in a union women",1,"Model-based Estimates",2,"Interpolation",7.62
44,"Currently married by age of woman (Percent)","Currently married by age of woman (Percent)","Estimates and Projections of Women of Reproductive Age Who Are Married or in a Union 2024",2024,"United Nations Population Division",414,"Kuwait","KW","KWT",60,"2009",4,"Median",2,"Female",67,15,19,"15-19",100,"Married or in a union women",1,"Model-based Estimates",2,"Interpolation",6.85
44,"Currently married by age of woman (Percent)","Currently married by age of woman (Percent)","Estimates and Projections of Women of Reproductive Age Who Are Married or in a Union 2024",2024,"United Nations Population Division",414,"Kuwait","KW","KWT",61,"2010",4,"Median",2,"Female",67,15,19,"15-19",100,"Married or in a union women",1,"Model-based Estimates",2,"Interpolation",6.07
44,"Currently married by age of woman (Percent)","Currently married by age of woman (Percent)","Estimates and Projections of Women of Reproductive Age Who Are Married or in a Union 2024",2024,"United Nations Population Division",414,"Kuwait","KW","KWT",62,"2011",4,"Median",2,"Female",67,15,19,"15-19",100,"Married or in a union women",1,"Model-based Estimates",2,"Interpolation",5.3
44,"Currently married by age of woman (Percent)","Currently married by age of woman (Percent)","Estimates and Projections of Women of Reproductive Age Who Are Married or in a Union 2024",2024,"United Nations Population Division",414,"Kuwait","KW","KWT",63,"2012",4,"Median",2,"Female",67,15,19,"15-19",100,"Married or in a union women",1,"Model-based Estimates",3,"Projection",5.02
44,"Currently married by age of woman (Percent)","Currently married by age of woman (Percent)","Estimates and Projections of Women of Reproductive Age Who Are Married or in a Union 2024",2024,"United Nations Population Division",414,"Kuwait","KW","KWT",64,"2013",4,"Median",2,"Female",67,15,19,"15-19",100,"Married or in a union women",1,"Model-based Estimates",3,"Projection",4.77
44,"Currently married by age of woman (Percent)","Currently married by age of woman (Percent)","Estimates and Projections of Women of Reproductive Age Who Are Married or in a Union 2024",2024,"United Nations Population Division",414,"Kuwait","KW","KWT",65,"2014",4,"Median",2,"Female",67,15,19,"15-19",100,"Married or in a union women",1,"Model-based Estimates",3,"Projection",4.54
44,"Currently married by age of woman (Percent)","Currently married by age of woman (Percent)","Estimates and Projections of Women of Reproductive Age Who Are Married or in a Union 2024",2024,"United Nations Population Division",414,"Kuwait","KW","KWT",66,"2015",4,"Median",2,"Female",67,15,19,"15-19",100,"Married or in a union women",1,"Model-based Estimates",3,"Projection",4.33
44,"Currently married by age of woman (Percent)","Currently married by age of woman (Percent)","Estimates and Projections of Women of Reproductive Age Who Are Married or in a Union 2024",2024,"United Nations Population Division",414,"Kuwait","KW","KWT",67,"2016",4,"Median",2,"Female",67,15,19,"15-19",100,"Married or in a union women",1,"Model-based Estimates",3,"Projection",4.14
44,"Currently married by age of woman (Percent)","Currently married by age of woman (Percent)","Estimates and Projections of Women of Reproductive Age Who Are Married or in a Union 2024",2024,"United Nations Population Division",414,"Kuwait","KW","KWT",68,"2017",4,"Median",2,"Female",67,15,19,"15-19",100,"Married or in a union women",1,"Model-based Estimates",3,"Projection",3.97
44,"Currently married by age of woman (Percent)","Currently married by age of woman (Percent)","Estimates and Projections of Women of Reproductive Age Who Are Married or in a Union 2024",2024,"United Nations Population Division",414,"Kuwait","KW","KWT",69,"2018",4,"Median",2,"Female",67,15,19,"15-19",100,"Married or in a union women",1,"Model-based Estimates",3,"Projection",3.81
44,"Currently married by age of woman (Percent)","Currently married by age of woman (Percent)","Estimates and Projections of Women of Reproductive Age Who Are Married or in a Union 2024",2024,"United Nations Population Division",414,"Kuwait","KW","KWT",70,"2019",4,"Median",2,"Female",67,15,19,"15-19",100,"Married or in a union women",1,"Model-based Estimates",3,"Projection",3.67
44,"Currently married by age of woman (Percent)","Currently married by age of woman (Percent)","Estimates and Projections of Women of Reproductive Age Who Are Married or in a Union 2024",2024,"United Nations Population Division",414,"Kuwait","KW","KWT",71,"2020",4,"Median",2,"Female",67,15,19,"15-19",100,"Married or in a union women",1,"Model-based Estimates",3,"Projection",3.53
44,"Currently married by age of woman (Percent)","Currently married by age of woman (Percent)","Estimates and Projections of Women of Reproductive Age Who Are Married or in a Union 2024",2024,"United Nations Population Division",414,"Kuwait","KW","KWT",72,"2021",4,"Median",2,"Female",67,15,19,"15-19",100,"Married or in a union women",1,"Model-based Estimates",3,"Projection",3.42
44,"Currently married by age of woman (Percent)","Currently married by age of woman (Percent)","Estimates and Projections of Women of Reproductive Age Who Are Married or in a Union 2024",2024,"United Nations Population Division",414,"Kuwait","KW","KWT",73,"2022",4,"Median",2,"Female",67,15,19,"15-19",100,"Married or in a union women",1,"Model-based Estimates",3,"Projection",3.31
44,"Currently married by age of woman (Percent)","Currently married by age of woman (Percent)","Estimates and Projections of Women of Reproductive Age Who Are Married or in a Union 2024",2024,"United Nations Population Division",417,"Kyrgyzstan","KG","KGZ",59,"2008",4,"Median",2,"Female",67,15,19,"15-19",100,"Married or in a union women",1,"Model-based Estimates",2,"Interpolation",7.73
44,"Currently married by age of woman (Percent)","Currently married by age of woman (Percent)","Estimates and Projections of Women of Reproductive Age Who Are Married or in a Union 2024",2024,"United Nations Population Division",417,"Kyrgyzstan","KG","KGZ",60,"2009",4,"Median",2,"Female",67,15,19,"15-19",100,"Married or in a union women",1,"Model-based Estimates",2,"Interpolation",7.59
44,"Currently married by age of woman (Percent)","Currently married by age of woman (Percent)","Estimates and Projections of Women of Reproductive Age Who Are Married or in a Union 2024",2024,"United Nations Population Division",417,"Kyrgyzstan","KG","KGZ",61,"2010",4,"Median",2,"Female",67,15,19,"15-19",100,"Married or in a union women",1,"Model-based Estimates",2,"Interpolation",7.55
44,"Currently married by age of woman (Percent)","Currently married by age of woman (Percent)","Estimates and Projections of Women of Reproductive Age Who Are Married or in a Union 2024",2024,"United Nations Population Division",417,"Kyrgyzstan","KG","KGZ",62,"2011",4,"Median",2,"Female",67,15,19,"15-19",100,"Married or in a union women",1,"Model-based Estimates",2,"Interpolation",7.52
44,"Currently married by age of woman (Percent)","Currently married by age of woman (Percent)","Estimates and Projections of Women of Reproductive Age Who Are Married or in a Union 2024",2024,"United Nations Population Division",417,"Kyrgyzstan","KG","KGZ",63,"2012",4,"Median",2,"Female",67,15,19,"15-19",100,"Married or in a union women",1,"Model-based Estimates",2,"Interpolation",7.48
44,"Currently married by age of woman (Percent)","Currently married by age of woman (Percent)","Estimates and Projections of Women of Reproductive Age Who Are Married or in a Union 2024",2024,"United Nations Population Division",417,"Kyrgyzstan","KG","KGZ",64,"2013",4,"Median",2,"Female",67,15,19,"15-19",100,"Married or in a union women",1,"Model-based Estimates",2,"Interpolation",7.45
44,"Currently married by age of woman (Percent)","Currently married by age of woman (Percent)","Estimates and Projections of Women of Reproductive Age Who Are Married or in a Union 2024",2024,"United Nations Population Division",417,"Kyrgyzstan","KG","KGZ",65,"2014",4,"Median",2,"Female",67,15,19,"15-19",100,"Married or in a union women",1,"Model-based Estimates",2,"Interpolation",7.41
44,"Currently married by age of woman (Percent)","Currently married by age of woman (Percent)","Estimates and Projections of Women of Reproductive Age Who Are Married or in a Union 2024",2024,"United Nations Population Division",417,"Kyrgyzstan","KG","KGZ",66,"2015",4,"Median",2,"Female",67,15,19,"15-19",100,"Married or in a union women",1,"Model-based Estimates",2,"Interpolation",7.38
44,"Currently married by age of woman (Percent)","Currently married by age of woman (Percent)","Estimates and Projections of Women of Reproductive Age Who Are Married or in a Union 2024",2024,"United Nations Population Division",417,"Kyrgyzstan","KG","KGZ",67,"2016",4,"Median",2,"Female",67,15,19,"15-19",100,"Married or in a union women",1,"Model-based Estimates",2,"Interpolation",7.34
44,"Currently married by age of woman (Percent)","Currently married by age of woman (Percent)","Estimates and Projections of Women of Reproductive Age Who Are Married or in a Union 2024",2024,"United Nations Population Division",417,"Kyrgyzstan","KG","KGZ",68,"2017",4,"Median",2,"Female",67,15,19,"15-19",100,"Married or in a union women",1,"Model-based Estimates",2,"Interpolation",7.31
44,"Currently married by age of woman (Percent)","Currently married by age of woman (Percent)","Estimates and Projections of Women of Reproductive Age Who Are Married or in a Union 2024",2024,"United Nations Population Division",417,"Kyrgyzstan","KG","KGZ",69,"2018",4,"Median",2,"Female",67,15,19,"15-19",100,"Married or in a union women",1,"Model-based Estimates",2,"Interpolation",7.27
44,"Currently married by age of woman (Percent)","Currently married by age of woman (Percent)","Estimates and Projections of Women of Reproductive Age Who Are Married or in a Union 2024",2024,"United Nations Population Division",417,"Kyrgyzstan","KG","KGZ",70,"2019",4,"Median",2,"Female",67,15,19,"15-19",100,"Married or in a union women",1,"Model-based Estimates",2,"Interpolation",7.24
44,"Currently married by age of woman (Percent)","Currently married by age of woman (Percent)","Estimates and Projections of Women of Reproductive Age Who Are Married or in a Union 2024",2024,"United Nations Population Division",417,"Kyrgyzstan","KG","KGZ",71,"2020",4,"Median",2,"Female",67,15,19,"15-19",100,"Married or in a union women",1,"Model-based Estimates",2,"Interpolation",7.2
44,"Currently married by age of woman (Percent)","Currently married by age of woman (Percent)","Estimates and Projections of Women of Reproductive Age Who Are Married or in a Union 2024",2024,"United Nations Population Division",417,"Kyrgyzstan","KG","KGZ",72,"2021",4,"Median",2,"Female",67,15,19,"15-19",100,"Married or in a union women",1,"Model-based Estimates",2,"Interpolation",7.17
44,"Currently married by age of woman (Percent)","Currently married by age of woman (Percent)","Estimates and Projections of Women of Reproductive Age Who Are Married or in a Union 2024",2024,"United Nations Population Division",417,"Kyrgyzstan","KG","KGZ",73,"2022",4,"Median",2,"Female",67,15,19,"15-19",100,"Married or in a union women",1,"Model-based Estimates",2,"Interpolation",7.13
44,"Currently married by age of woman (Percent)","Currently married by age of woman (Percent)","Estimates and Projections of Women of Reproductive Age Who Are Married or in a Union 2024",2024,"United Nations Population Division",418,"Lao People's Dem. Republic","LA","LAO",59,"2008",4,"Median",2,"Female",67,15,19,"15-19",100,"Married or in a union women",1,"Model-based Estimates",2,"Interpolation",14.49
44,"Currently married by age of woman (Percent)","Currently married by age of woman (Percent)","Estimates and Projections of Women of Reproductive Age Who Are Married or in a Union 2024",2024,"United Nations Population Division",418,"Lao People's Dem. Republic","LA","LAO",60,"2009",4,"Median",2,"Female",67,15,19,"15-19",100,"Married or in a union women",1,"Model-based Estimates",2,"Interpolation",14.21
44,"Currently married by age of woman (Percent)","Currently married by age of woman (Percent)","Estimates and Projections of Women of Reproductive Age Who Are Married or in a Union 2024",2024,"United Nations Population Division",418,"Lao People's Dem. Republic","LA","LAO",61,"2010",4,"Median",2,"Female",67,15,19,"15-19",100,"Married or in a union women",1,"Model-based Estimates",2,"Interpolation",13.94
44,"Currently married by age of woman (Percent)","Currently married by age of woman (Percent)","Estimates and Projections of Women of Reproductive Age Who Are Married or in a Union 2024",2024,"United Nations Population Division",418,"Lao People's Dem. Republic","LA","LAO",62,"2011",4,"Median",2,"Female",67,15,19,"15-19",100,"Married or in a union women",1,"Model-based Estimates",2,"Interpolation",13.67
44,"Currently married by age of woman (Percent)","Currently married by age of woman (Percent)","Estimates and Projections of Women of Reproductive Age Who Are Married or in a Union 2024",2024,"United Nations Population Division",418,"Lao People's Dem. Republic","LA","LAO",63,"2012",4,"Median",2,"Female",67,15,19,"15-19",100,"Married or in a union women",1,"Model-based Estimates",2,"Interpolation",13.41
44,"Currently married by age of woman (Percent)","Currently married by age of woman (Percent)","Estimates and Projections of Women of Reproductive Age Who Are Married or in a Union 2024",2024,"United Nations Population Division",418,"Lao People's Dem. Republic","LA","LAO",64,"2013",4,"Median",2,"Female",67,15,19,"15-19",100,"Married or in a union women",1,"Model-based Estimates",2,"Interpolation",13.15
44,"Currently married by age of woman (Percent)","Currently married by age of woman (Percent)","Estimates and Projections of Women of Reproductive Age Who Are Married or in a Union 2024",2024,"United Nations Population Division",418,"Lao People's Dem. Republic","LA","LAO",65,"2014",4,"Median",2,"Female",67,15,19,"15-19",100,"Married or in a union women",1,"Model-based Estimates",2,"Interpolation",12.9
44,"Currently married by age of woman (Percent)","Currently married by age of woman (Percent)","Estimates and Projections of Women of Reproductive Age Who Are Married or in a Union 2024",2024,"United Nations Population Division",418,"Lao People's Dem. Republic","LA","LAO",66,"2015",4,"Median",2,"Female",67,15,19,"15-19",100,"Married or in a union women",1,"Model-based Estimates",2,"Interpolation",12.65
44,"Currently married by age of woman (Percent)","Currently married by age of woman (Percent)","Estimates and Projections of Women of Reproductive Age Who Are Married or in a Union 2024",2024,"United Nations Population Division",418,"Lao People's Dem. Republic","LA","LAO",67,"2016",4,"Median",2,"Female",67,15,19,"15-19",100,"Married or in a union women",1,"Model-based Estimates",2,"Interpolation",12.4
44,"Currently married by age of woman (Percent)","Currently married by age of woman (Percent)","Estimates and Projections of Women of Reproductive Age Who Are Married or in a Union 2024",2024,"United Nations Population Division",418,"Lao People's Dem. Republic","LA","LAO",68,"2017",4,"Median",2,"Female",67,15,19,"15-19",100,"Married or in a union women",1,"Model-based Estimates",2,"Interpolation",12.16
44,"Currently married by age of woman (Percent)","Currently married by age of woman (Percent)","Estimates and Projections of Women of Reproductive Age Who Are Married or in a Union 2024",2024,"United Nations Population Division",418,"Lao People's Dem. Republic","LA","LAO",69,"2018",4,"Median",2,"Female",67,15,19,"15-19",100,"Married or in a union women",1,"Model-based Estimates",3,"Projection",11.92
44,"Currently married by age of woman (Percent)","Currently married by age of woman (Percent)","Estimates and Projections of Women of Reproductive Age Who Are Married or in a Union 2024",2024,"United Nations Population Division",418,"Lao People's Dem. Republic","LA","LAO",70,"2019",4,"Median",2,"Female",67,15,19,"15-19",100,"Married or in a union women",1,"Model-based Estimates",3,"Projection",11.69
44,"Currently married by age of woman (Percent)","Currently married by age of woman (Percent)","Estimates and Projections of Women of Reproductive Age Who Are Married or in a Union 2024",2024,"United Nations Population Division",418,"Lao People's Dem. Republic","LA","LAO",71,"2020",4,"Median",2,"Female",67,15,19,"15-19",100,"Married or in a union women",1,"Model-based Estimates",3,"Projection",11.46
44,"Currently married by age of woman (Percent)","Currently married by age of woman (Percent)","Estimates and Projections of Women of Reproductive Age Who Are Married or in a Union 2024",2024,"United Nations Population Division",418,"Lao People's Dem. Republic","LA","LAO",72,"2021",4,"Median",2,"Female",67,15,19,"15-19",100,"Married or in a union women",1,"Model-based Estimates",3,"Projection",11.23
44,"Currently married by age of woman (Percent)","Currently married by age of woman (Percent)","Estimates and Projections of Women of Reproductive Age Who Are Married or in a Union 2024",2024,"United Nations Population Division",418,"Lao People's Dem. Republic","LA","LAO",73,"2022",4,"Median",2,"Female",67,15,19,"15-19",100,"Married or in a union women",1,"Model-based Estimates",3,"Projection",11.01
44,"Currently married by age of woman (Percent)","Currently married by age of woman (Percent)","Estimates and Projections of Women of Reproductive Age Who Are Married or in a Union 2024",2024,"United Nations Population Division",422,"Lebanon","LB","LBN",59,"2008",4,"Median",2,"Female",67,15,19,"15-19",100,"Married or in a union women",1,"Model-based Estimates",2,"Interpolation",9.4
44,"Currently married by age of woman (Percent)","Currently married by age of woman (Percent)","Estimates and Projections of Women of Reproductive Age Who Are Married or in a Union 2024",2024,"United Nations Population Division",422,"Lebanon","LB","LBN",60,"2009",4,"Median",2,"Female",67,15,19,"15-19",100,"Married or in a union women",1,"Model-based Estimates",2,"Interpolation",9.3
44,"Currently married by age of woman (Percent)","Currently married by age of woman (Percent)","Estimates and Projections of Women of Reproductive Age Who Are Married or in a Union 2024",2024,"United Nations Population Division",422,"Lebanon","LB","LBN",61,"2010",4,"Median",2,"Female",67,15,19,"15-19",100,"Married or in a union women",1,"Model-based Estimates",2,"Interpolation",9.21
44,"Currently married by age of woman (Percent)","Currently married by age of woman (Percent)","Estimates and Projections of Women of Reproductive Age Who Are Married or in a Union 2024",2024,"United Nations Population Division",422,"Lebanon","LB","LBN",62,"2011",4,"Median",2,"Female",67,15,19,"15-19",100,"Married or in a union women",1,"Model-based Estimates",2,"Interpolation",9.12
44,"Currently married by age of woman (Percent)","Currently married by age of woman (Percent)","Estimates and Projections of Women of Reproductive Age Who Are Married or in a Union 2024",2024,"United Nations Population Division",422,"Lebanon","LB","LBN",63,"2012",4,"Median",2,"Female",67,15,19,"15-19",100,"Married or in a union women",1,"Model-based Estimates",2,"Interpolation",9.03
44,"Currently married by age of woman (Percent)","Currently married by age of woman (Percent)","Estimates and Projections of Women of Reproductive Age Who Are Married or in a Union 2024",2024,"United Nations Population Division",422,"Lebanon","LB","LBN",64,"2013",4,"Median",2,"Female",67,15,19,"15-19",100,"Married or in a union women",1,"Model-based Estimates",2,"Interpolation",8.94
44,"Currently married by age of woman (Percent)","Currently married by age of woman (Percent)","Estimates and Projections of Women of Reproductive Age Who Are Married or in a Union 2024",2024,"United Nations Population Division",422,"Lebanon","LB","LBN",65,"2014",4,"Median",2,"Female",67,15,19,"15-19",100,"Married or in a union women",1,"Model-based Estimates",2,"Interpolation",8.84
44,"Currently married by age of woman (Percent)","Currently married by age of woman (Percent)","Estimates and Projections of Women of Reproductive Age Who Are Married or in a Union 2024",2024,"United Nations Population Division",422,"Lebanon","LB","LBN",66,"2015",4,"Median",2,"Female",67,15,19,"15-19",100,"Married or in a union women",1,"Model-based Estimates",2,"Interpolation",8.75
44,"Currently married by age of woman (Percent)","Currently married by age of woman (Percent)","Estimates and Projections of Women of Reproductive Age Who Are Married or in a Union 2024",2024,"United Nations Population Division",422,"Lebanon","LB","LBN",67,"2016",4,"Median",2,"Female",67,15,19,"15-19",100,"Married or in a union women",1,"Model-based Estimates",2,"Interpolation",8.66
44,"Currently married by age of woman (Percent)","Currently married by age of woman (Percent)","Estimates and Projections of Women of Reproductive Age Who Are Married or in a Union 2024",2024,"United Nations Population Division",422,"Lebanon","LB","LBN",68,"2017",4,"Median",2,"Female",67,15,19,"15-19",100,"Married or in a union women",1,"Model-based Estimates",2,"Interpolation",8.57
44,"Currently married by age of woman (Percent)","Currently married by age of woman (Percent)","Estimates and Projections of Women of Reproductive Age Who Are Married or in a Union 2024",2024,"United Nations Population Division",422,"Lebanon","LB","LBN",69,"2018",4,"Median",2,"Female",67,15,19,"15-19",100,"Married or in a union women",1,"Model-based Estimates",2,"Interpolation",8.47
44,"Currently married by age of woman (Percent)","Currently married by age of woman (Percent)","Estimates and Projections of Women of Reproductive Age Who Are Married or in a Union 2024",2024,"United Nations Population Division",422,"Lebanon","LB","LBN",70,"2019",4,"Median",2,"Female",67,15,19,"15-19",100,"Married or in a union women",1,"Model-based Estimates",2,"Interpolation",8.38
44,"Currently married by age of woman (Percent)","Currently married by age of woman (Percent)","Estimates and Projections of Women of Reproductive Age Who Are Married or in a Union 2024",2024,"United Nations Population Division",422,"Lebanon","LB","LBN",71,"2020",4,"Median",2,"Female",67,15,19,"15-19",100,"Married or in a union women",1,"Model-based Estimates",3,"Projection",8.3
44,"Currently married by age of woman (Percent)","Currently married by age of woman (Percent)","Estimates and Projections of Women of Reproductive Age Who Are Married or in a Union 2024",2024,"United Nations Population Division",422,"Lebanon","LB","LBN",72,"2021",4,"Median",2,"Female",67,15,19,"15-19",100,"Married or in a union women",1,"Model-based Estimates",3,"Projection",8.23
44,"Currently married by age of woman (Percent)","Currently married by age of woman (Percent)","Estimates and Projections of Women of Reproductive Age Who Are Married or in a Union 2024",2024,"United Nations Population Division",422,"Lebanon","LB","LBN",73,"2022",4,"Median",2,"Female",67,15,19,"15-19",100,"Married or in a union women",1,"Model-based Estimates",3,"Projection",8.15
44,"Currently married by age of woman (Percent)","Currently married by age of woman (Percent)","Estimates and Projections of Women of Reproductive Age Who Are Married or in a Union 2024",2024,"United Nations Population Division",446,"China, Macao SAR","MO","MAC",59,"2008",4,"Median",2,"Female",67,15,19,"15-19",100,"Married or in a union women",1,"Model-based Estimates",2,"Interpolation",0.93
44,"Currently married by age of woman (Percent)","Currently married by age of woman (Percent)","Estimates and Projections of Women of Reproductive Age Who Are Married or in a Union 2024",2024,"United Nations Population Division",446,"China, Macao SAR","MO","MAC",60,"2009",4,"Median",2,"Female",67,15,19,"15-19",100,"Married or in a union women",1,"Model-based Estimates",2,"Interpolation",0.89
44,"Currently married by age of woman (Percent)","Currently married by age of woman (Percent)","Estimates and Projections of Women of Reproductive Age Who Are Married or in a Union 2024",2024,"United Nations Population Division",446,"China, Macao SAR","MO","MAC",61,"2010",4,"Median",2,"Female",67,15,19,"15-19",100,"Married or in a union women",1,"Model-based Estimates",2,"Interpolation",0.86
44,"Currently married by age of woman (Percent)","Currently married by age of woman (Percent)","Estimates and Projections of Women of Reproductive Age Who Are Married or in a Union 2024",2024,"United Nations Population Division",446,"China, Macao SAR","MO","MAC",62,"2011",4,"Median",2,"Female",67,15,19,"15-19",100,"Married or in a union women",1,"Model-based Estimates",2,"Interpolation",0.83
44,"Currently married by age of woman (Percent)","Currently married by age of woman (Percent)","Estimates and Projections of Women of Reproductive Age Who Are Married or in a Union 2024",2024,"United Nations Population Division",446,"China, Macao SAR","MO","MAC",63,"2012",4,"Median",2,"Female",67,15,19,"15-19",100,"Married or in a union women",1,"Model-based Estimates",2,"Interpolation",0.8
44,"Currently married by age of woman (Percent)","Currently married by age of woman (Percent)","Estimates and Projections of Women of Reproductive Age Who Are Married or in a Union 2024",2024,"United Nations Population Division",446,"China, Macao SAR","MO","MAC",64,"2013",4,"Median",2,"Female",67,15,19,"15-19",100,"Married or in a union women",1,"Model-based Estimates",2,"Interpolation",0.76
44,"Currently married by age of woman (Percent)","Currently married by age of woman (Percent)","Estimates and Projections of Women of Reproductive Age Who Are Married or in a Union 2024",2024,"United Nations Population Division",446,"China, Macao SAR","MO","MAC",65,"2014",4,"Median",2,"Female",67,15,19,"15-19",100,"Married or in a union women",1,"Model-based Estimates",2,"Interpolation",0.73
44,"Currently married by age of woman (Percent)","Currently married by age of woman (Percent)","Estimates and Projections of Women of Reproductive Age Who Are Married or in a Union 2024",2024,"United Nations Population Division",446,"China, Macao SAR","MO","MAC",66,"2015",4,"Median",2,"Female",67,15,19,"15-19",100,"Married or in a union women",1,"Model-based Estimates",2,"Interpolation",0.7
44,"Currently married by age of woman (Percent)","Currently married by age of woman (Percent)","Estimates and Projections of Women of Reproductive Age Who Are Married or in a Union 2024",2024,"United Nations Population Division",446,"China, Macao SAR","MO","MAC",67,"2016",4,"Median",2,"Female",67,15,19,"15-19",100,"Married or in a union women",1,"Model-based Estimates",2,"Interpolation",0.66
44,"Currently married by age of woman (Percent)","Currently married by age of woman (Percent)","Estimates and Projections of Women of Reproductive Age Who Are Married or in a Union 2024",2024,"United Nations Population Division",446,"China, Macao SAR","MO","MAC",68,"2017",4,"Median",2,"Female",67,15,19,"15-19",100,"Married or in a union women",1,"Model-based Estimates",2,"Interpolation",0.63
44,"Currently married by age of woman (Percent)","Currently married by age of woman (Percent)","Estimates and Projections of Women of Reproductive Age Who Are Married or in a Union 2024",2024,"United Nations Population Division",446,"China, Macao SAR","MO","MAC",69,"2018",4,"Median",2,"Female",67,15,19,"15-19",100,"Married or in a union women",1,"Model-based Estimates",2,"Interpolation",0.6
44,"Currently married by age of woman (Percent)","Currently married by age of woman (Percent)","Estimates and Projections of Women of Reproductive Age Who Are Married or in a Union 2024",2024,"United Nations Population Division",446,"China, Macao SAR","MO","MAC",70,"2019",4,"Median",2,"Female",67,15,19,"15-19",100,"Married or in a union women",1,"Model-based Estimates",2,"Interpolation",0.57
44,"Currently married by age of woman (Percent)","Currently married by age of woman (Percent)","Estimates and Projections of Women of Reproductive Age Who Are Married or in a Union 2024",2024,"United Nations Population Division",446,"China, Macao SAR","MO","MAC",71,"2020",4,"Median",2,"Female",67,15,19,"15-19",100,"Married or in a union women",1,"Model-based Estimates",2,"Interpolation",0.53
44,"Currently married by age of woman (Percent)","Currently married by age of woman (Percent)","Estimates and Projections of Women of Reproductive Age Who Are Married or in a Union 2024",2024,"United Nations Population Division",446,"China, Macao SAR","MO","MAC",72,"2021",4,"Median",2,"Female",67,15,19,"15-19",100,"Married or in a union women",1,"Model-based Estimates",2,"Interpolation",0.5
44,"Currently married by age of woman (Percent)","Currently married by age of woman (Percent)","Estimates and Projections of Women of Reproductive Age Who Are Married or in a Union 2024",2024,"United Nations Population Division",446,"China, Macao SAR","MO","MAC",73,"2022",4,"Median",2,"Female",67,15,19,"15-19",100,"Married or in a union women",1,"Model-based Estimates",3,"Projection",0.48
44,"Currently married by age of woman (Percent)","Currently married by age of woman (Percent)","Estimates and Projections of Women of Reproductive Age Who Are Married or in a Union 2024",2024,"United Nations Population Division",458,"Malaysia","MY","MYS",59,"2008",4,"Median",2,"Female",67,15,19,"15-19",100,"Married or in a union women",1,"Model-based Estimates",2,"Interpolation",6.48
44,"Currently married by age of woman (Percent)","Currently married by age of woman (Percent)","Estimates and Projections of Women of Reproductive Age Who Are Married or in a Union 2024",2024,"United Nations Population Division",458,"Malaysia","MY","MYS",60,"2009",4,"Median",2,"Female",67,15,19,"15-19",100,"Married or in a union women",1,"Model-based Estimates",2,"Interpolation",6.22
44,"Currently married by age of woman (Percent)","Currently married by age of woman (Percent)","Estimates and Projections of Women of Reproductive Age Who Are Married or in a Union 2024",2024,"United Nations Population Division",458,"Malaysia","MY","MYS",61,"2010",4,"Median",2,"Female",67,15,19,"15-19",100,"Married or in a union women",1,"Model-based Estimates",2,"Interpolation",5.95
44,"Currently married by age of woman (Percent)","Currently married by age of woman (Percent)","Estimates and Projections of Women of Reproductive Age Who Are Married or in a Union 2024",2024,"United Nations Population Division",458,"Malaysia","MY","MYS",62,"2011",4,"Median",2,"Female",67,15,19,"15-19",100,"Married or in a union women",1,"Model-based Estimates",3,"Projection",5.8
44,"Currently married by age of woman (Percent)","Currently married by age of woman (Percent)","Estimates and Projections of Women of Reproductive Age Who Are Married or in a Union 2024",2024,"United Nations Population Division",458,"Malaysia","MY","MYS",63,"2012",4,"Median",2,"Female",67,15,19,"15-19",100,"Married or in a union women",1,"Model-based Estimates",3,"Projection",5.65
44,"Currently married by age of woman (Percent)","Currently married by age of woman (Percent)","Estimates and Projections of Women of Reproductive Age Who Are Married or in a Union 2024",2024,"United Nations Population Division",458,"Malaysia","MY","MYS",64,"2013",4,"Median",2,"Female",67,15,19,"15-19",100,"Married or in a union women",1,"Model-based Estimates",3,"Projection",5.52
44,"Currently married by age of woman (Percent)","Currently married by age of woman (Percent)","Estimates and Projections of Women of Reproductive Age Who Are Married or in a Union 2024",2024,"United Nations Population Division",458,"Malaysia","MY","MYS",65,"2014",4,"Median",2,"Female",67,15,19,"15-19",100,"Married or in a union women",1,"Model-based Estimates",3,"Projection",5.39
44,"Currently married by age of woman (Percent)","Currently married by age of woman (Percent)","Estimates and Projections of Women of Reproductive Age Who Are Married or in a Union 2024",2024,"United Nations Population Division",458,"Malaysia","MY","MYS",66,"2015",4,"Median",2,"Female",67,15,19,"15-19",100,"Married or in a union women",1,"Model-based Estimates",3,"Projection",5.26
44,"Currently married by age of woman (Percent)","Currently married by age of woman (Percent)","Estimates and Projections of Women of Reproductive Age Who Are Married or in a Union 2024",2024,"United Nations Population Division",458,"Malaysia","MY","MYS",67,"2016",4,"Median",2,"Female",67,15,19,"15-19",100,"Married or in a union women",1,"Model-based Estimates",3,"Projection",5.15
44,"Currently married by age of woman (Percent)","Currently married by age of woman (Percent)","Estimates and Projections of Women of Reproductive Age Who Are Married or in a Union 2024",2024,"United Nations Population Division",458,"Malaysia","MY","MYS",68,"2017",4,"Median",2,"Female",67,15,19,"15-19",100,"Married or in a union women",1,"Model-based Estimates",3,"Projection",5.04
44,"Currently married by age of woman (Percent)","Currently married by age of woman (Percent)","Estimates and Projections of Women of Reproductive Age Who Are Married or in a Union 2024",2024,"United Nations Population Division",458,"Malaysia","MY","MYS",69,"2018",4,"Median",2,"Female",67,15,19,"15-19",100,"Married or in a union women",1,"Model-based Estimates",3,"Projection",4.94
44,"Currently married by age of woman (Percent)","Currently married by age of woman (Percent)","Estimates and Projections of Women of Reproductive Age Who Are Married or in a Union 2024",2024,"United Nations Population Division",458,"Malaysia","MY","MYS",70,"2019",4,"Median",2,"Female",67,15,19,"15-19",100,"Married or in a union women",1,"Model-based Estimates",3,"Projection",4.85
44,"Currently married by age of woman (Percent)","Currently married by age of woman (Percent)","Estimates and Projections of Women of Reproductive Age Who Are Married or in a Union 2024",2024,"United Nations Population Division",458,"Malaysia","MY","MYS",71,"2020",4,"Median",2,"Female",67,15,19,"15-19",100,"Married or in a union women",1,"Model-based Estimates",3,"Projection",4.76
44,"Currently married by age of woman (Percent)","Currently married by age of woman (Percent)","Estimates and Projections of Women of Reproductive Age Who Are Married or in a Union 2024",2024,"United Nations Population Division",458,"Malaysia","MY","MYS",72,"2021",4,"Median",2,"Female",67,15,19,"15-19",100,"Married or in a union women",1,"Model-based Estimates",3,"Projection",4.68
44,"Currently married by age of woman (Percent)","Currently married by age of woman (Percent)","Estimates and Projections of Women of Reproductive Age Who Are Married or in a Union 2024",2024,"United Nations Population Division",458,"Malaysia","MY","MYS",73,"2022",4,"Median",2,"Female",67,15,19,"15-19",100,"Married or in a union women",1,"Model-based Estimates",3,"Projection",4.61
44,"Currently married by age of woman (Percent)","Currently married by age of woman (Percent)","Estimates and Projections of Women of Reproductive Age Who Are Married or in a Union 2024",2024,"United Nations Population Division",462,"Maldives","MV","MDV",59,"2008",4,"Median",2,"Female",67,15,19,"15-19",100,"Married or in a union women",1,"Model-based Estimates",2,"Interpolation",6.42
44,"Currently married by age of woman (Percent)","Currently married by age of woman (Percent)","Estimates and Projections of Women of Reproductive Age Who Are Married or in a Union 2024",2024,"United Nations Population Division",462,"Maldives","MV","MDV",60,"2009",4,"Median",2,"Female",67,15,19,"15-19",100,"Married or in a union women",1,"Model-based Estimates",2,"Interpolation",5.2
44,"Currently married by age of woman (Percent)","Currently married by age of woman (Percent)","Estimates and Projections of Women of Reproductive Age Who Are Married or in a Union 2024",2024,"United Nations Population Division",462,"Maldives","MV","MDV",61,"2010",4,"Median",2,"Female",67,15,19,"15-19",100,"Married or in a union women",1,"Model-based Estimates",2,"Interpolation",5.04
44,"Currently married by age of woman (Percent)","Currently married by age of woman (Percent)","Estimates and Projections of Women of Reproductive Age Who Are Married or in a Union 2024",2024,"United Nations Population Division",462,"Maldives","MV","MDV",62,"2011",4,"Median",2,"Female",67,15,19,"15-19",100,"Married or in a union women",1,"Model-based Estimates",2,"Interpolation",4.88
44,"Currently married by age of woman (Percent)","Currently married by age of woman (Percent)","Estimates and Projections of Women of Reproductive Age Who Are Married or in a Union 2024",2024,"United Nations Population Division",462,"Maldives","MV","MDV",63,"2012",4,"Median",2,"Female",67,15,19,"15-19",100,"Married or in a union women",1,"Model-based Estimates",2,"Interpolation",4.72
44,"Currently married by age of woman (Percent)","Currently married by age of woman (Percent)","Estimates and Projections of Women of Reproductive Age Who Are Married or in a Union 2024",2024,"United Nations Population Division",462,"Maldives","MV","MDV",64,"2013",4,"Median",2,"Female",67,15,19,"15-19",100,"Married or in a union women",1,"Model-based Estimates",2,"Interpolation",4.55
44,"Currently married by age of woman (Percent)","Currently married by age of woman (Percent)","Estimates and Projections of Women of Reproductive Age Who Are Married or in a Union 2024",2024,"United Nations Population Division",462,"Maldives","MV","MDV",65,"2014",4,"Median",2,"Female",67,15,19,"15-19",100,"Married or in a union women",1,"Model-based Estimates",2,"Interpolation",4.39
44,"Currently married by age of woman (Percent)","Currently married by age of woman (Percent)","Estimates and Projections of Women of Reproductive Age Who Are Married or in a Union 2024",2024,"United Nations Population Division",462,"Maldives","MV","MDV",66,"2015",4,"Median",2,"Female",67,15,19,"15-19",100,"Married or in a union women",1,"Model-based Estimates",2,"Interpolation",4.23
44,"Currently married by age of woman (Percent)","Currently married by age of woman (Percent)","Estimates and Projections of Women of Reproductive Age Who Are Married or in a Union 2024",2024,"United Nations Population Division",462,"Maldives","MV","MDV",67,"2016",4,"Median",2,"Female",67,15,19,"15-19",100,"Married or in a union women",1,"Model-based Estimates",2,"Interpolation",4.07
44,"Currently married by age of woman (Percent)","Currently married by age of woman (Percent)","Estimates and Projections of Women of Reproductive Age Who Are Married or in a Union 2024",2024,"United Nations Population Division",462,"Maldives","MV","MDV",68,"2017",4,"Median",2,"Female",67,15,19,"15-19",100,"Married or in a union women",1,"Model-based Estimates",2,"Interpolation",3.91
44,"Currently married by age of woman (Percent)","Currently married by age of woman (Percent)","Estimates and Projections of Women of Reproductive Age Who Are Married or in a Union 2024",2024,"United Nations Population Division",462,"Maldives","MV","MDV",69,"2018",4,"Median",2,"Female",67,15,19,"15-19",100,"Married or in a union women",1,"Model-based Estimates",2,"Interpolation",3.75
44,"Currently married by age of woman (Percent)","Currently married by age of woman (Percent)","Estimates and Projections of Women of Reproductive Age Who Are Married or in a Union 2024",2024,"United Nations Population Division",462,"Maldives","MV","MDV",70,"2019",4,"Median",2,"Female",67,15,19,"15-19",100,"Married or in a union women",1,"Model-based Estimates",2,"Interpolation",3.58
44,"Currently married by age of woman (Percent)","Currently married by age of woman (Percent)","Estimates and Projections of Women of Reproductive Age Who Are Married or in a Union 2024",2024,"United Nations Population Division",462,"Maldives","MV","MDV",71,"2020",4,"Median",2,"Female",67,15,19,"15-19",100,"Married or in a union women",1,"Model-based Estimates",2,"Interpolation",3.42
44,"Currently married by age of woman (Percent)","Currently married by age of woman (Percent)","Estimates and Projections of Women of Reproductive Age Who Are Married or in a Union 2024",2024,"United Nations Population Division",462,"Maldives","MV","MDV",72,"2021",4,"Median",2,"Female",67,15,19,"15-19",100,"Married or in a union women",1,"Model-based Estimates",2,"Interpolation",3.26
44,"Currently married by age of woman (Percent)","Currently married by age of woman (Percent)","Estimates and Projections of Women of Reproductive Age Who Are Married or in a Union 2024",2024,"United Nations Population Division",462,"Maldives","MV","MDV",73,"2022",4,"Median",2,"Female",67,15,19,"15-19",100,"Married or in a union women",1,"Model-based Estimates",2,"Interpolation",3.1
44,"Currently married by age of woman (Percent)","Currently married by age of woman (Percent)","Estimates and Projections of Women of Reproductive Age Who Are Married or in a Union 2024",2024,"United Nations Population Division",496,"Mongolia","MN","MNG",59,"2008",4,"Median",2,"Female",67,15,19,"15-19",100,"Married or in a union women",1,"Model-based Estimates",2,"Interpolation",3.56
44,"Currently married by age of woman (Percent)","Currently married by age of woman (Percent)","Estimates and Projections of Women of Reproductive Age Who Are Married or in a Union 2024",2024,"United Nations Population Division",496,"Mongolia","MN","MNG",60,"2009",4,"Median",2,"Female",67,15,19,"15-19",100,"Married or in a union women",1,"Model-based Estimates",2,"Interpolation",3.57
44,"Currently married by age of woman (Percent)","Currently married by age of woman (Percent)","Estimates and Projections of Women of Reproductive Age Who Are Married or in a Union 2024",2024,"United Nations Population Division",496,"Mongolia","MN","MNG",61,"2010",4,"Median",2,"Female",67,15,19,"15-19",100,"Married or in a union women",1,"Model-based Estimates",2,"Interpolation",3.58
44,"Currently married by age of woman (Percent)","Currently married by age of woman (Percent)","Estimates and Projections of Women of Reproductive Age Who Are Married or in a Union 2024",2024,"United Nations Population Division",496,"Mongolia","MN","MNG",62,"2011",4,"Median",2,"Female",67,15,19,"15-19",100,"Married or in a union women",1,"Model-based Estimates",2,"Interpolation",3.6
44,"Currently married by age of woman (Percent)","Currently married by age of woman (Percent)","Estimates and Projections of Women of Reproductive Age Who Are Married or in a Union 2024",2024,"United Nations Population Division",496,"Mongolia","MN","MNG",63,"2012",4,"Median",2,"Female",67,15,19,"15-19",100,"Married or in a union women",1,"Model-based Estimates",2,"Interpolation",3.61
44,"Currently married by age of woman (Percent)","Currently married by age of woman (Percent)","Estimates and Projections of Women of Reproductive Age Who Are Married or in a Union 2024",2024,"United Nations Population Division",496,"Mongolia","MN","MNG",64,"2013",4,"Median",2,"Female",67,15,19,"15-19",100,"Married or in a union women",1,"Model-based Estimates",2,"Interpolation",3.63
44,"Currently married by age of woman (Percent)","Currently married by age of woman (Percent)","Estimates and Projections of Women of Reproductive Age Who Are Married or in a Union 2024",2024,"United Nations Population Division",496,"Mongolia","MN","MNG",65,"2014",4,"Median",2,"Female",67,15,19,"15-19",100,"Married or in a union women",1,"Model-based Estimates",2,"Interpolation",3.64
44,"Currently married by age of woman (Percent)","Currently married by age of woman (Percent)","Estimates and Projections of Women of Reproductive Age Who Are Married or in a Union 2024",2024,"United Nations Population Division",496,"Mongolia","MN","MNG",66,"2015",4,"Median",2,"Female",67,15,19,"15-19",100,"Married or in a union women",1,"Model-based Estimates",2,"Interpolation",3.66
44,"Currently married by age of woman (Percent)","Currently married by age of woman (Percent)","Estimates and Projections of Women of Reproductive Age Who Are Married or in a Union 2024",2024,"United Nations Population Division",496,"Mongolia","MN","MNG",67,"2016",4,"Median",2,"Female",67,15,19,"15-19",100,"Married or in a union women",1,"Model-based Estimates",2,"Interpolation",3.67
44,"Currently married by age of woman (Percent)","Currently married by age of woman (Percent)","Estimates and Projections of Women of Reproductive Age Who Are Married or in a Union 2024",2024,"United Nations Population Division",496,"Mongolia","MN","MNG",68,"2017",4,"Median",2,"Female",67,15,19,"15-19",100,"Married or in a union women",1,"Model-based Estimates",2,"Interpolation",3.69
44,"Currently married by age of woman (Percent)","Currently married by age of woman (Percent)","Estimates and Projections of Women of Reproductive Age Who Are Married or in a Union 2024",2024,"United Nations Population Division",496,"Mongolia","MN","MNG",69,"2018",4,"Median",2,"Female",67,15,19,"15-19",100,"Married or in a union women",1,"Model-based Estimates",2,"Interpolation",3.71
44,"Currently married by age of woman (Percent)","Currently married by age of woman (Percent)","Estimates and Projections of Women of Reproductive Age Who Are Married or in a Union 2024",2024,"United Nations Population Division",496,"Mongolia","MN","MNG",70,"2019",4,"Median",2,"Female",67,15,19,"15-19",100,"Married or in a union women",1,"Model-based Estimates",2,"Interpolation",3.73
44,"Currently married by age of woman (Percent)","Currently married by age of woman (Percent)","Estimates and Projections of Women of Reproductive Age Who Are Married or in a Union 2024",2024,"United Nations Population Division",496,"Mongolia","MN","MNG",71,"2020",4,"Median",2,"Female",67,15,19,"15-19",100,"Married or in a union women",1,"Model-based Estimates",2,"Interpolation",3.74
44,"Currently married by age of woman (Percent)","Currently married by age of woman (Percent)","Estimates and Projections of Women of Reproductive Age Who Are Married or in a Union 2024",2024,"United Nations Population Division",496,"Mongolia","MN","MNG",72,"2021",4,"Median",2,"Female",67,15,19,"15-19",100,"Married or in a union women",1,"Model-based Estimates",3,"Projection",3.76
44,"Currently married by age of woman (Percent)","Currently married by age of woman (Percent)","Estimates and Projections of Women of Reproductive Age Who Are Married or in a Union 2024",2024,"United Nations Population Division",496,"Mongolia","MN","MNG",73,"2022",4,"Median",2,"Female",67,15,19,"15-19",100,"Married or in a union women",1,"Model-based Estimates",3,"Projection",3.78
44,"Currently married by age of woman (Percent)","Currently married by age of woman (Percent)","Estimates and Projections of Women of Reproductive Age Who Are Married or in a Union 2024",2024,"United Nations Population Division",512,"Oman","OM","OMN",59,"2008",4,"Median",2,"Female",67,15,19,"15-19",100,"Married or in a union women",1,"Model-based Estimates",2,"Interpolation",3.37
44,"Currently married by age of woman (Percent)","Currently married by age of woman (Percent)","Estimates and Projections of Women of Reproductive Age Who Are Married or in a Union 2024",2024,"United Nations Population Division",512,"Oman","OM","OMN",60,"2009",4,"Median",2,"Female",67,15,19,"15-19",100,"Married or in a union women",1,"Model-based Estimates",2,"Interpolation",3.23
44,"Currently married by age of woman (Percent)","Currently married by age of woman (Percent)","Estimates and Projections of Women of Reproductive Age Who Are Married or in a Union 2024",2024,"United Nations Population Division",512,"Oman","OM","OMN",61,"2010",4,"Median",2,"Female",67,15,19,"15-19",100,"Married or in a union women",1,"Model-based Estimates",2,"Interpolation",3.09
44,"Currently married by age of woman (Percent)","Currently married by age of woman (Percent)","Estimates and Projections of Women of Reproductive Age Who Are Married or in a Union 2024",2024,"United Nations Population Division",512,"Oman","OM","OMN",62,"2011",4,"Median",2,"Female",67,15,19,"15-19",100,"Married or in a union women",1,"Model-based Estimates",2,"Interpolation",2.95
44,"Currently married by age of woman (Percent)","Currently married by age of woman (Percent)","Estimates and Projections of Women of Reproductive Age Who Are Married or in a Union 2024",2024,"United Nations Population Division",512,"Oman","OM","OMN",63,"2012",4,"Median",2,"Female",67,15,19,"15-19",100,"Married or in a union women",1,"Model-based Estimates",2,"Interpolation",2.82
44,"Currently married by age of woman (Percent)","Currently married by age of woman (Percent)","Estimates and Projections of Women of Reproductive Age Who Are Married or in a Union 2024",2024,"United Nations Population Division",512,"Oman","OM","OMN",64,"2013",4,"Median",2,"Female",67,15,19,"15-19",100,"Married or in a union women",1,"Model-based Estimates",2,"Interpolation",2.68
44,"Currently married by age of woman (Percent)","Currently married by age of woman (Percent)","Estimates and Projections of Women of Reproductive Age Who Are Married or in a Union 2024",2024,"United Nations Population Division",512,"Oman","OM","OMN",65,"2014",4,"Median",2,"Female",67,15,19,"15-19",100,"Married or in a union women",1,"Model-based Estimates",2,"Interpolation",2.54
44,"Currently married by age of woman (Percent)","Currently married by age of woman (Percent)","Estimates and Projections of Women of Reproductive Age Who Are Married or in a Union 2024",2024,"United Nations Population Division",512,"Oman","OM","OMN",66,"2015",4,"Median",2,"Female",67,15,19,"15-19",100,"Married or in a union women",1,"Model-based Estimates",2,"Interpolation",2.4
44,"Currently married by age of woman (Percent)","Currently married by age of woman (Percent)","Estimates and Projections of Women of Reproductive Age Who Are Married or in a Union 2024",2024,"United Nations Population Division",512,"Oman","OM","OMN",67,"2016",4,"Median",2,"Female",67,15,19,"15-19",100,"Married or in a union women",1,"Model-based Estimates",2,"Interpolation",2.26
44,"Currently married by age of woman (Percent)","Currently married by age of woman (Percent)","Estimates and Projections of Women of Reproductive Age Who Are Married or in a Union 2024",2024,"United Nations Population Division",512,"Oman","OM","OMN",68,"2017",4,"Median",2,"Female",67,15,19,"15-19",100,"Married or in a union women",1,"Model-based Estimates",2,"Interpolation",2.12
44,"Currently married by age of woman (Percent)","Currently married by age of woman (Percent)","Estimates and Projections of Women of Reproductive Age Who Are Married or in a Union 2024",2024,"United Nations Population Division",512,"Oman","OM","OMN",69,"2018",4,"Median",2,"Female",67,15,19,"15-19",100,"Married or in a union women",1,"Model-based Estimates",2,"Interpolation",1.98
44,"Currently married by age of woman (Percent)","Currently married by age of woman (Percent)","Estimates and Projections of Women of Reproductive Age Who Are Married or in a Union 2024",2024,"United Nations Population Division",512,"Oman","OM","OMN",70,"2019",4,"Median",2,"Female",67,15,19,"15-19",100,"Married or in a union women",1,"Model-based Estimates",2,"Interpolation",1.84
44,"Currently married by age of woman (Percent)","Currently married by age of woman (Percent)","Estimates and Projections of Women of Reproductive Age Who Are Married or in a Union 2024",2024,"United Nations Population Division",512,"Oman","OM","OMN",71,"2020",4,"Median",2,"Female",67,15,19,"15-19",100,"Married or in a union women",1,"Model-based Estimates",2,"Interpolation",1.7
44,"Currently married by age of woman (Percent)","Currently married by age of woman (Percent)","Estimates and Projections of Women of Reproductive Age Who Are Married or in a Union 2024",2024,"United Nations Population Division",512,"Oman","OM","OMN",72,"2021",4,"Median",2,"Female",67,15,19,"15-19",100,"Married or in a union women",1,"Model-based Estimates",3,"Projection",1.62
44,"Currently married by age of woman (Percent)","Currently married by age of woman (Percent)","Estimates and Projections of Women of Reproductive Age Who Are Married or in a Union 2024",2024,"United Nations Population Division",512,"Oman","OM","OMN",73,"2022",4,"Median",2,"Female",67,15,19,"15-19",100,"Married or in a union women",1,"Model-based Estimates",3,"Projection",1.54
44,"Currently married by age of woman (Percent)","Currently married by age of woman (Percent)","Estimates and Projections of Women of Reproductive Age Who Are Married or in a Union 2024",2024,"United Nations Population Division",524,"Nepal","NP","NPL",59,"2008",4,"Median",2,"Female",67,15,19,"15-19",100,"Married or in a union women",1,"Model-based Estimates",2,"Interpolation",33.63
44,"Currently married by age of woman (Percent)","Currently married by age of woman (Percent)","Estimates and Projections of Women of Reproductive Age Who Are Married or in a Union 2024",2024,"United Nations Population Division",524,"Nepal","NP","NPL",60,"2009",4,"Median",2,"Female",67,15,19,"15-19",100,"Married or in a union women",1,"Model-based Estimates",2,"Interpolation",32.75
44,"Currently married by age of woman (Percent)","Currently married by age of woman (Percent)","Estimates and Projections of Women of Reproductive Age Who Are Married or in a Union 2024",2024,"United Nations Population Division",524,"Nepal","NP","NPL",61,"2010",4,"Median",2,"Female",67,15,19,"15-19",100,"Married or in a union women",1,"Model-based Estimates",2,"Interpolation",31.87
44,"Currently married by age of woman (Percent)","Currently married by age of woman (Percent)","Estimates and Projections of Women of Reproductive Age Who Are Married or in a Union 2024",2024,"United Nations Population Division",524,"Nepal","NP","NPL",62,"2011",4,"Median",2,"Female",67,15,19,"15-19",100,"Married or in a union women",1,"Model-based Estimates",2,"Interpolation",30.99
44,"Currently married by age of woman (Percent)","Currently married by age of woman (Percent)","Estimates and Projections of Women of Reproductive Age Who Are Married or in a Union 2024",2024,"United Nations Population Division",524,"Nepal","NP","NPL",63,"2012",4,"Median",2,"Female",67,15,19,"15-19",100,"Married or in a union women",1,"Model-based Estimates",2,"Interpolation",30.11
44,"Currently married by age of woman (Percent)","Currently married by age of woman (Percent)","Estimates and Projections of Women of Reproductive Age Who Are Married or in a Union 2024",2024,"United Nations Population Division",524,"Nepal","NP","NPL",64,"2013",4,"Median",2,"Female",67,15,19,"15-19",100,"Married or in a union women",1,"Model-based Estimates",2,"Interpolation",29.23
44,"Currently married by age of woman (Percent)","Currently married by age of woman (Percent)","Estimates and Projections of Women of Reproductive Age Who Are Married or in a Union 2024",2024,"United Nations Population Division",524,"Nepal","NP","NPL",65,"2014",4,"Median",2,"Female",67,15,19,"15-19",100,"Married or in a union women",1,"Model-based Estimates",2,"Interpolation",28.35
44,"Currently married by age of woman (Percent)","Currently married by age of woman (Percent)","Estimates and Projections of Women of Reproductive Age Who Are Married or in a Union 2024",2024,"United Nations Population Division",524,"Nepal","NP","NPL",66,"2015",4,"Median",2,"Female",67,15,19,"15-19",100,"Married or in a union women",1,"Model-based Estimates",2,"Interpolation",27.47
44,"Currently married by age of woman (Percent)","Currently married by age of woman (Percent)","Estimates and Projections of Women of Reproductive Age Who Are Married or in a Union 2024",2024,"United Nations Population Division",524,"Nepal","NP","NPL",67,"2016",4,"Median",2,"Female",67,15,19,"15-19",100,"Married or in a union women",1,"Model-based Estimates",2,"Interpolation",26.59
44,"Currently married by age of woman (Percent)","Currently married by age of woman (Percent)","Estimates and Projections of Women of Reproductive Age Who Are Married or in a Union 2024",2024,"United Nations Population Division",524,"Nepal","NP","NPL",68,"2017",4,"Median",2,"Female",67,15,19,"15-19",100,"Married or in a union women",1,"Model-based Estimates",2,"Interpolation",25.7
44,"Currently married by age of woman (Percent)","Currently married by age of woman (Percent)","Estimates and Projections of Women of Reproductive Age Who Are Married or in a Union 2024",2024,"United Nations Population Division",524,"Nepal","NP","NPL",69,"2018",4,"Median",2,"Female",67,15,19,"15-19",100,"Married or in a union women",1,"Model-based Estimates",2,"Interpolation",24.82
44,"Currently married by age of woman (Percent)","Currently married by age of woman (Percent)","Estimates and Projections of Women of Reproductive Age Who Are Married or in a Union 2024",2024,"United Nations Population Division",524,"Nepal","NP","NPL",70,"2019",4,"Median",2,"Female",67,15,19,"15-19",100,"Married or in a union women",1,"Model-based Estimates",2,"Interpolation",23.94
44,"Currently married by age of woman (Percent)","Currently married by age of woman (Percent)","Estimates and Projections of Women of Reproductive Age Who Are Married or in a Union 2024",2024,"United Nations Population Division",524,"Nepal","NP","NPL",71,"2020",4,"Median",2,"Female",67,15,19,"15-19",100,"Married or in a union women",1,"Model-based Estimates",2,"Interpolation",23.06
44,"Currently married by age of woman (Percent)","Currently married by age of woman (Percent)","Estimates and Projections of Women of Reproductive Age Who Are Married or in a Union 2024",2024,"United Nations Population Division",524,"Nepal","NP","NPL",72,"2021",4,"Median",2,"Female",67,15,19,"15-19",100,"Married or in a union women",1,"Model-based Estimates",2,"Interpolation",22.18
44,"Currently married by age of woman (Percent)","Currently married by age of woman (Percent)","Estimates and Projections of Women of Reproductive Age Who Are Married or in a Union 2024",2024,"United Nations Population Division",524,"Nepal","NP","NPL",73,"2022",4,"Median",2,"Female",67,15,19,"15-19",100,"Married or in a union women",1,"Model-based Estimates",2,"Interpolation",21.3
44,"Currently married by age of woman (Percent)","Currently married by age of woman (Percent)","Estimates and Projections of Women of Reproductive Age Who Are Married or in a Union 2024",2024,"United Nations Population Division",586,"Pakistan","PK","PAK",59,"2008",4,"Median",2,"Female",67,15,19,"15-19",100,"Married or in a union women",1,"Model-based Estimates",2,"Interpolation",15.5
44,"Currently married by age of woman (Percent)","Currently married by age of woman (Percent)","Estimates and Projections of Women of Reproductive Age Who Are Married or in a Union 2024",2024,"United Nations Population Division",586,"Pakistan","PK","PAK",60,"2009",4,"Median",2,"Female",67,15,19,"15-19",100,"Married or in a union women",1,"Model-based Estimates",2,"Interpolation",15.3
44,"Currently married by age of woman (Percent)","Currently married by age of woman (Percent)","Estimates and Projections of Women of Reproductive Age Who Are Married or in a Union 2024",2024,"United Nations Population Division",586,"Pakistan","PK","PAK",61,"2010",4,"Median",2,"Female",67,15,19,"15-19",100,"Married or in a union women",1,"Model-based Estimates",2,"Interpolation",15.1
44,"Currently married by age of woman (Percent)","Currently married by age of woman (Percent)","Estimates and Projections of Women of Reproductive Age Who Are Married or in a Union 2024",2024,"United Nations Population Division",586,"Pakistan","PK","PAK",62,"2011",4,"Median",2,"Female",67,15,19,"15-19",100,"Married or in a union women",1,"Model-based Estimates",2,"Interpolation",14.9
44,"Currently married by age of woman (Percent)","Currently married by age of woman (Percent)","Estimates and Projections of Women of Reproductive Age Who Are Married or in a Union 2024",2024,"United Nations Population Division",586,"Pakistan","PK","PAK",63,"2012",4,"Median",2,"Female",67,15,19,"15-19",100,"Married or in a union women",1,"Model-based Estimates",2,"Interpolation",14.7
44,"Currently married by age of woman (Percent)","Currently married by age of woman (Percent)","Estimates and Projections of Women of Reproductive Age Who Are Married or in a Union 2024",2024,"United Nations Population Division",586,"Pakistan","PK","PAK",64,"2013",4,"Median",2,"Female",67,15,19,"15-19",100,"Married or in a union women",1,"Model-based Estimates",2,"Interpolation",14.5
44,"Currently married by age of woman (Percent)","Currently married by age of woman (Percent)","Estimates and Projections of Women of Reproductive Age Who Are Married or in a Union 2024",2024,"United Nations Population Division",586,"Pakistan","PK","PAK",65,"2014",4,"Median",2,"Female",67,15,19,"15-19",100,"Married or in a union women",1,"Model-based Estimates",2,"Interpolation",14.3
44,"Currently married by age of woman (Percent)","Currently married by age of woman (Percent)","Estimates and Projections of Women of Reproductive Age Who Are Married or in a Union 2024",2024,"United Nations Population Division",586,"Pakistan","PK","PAK",66,"2015",4,"Median",2,"Female",67,15,19,"15-19",100,"Married or in a union women",1,"Model-based Estimates",2,"Interpolation",14.1
44,"Currently married by age of woman (Percent)","Currently married by age of woman (Percent)","Estimates and Projections of Women of Reproductive Age Who Are Married or in a Union 2024",2024,"United Nations Population Division",586,"Pakistan","PK","PAK",67,"2016",4,"Median",2,"Female",67,15,19,"15-19",100,"Married or in a union women",1,"Model-based Estimates",2,"Interpolation",13.9
44,"Currently married by age of woman (Percent)","Currently married by age of woman (Percent)","Estimates and Projections of Women of Reproductive Age Who Are Married or in a Union 2024",2024,"United Nations Population Division",586,"Pakistan","PK","PAK",68,"2017",4,"Median",2,"Female",67,15,19,"15-19",100,"Married or in a union women",1,"Model-based Estimates",2,"Interpolation",13.7
44,"Currently married by age of woman (Percent)","Currently married by age of woman (Percent)","Estimates and Projections of Women of Reproductive Age Who Are Married or in a Union 2024",2024,"United Nations Population Division",586,"Pakistan","PK","PAK",69,"2018",4,"Median",2,"Female",67,15,19,"15-19",100,"Married or in a union women",1,"Model-based Estimates",2,"Interpolation",13.5
44,"Currently married by age of woman (Percent)","Currently married by age of woman (Percent)","Estimates and Projections of Women of Reproductive Age Who Are Married or in a Union 2024",2024,"United Nations Population Division",586,"Pakistan","PK","PAK",70,"2019",4,"Median",2,"Female",67,15,19,"15-19",100,"Married or in a union women",1,"Model-based Estimates",3,"Projection",13.31
44,"Currently married by age of woman (Percent)","Currently married by age of woman (Percent)","Estimates and Projections of Women of Reproductive Age Who Are Married or in a Union 2024",2024,"United Nations Population Division",586,"Pakistan","PK","PAK",71,"2020",4,"Median",2,"Female",67,15,19,"15-19",100,"Married or in a union women",1,"Model-based Estimates",3,"Projection",13.12
44,"Currently married by age of woman (Percent)","Currently married by age of woman (Percent)","Estimates and Projections of Women of Reproductive Age Who Are Married or in a Union 2024",2024,"United Nations Population Division",586,"Pakistan","PK","PAK",72,"2021",4,"Median",2,"Female",67,15,19,"15-19",100,"Married or in a union women",1,"Model-based Estimates",3,"Projection",12.92
44,"Currently married by age of woman (Percent)","Currently married by age of woman (Percent)","Estimates and Projections of Women of Reproductive Age Who Are Married or in a Union 2024",2024,"United Nations Population Division",586,"Pakistan","PK","PAK",73,"2022",4,"Median",2,"Female",67,15,19,"15-19",100,"Married or in a union women",1,"Model-based Estimates",3,"Projection",12.73
44,"Currently married by age of woman (Percent)","Currently married by age of woman (Percent)","Estimates and Projections of Women of Reproductive Age Who Are Married or in a Union 2024",2024,"United Nations Population Division",608,"Philippines","PH","PHL",59,"2008",4,"Median",2,"Female",67,15,19,"15-19",100,"Married or in a union women",1,"Model-based Estimates",2,"Interpolation",10.3
44,"Currently married by age of woman (Percent)","Currently married by age of woman (Percent)","Estimates and Projections of Women of Reproductive Age Who Are Married or in a Union 2024",2024,"United Nations Population Division",608,"Philippines","PH","PHL",60,"2009",4,"Median",2,"Female",67,15,19,"15-19",100,"Married or in a union women",1,"Model-based Estimates",2,"Interpolation",9.96
44,"Currently married by age of woman (Percent)","Currently married by age of woman (Percent)","Estimates and Projections of Women of Reproductive Age Who Are Married or in a Union 2024",2024,"United Nations Population Division",608,"Philippines","PH","PHL",61,"2010",4,"Median",2,"Female",67,15,19,"15-19",100,"Married or in a union women",1,"Model-based Estimates",2,"Interpolation",9.61
44,"Currently married by age of woman (Percent)","Currently married by age of woman (Percent)","Estimates and Projections of Women of Reproductive Age Who Are Married or in a Union 2024",2024,"United Nations Population Division",608,"Philippines","PH","PHL",62,"2011",4,"Median",2,"Female",67,15,19,"15-19",100,"Married or in a union women",1,"Model-based Estimates",2,"Interpolation",9.27
44,"Currently married by age of woman (Percent)","Currently married by age of woman (Percent)","Estimates and Projections of Women of Reproductive Age Who Are Married or in a Union 2024",2024,"United Nations Population Division",608,"Philippines","PH","PHL",63,"2012",4,"Median",2,"Female",67,15,19,"15-19",100,"Married or in a union women",1,"Model-based Estimates",2,"Interpolation",8.93
44,"Currently married by age of woman (Percent)","Currently married by age of woman (Percent)","Estimates and Projections of Women of Reproductive Age Who Are Married or in a Union 2024",2024,"United Nations Population Division",608,"Philippines","PH","PHL",64,"2013",4,"Median",2,"Female",67,15,19,"15-19",100,"Married or in a union women",1,"Model-based Estimates",2,"Interpolation",8.59
44,"Currently married by age of woman (Percent)","Currently married by age of woman (Percent)","Estimates and Projections of Women of Reproductive Age Who Are Married or in a Union 2024",2024,"United Nations Population Division",608,"Philippines","PH","PHL",65,"2014",4,"Median",2,"Female",67,15,19,"15-19",100,"Married or in a union women",1,"Model-based Estimates",2,"Interpolation",8.24
44,"Currently married by age of woman (Percent)","Currently married by age of woman (Percent)","Estimates and Projections of Women of Reproductive Age Who Are Married or in a Union 2024",2024,"United Nations Population Division",608,"Philippines","PH","PHL",66,"2015",4,"Median",2,"Female",67,15,19,"15-19",100,"Married or in a union women",1,"Model-based Estimates",2,"Interpolation",7.9
44,"Currently married by age of woman (Percent)","Currently married by age of woman (Percent)","Estimates and Projections of Women of Reproductive Age Who Are Married or in a Union 2024",2024,"United Nations Population Division",608,"Philippines","PH","PHL",67,"2016",4,"Median",2,"Female",67,15,19,"15-19",100,"Married or in a union women",1,"Model-based Estimates",2,"Interpolation",7.56
44,"Currently married by age of woman (Percent)","Currently married by age of woman (Percent)","Estimates and Projections of Women of Reproductive Age Who Are Married or in a Union 2024",2024,"United Nations Population Division",608,"Philippines","PH","PHL",68,"2017",4,"Median",2,"Female",67,15,19,"15-19",100,"Married or in a union women",1,"Model-based Estimates",2,"Interpolation",7.21
44,"Currently married by age of woman (Percent)","Currently married by age of woman (Percent)","Estimates and Projections of Women of Reproductive Age Who Are Married or in a Union 2024",2024,"United Nations Population Division",608,"Philippines","PH","PHL",69,"2018",4,"Median",2,"Female",67,15,19,"15-19",100,"Married or in a union women",1,"Model-based Estimates",2,"Interpolation",6.87
44,"Currently married by age of woman (Percent)","Currently married by age of woman (Percent)","Estimates and Projections of Women of Reproductive Age Who Are Married or in a Union 2024",2024,"United Nations Population Division",608,"Philippines","PH","PHL",70,"2019",4,"Median",2,"Female",67,15,19,"15-19",100,"Married or in a union women",1,"Model-based Estimates",2,"Interpolation",6.53
44,"Currently married by age of woman (Percent)","Currently married by age of woman (Percent)","Estimates and Projections of Women of Reproductive Age Who Are Married or in a Union 2024",2024,"United Nations Population Division",608,"Philippines","PH","PHL",71,"2020",4,"Median",2,"Female",67,15,19,"15-19",100,"Married or in a union women",1,"Model-based Estimates",2,"Interpolation",6.19
44,"Currently married by age of woman (Percent)","Currently married by age of woman (Percent)","Estimates and Projections of Women of Reproductive Age Who Are Married or in a Union 2024",2024,"United Nations Population Division",608,"Philippines","PH","PHL",72,"2021",4,"Median",2,"Female",67,15,19,"15-19",100,"Married or in a union women",1,"Model-based Estimates",2,"Interpolation",5.84
44,"Currently married by age of woman (Percent)","Currently married by age of woman (Percent)","Estimates and Projections of Women of Reproductive Age Who Are Married or in a Union 2024",2024,"United Nations Population Division",608,"Philippines","PH","PHL",73,"2022",4,"Median",2,"Female",67,15,19,"15-19",100,"Married or in a union women",1,"Model-based Estimates",2,"Interpolation",5.5
44,"Currently married by age of woman (Percent)","Currently married by age of woman (Percent)","Estimates and Projections of Women of Reproductive Age Who Are Married or in a Union 2024",2024,"United Nations Population Division",626,"Timor-Leste","TL","TLS",59,"2008",4,"Median",2,"Female",67,15,19,"15-19",100,"Married or in a union women",1,"Model-based Estimates",2,"Interpolation",10.05
44,"Currently married by age of woman (Percent)","Currently married by age of woman (Percent)","Estimates and Projections of Women of Reproductive Age Who Are Married or in a Union 2024",2024,"United Nations Population Division",626,"Timor-Leste","TL","TLS",60,"2009",4,"Median",2,"Female",67,15,19,"15-19",100,"Married or in a union women",1,"Model-based Estimates",2,"Interpolation",9.82
44,"Currently married by age of woman (Percent)","Currently married by age of woman (Percent)","Estimates and Projections of Women of Reproductive Age Who Are Married or in a Union 2024",2024,"United Nations Population Division",626,"Timor-Leste","TL","TLS",61,"2010",4,"Median",2,"Female",67,15,19,"15-19",100,"Married or in a union women",1,"Model-based Estimates",2,"Interpolation",9.58
44,"Currently married by age of woman (Percent)","Currently married by age of woman (Percent)","Estimates and Projections of Women of Reproductive Age Who Are Married or in a Union 2024",2024,"United Nations Population Division",626,"Timor-Leste","TL","TLS",62,"2011",4,"Median",2,"Female",67,15,19,"15-19",100,"Married or in a union women",1,"Model-based Estimates",2,"Interpolation",9.35
44,"Currently married by age of woman (Percent)","Currently married by age of woman (Percent)","Estimates and Projections of Women of Reproductive Age Who Are Married or in a Union 2024",2024,"United Nations Population Division",626,"Timor-Leste","TL","TLS",63,"2012",4,"Median",2,"Female",67,15,19,"15-19",100,"Married or in a union women",1,"Model-based Estimates",2,"Interpolation",9.12
44,"Currently married by age of woman (Percent)","Currently married by age of woman (Percent)","Estimates and Projections of Women of Reproductive Age Who Are Married or in a Union 2024",2024,"United Nations Population Division",626,"Timor-Leste","TL","TLS",64,"2013",4,"Median",2,"Female",67,15,19,"15-19",100,"Married or in a union women",1,"Model-based Estimates",2,"Interpolation",8.89
44,"Currently married by age of woman (Percent)","Currently married by age of woman (Percent)","Estimates and Projections of Women of Reproductive Age Who Are Married or in a Union 2024",2024,"United Nations Population Division",626,"Timor-Leste","TL","TLS",65,"2014",4,"Median",2,"Female",67,15,19,"15-19",100,"Married or in a union women",1,"Model-based Estimates",2,"Interpolation",8.66
44,"Currently married by age of woman (Percent)","Currently married by age of woman (Percent)","Estimates and Projections of Women of Reproductive Age Who Are Married or in a Union 2024",2024,"United Nations Population Division",626,"Timor-Leste","TL","TLS",66,"2015",4,"Median",2,"Female",67,15,19,"15-19",100,"Married or in a union women",1,"Model-based Estimates",2,"Interpolation",8.43
44,"Currently married by age of woman (Percent)","Currently married by age of woman (Percent)","Estimates and Projections of Women of Reproductive Age Who Are Married or in a Union 2024",2024,"United Nations Population Division",626,"Timor-Leste","TL","TLS",67,"2016",4,"Median",2,"Female",67,15,19,"15-19",100,"Married or in a union women",1,"Model-based Estimates",2,"Interpolation",8.2
44,"Currently married by age of woman (Percent)","Currently married by age of woman (Percent)","Estimates and Projections of Women of Reproductive Age Who Are Married or in a Union 2024",2024,"United Nations Population Division",626,"Timor-Leste","TL","TLS",68,"2017",4,"Median",2,"Female",67,15,19,"15-19",100,"Married or in a union women",1,"Model-based Estimates",2,"Interpolation",8
44,"Currently married by age of woman (Percent)","Currently married by age of woman (Percent)","Estimates and Projections of Women of Reproductive Age Who Are Married or in a Union 2024",2024,"United Nations Population Division",626,"Timor-Leste","TL","TLS",69,"2018",4,"Median",2,"Female",67,15,19,"15-19",100,"Married or in a union women",1,"Model-based Estimates",2,"Interpolation",7.82
44,"Currently married by age of woman (Percent)","Currently married by age of woman (Percent)","Estimates and Projections of Women of Reproductive Age Who Are Married or in a Union 2024",2024,"United Nations Population Division",626,"Timor-Leste","TL","TLS",70,"2019",4,"Median",2,"Female",67,15,19,"15-19",100,"Married or in a union women",1,"Model-based Estimates",2,"Interpolation",7.64
44,"Currently married by age of woman (Percent)","Currently married by age of woman (Percent)","Estimates and Projections of Women of Reproductive Age Who Are Married or in a Union 2024",2024,"United Nations Population Division",626,"Timor-Leste","TL","TLS",71,"2020",4,"Median",2,"Female",67,15,19,"15-19",100,"Married or in a union women",1,"Model-based Estimates",2,"Interpolation",7.47
44,"Currently married by age of woman (Percent)","Currently married by age of woman (Percent)","Estimates and Projections of Women of Reproductive Age Who Are Married or in a Union 2024",2024,"United Nations Population Division",626,"Timor-Leste","TL","TLS",72,"2021",4,"Median",2,"Female",67,15,19,"15-19",100,"Married or in a union women",1,"Model-based Estimates",2,"Interpolation",7.31
44,"Currently married by age of woman (Percent)","Currently married by age of woman (Percent)","Estimates and Projections of Women of Reproductive Age Who Are Married or in a Union 2024",2024,"United Nations Population Division",626,"Timor-Leste","TL","TLS",73,"2022",4,"Median",2,"Female",67,15,19,"15-19",100,"Married or in a union women",1,"Model-based Estimates",2,"Interpolation",7.16
44,"Currently married by age of woman (Percent)","Currently married by age of woman (Percent)","Estimates and Projections of Women of Reproductive Age Who Are Married or in a Union 2024",2024,"United Nations Population Division",634,"Qatar","QA","QAT",59,"2008",4,"Median",2,"Female",67,15,19,"15-19",100,"Married or in a union women",1,"Model-based Estimates",2,"Interpolation",2.68
44,"Currently married by age of woman (Percent)","Currently married by age of woman (Percent)","Estimates and Projections of Women of Reproductive Age Who Are Married or in a Union 2024",2024,"United Nations Population Division",634,"Qatar","QA","QAT",60,"2009",4,"Median",2,"Female",67,15,19,"15-19",100,"Married or in a union women",1,"Model-based Estimates",2,"Interpolation",2.45
44,"Currently married by age of woman (Percent)","Currently married by age of woman (Percent)","Estimates and Projections of Women of Reproductive Age Who Are Married or in a Union 2024",2024,"United Nations Population Division",634,"Qatar","QA","QAT",61,"2010",4,"Median",2,"Female",67,15,19,"15-19",100,"Married or in a union women",1,"Model-based Estimates",2,"Interpolation",2.23
44,"Currently married by age of woman (Percent)","Currently married by age of woman (Percent)","Estimates and Projections of Women of Reproductive Age Who Are Married or in a Union 2024",2024,"United Nations Population Division",634,"Qatar","QA","QAT",62,"2011",4,"Median",2,"Female",67,15,19,"15-19",100,"Married or in a union women",1,"Model-based Estimates",2,"Interpolation",2.01
44,"Currently married by age of woman (Percent)","Currently married by age of woman (Percent)","Estimates and Projections of Women of Reproductive Age Who Are Married or in a Union 2024",2024,"United Nations Population Division",634,"Qatar","QA","QAT",63,"2012",4,"Median",2,"Female",67,15,19,"15-19",100,"Married or in a union women",1,"Model-based Estimates",2,"Interpolation",1.79
44,"Currently married by age of woman (Percent)","Currently married by age of woman (Percent)","Estimates and Projections of Women of Reproductive Age Who Are Married or in a Union 2024",2024,"United Nations Population Division",634,"Qatar","QA","QAT",64,"2013",4,"Median",2,"Female",67,15,19,"15-19",100,"Married or in a union women",1,"Model-based Estimates",2,"Interpolation",1.56
44,"Currently married by age of woman (Percent)","Currently married by age of woman (Percent)","Estimates and Projections of Women of Reproductive Age Who Are Married or in a Union 2024",2024,"United Nations Population Division",634,"Qatar","QA","QAT",65,"2014",4,"Median",2,"Female",67,15,19,"15-19",100,"Married or in a union women",1,"Model-based Estimates",2,"Interpolation",1.34
44,"Currently married by age of woman (Percent)","Currently married by age of woman (Percent)","Estimates and Projections of Women of Reproductive Age Who Are Married or in a Union 2024",2024,"United Nations Population Division",634,"Qatar","QA","QAT",66,"2015",4,"Median",2,"Female",67,15,19,"15-19",100,"Married or in a union women",1,"Model-based Estimates",2,"Interpolation",1.12
44,"Currently married by age of woman (Percent)","Currently married by age of woman (Percent)","Estimates and Projections of Women of Reproductive Age Who Are Married or in a Union 2024",2024,"United Nations Population Division",634,"Qatar","QA","QAT",67,"2016",4,"Median",2,"Female",67,15,19,"15-19",100,"Married or in a union women",1,"Model-based Estimates",2,"Interpolation",0.89
44,"Currently married by age of woman (Percent)","Currently married by age of woman (Percent)","Estimates and Projections of Women of Reproductive Age Who Are Married or in a Union 2024",2024,"United Nations Population Division",634,"Qatar","QA","QAT",68,"2017",4,"Median",2,"Female",67,15,19,"15-19",100,"Married or in a union women",1,"Model-based Estimates",2,"Interpolation",0.67
44,"Currently married by age of woman (Percent)","Currently married by age of woman (Percent)","Estimates and Projections of Women of Reproductive Age Who Are Married or in a Union 2024",2024,"United Nations Population Division",634,"Qatar","QA","QAT",69,"2018",4,"Median",2,"Female",67,15,19,"15-19",100,"Married or in a union women",1,"Model-based Estimates",2,"Interpolation",0.45
44,"Currently married by age of woman (Percent)","Currently married by age of woman (Percent)","Estimates and Projections of Women of Reproductive Age Who Are Married or in a Union 2024",2024,"United Nations Population Division",634,"Qatar","QA","QAT",70,"2019",4,"Median",2,"Female",67,15,19,"15-19",100,"Married or in a union women",1,"Model-based Estimates",2,"Interpolation",0.22
44,"Currently married by age of woman (Percent)","Currently married by age of woman (Percent)","Estimates and Projections of Women of Reproductive Age Who Are Married or in a Union 2024",2024,"United Nations Population Division",634,"Qatar","QA","QAT",71,"2020",4,"Median",2,"Female",67,15,19,"15-19",100,"Married or in a union women",1,"Model-based Estimates",2,"Interpolation",0
44,"Currently married by age of woman (Percent)","Currently married by age of woman (Percent)","Estimates and Projections of Women of Reproductive Age Who Are Married or in a Union 2024",2024,"United Nations Population Division",634,"Qatar","QA","QAT",72,"2021",4,"Median",2,"Female",67,15,19,"15-19",100,"Married or in a union women",1,"Model-based Estimates",3,"Projection",0
44,"Currently married by age of woman (Percent)","Currently married by age of woman (Percent)","Estimates and Projections of Women of Reproductive Age Who Are Married or in a Union 2024",2024,"United Nations Population Division",634,"Qatar","QA","QAT",73,"2022",4,"Median",2,"Female",67,15,19,"15-19",100,"Married or in a union women",1,"Model-based Estimates",3,"Projection",0
44,"Currently married by age of woman (Percent)","Currently married by age of woman (Percent)","Estimates and Projections of Women of Reproductive Age Who Are Married or in a Union 2024",2024,"United Nations Population Division",682,"Saudi Arabia","SA","SAU",59,"2008",4,"Median",2,"Female",67,15,19,"15-19",100,"Married or in a union women",1,"Model-based Estimates",2,"Interpolation",3.96
44,"Currently married by age of woman (Percent)","Currently married by age of woman (Percent)","Estimates and Projections of Women of Reproductive Age Who Are Married or in a Union 2024",2024,"United Nations Population Division",682,"Saudi Arabia","SA","SAU",60,"2009",4,"Median",2,"Female",67,15,19,"15-19",100,"Married or in a union women",1,"Model-based Estimates",2,"Interpolation",4.04
44,"Currently married by age of woman (Percent)","Currently married by age of woman (Percent)","Estimates and Projections of Women of Reproductive Age Who Are Married or in a Union 2024",2024,"United Nations Population Division",682,"Saudi Arabia","SA","SAU",61,"2010",4,"Median",2,"Female",67,15,19,"15-19",100,"Married or in a union women",1,"Model-based Estimates",2,"Interpolation",4.11
44,"Currently married by age of woman (Percent)","Currently married by age of woman (Percent)","Estimates and Projections of Women of Reproductive Age Who Are Married or in a Union 2024",2024,"United Nations Population Division",682,"Saudi Arabia","SA","SAU",62,"2011",4,"Median",2,"Female",67,15,19,"15-19",100,"Married or in a union women",1,"Model-based Estimates",2,"Interpolation",4.19
44,"Currently married by age of woman (Percent)","Currently married by age of woman (Percent)","Estimates and Projections of Women of Reproductive Age Who Are Married or in a Union 2024",2024,"United Nations Population Division",682,"Saudi Arabia","SA","SAU",63,"2012",4,"Median",2,"Female",67,15,19,"15-19",100,"Married or in a union women",1,"Model-based Estimates",2,"Interpolation",4.26
44,"Currently married by age of woman (Percent)","Currently married by age of woman (Percent)","Estimates and Projections of Women of Reproductive Age Who Are Married or in a Union 2024",2024,"United Nations Population Division",682,"Saudi Arabia","SA","SAU",64,"2013",4,"Median",2,"Female",67,15,19,"15-19",100,"Married or in a union women",1,"Model-based Estimates",2,"Interpolation",4.33
44,"Currently married by age of woman (Percent)","Currently married by age of woman (Percent)","Estimates and Projections of Women of Reproductive Age Who Are Married or in a Union 2024",2024,"United Nations Population Division",682,"Saudi Arabia","SA","SAU",65,"2014",4,"Median",2,"Female",67,15,19,"15-19",100,"Married or in a union women",1,"Model-based Estimates",2,"Interpolation",4.41
44,"Currently married by age of woman (Percent)","Currently married by age of woman (Percent)","Estimates and Projections of Women of Reproductive Age Who Are Married or in a Union 2024",2024,"United Nations Population Division",682,"Saudi Arabia","SA","SAU",66,"2015",4,"Median",2,"Female",67,15,19,"15-19",100,"Married or in a union women",1,"Model-based Estimates",2,"Interpolation",4.48
44,"Currently married by age of woman (Percent)","Currently married by age of woman (Percent)","Estimates and Projections of Women of Reproductive Age Who Are Married or in a Union 2024",2024,"United Nations Population Division",682,"Saudi Arabia","SA","SAU",67,"2016",4,"Median",2,"Female",67,15,19,"15-19",100,"Married or in a union women",1,"Model-based Estimates",2,"Interpolation",4.56
44,"Currently married by age of woman (Percent)","Currently married by age of woman (Percent)","Estimates and Projections of Women of Reproductive Age Who Are Married or in a Union 2024",2024,"United Nations Population Division",682,"Saudi Arabia","SA","SAU",68,"2017",4,"Median",2,"Female",67,15,19,"15-19",100,"Married or in a union women",1,"Model-based Estimates",2,"Interpolation",4.63
44,"Currently married by age of woman (Percent)","Currently married by age of woman (Percent)","Estimates and Projections of Women of Reproductive Age Who Are Married or in a Union 2024",2024,"United Nations Population Division",682,"Saudi Arabia","SA","SAU",69,"2018",4,"Median",2,"Female",67,15,19,"15-19",100,"Married or in a union women",1,"Model-based Estimates",2,"Interpolation",4.7
44,"Currently married by age of woman (Percent)","Currently married by age of woman (Percent)","Estimates and Projections of Women of Reproductive Age Who Are Married or in a Union 2024",2024,"United Nations Population Division",682,"Saudi Arabia","SA","SAU",70,"2019",4,"Median",2,"Female",67,15,19,"15-19",100,"Married or in a union women",1,"Model-based Estimates",2,"Interpolation",4.78
44,"Currently married by age of woman (Percent)","Currently married by age of woman (Percent)","Estimates and Projections of Women of Reproductive Age Who Are Married or in a Union 2024",2024,"United Nations Population Division",682,"Saudi Arabia","SA","SAU",71,"2020",4,"Median",2,"Female",67,15,19,"15-19",100,"Married or in a union women",1,"Model-based Estimates",2,"Interpolation",4.85
44,"Currently married by age of woman (Percent)","Currently married by age of woman (Percent)","Estimates and Projections of Women of Reproductive Age Who Are Married or in a Union 2024",2024,"United Nations Population Division",682,"Saudi Arabia","SA","SAU",72,"2021",4,"Median",2,"Female",67,15,19,"15-19",100,"Married or in a union women",1,"Model-based Estimates",2,"Interpolation",4.93
44,"Currently married by age of woman (Percent)","Currently married by age of woman (Percent)","Estimates and Projections of Women of Reproductive Age Who Are Married or in a Union 2024",2024,"United Nations Population Division",682,"Saudi Arabia","SA","SAU",73,"2022",4,"Median",2,"Female",67,15,19,"15-19",100,"Married or in a union women",1,"Model-based Estimates",2,"Interpolation",5
44,"Currently married by age of woman (Percent)","Currently married by age of woman (Percent)","Estimates and Projections of Women of Reproductive Age Who Are Married or in a Union 2024",2024,"United Nations Population Division",702,"Singapore","SG","SGP",59,"2008",4,"Median",2,"Female",67,15,19,"15-19",100,"Married or in a union women",1,"Model-based Estimates",2,"Interpolation",0.64
44,"Currently married by age of woman (Percent)","Currently married by age of woman (Percent)","Estimates and Projections of Women of Reproductive Age Who Are Married or in a Union 2024",2024,"United Nations Population Division",702,"Singapore","SG","SGP",60,"2009",4,"Median",2,"Female",67,15,19,"15-19",100,"Married or in a union women",1,"Model-based Estimates",2,"Interpolation",0.53
44,"Currently married by age of woman (Percent)","Currently married by age of woman (Percent)","Estimates and Projections of Women of Reproductive Age Who Are Married or in a Union 2024",2024,"United Nations Population Division",702,"Singapore","SG","SGP",61,"2010",4,"Median",2,"Female",67,15,19,"15-19",100,"Married or in a union women",1,"Model-based Estimates",2,"Interpolation",0.42
44,"Currently married by age of woman (Percent)","Currently married by age of woman (Percent)","Estimates and Projections of Women of Reproductive Age Who Are Married or in a Union 2024",2024,"United Nations Population Division",702,"Singapore","SG","SGP",62,"2011",4,"Median",2,"Female",67,15,19,"15-19",100,"Married or in a union women",1,"Model-based Estimates",2,"Interpolation",0.39
44,"Currently married by age of woman (Percent)","Currently married by age of woman (Percent)","Estimates and Projections of Women of Reproductive Age Who Are Married or in a Union 2024",2024,"United Nations Population Division",702,"Singapore","SG","SGP",63,"2012",4,"Median",2,"Female",67,15,19,"15-19",100,"Married or in a union women",1,"Model-based Estimates",2,"Interpolation",0.36
44,"Currently married by age of woman (Percent)","Currently married by age of woman (Percent)","Estimates and Projections of Women of Reproductive Age Who Are Married or in a Union 2024",2024,"United Nations Population Division",702,"Singapore","SG","SGP",64,"2013",4,"Median",2,"Female",67,15,19,"15-19",100,"Married or in a union women",1,"Model-based Estimates",2,"Interpolation",0.33
44,"Currently married by age of woman (Percent)","Currently married by age of woman (Percent)","Estimates and Projections of Women of Reproductive Age Who Are Married or in a Union 2024",2024,"United Nations Population Division",702,"Singapore","SG","SGP",65,"2014",4,"Median",2,"Female",67,15,19,"15-19",100,"Married or in a union women",1,"Model-based Estimates",2,"Interpolation",0.29
44,"Currently married by age of woman (Percent)","Currently married by age of woman (Percent)","Estimates and Projections of Women of Reproductive Age Who Are Married or in a Union 2024",2024,"United Nations Population Division",702,"Singapore","SG","SGP",66,"2015",4,"Median",2,"Female",67,15,19,"15-19",100,"Married or in a union women",1,"Model-based Estimates",2,"Interpolation",0.26
44,"Currently married by age of woman (Percent)","Currently married by age of woman (Percent)","Estimates and Projections of Women of Reproductive Age Who Are Married or in a Union 2024",2024,"United Nations Population Division",702,"Singapore","SG","SGP",67,"2016",4,"Median",2,"Female",67,15,19,"15-19",100,"Married or in a union women",1,"Model-based Estimates",2,"Interpolation",0.23
44,"Currently married by age of woman (Percent)","Currently married by age of woman (Percent)","Estimates and Projections of Women of Reproductive Age Who Are Married or in a Union 2024",2024,"United Nations Population Division",702,"Singapore","SG","SGP",68,"2017",4,"Median",2,"Female",67,15,19,"15-19",100,"Married or in a union women",1,"Model-based Estimates",2,"Interpolation",0.2
44,"Currently married by age of woman (Percent)","Currently married by age of woman (Percent)","Estimates and Projections of Women of Reproductive Age Who Are Married or in a Union 2024",2024,"United Nations Population Division",702,"Singapore","SG","SGP",69,"2018",4,"Median",2,"Female",67,15,19,"15-19",100,"Married or in a union women",1,"Model-based Estimates",2,"Interpolation",0.16
44,"Currently married by age of woman (Percent)","Currently married by age of woman (Percent)","Estimates and Projections of Women of Reproductive Age Who Are Married or in a Union 2024",2024,"United Nations Population Division",702,"Singapore","SG","SGP",70,"2019",4,"Median",2,"Female",67,15,19,"15-19",100,"Married or in a union women",1,"Model-based Estimates",2,"Interpolation",0.13
44,"Currently married by age of woman (Percent)","Currently married by age of woman (Percent)","Estimates and Projections of Women of Reproductive Age Who Are Married or in a Union 2024",2024,"United Nations Population Division",702,"Singapore","SG","SGP",71,"2020",4,"Median",2,"Female",67,15,19,"15-19",100,"Married or in a union women",1,"Model-based Estimates",2,"Interpolation",0.1
44,"Currently married by age of woman (Percent)","Currently married by age of woman (Percent)","Estimates and Projections of Women of Reproductive Age Who Are Married or in a Union 2024",2024,"United Nations Population Division",702,"Singapore","SG","SGP",72,"2021",4,"Median",2,"Female",67,15,19,"15-19",100,"Married or in a union women",1,"Model-based Estimates",3,"Projection",0.09
44,"Currently married by age of woman (Percent)","Currently married by age of woman (Percent)","Estimates and Projections of Women of Reproductive Age Who Are Married or in a Union 2024",2024,"United Nations Population Division",702,"Singapore","SG","SGP",73,"2022",4,"Median",2,"Female",67,15,19,"15-19",100,"Married or in a union women",1,"Model-based Estimates",3,"Projection",0.08
44,"Currently married by age of woman (Percent)","Currently married by age of woman (Percent)","Estimates and Projections of Women of Reproductive Age Who Are Married or in a Union 2024",2024,"United Nations Population Division",704,"Viet Nam","VN","VNM",59,"2008",4,"Median",2,"Female",67,15,19,"15-19",100,"Married or in a union women",1,"Model-based Estimates",2,"Interpolation",10.06
44,"Currently married by age of woman (Percent)","Currently married by age of woman (Percent)","Estimates and Projections of Women of Reproductive Age Who Are Married or in a Union 2024",2024,"United Nations Population Division",704,"Viet Nam","VN","VNM",60,"2009",4,"Median",2,"Female",67,15,19,"15-19",100,"Married or in a union women",1,"Model-based Estimates",2,"Interpolation",10
44,"Currently married by age of woman (Percent)","Currently married by age of woman (Percent)","Estimates and Projections of Women of Reproductive Age Who Are Married or in a Union 2024",2024,"United Nations Population Division",704,"Viet Nam","VN","VNM",61,"2010",4,"Median",2,"Female",67,15,19,"15-19",100,"Married or in a union women",1,"Model-based Estimates",2,"Interpolation",9.95
44,"Currently married by age of woman (Percent)","Currently married by age of woman (Percent)","Estimates and Projections of Women of Reproductive Age Who Are Married or in a Union 2024",2024,"United Nations Population Division",704,"Viet Nam","VN","VNM",62,"2011",4,"Median",2,"Female",67,15,19,"15-19",100,"Married or in a union women",1,"Model-based Estimates",2,"Interpolation",9.89
44,"Currently married by age of woman (Percent)","Currently married by age of woman (Percent)","Estimates and Projections of Women of Reproductive Age Who Are Married or in a Union 2024",2024,"United Nations Population Division",704,"Viet Nam","VN","VNM",63,"2012",4,"Median",2,"Female",67,15,19,"15-19",100,"Married or in a union women",1,"Model-based Estimates",2,"Interpolation",9.83
44,"Currently married by age of woman (Percent)","Currently married by age of woman (Percent)","Estimates and Projections of Women of Reproductive Age Who Are Married or in a Union 2024",2024,"United Nations Population Division",704,"Viet Nam","VN","VNM",64,"2013",4,"Median",2,"Female",67,15,19,"15-19",100,"Married or in a union women",1,"Model-based Estimates",2,"Interpolation",9.78
44,"Currently married by age of woman (Percent)","Currently married by age of woman (Percent)","Estimates and Projections of Women of Reproductive Age Who Are Married or in a Union 2024",2024,"United Nations Population Division",704,"Viet Nam","VN","VNM",65,"2014",4,"Median",2,"Female",67,15,19,"15-19",100,"Married or in a union women",1,"Model-based Estimates",2,"Interpolation",9.72
44,"Currently married by age of woman (Percent)","Currently married by age of woman (Percent)","Estimates and Projections of Women of Reproductive Age Who Are Married or in a Union 2024",2024,"United Nations Population Division",704,"Viet Nam","VN","VNM",66,"2015",4,"Median",2,"Female",67,15,19,"15-19",100,"Married or in a union women",1,"Model-based Estimates",2,"Interpolation",9.72
44,"Currently married by age of woman (Percent)","Currently married by age of woman (Percent)","Estimates and Projections of Women of Reproductive Age Who Are Married or in a Union 2024",2024,"United Nations Population Division",704,"Viet Nam","VN","VNM",67,"2016",4,"Median",2,"Female",67,15,19,"15-19",100,"Married or in a union women",1,"Model-based Estimates",2,"Interpolation",9.72
44,"Currently married by age of woman (Percent)","Currently married by age of woman (Percent)","Estimates and Projections of Women of Reproductive Age Who Are Married or in a Union 2024",2024,"United Nations Population Division",704,"Viet Nam","VN","VNM",68,"2017",4,"Median",2,"Female",67,15,19,"15-19",100,"Married or in a union women",1,"Model-based Estimates",2,"Interpolation",9.72
44,"Currently married by age of woman (Percent)","Currently married by age of woman (Percent)","Estimates and Projections of Women of Reproductive Age Who Are Married or in a Union 2024",2024,"United Nations Population Division",704,"Viet Nam","VN","VNM",69,"2018",4,"Median",2,"Female",67,15,19,"15-19",100,"Married or in a union women",1,"Model-based Estimates",2,"Interpolation",9.72
44,"Currently married by age of woman (Percent)","Currently married by age of woman (Percent)","Estimates and Projections of Women of Reproductive Age Who Are Married or in a Union 2024",2024,"United Nations Population Division",704,"Viet Nam","VN","VNM",70,"2019",4,"Median",2,"Female",67,15,19,"15-19",100,"Married or in a union women",1,"Model-based Estimates",2,"Interpolation",9.71
44,"Currently married by age of woman (Percent)","Currently married by age of woman (Percent)","Estimates and Projections of Women of Reproductive Age Who Are Married or in a Union 2024",2024,"United Nations Population Division",704,"Viet Nam","VN","VNM",71,"2020",4,"Median",2,"Female",67,15,19,"15-19",100,"Married or in a union women",1,"Model-based Estimates",2,"Interpolation",9.71
44,"Currently married by age of woman (Percent)","Currently married by age of woman (Percent)","Estimates and Projections of Women of Reproductive Age Who Are Married or in a Union 2024",2024,"United Nations Population Division",704,"Viet Nam","VN","VNM",72,"2021",4,"Median",2,"Female",67,15,19,"15-19",100,"Married or in a union women",1,"Model-based Estimates",2,"Interpolation",9.71
44,"Currently married by age of woman (Percent)","Currently married by age of woman (Percent)","Estimates and Projections of Women of Reproductive Age Who Are Married or in a Union 2024",2024,"United Nations Population Division",704,"Viet Nam","VN","VNM",73,"2022",4,"Median",2,"Female",67,15,19,"15-19",100,"Married or in a union women",1,"Model-based Estimates",3,"Projection",9.71
44,"Currently married by age of woman (Percent)","Currently married by age of woman (Percent)","Estimates and Projections of Women of Reproductive Age Who Are Married or in a Union 2024",2024,"United Nations Population Division",760,"Syrian Arab Republic","SY","SYR",59,"2008",4,"Median",2,"Female",67,15,19,"15-19",100,"Married or in a union women",1,"Model-based Estimates",2,"Interpolation",11.15
44,"Currently married by age of woman (Percent)","Currently married by age of woman (Percent)","Estimates and Projections of Women of Reproductive Age Who Are Married or in a Union 2024",2024,"United Nations Population Division",760,"Syrian Arab Republic","SY","SYR",60,"2009",4,"Median",2,"Female",67,15,19,"15-19",100,"Married or in a union women",1,"Model-based Estimates",2,"Interpolation",11.2
44,"Currently married by age of woman (Percent)","Currently married by age of woman (Percent)","Estimates and Projections of Women of Reproductive Age Who Are Married or in a Union 2024",2024,"United Nations Population Division",760,"Syrian Arab Republic","SY","SYR",61,"2010",4,"Median",2,"Female",67,15,19,"15-19",100,"Married or in a union women",1,"Model-based Estimates",3,"Projection",11.25
44,"Currently married by age of woman (Percent)","Currently married by age of woman (Percent)","Estimates and Projections of Women of Reproductive Age Who Are Married or in a Union 2024",2024,"United Nations Population Division",760,"Syrian Arab Republic","SY","SYR",62,"2011",4,"Median",2,"Female",67,15,19,"15-19",100,"Married or in a union women",1,"Model-based Estimates",3,"Projection",11.29
44,"Currently married by age of woman (Percent)","Currently married by age of woman (Percent)","Estimates and Projections of Women of Reproductive Age Who Are Married or in a Union 2024",2024,"United Nations Population Division",760,"Syrian Arab Republic","SY","SYR",63,"2012",4,"Median",2,"Female",67,15,19,"15-19",100,"Married or in a union women",1,"Model-based Estimates",3,"Projection",11.32
44,"Currently married by age of woman (Percent)","Currently married by age of woman (Percent)","Estimates and Projections of Women of Reproductive Age Who Are Married or in a Union 2024",2024,"United Nations Population Division",760,"Syrian Arab Republic","SY","SYR",64,"2013",4,"Median",2,"Female",67,15,19,"15-19",100,"Married or in a union women",1,"Model-based Estimates",3,"Projection",11.34
44,"Currently married by age of woman (Percent)","Currently married by age of woman (Percent)","Estimates and Projections of Women of Reproductive Age Who Are Married or in a Union 2024",2024,"United Nations Population Division",760,"Syrian Arab Republic","SY","SYR",65,"2014",4,"Median",2,"Female",67,15,19,"15-19",100,"Married or in a union women",1,"Model-based Estimates",3,"Projection",11.35
44,"Currently married by age of woman (Percent)","Currently married by age of woman (Percent)","Estimates and Projections of Women of Reproductive Age Who Are Married or in a Union 2024",2024,"United Nations Population Division",760,"Syrian Arab Republic","SY","SYR",66,"2015",4,"Median",2,"Female",67,15,19,"15-19",100,"Married or in a union women",1,"Model-based Estimates",3,"Projection",11.36
44,"Currently married by age of woman (Percent)","Currently married by age of woman (Percent)","Estimates and Projections of Women of Reproductive Age Who Are Married or in a Union 2024",2024,"United Nations Population Division",760,"Syrian Arab Republic","SY","SYR",67,"2016",4,"Median",2,"Female",67,15,19,"15-19",100,"Married or in a union women",1,"Model-based Estimates",3,"Projection",11.35
44,"Currently married by age of woman (Percent)","Currently married by age of woman (Percent)","Estimates and Projections of Women of Reproductive Age Who Are Married or in a Union 2024",2024,"United Nations Population Division",760,"Syrian Arab Republic","SY","SYR",68,"2017",4,"Median",2,"Female",67,15,19,"15-19",100,"Married or in a union women",1,"Model-based Estimates",3,"Projection",11.34
44,"Currently married by age of woman (Percent)","Currently married by age of woman (Percent)","Estimates and Projections of Women of Reproductive Age Who Are Married or in a Union 2024",2024,"United Nations Population Division",760,"Syrian Arab Republic","SY","SYR",69,"2018",4,"Median",2,"Female",67,15,19,"15-19",100,"Married or in a union women",1,"Model-based Estimates",3,"Projection",11.32
44,"Currently married by age of woman (Percent)","Currently married by age of woman (Percent)","Estimates and Projections of Women of Reproductive Age Who Are Married or in a Union 2024",2024,"United Nations Population Division",760,"Syrian Arab Republic","SY","SYR",70,"2019",4,"Median",2,"Female",67,15,19,"15-19",100,"Married or in a union women",1,"Model-based Estimates",3,"Projection",11.28
44,"Currently married by age of woman (Percent)","Currently married by age of woman (Percent)","Estimates and Projections of Women of Reproductive Age Who Are Married or in a Union 2024",2024,"United Nations Population Division",760,"Syrian Arab Republic","SY","SYR",71,"2020",4,"Median",2,"Female",67,15,19,"15-19",100,"Married or in a union women",1,"Model-based Estimates",3,"Projection",11.25
44,"Currently married by age of woman (Percent)","Currently married by age of woman (Percent)","Estimates and Projections of Women of Reproductive Age Who Are Married or in a Union 2024",2024,"United Nations Population Division",760,"Syrian Arab Republic","SY","SYR",72,"2021",4,"Median",2,"Female",67,15,19,"15-19",100,"Married or in a union women",1,"Model-based Estimates",3,"Projection",11.2
44,"Currently married by age of woman (Percent)","Currently married by age of woman (Percent)","Estimates and Projections of Women of Reproductive Age Who Are Married or in a Union 2024",2024,"United Nations Population Division",760,"Syrian Arab Republic","SY","SYR",73,"2022",4,"Median",2,"Female",67,15,19,"15-19",100,"Married or in a union women",1,"Model-based Estimates",3,"Projection",11.14
44,"Currently married by age of woman (Percent)","Currently married by age of woman (Percent)","Estimates and Projections of Women of Reproductive Age Who Are Married or in a Union 2024",2024,"United Nations Population Division",762,"Tajikistan","TJ","TJK",59,"2008",4,"Median",2,"Female",67,15,19,"15-19",100,"Married or in a union women",1,"Model-based Estimates",2,"Interpolation",11.16
44,"Currently married by age of woman (Percent)","Currently married by age of woman (Percent)","Estimates and Projections of Women of Reproductive Age Who Are Married or in a Union 2024",2024,"United Nations Population Division",762,"Tajikistan","TJ","TJK",60,"2009",4,"Median",2,"Female",67,15,19,"15-19",100,"Married or in a union women",1,"Model-based Estimates",2,"Interpolation",11.1
44,"Currently married by age of woman (Percent)","Currently married by age of woman (Percent)","Estimates and Projections of Women of Reproductive Age Who Are Married or in a Union 2024",2024,"United Nations Population Division",762,"Tajikistan","TJ","TJK",61,"2010",4,"Median",2,"Female",67,15,19,"15-19",100,"Married or in a union women",1,"Model-based Estimates",2,"Interpolation",11.03
44,"Currently married by age of woman (Percent)","Currently married by age of woman (Percent)","Estimates and Projections of Women of Reproductive Age Who Are Married or in a Union 2024",2024,"United Nations Population Division",762,"Tajikistan","TJ","TJK",62,"2011",4,"Median",2,"Female",67,15,19,"15-19",100,"Married or in a union women",1,"Model-based Estimates",2,"Interpolation",10.97
44,"Currently married by age of woman (Percent)","Currently married by age of woman (Percent)","Estimates and Projections of Women of Reproductive Age Who Are Married or in a Union 2024",2024,"United Nations Population Division",762,"Tajikistan","TJ","TJK",63,"2012",4,"Median",2,"Female",67,15,19,"15-19",100,"Married or in a union women",1,"Model-based Estimates",2,"Interpolation",10.91
44,"Currently married by age of woman (Percent)","Currently married by age of woman (Percent)","Estimates and Projections of Women of Reproductive Age Who Are Married or in a Union 2024",2024,"United Nations Population Division",762,"Tajikistan","TJ","TJK",64,"2013",4,"Median",2,"Female",67,15,19,"15-19",100,"Married or in a union women",1,"Model-based Estimates",2,"Interpolation",10.84
44,"Currently married by age of woman (Percent)","Currently married by age of woman (Percent)","Estimates and Projections of Women of Reproductive Age Who Are Married or in a Union 2024",2024,"United Nations Population Division",762,"Tajikistan","TJ","TJK",65,"2014",4,"Median",2,"Female",67,15,19,"15-19",100,"Married or in a union women",1,"Model-based Estimates",2,"Interpolation",10.78
44,"Currently married by age of woman (Percent)","Currently married by age of woman (Percent)","Estimates and Projections of Women of Reproductive Age Who Are Married or in a Union 2024",2024,"United Nations Population Division",762,"Tajikistan","TJ","TJK",66,"2015",4,"Median",2,"Female",67,15,19,"15-19",100,"Married or in a union women",1,"Model-based Estimates",2,"Interpolation",10.72
44,"Currently married by age of woman (Percent)","Currently married by age of woman (Percent)","Estimates and Projections of Women of Reproductive Age Who Are Married or in a Union 2024",2024,"United Nations Population Division",762,"Tajikistan","TJ","TJK",67,"2016",4,"Median",2,"Female",67,15,19,"15-19",100,"Married or in a union women",1,"Model-based Estimates",2,"Interpolation",10.65
44,"Currently married by age of woman (Percent)","Currently married by age of woman (Percent)","Estimates and Projections of Women of Reproductive Age Who Are Married or in a Union 2024",2024,"United Nations Population Division",762,"Tajikistan","TJ","TJK",68,"2017",4,"Median",2,"Female",67,15,19,"15-19",100,"Married or in a union women",1,"Model-based Estimates",2,"Interpolation",10.59
44,"Currently married by age of woman (Percent)","Currently married by age of woman (Percent)","Estimates and Projections of Women of Reproductive Age Who Are Married or in a Union 2024",2024,"United Nations Population Division",762,"Tajikistan","TJ","TJK",69,"2018",4,"Median",2,"Female",67,15,19,"15-19",100,"Married or in a union women",1,"Model-based Estimates",2,"Interpolation",10.53
44,"Currently married by age of woman (Percent)","Currently married by age of woman (Percent)","Estimates and Projections of Women of Reproductive Age Who Are Married or in a Union 2024",2024,"United Nations Population Division",762,"Tajikistan","TJ","TJK",70,"2019",4,"Median",2,"Female",67,15,19,"15-19",100,"Married or in a union women",1,"Model-based Estimates",2,"Interpolation",10.46
44,"Currently married by age of woman (Percent)","Currently married by age of woman (Percent)","Estimates and Projections of Women of Reproductive Age Who Are Married or in a Union 2024",2024,"United Nations Population Division",762,"Tajikistan","TJ","TJK",71,"2020",4,"Median",2,"Female",67,15,19,"15-19",100,"Married or in a union women",1,"Model-based Estimates",2,"Interpolation",10.4
44,"Currently married by age of woman (Percent)","Currently married by age of woman (Percent)","Estimates and Projections of Women of Reproductive Age Who Are Married or in a Union 2024",2024,"United Nations Population Division",762,"Tajikistan","TJ","TJK",72,"2021",4,"Median",2,"Female",67,15,19,"15-19",100,"Married or in a union women",1,"Model-based Estimates",3,"Projection",10.34
44,"Currently married by age of woman (Percent)","Currently married by age of woman (Percent)","Estimates and Projections of Women of Reproductive Age Who Are Married or in a Union 2024",2024,"United Nations Population Division",762,"Tajikistan","TJ","TJK",73,"2022",4,"Median",2,"Female",67,15,19,"15-19",100,"Married or in a union women",1,"Model-based Estimates",3,"Projection",10.27
44,"Currently married by age of woman (Percent)","Currently married by age of woman (Percent)","Estimates and Projections of Women of Reproductive Age Who Are Married or in a Union 2024",2024,"United Nations Population Division",764,"Thailand","TH","THA",59,"2008",4,"Median",2,"Female",67,15,19,"15-19",100,"Married or in a union women",1,"Model-based Estimates",2,"Interpolation",9.58
44,"Currently married by age of woman (Percent)","Currently married by age of woman (Percent)","Estimates and Projections of Women of Reproductive Age Who Are Married or in a Union 2024",2024,"United Nations Population Division",764,"Thailand","TH","THA",60,"2009",4,"Median",2,"Female",67,15,19,"15-19",100,"Married or in a union women",1,"Model-based Estimates",2,"Interpolation",9.45
44,"Currently married by age of woman (Percent)","Currently married by age of woman (Percent)","Estimates and Projections of Women of Reproductive Age Who Are Married or in a Union 2024",2024,"United Nations Population Division",764,"Thailand","TH","THA",61,"2010",4,"Median",2,"Female",67,15,19,"15-19",100,"Married or in a union women",1,"Model-based Estimates",2,"Interpolation",9.31
44,"Currently married by age of woman (Percent)","Currently married by age of woman (Percent)","Estimates and Projections of Women of Reproductive Age Who Are Married or in a Union 2024",2024,"United Nations Population Division",764,"Thailand","TH","THA",62,"2011",4,"Median",2,"Female",67,15,19,"15-19",100,"Married or in a union women",1,"Model-based Estimates",2,"Interpolation",9.18
44,"Currently married by age of woman (Percent)","Currently married by age of woman (Percent)","Estimates and Projections of Women of Reproductive Age Who Are Married or in a Union 2024",2024,"United Nations Population Division",764,"Thailand","TH","THA",63,"2012",4,"Median",2,"Female",67,15,19,"15-19",100,"Married or in a union women",1,"Model-based Estimates",2,"Interpolation",9.04
44,"Currently married by age of woman (Percent)","Currently married by age of woman (Percent)","Estimates and Projections of Women of Reproductive Age Who Are Married or in a Union 2024",2024,"United Nations Population Division",764,"Thailand","TH","THA",64,"2013",4,"Median",2,"Female",67,15,19,"15-19",100,"Married or in a union women",1,"Model-based Estimates",2,"Interpolation",8.91
44,"Currently married by age of woman (Percent)","Currently married by age of woman (Percent)","Estimates and Projections of Women of Reproductive Age Who Are Married or in a Union 2024",2024,"United Nations Population Division",764,"Thailand","TH","THA",65,"2014",4,"Median",2,"Female",67,15,19,"15-19",100,"Married or in a union women",1,"Model-based Estimates",2,"Interpolation",8.77
44,"Currently married by age of woman (Percent)","Currently married by age of woman (Percent)","Estimates and Projections of Women of Reproductive Age Who Are Married or in a Union 2024",2024,"United Nations Population Division",764,"Thailand","TH","THA",66,"2015",4,"Median",2,"Female",67,15,19,"15-19",100,"Married or in a union women",1,"Model-based Estimates",2,"Interpolation",8.64
44,"Currently married by age of woman (Percent)","Currently married by age of woman (Percent)","Estimates and Projections of Women of Reproductive Age Who Are Married or in a Union 2024",2024,"United Nations Population Division",764,"Thailand","TH","THA",67,"2016",4,"Median",2,"Female",67,15,19,"15-19",100,"Married or in a union women",1,"Model-based Estimates",2,"Interpolation",8.51
44,"Currently married by age of woman (Percent)","Currently married by age of woman (Percent)","Estimates and Projections of Women of Reproductive Age Who Are Married or in a Union 2024",2024,"United Nations Population Division",764,"Thailand","TH","THA",68,"2017",4,"Median",2,"Female",67,15,19,"15-19",100,"Married or in a union women",1,"Model-based Estimates",2,"Interpolation",8.37
44,"Currently married by age of woman (Percent)","Currently married by age of woman (Percent)","Estimates and Projections of Women of Reproductive Age Who Are Married or in a Union 2024",2024,"United Nations Population Division",764,"Thailand","TH","THA",69,"2018",4,"Median",2,"Female",67,15,19,"15-19",100,"Married or in a union women",1,"Model-based Estimates",2,"Interpolation",8.24
44,"Currently married by age of woman (Percent)","Currently married by age of woman (Percent)","Estimates and Projections of Women of Reproductive Age Who Are Married or in a Union 2024",2024,"United Nations Population Division",764,"Thailand","TH","THA",70,"2019",4,"Median",2,"Female",67,15,19,"15-19",100,"Married or in a union women",1,"Model-based Estimates",2,"Interpolation",8.1
44,"Currently married by age of woman (Percent)","Currently married by age of woman (Percent)","Estimates and Projections of Women of Reproductive Age Who Are Married or in a Union 2024",2024,"United Nations Population Division",764,"Thailand","TH","THA",71,"2020",4,"Median",2,"Female",67,15,19,"15-19",100,"Married or in a union women",1,"Model-based Estimates",2,"Interpolation",7.97
44,"Currently married by age of woman (Percent)","Currently married by age of woman (Percent)","Estimates and Projections of Women of Reproductive Age Who Are Married or in a Union 2024",2024,"United Nations Population Division",764,"Thailand","TH","THA",72,"2021",4,"Median",2,"Female",67,15,19,"15-19",100,"Married or in a union women",1,"Model-based Estimates",2,"Interpolation",7.83
44,"Currently married by age of woman (Percent)","Currently married by age of woman (Percent)","Estimates and Projections of Women of Reproductive Age Who Are Married or in a Union 2024",2024,"United Nations Population Division",764,"Thailand","TH","THA",73,"2022",4,"Median",2,"Female",67,15,19,"15-19",100,"Married or in a union women",1,"Model-based Estimates",2,"Interpolation",7.7
44,"Currently married by age of woman (Percent)","Currently married by age of woman (Percent)","Estimates and Projections of Women of Reproductive Age Who Are Married or in a Union 2024",2024,"United Nations Population Division",784,"United Arab Emirates","AE","ARE",59,"2008",4,"Median",2,"Female",67,15,19,"15-19",100,"Married or in a union women",1,"Model-based Estimates",2,"Interpolation",6.43
44,"Currently married by age of woman (Percent)","Currently married by age of woman (Percent)","Estimates and Projections of Women of Reproductive Age Who Are Married or in a Union 2024",2024,"United Nations Population Division",784,"United Arab Emirates","AE","ARE",60,"2009",4,"Median",2,"Female",67,15,19,"15-19",100,"Married or in a union women",1,"Model-based Estimates",2,"Interpolation",6.34
44,"Currently married by age of woman (Percent)","Currently married by age of woman (Percent)","Estimates and Projections of Women of Reproductive Age Who Are Married or in a Union 2024",2024,"United Nations Population Division",784,"United Arab Emirates","AE","ARE",61,"2010",4,"Median",2,"Female",67,15,19,"15-19",100,"Married or in a union women",1,"Model-based Estimates",2,"Interpolation",6.27
44,"Currently married by age of woman (Percent)","Currently married by age of woman (Percent)","Estimates and Projections of Women of Reproductive Age Who Are Married or in a Union 2024",2024,"United Nations Population Division",784,"United Arab Emirates","AE","ARE",62,"2011",4,"Median",2,"Female",67,15,19,"15-19",100,"Married or in a union women",1,"Model-based Estimates",2,"Interpolation",6.19
44,"Currently married by age of woman (Percent)","Currently married by age of woman (Percent)","Estimates and Projections of Women of Reproductive Age Who Are Married or in a Union 2024",2024,"United Nations Population Division",784,"United Arab Emirates","AE","ARE",63,"2012",4,"Median",2,"Female",67,15,19,"15-19",100,"Married or in a union women",1,"Model-based Estimates",2,"Interpolation",6.11
44,"Currently married by age of woman (Percent)","Currently married by age of woman (Percent)","Estimates and Projections of Women of Reproductive Age Who Are Married or in a Union 2024",2024,"United Nations Population Division",784,"United Arab Emirates","AE","ARE",64,"2013",4,"Median",2,"Female",67,15,19,"15-19",100,"Married or in a union women",1,"Model-based Estimates",2,"Interpolation",6.04
44,"Currently married by age of woman (Percent)","Currently married by age of woman (Percent)","Estimates and Projections of Women of Reproductive Age Who Are Married or in a Union 2024",2024,"United Nations Population Division",784,"United Arab Emirates","AE","ARE",65,"2014",4,"Median",2,"Female",67,15,19,"15-19",100,"Married or in a union women",1,"Model-based Estimates",2,"Interpolation",5.97
44,"Currently married by age of woman (Percent)","Currently married by age of woman (Percent)","Estimates and Projections of Women of Reproductive Age Who Are Married or in a Union 2024",2024,"United Nations Population Division",784,"United Arab Emirates","AE","ARE",66,"2015",4,"Median",2,"Female",67,15,19,"15-19",100,"Married or in a union women",1,"Model-based Estimates",2,"Interpolation",5.91
44,"Currently married by age of woman (Percent)","Currently married by age of woman (Percent)","Estimates and Projections of Women of Reproductive Age Who Are Married or in a Union 2024",2024,"United Nations Population Division",784,"United Arab Emirates","AE","ARE",67,"2016",4,"Median",2,"Female",67,15,19,"15-19",100,"Married or in a union women",1,"Model-based Estimates",2,"Interpolation",5.84
44,"Currently married by age of woman (Percent)","Currently married by age of woman (Percent)","Estimates and Projections of Women of Reproductive Age Who Are Married or in a Union 2024",2024,"United Nations Population Division",784,"United Arab Emirates","AE","ARE",68,"2017",4,"Median",2,"Female",67,15,19,"15-19",100,"Married or in a union women",1,"Model-based Estimates",2,"Interpolation",5.78
44,"Currently married by age of woman (Percent)","Currently married by age of woman (Percent)","Estimates and Projections of Women of Reproductive Age Who Are Married or in a Union 2024",2024,"United Nations Population Division",784,"United Arab Emirates","AE","ARE",69,"2018",4,"Median",2,"Female",67,15,19,"15-19",100,"Married or in a union women",1,"Model-based Estimates",2,"Interpolation",5.73
44,"Currently married by age of woman (Percent)","Currently married by age of woman (Percent)","Estimates and Projections of Women of Reproductive Age Who Are Married or in a Union 2024",2024,"United Nations Population Division",784,"United Arab Emirates","AE","ARE",70,"2019",4,"Median",2,"Female",67,15,19,"15-19",100,"Married or in a union women",1,"Model-based Estimates",3,"Projection",5.67
44,"Currently married by age of woman (Percent)","Currently married by age of woman (Percent)","Estimates and Projections of Women of Reproductive Age Who Are Married or in a Union 2024",2024,"United Nations Population Division",784,"United Arab Emirates","AE","ARE",71,"2020",4,"Median",2,"Female",67,15,19,"15-19",100,"Married or in a union women",1,"Model-based Estimates",3,"Projection",5.62
44,"Currently married by age of woman (Percent)","Currently married by age of woman (Percent)","Estimates and Projections of Women of Reproductive Age Who Are Married or in a Union 2024",2024,"United Nations Population Division",784,"United Arab Emirates","AE","ARE",72,"2021",4,"Median",2,"Female",67,15,19,"15-19",100,"Married or in a union women",1,"Model-based Estimates",3,"Projection",5.56
44,"Currently married by age of woman (Percent)","Currently married by age of woman (Percent)","Estimates and Projections of Women of Reproductive Age Who Are Married or in a Union 2024",2024,"United Nations Population Division",784,"United Arab Emirates","AE","ARE",73,"2022",4,"Median",2,"Female",67,15,19,"15-19",100,"Married or in a union women",1,"Model-based Estimates",3,"Projection",5.51
44,"Currently married by age of woman (Percent)","Currently married by age of woman (Percent)","Estimates and Projections of Women of Reproductive Age Who Are Married or in a Union 2024",2024,"United Nations Population Division",792,"Türkiye","TR","TUR",59,"2008",4,"Median",2,"Female",67,15,19,"15-19",100,"Married or in a union women",1,"Model-based Estimates",2,"Interpolation",9.76
44,"Currently married by age of woman (Percent)","Currently married by age of woman (Percent)","Estimates and Projections of Women of Reproductive Age Who Are Married or in a Union 2024",2024,"United Nations Population Division",792,"Türkiye","TR","TUR",60,"2009",4,"Median",2,"Female",67,15,19,"15-19",100,"Married or in a union women",1,"Model-based Estimates",2,"Interpolation",9.22
44,"Currently married by age of woman (Percent)","Currently married by age of woman (Percent)","Estimates and Projections of Women of Reproductive Age Who Are Married or in a Union 2024",2024,"United Nations Population Division",792,"Türkiye","TR","TUR",61,"2010",4,"Median",2,"Female",67,15,19,"15-19",100,"Married or in a union women",1,"Model-based Estimates",2,"Interpolation",8.69
44,"Currently married by age of woman (Percent)","Currently married by age of woman (Percent)","Estimates and Projections of Women of Reproductive Age Who Are Married or in a Union 2024",2024,"United Nations Population Division",792,"Türkiye","TR","TUR",62,"2011",4,"Median",2,"Female",67,15,19,"15-19",100,"Married or in a union women",1,"Model-based Estimates",2,"Interpolation",8.15
44,"Currently married by age of woman (Percent)","Currently married by age of woman (Percent)","Estimates and Projections of Women of Reproductive Age Who Are Married or in a Union 2024",2024,"United Nations Population Division",792,"Türkiye","TR","TUR",63,"2012",4,"Median",2,"Female",67,15,19,"15-19",100,"Married or in a union women",1,"Model-based Estimates",2,"Interpolation",7.62
44,"Currently married by age of woman (Percent)","Currently married by age of woman (Percent)","Estimates and Projections of Women of Reproductive Age Who Are Married or in a Union 2024",2024,"United Nations Population Division",792,"Türkiye","TR","TUR",64,"2013",4,"Median",2,"Female",67,15,19,"15-19",100,"Married or in a union women",1,"Model-based Estimates",2,"Interpolation",7.08
44,"Currently married by age of woman (Percent)","Currently married by age of woman (Percent)","Estimates and Projections of Women of Reproductive Age Who Are Married or in a Union 2024",2024,"United Nations Population Division",792,"Türkiye","TR","TUR",65,"2014",4,"Median",2,"Female",67,15,19,"15-19",100,"Married or in a union women",1,"Model-based Estimates",2,"Interpolation",6.55
44,"Currently married by age of woman (Percent)","Currently married by age of woman (Percent)","Estimates and Projections of Women of Reproductive Age Who Are Married or in a Union 2024",2024,"United Nations Population Division",792,"Türkiye","TR","TUR",66,"2015",4,"Median",2,"Female",67,15,19,"15-19",100,"Married or in a union women",1,"Model-based Estimates",2,"Interpolation",6.01
44,"Currently married by age of woman (Percent)","Currently married by age of woman (Percent)","Estimates and Projections of Women of Reproductive Age Who Are Married or in a Union 2024",2024,"United Nations Population Division",792,"Türkiye","TR","TUR",67,"2016",4,"Median",2,"Female",67,15,19,"15-19",100,"Married or in a union women",1,"Model-based Estimates",2,"Interpolation",5.48
44,"Currently married by age of woman (Percent)","Currently married by age of woman (Percent)","Estimates and Projections of Women of Reproductive Age Who Are Married or in a Union 2024",2024,"United Nations Population Division",792,"Türkiye","TR","TUR",68,"2017",4,"Median",2,"Female",67,15,19,"15-19",100,"Married or in a union women",1,"Model-based Estimates",2,"Interpolation",4.94
44,"Currently married by age of woman (Percent)","Currently married by age of woman (Percent)","Estimates and Projections of Women of Reproductive Age Who Are Married or in a Union 2024",2024,"United Nations Population Division",792,"Türkiye","TR","TUR",69,"2018",4,"Median",2,"Female",67,15,19,"15-19",100,"Married or in a union women",1,"Model-based Estimates",2,"Interpolation",4.41
44,"Currently married by age of woman (Percent)","Currently married by age of woman (Percent)","Estimates and Projections of Women of Reproductive Age Who Are Married or in a Union 2024",2024,"United Nations Population Division",792,"Türkiye","TR","TUR",70,"2019",4,"Median",2,"Female",67,15,19,"15-19",100,"Married or in a union women",1,"Model-based Estimates",2,"Interpolation",3.87
44,"Currently married by age of woman (Percent)","Currently married by age of woman (Percent)","Estimates and Projections of Women of Reproductive Age Who Are Married or in a Union 2024",2024,"United Nations Population Division",792,"Türkiye","TR","TUR",71,"2020",4,"Median",2,"Female",67,15,19,"15-19",100,"Married or in a union women",1,"Model-based Estimates",2,"Interpolation",3.34
44,"Currently married by age of woman (Percent)","Currently married by age of woman (Percent)","Estimates and Projections of Women of Reproductive Age Who Are Married or in a Union 2024",2024,"United Nations Population Division",792,"Türkiye","TR","TUR",72,"2021",4,"Median",2,"Female",67,15,19,"15-19",100,"Married or in a union women",1,"Model-based Estimates",2,"Interpolation",2.8
44,"Currently married by age of woman (Percent)","Currently married by age of woman (Percent)","Estimates and Projections of Women of Reproductive Age Who Are Married or in a Union 2024",2024,"United Nations Population Division",792,"Türkiye","TR","TUR",73,"2022",4,"Median",2,"Female",67,15,19,"15-19",100,"Married or in a union women",1,"Model-based Estimates",3,"Projection",2.57
44,"Currently married by age of woman (Percent)","Currently married by age of woman (Percent)","Estimates and Projections of Women of Reproductive Age Who Are Married or in a Union 2024",2024,"United Nations Population Division",795,"Turkmenistan","TM","TKM",59,"2008",4,"Median",2,"Female",67,15,19,"15-19",100,"Married or in a union women",1,"Model-based Estimates",2,"Interpolation",5.43
44,"Currently married by age of woman (Percent)","Currently married by age of woman (Percent)","Estimates and Projections of Women of Reproductive Age Who Are Married or in a Union 2024",2024,"United Nations Population Division",795,"Turkmenistan","TM","TKM",60,"2009",4,"Median",2,"Female",67,15,19,"15-19",100,"Married or in a union women",1,"Model-based Estimates",2,"Interpolation",5.37
44,"Currently married by age of woman (Percent)","Currently married by age of woman (Percent)","Estimates and Projections of Women of Reproductive Age Who Are Married or in a Union 2024",2024,"United Nations Population Division",795,"Turkmenistan","TM","TKM",61,"2010",4,"Median",2,"Female",67,15,19,"15-19",100,"Married or in a union women",1,"Model-based Estimates",2,"Interpolation",5.32
44,"Currently married by age of woman (Percent)","Currently married by age of woman (Percent)","Estimates and Projections of Women of Reproductive Age Who Are Married or in a Union 2024",2024,"United Nations Population Division",795,"Turkmenistan","TM","TKM",62,"2011",4,"Median",2,"Female",67,15,19,"15-19",100,"Married or in a union women",1,"Model-based Estimates",2,"Interpolation",5.26
44,"Currently married by age of woman (Percent)","Currently married by age of woman (Percent)","Estimates and Projections of Women of Reproductive Age Who Are Married or in a Union 2024",2024,"United Nations Population Division",795,"Turkmenistan","TM","TKM",63,"2012",4,"Median",2,"Female",67,15,19,"15-19",100,"Married or in a union women",1,"Model-based Estimates",2,"Interpolation",5.21
44,"Currently married by age of woman (Percent)","Currently married by age of woman (Percent)","Estimates and Projections of Women of Reproductive Age Who Are Married or in a Union 2024",2024,"United Nations Population Division",795,"Turkmenistan","TM","TKM",64,"2013",4,"Median",2,"Female",67,15,19,"15-19",100,"Married or in a union women",1,"Model-based Estimates",2,"Interpolation",5.16
44,"Currently married by age of woman (Percent)","Currently married by age of woman (Percent)","Estimates and Projections of Women of Reproductive Age Who Are Married or in a Union 2024",2024,"United Nations Population Division",795,"Turkmenistan","TM","TKM",65,"2014",4,"Median",2,"Female",67,15,19,"15-19",100,"Married or in a union women",1,"Model-based Estimates",2,"Interpolation",5.1
44,"Currently married by age of woman (Percent)","Currently married by age of woman (Percent)","Estimates and Projections of Women of Reproductive Age Who Are Married or in a Union 2024",2024,"United Nations Population Division",795,"Turkmenistan","TM","TKM",66,"2015",4,"Median",2,"Female",67,15,19,"15-19",100,"Married or in a union women",1,"Model-based Estimates",2,"Interpolation",5.05
44,"Currently married by age of woman (Percent)","Currently married by age of woman (Percent)","Estimates and Projections of Women of Reproductive Age Who Are Married or in a Union 2024",2024,"United Nations Population Division",795,"Turkmenistan","TM","TKM",67,"2016",4,"Median",2,"Female",67,15,19,"15-19",100,"Married or in a union women",1,"Model-based Estimates",2,"Interpolation",4.99
44,"Currently married by age of woman (Percent)","Currently married by age of woman (Percent)","Estimates and Projections of Women of Reproductive Age Who Are Married or in a Union 2024",2024,"United Nations Population Division",795,"Turkmenistan","TM","TKM",68,"2017",4,"Median",2,"Female",67,15,19,"15-19",100,"Married or in a union women",1,"Model-based Estimates",2,"Interpolation",4.94
44,"Currently married by age of woman (Percent)","Currently married by age of woman (Percent)","Estimates and Projections of Women of Reproductive Age Who Are Married or in a Union 2024",2024,"United Nations Population Division",795,"Turkmenistan","TM","TKM",69,"2018",4,"Median",2,"Female",67,15,19,"15-19",100,"Married or in a union women",1,"Model-based Estimates",2,"Interpolation",4.89
44,"Currently married by age of woman (Percent)","Currently married by age of woman (Percent)","Estimates and Projections of Women of Reproductive Age Who Are Married or in a Union 2024",2024,"United Nations Population Division",795,"Turkmenistan","TM","TKM",70,"2019",4,"Median",2,"Female",67,15,19,"15-19",100,"Married or in a union women",1,"Model-based Estimates",2,"Interpolation",4.83
44,"Currently married by age of woman (Percent)","Currently married by age of woman (Percent)","Estimates and Projections of Women of Reproductive Age Who Are Married or in a Union 2024",2024,"United Nations Population Division",795,"Turkmenistan","TM","TKM",71,"2020",4,"Median",2,"Female",67,15,19,"15-19",100,"Married or in a union women",1,"Model-based Estimates",3,"Projection",4.79
44,"Currently married by age of woman (Percent)","Currently married by age of woman (Percent)","Estimates and Projections of Women of Reproductive Age Who Are Married or in a Union 2024",2024,"United Nations Population Division",795,"Turkmenistan","TM","TKM",72,"2021",4,"Median",2,"Female",67,15,19,"15-19",100,"Married or in a union women",1,"Model-based Estimates",3,"Projection",4.75
44,"Currently married by age of woman (Percent)","Currently married by age of woman (Percent)","Estimates and Projections of Women of Reproductive Age Who Are Married or in a Union 2024",2024,"United Nations Population Division",795,"Turkmenistan","TM","TKM",73,"2022",4,"Median",2,"Female",67,15,19,"15-19",100,"Married or in a union women",1,"Model-based Estimates",3,"Projection",4.71
44,"Currently married by age of woman (Percent)","Currently married by age of woman (Percent)","Estimates and Projections of Women of Reproductive Age Who Are Married or in a Union 2024",2024,"United Nations Population Division",860,"Uzbekistan","UZ","UZB",59,"2008",4,"Median",2,"Female",67,15,19,"15-19",100,"Married or in a union women",1,"Model-based Estimates",2,"Interpolation",10.68
44,"Currently married by age of woman (Percent)","Currently married by age of woman (Percent)","Estimates and Projections of Women of Reproductive Age Who Are Married or in a Union 2024",2024,"United Nations Population Division",860,"Uzbekistan","UZ","UZB",60,"2009",4,"Median",2,"Female",67,15,19,"15-19",100,"Married or in a union women",1,"Model-based Estimates",2,"Interpolation",10.5
44,"Currently married by age of woman (Percent)","Currently married by age of woman (Percent)","Estimates and Projections of Women of Reproductive Age Who Are Married or in a Union 2024",2024,"United Nations Population Division",860,"Uzbekistan","UZ","UZB",61,"2010",4,"Median",2,"Female",67,15,19,"15-19",100,"Married or in a union women",1,"Model-based Estimates",2,"Interpolation",10.32
44,"Currently married by age of woman (Percent)","Currently married by age of woman (Percent)","Estimates and Projections of Women of Reproductive Age Who Are Married or in a Union 2024",2024,"United Nations Population Division",860,"Uzbekistan","UZ","UZB",62,"2011",4,"Median",2,"Female",67,15,19,"15-19",100,"Married or in a union women",1,"Model-based Estimates",2,"Interpolation",10.15
44,"Currently married by age of woman (Percent)","Currently married by age of woman (Percent)","Estimates and Projections of Women of Reproductive Age Who Are Married or in a Union 2024",2024,"United Nations Population Division",860,"Uzbekistan","UZ","UZB",63,"2012",4,"Median",2,"Female",67,15,19,"15-19",100,"Married or in a union women",1,"Model-based Estimates",2,"Interpolation",9.97
44,"Currently married by age of woman (Percent)","Currently married by age of woman (Percent)","Estimates and Projections of Women of Reproductive Age Who Are Married or in a Union 2024",2024,"United Nations Population Division",860,"Uzbekistan","UZ","UZB",64,"2013",4,"Median",2,"Female",67,15,19,"15-19",100,"Married or in a union women",1,"Model-based Estimates",2,"Interpolation",9.79
44,"Currently married by age of woman (Percent)","Currently married by age of woman (Percent)","Estimates and Projections of Women of Reproductive Age Who Are Married or in a Union 2024",2024,"United Nations Population Division",860,"Uzbekistan","UZ","UZB",65,"2014",4,"Median",2,"Female",67,15,19,"15-19",100,"Married or in a union women",1,"Model-based Estimates",2,"Interpolation",9.62
44,"Currently married by age of woman (Percent)","Currently married by age of woman (Percent)","Estimates and Projections of Women of Reproductive Age Who Are Married or in a Union 2024",2024,"United Nations Population Division",860,"Uzbekistan","UZ","UZB",66,"2015",4,"Median",2,"Female",67,15,19,"15-19",100,"Married or in a union women",1,"Model-based Estimates",2,"Interpolation",9.44
44,"Currently married by age of woman (Percent)","Currently married by age of woman (Percent)","Estimates and Projections of Women of Reproductive Age Who Are Married or in a Union 2024",2024,"United Nations Population Division",860,"Uzbekistan","UZ","UZB",67,"2016",4,"Median",2,"Female",67,15,19,"15-19",100,"Married or in a union women",1,"Model-based Estimates",2,"Interpolation",9.26
44,"Currently married by age of woman (Percent)","Currently married by age of woman (Percent)","Estimates and Projections of Women of Reproductive Age Who Are Married or in a Union 2024",2024,"United Nations Population Division",860,"Uzbekistan","UZ","UZB",68,"2017",4,"Median",2,"Female",67,15,19,"15-19",100,"Married or in a union women",1,"Model-based Estimates",2,"Interpolation",9.08
44,"Currently married by age of woman (Percent)","Currently married by age of woman (Percent)","Estimates and Projections of Women of Reproductive Age Who Are Married or in a Union 2024",2024,"United Nations Population Division",860,"Uzbekistan","UZ","UZB",69,"2018",4,"Median",2,"Female",67,15,19,"15-19",100,"Married or in a union women",1,"Model-based Estimates",2,"Interpolation",8.91
44,"Currently married by age of woman (Percent)","Currently married by age of woman (Percent)","Estimates and Projections of Women of Reproductive Age Who Are Married or in a Union 2024",2024,"United Nations Population Division",860,"Uzbekistan","UZ","UZB",70,"2019",4,"Median",2,"Female",67,15,19,"15-19",100,"Married or in a union women",1,"Model-based Estimates",2,"Interpolation",8.73
44,"Currently married by age of woman (Percent)","Currently married by age of woman (Percent)","Estimates and Projections of Women of Reproductive Age Who Are Married or in a Union 2024",2024,"United Nations Population Division",860,"Uzbekistan","UZ","UZB",71,"2020",4,"Median",2,"Female",67,15,19,"15-19",100,"Married or in a union women",1,"Model-based Estimates",2,"Interpolation",8.55
44,"Currently married by age of woman (Percent)","Currently married by age of woman (Percent)","Estimates and Projections of Women of Reproductive Age Who Are Married or in a Union 2024",2024,"United Nations Population Division",860,"Uzbekistan","UZ","UZB",72,"2021",4,"Median",2,"Female",67,15,19,"15-19",100,"Married or in a union women",1,"Model-based Estimates",2,"Interpolation",8.38
44,"Currently married by age of woman (Percent)","Currently married by age of woman (Percent)","Estimates and Projections of Women of Reproductive Age Who Are Married or in a Union 2024",2024,"United Nations Population Division",860,"Uzbekistan","UZ","UZB",73,"2022",4,"Median",2,"Female",67,15,19,"15-19",100,"Married or in a union women",1,"Model-based Estimates",2,"Interpolation",8.2
44,"Currently married by age of woman (Percent)","Currently married by age of woman (Percent)","Estimates and Projections of Women of Reproductive Age Who Are Married or in a Union 2024",2024,"United Nations Population Division",887,"Yemen","YE","YEM",59,"2008",4,"Median",2,"Female",67,15,19,"15-19",100,"Married or in a union women",1,"Model-based Estimates",2,"Interpolation",16.65
44,"Currently married by age of woman (Percent)","Currently married by age of woman (Percent)","Estimates and Projections of Women of Reproductive Age Who Are Married or in a Union 2024",2024,"United Nations Population Division",887,"Yemen","YE","YEM",60,"2009",4,"Median",2,"Female",67,15,19,"15-19",100,"Married or in a union women",1,"Model-based Estimates",2,"Interpolation",16.65
44,"Currently married by age of woman (Percent)","Currently married by age of woman (Percent)","Estimates and Projections of Women of Reproductive Age Who Are Married or in a Union 2024",2024,"United Nations Population Division",887,"Yemen","YE","YEM",61,"2010",4,"Median",2,"Female",67,15,19,"15-19",100,"Married or in a union women",1,"Model-based Estimates",2,"Interpolation",16.65
44,"Currently married by age of woman (Percent)","Currently married by age of woman (Percent)","Estimates and Projections of Women of Reproductive Age Who Are Married or in a Union 2024",2024,"United Nations Population Division",887,"Yemen","YE","YEM",62,"2011",4,"Median",2,"Female",67,15,19,"15-19",100,"Married or in a union women",1,"Model-based Estimates",2,"Interpolation",16.66
44,"Currently married by age of woman (Percent)","Currently married by age of woman (Percent)","Estimates and Projections of Women of Reproductive Age Who Are Married or in a Union 2024",2024,"United Nations Population Division",887,"Yemen","YE","YEM",63,"2012",4,"Median",2,"Female",67,15,19,"15-19",100,"Married or in a union women",1,"Model-based Estimates",2,"Interpolation",16.66
44,"Currently married by age of woman (Percent)","Currently married by age of woman (Percent)","Estimates and Projections of Women of Reproductive Age Who Are Married or in a Union 2024",2024,"United Nations Population Division",887,"Yemen","YE","YEM",64,"2013",4,"Median",2,"Female",67,15,19,"15-19",100,"Married or in a union women",1,"Model-based Estimates",2,"Interpolation",16.67
44,"Currently married by age of woman (Percent)","Currently married by age of woman (Percent)","Estimates and Projections of Women of Reproductive Age Who Are Married or in a Union 2024",2024,"United Nations Population Division",887,"Yemen","YE","YEM",65,"2014",4,"Median",2,"Female",67,15,19,"15-19",100,"Married or in a union women",1,"Model-based Estimates",2,"Interpolation",16.67
44,"Currently married by age of woman (Percent)","Currently married by age of woman (Percent)","Estimates and Projections of Women of Reproductive Age Who Are Married or in a Union 2024",2024,"United Nations Population Division",887,"Yemen","YE","YEM",66,"2015",4,"Median",2,"Female",67,15,19,"15-19",100,"Married or in a union women",1,"Model-based Estimates",2,"Interpolation",16.67
44,"Currently married by age of woman (Percent)","Currently married by age of woman (Percent)","Estimates and Projections of Women of Reproductive Age Who Are Married or in a Union 2024",2024,"United Nations Population Division",887,"Yemen","YE","YEM",67,"2016",4,"Median",2,"Female",67,15,19,"15-19",100,"Married or in a union women",1,"Model-based Estimates",2,"Interpolation",16.68
44,"Currently married by age of woman (Percent)","Currently married by age of woman (Percent)","Estimates and Projections of Women of Reproductive Age Who Are Married or in a Union 2024",2024,"United Nations Population Division",887,"Yemen","YE","YEM",68,"2017",4,"Median",2,"Female",67,15,19,"15-19",100,"Married or in a union women",1,"Model-based Estimates",2,"Interpolation",16.68
44,"Currently married by age of woman (Percent)","Currently married by age of woman (Percent)","Estimates and Projections of Women of Reproductive Age Who Are Married or in a Union 2024",2024,"United Nations Population Division",887,"Yemen","YE","YEM",69,"2018",4,"Median",2,"Female",67,15,19,"15-19",100,"Married or in a union women",1,"Model-based Estimates",2,"Interpolation",16.68
44,"Currently married by age of woman (Percent)","Currently married by age of woman (Percent)","Estimates and Projections of Women of Reproductive Age Who Are Married or in a Union 2024",2024,"United Nations Population Division",887,"Yemen","YE","YEM",70,"2019",4,"Median",2,"Female",67,15,19,"15-19",100,"Married or in a union women",1,"Model-based Estimates",2,"Interpolation",16.69
44,"Currently married by age of woman (Percent)","Currently married by age of woman (Percent)","Estimates and Projections of Women of Reproductive Age Who Are Married or in a Union 2024",2024,"United Nations Population Division",887,"Yemen","YE","YEM",71,"2020",4,"Median",2,"Female",67,15,19,"15-19",100,"Married or in a union women",1,"Model-based Estimates",2,"Interpolation",16.69
44,"Currently married by age of woman (Percent)","Currently married by age of woman (Percent)","Estimates and Projections of Women of Reproductive Age Who Are Married or in a Union 2024",2024,"United Nations Population Division",887,"Yemen","YE","YEM",72,"2021",4,"Median",2,"Female",67,15,19,"15-19",100,"Married or in a union women",1,"Model-based Estimates",2,"Interpolation",16.69
44,"Currently married by age of woman (Percent)","Currently married by age of woman (Percent)","Estimates and Projections of Women of Reproductive Age Who Are Married or in a Union 2024",2024,"United Nations Population Division",887,"Yemen","YE","YEM",73,"2022",4,"Median",2,"Female",67,15,19,"15-19",100,"Married or in a union women",1,"Model-based Estimates",2,"Interpolation",16.7
