IndicatorId,IndicatorName,IndicatorShortName,Source,SourceYear,Author,LocationId,Location,Iso2,Iso3,TimeId,Time,VariantId,Variant,SexId,Sex,AgeId,AgeStart,AgeEnd,Age,CategoryId,Category,EstimateTypeId,EstimateType,EstimateMethodId,EstimateMethod,Value
44,"Currently married by age of woman (Percent)","Currently married by age of woman (Percent)","Estimates and Projections of Women of Reproductive Age Who Are Married or in a Union 2024",2024,"United Nations Population Division",16,"American Samoa","AS","ASM",59,"2008",4,"Median",2,"Female",67,15,19,"15-19",100,"Married or in a union women",1,"Model-based Estimates",2,"Interpolation",2.41
44,"Currently married by age of woman (Percent)","Currently married by age of woman (Percent)","Estimates and Projections of Women of Reproductive Age Who Are Married or in a Union 2024",2024,"United Nations Population Division",16,"American Samoa","AS","ASM",60,"2009",4,"Median",2,"Female",67,15,19,"15-19",100,"Married or in a union women",1,"Model-based Estimates",2,"Interpolation",2.29
44,"Currently married by age of woman (Percent)","Currently married by age of woman (Percent)","Estimates and Projections of Women of Reproductive Age Who Are Married or in a Union 2024",2024,"United Nations Population Division",16,"American Samoa","AS","ASM",61,"2010",4,"Median",2,"Female",67,15,19,"15-19",100,"Married or in a union women",1,"Model-based Estimates",2,"Interpolation",2.17
44,"Currently married by age of woman (Percent)","Currently married by age of woman (Percent)","Estimates and Projections of Women of Reproductive Age Who Are Married or in a Union 2024",2024,"United Nations Population Division",16,"American Samoa","AS","ASM",62,"2011",4,"Median",2,"Female",67,15,19,"15-19",100,"Married or in a union women",1,"Model-based Estimates",2,"Interpolation",2.05
44,"Currently married by age of woman (Percent)","Currently married by age of woman (Percent)","Estimates and Projections of Women of Reproductive Age Who Are Married or in a Union 2024",2024,"United Nations Population Division",16,"American Samoa","AS","ASM",63,"2012",4,"Median",2,"Female",67,15,19,"15-19",100,"Married or in a union women",1,"Model-based Estimates",2,"Interpolation",1.93
44,"Currently married by age of woman (Percent)","Currently married by age of woman (Percent)","Estimates and Projections of Women of Reproductive Age Who Are Married or in a Union 2024",2024,"United Nations Population Division",16,"American Samoa","AS","ASM",64,"2013",4,"Median",2,"Female",67,15,19,"15-19",100,"Married or in a union women",1,"Model-based Estimates",2,"Interpolation",1.81
44,"Currently married by age of woman (Percent)","Currently married by age of woman (Percent)","Estimates and Projections of Women of Reproductive Age Who Are Married or in a Union 2024",2024,"United Nations Population Division",16,"American Samoa","AS","ASM",65,"2014",4,"Median",2,"Female",67,15,19,"15-19",100,"Married or in a union women",1,"Model-based Estimates",2,"Interpolation",1.69
44,"Currently married by age of woman (Percent)","Currently married by age of woman (Percent)","Estimates and Projections of Women of Reproductive Age Who Are Married or in a Union 2024",2024,"United Nations Population Division",16,"American Samoa","AS","ASM",66,"2015",4,"Median",2,"Female",67,15,19,"15-19",100,"Married or in a union women",1,"Model-based Estimates",2,"Interpolation",1.57
44,"Currently married by age of woman (Percent)","Currently married by age of woman (Percent)","Estimates and Projections of Women of Reproductive Age Who Are Married or in a Union 2024",2024,"United Nations Population Division",16,"American Samoa","AS","ASM",67,"2016",4,"Median",2,"Female",67,15,19,"15-19",100,"Married or in a union women",1,"Model-based Estimates",2,"Interpolation",1.45
44,"Currently married by age of woman (Percent)","Currently married by age of woman (Percent)","Estimates and Projections of Women of Reproductive Age Who Are Married or in a Union 2024",2024,"United Nations Population Division",16,"American Samoa","AS","ASM",68,"2017",4,"Median",2,"Female",67,15,19,"15-19",100,"Married or in a union women",1,"Model-based Estimates",2,"Interpolation",1.33
44,"Currently married by age of woman (Percent)","Currently married by age of woman (Percent)","Estimates and Projections of Women of Reproductive Age Who Are Married or in a Union 2024",2024,"United Nations Population Division",16,"American Samoa","AS","ASM",69,"2018",4,"Median",2,"Female",67,15,19,"15-19",100,"Married or in a union women",1,"Model-based Estimates",2,"Interpolation",1.21
44,"Currently married by age of woman (Percent)","Currently married by age of woman (Percent)","Estimates and Projections of Women of Reproductive Age Who Are Married or in a Union 2024",2024,"United Nations Population Division",16,"American Samoa","AS","ASM",70,"2019",4,"Median",2,"Female",67,15,19,"15-19",100,"Married or in a union women",1,"Model-based Estimates",2,"Interpolation",1.09
44,"Currently married by age of woman (Percent)","Currently married by age of woman (Percent)","Estimates and Projections of Women of Reproductive Age Who Are Married or in a Union 2024",2024,"United Nations Population Division",16,"American Samoa","AS","ASM",71,"2020",4,"Median",2,"Female",67,15,19,"15-19",100,"Married or in a union women",1,"Model-based Estimates",2,"Interpolation",0.97
44,"Currently married by age of woman (Percent)","Currently married by age of woman (Percent)","Estimates and Projections of Women of Reproductive Age Who Are Married or in a Union 2024",2024,"United Nations Population Division",16,"American Samoa","AS","ASM",72,"2021",4,"Median",2,"Female",67,15,19,"15-19",100,"Married or in a union women",1,"Model-based Estimates",3,"Projection",0.92
44,"Currently married by age of woman (Percent)","Currently married by age of woman (Percent)","Estimates and Projections of Women of Reproductive Age Who Are Married or in a Union 2024",2024,"United Nations Population Division",16,"American Samoa","AS","ASM",73,"2022",4,"Median",2,"Female",67,15,19,"15-19",100,"Married or in a union women",1,"Model-based Estimates",3,"Projection",0.88
44,"Currently married by age of woman (Percent)","Currently married by age of woman (Percent)","Estimates and Projections of Women of Reproductive Age Who Are Married or in a Union 2024",2024,"United Nations Population Division",36,"Australia","AU","AUS",59,"2008",4,"Median",2,"Female",67,15,19,"15-19",100,"Married or in a union women",1,"Model-based Estimates",2,"Interpolation",3.04
44,"Currently married by age of woman (Percent)","Currently married by age of woman (Percent)","Estimates and Projections of Women of Reproductive Age Who Are Married or in a Union 2024",2024,"United Nations Population Division",36,"Australia","AU","AUS",60,"2009",4,"Median",2,"Female",67,15,19,"15-19",100,"Married or in a union women",1,"Model-based Estimates",2,"Interpolation",2.93
44,"Currently married by age of woman (Percent)","Currently married by age of woman (Percent)","Estimates and Projections of Women of Reproductive Age Who Are Married or in a Union 2024",2024,"United Nations Population Division",36,"Australia","AU","AUS",61,"2010",4,"Median",2,"Female",67,15,19,"15-19",100,"Married or in a union women",1,"Model-based Estimates",2,"Interpolation",2.83
44,"Currently married by age of woman (Percent)","Currently married by age of woman (Percent)","Estimates and Projections of Women of Reproductive Age Who Are Married or in a Union 2024",2024,"United Nations Population Division",36,"Australia","AU","AUS",62,"2011",4,"Median",2,"Female",67,15,19,"15-19",100,"Married or in a union women",1,"Model-based Estimates",2,"Interpolation",2.73
44,"Currently married by age of woman (Percent)","Currently married by age of woman (Percent)","Estimates and Projections of Women of Reproductive Age Who Are Married or in a Union 2024",2024,"United Nations Population Division",36,"Australia","AU","AUS",63,"2012",4,"Median",2,"Female",67,15,19,"15-19",100,"Married or in a union women",1,"Model-based Estimates",2,"Interpolation",2.63
44,"Currently married by age of woman (Percent)","Currently married by age of woman (Percent)","Estimates and Projections of Women of Reproductive Age Who Are Married or in a Union 2024",2024,"United Nations Population Division",36,"Australia","AU","AUS",64,"2013",4,"Median",2,"Female",67,15,19,"15-19",100,"Married or in a union women",1,"Model-based Estimates",2,"Interpolation",2.52
44,"Currently married by age of woman (Percent)","Currently married by age of woman (Percent)","Estimates and Projections of Women of Reproductive Age Who Are Married or in a Union 2024",2024,"United Nations Population Division",36,"Australia","AU","AUS",65,"2014",4,"Median",2,"Female",67,15,19,"15-19",100,"Married or in a union women",1,"Model-based Estimates",2,"Interpolation",2.42
44,"Currently married by age of woman (Percent)","Currently married by age of woman (Percent)","Estimates and Projections of Women of Reproductive Age Who Are Married or in a Union 2024",2024,"United Nations Population Division",36,"Australia","AU","AUS",66,"2015",4,"Median",2,"Female",67,15,19,"15-19",100,"Married or in a union women",1,"Model-based Estimates",2,"Interpolation",2.32
44,"Currently married by age of woman (Percent)","Currently married by age of woman (Percent)","Estimates and Projections of Women of Reproductive Age Who Are Married or in a Union 2024",2024,"United Nations Population Division",36,"Australia","AU","AUS",67,"2016",4,"Median",2,"Female",67,15,19,"15-19",100,"Married or in a union women",1,"Model-based Estimates",2,"Interpolation",2.21
44,"Currently married by age of woman (Percent)","Currently married by age of woman (Percent)","Estimates and Projections of Women of Reproductive Age Who Are Married or in a Union 2024",2024,"United Nations Population Division",36,"Australia","AU","AUS",68,"2017",4,"Median",2,"Female",67,15,19,"15-19",100,"Married or in a union women",1,"Model-based Estimates",2,"Interpolation",2.11
44,"Currently married by age of woman (Percent)","Currently married by age of woman (Percent)","Estimates and Projections of Women of Reproductive Age Who Are Married or in a Union 2024",2024,"United Nations Population Division",36,"Australia","AU","AUS",69,"2018",4,"Median",2,"Female",67,15,19,"15-19",100,"Married or in a union women",1,"Model-based Estimates",2,"Interpolation",2.01
44,"Currently married by age of woman (Percent)","Currently married by age of woman (Percent)","Estimates and Projections of Women of Reproductive Age Who Are Married or in a Union 2024",2024,"United Nations Population Division",36,"Australia","AU","AUS",70,"2019",4,"Median",2,"Female",67,15,19,"15-19",100,"Married or in a union women",1,"Model-based Estimates",2,"Interpolation",1.91
44,"Currently married by age of woman (Percent)","Currently married by age of woman (Percent)","Estimates and Projections of Women of Reproductive Age Who Are Married or in a Union 2024",2024,"United Nations Population Division",36,"Australia","AU","AUS",71,"2020",4,"Median",2,"Female",67,15,19,"15-19",100,"Married or in a union women",1,"Model-based Estimates",2,"Interpolation",1.8
44,"Currently married by age of woman (Percent)","Currently married by age of woman (Percent)","Estimates and Projections of Women of Reproductive Age Who Are Married or in a Union 2024",2024,"United Nations Population Division",36,"Australia","AU","AUS",72,"2021",4,"Median",2,"Female",67,15,19,"15-19",100,"Married or in a union women",1,"Model-based Estimates",2,"Interpolation",1.7
44,"Currently married by age of woman (Percent)","Currently married by age of woman (Percent)","Estimates and Projections of Women of Reproductive Age Who Are Married or in a Union 2024",2024,"United Nations Population Division",36,"Australia","AU","AUS",73,"2022",4,"Median",2,"Female",67,15,19,"15-19",100,"Married or in a union women",1,"Model-based Estimates",3,"Projection",1.63
44,"Currently married by age of woman (Percent)","Currently married by age of woman (Percent)","Estimates and Projections of Women of Reproductive Age Who Are Married or in a Union 2024",2024,"United Nations Population Division",90,"Solomon Islands","SB","SLB",59,"2008",4,"Median",2,"Female",67,15,19,"15-19",100,"Married or in a union women",1,"Model-based Estimates",2,"Interpolation",13.81
44,"Currently married by age of woman (Percent)","Currently married by age of woman (Percent)","Estimates and Projections of Women of Reproductive Age Who Are Married or in a Union 2024",2024,"United Nations Population Division",90,"Solomon Islands","SB","SLB",60,"2009",4,"Median",2,"Female",67,15,19,"15-19",100,"Married or in a union women",1,"Model-based Estimates",2,"Interpolation",13.45
44,"Currently married by age of woman (Percent)","Currently married by age of woman (Percent)","Estimates and Projections of Women of Reproductive Age Who Are Married or in a Union 2024",2024,"United Nations Population Division",90,"Solomon Islands","SB","SLB",61,"2010",4,"Median",2,"Female",67,15,19,"15-19",100,"Married or in a union women",1,"Model-based Estimates",2,"Interpolation",13.09
44,"Currently married by age of woman (Percent)","Currently married by age of woman (Percent)","Estimates and Projections of Women of Reproductive Age Who Are Married or in a Union 2024",2024,"United Nations Population Division",90,"Solomon Islands","SB","SLB",62,"2011",4,"Median",2,"Female",67,15,19,"15-19",100,"Married or in a union women",1,"Model-based Estimates",2,"Interpolation",12.73
44,"Currently married by age of woman (Percent)","Currently married by age of woman (Percent)","Estimates and Projections of Women of Reproductive Age Who Are Married or in a Union 2024",2024,"United Nations Population Division",90,"Solomon Islands","SB","SLB",63,"2012",4,"Median",2,"Female",67,15,19,"15-19",100,"Married or in a union women",1,"Model-based Estimates",2,"Interpolation",12.38
44,"Currently married by age of woman (Percent)","Currently married by age of woman (Percent)","Estimates and Projections of Women of Reproductive Age Who Are Married or in a Union 2024",2024,"United Nations Population Division",90,"Solomon Islands","SB","SLB",64,"2013",4,"Median",2,"Female",67,15,19,"15-19",100,"Married or in a union women",1,"Model-based Estimates",2,"Interpolation",12.02
44,"Currently married by age of woman (Percent)","Currently married by age of woman (Percent)","Estimates and Projections of Women of Reproductive Age Who Are Married or in a Union 2024",2024,"United Nations Population Division",90,"Solomon Islands","SB","SLB",65,"2014",4,"Median",2,"Female",67,15,19,"15-19",100,"Married or in a union women",1,"Model-based Estimates",2,"Interpolation",11.66
44,"Currently married by age of woman (Percent)","Currently married by age of woman (Percent)","Estimates and Projections of Women of Reproductive Age Who Are Married or in a Union 2024",2024,"United Nations Population Division",90,"Solomon Islands","SB","SLB",66,"2015",4,"Median",2,"Female",67,15,19,"15-19",100,"Married or in a union women",1,"Model-based Estimates",2,"Interpolation",11.3
44,"Currently married by age of woman (Percent)","Currently married by age of woman (Percent)","Estimates and Projections of Women of Reproductive Age Who Are Married or in a Union 2024",2024,"United Nations Population Division",90,"Solomon Islands","SB","SLB",67,"2016",4,"Median",2,"Female",67,15,19,"15-19",100,"Married or in a union women",1,"Model-based Estimates",2,"Interpolation",11.05
44,"Currently married by age of woman (Percent)","Currently married by age of woman (Percent)","Estimates and Projections of Women of Reproductive Age Who Are Married or in a Union 2024",2024,"United Nations Population Division",90,"Solomon Islands","SB","SLB",68,"2017",4,"Median",2,"Female",67,15,19,"15-19",100,"Married or in a union women",1,"Model-based Estimates",2,"Interpolation",10.81
44,"Currently married by age of woman (Percent)","Currently married by age of woman (Percent)","Estimates and Projections of Women of Reproductive Age Who Are Married or in a Union 2024",2024,"United Nations Population Division",90,"Solomon Islands","SB","SLB",69,"2018",4,"Median",2,"Female",67,15,19,"15-19",100,"Married or in a union women",1,"Model-based Estimates",2,"Interpolation",10.58
44,"Currently married by age of woman (Percent)","Currently married by age of woman (Percent)","Estimates and Projections of Women of Reproductive Age Who Are Married or in a Union 2024",2024,"United Nations Population Division",90,"Solomon Islands","SB","SLB",70,"2019",4,"Median",2,"Female",67,15,19,"15-19",100,"Married or in a union women",1,"Model-based Estimates",2,"Interpolation",10.35
44,"Currently married by age of woman (Percent)","Currently married by age of woman (Percent)","Estimates and Projections of Women of Reproductive Age Who Are Married or in a Union 2024",2024,"United Nations Population Division",90,"Solomon Islands","SB","SLB",71,"2020",4,"Median",2,"Female",67,15,19,"15-19",100,"Married or in a union women",1,"Model-based Estimates",3,"Projection",10.13
44,"Currently married by age of woman (Percent)","Currently married by age of woman (Percent)","Estimates and Projections of Women of Reproductive Age Who Are Married or in a Union 2024",2024,"United Nations Population Division",90,"Solomon Islands","SB","SLB",72,"2021",4,"Median",2,"Female",67,15,19,"15-19",100,"Married or in a union women",1,"Model-based Estimates",3,"Projection",9.92
44,"Currently married by age of woman (Percent)","Currently married by age of woman (Percent)","Estimates and Projections of Women of Reproductive Age Who Are Married or in a Union 2024",2024,"United Nations Population Division",90,"Solomon Islands","SB","SLB",73,"2022",4,"Median",2,"Female",67,15,19,"15-19",100,"Married or in a union women",1,"Model-based Estimates",3,"Projection",9.71
44,"Currently married by age of woman (Percent)","Currently married by age of woman (Percent)","Estimates and Projections of Women of Reproductive Age Who Are Married or in a Union 2024",2024,"United Nations Population Division",184,"Cook Islands","CK","COK",59,"2008",4,"Median",2,"Female",67,15,19,"15-19",100,"Married or in a union women",1,"Model-based Estimates",2,"Interpolation",5.38
44,"Currently married by age of woman (Percent)","Currently married by age of woman (Percent)","Estimates and Projections of Women of Reproductive Age Who Are Married or in a Union 2024",2024,"United Nations Population Division",184,"Cook Islands","CK","COK",60,"2009",4,"Median",2,"Female",67,15,19,"15-19",100,"Married or in a union women",1,"Model-based Estimates",2,"Interpolation",5.46
44,"Currently married by age of woman (Percent)","Currently married by age of woman (Percent)","Estimates and Projections of Women of Reproductive Age Who Are Married or in a Union 2024",2024,"United Nations Population Division",184,"Cook Islands","CK","COK",61,"2010",4,"Median",2,"Female",67,15,19,"15-19",100,"Married or in a union women",1,"Model-based Estimates",2,"Interpolation",5.53
44,"Currently married by age of woman (Percent)","Currently married by age of woman (Percent)","Estimates and Projections of Women of Reproductive Age Who Are Married or in a Union 2024",2024,"United Nations Population Division",184,"Cook Islands","CK","COK",62,"2011",4,"Median",2,"Female",67,15,19,"15-19",100,"Married or in a union women",1,"Model-based Estimates",2,"Interpolation",5.61
44,"Currently married by age of woman (Percent)","Currently married by age of woman (Percent)","Estimates and Projections of Women of Reproductive Age Who Are Married or in a Union 2024",2024,"United Nations Population Division",184,"Cook Islands","CK","COK",63,"2012",4,"Median",2,"Female",67,15,19,"15-19",100,"Married or in a union women",1,"Model-based Estimates",2,"Interpolation",5.68
44,"Currently married by age of woman (Percent)","Currently married by age of woman (Percent)","Estimates and Projections of Women of Reproductive Age Who Are Married or in a Union 2024",2024,"United Nations Population Division",184,"Cook Islands","CK","COK",64,"2013",4,"Median",2,"Female",67,15,19,"15-19",100,"Married or in a union women",1,"Model-based Estimates",2,"Interpolation",5.76
44,"Currently married by age of woman (Percent)","Currently married by age of woman (Percent)","Estimates and Projections of Women of Reproductive Age Who Are Married or in a Union 2024",2024,"United Nations Population Division",184,"Cook Islands","CK","COK",65,"2014",4,"Median",2,"Female",67,15,19,"15-19",100,"Married or in a union women",1,"Model-based Estimates",2,"Interpolation",5.83
44,"Currently married by age of woman (Percent)","Currently married by age of woman (Percent)","Estimates and Projections of Women of Reproductive Age Who Are Married or in a Union 2024",2024,"United Nations Population Division",184,"Cook Islands","CK","COK",66,"2015",4,"Median",2,"Female",67,15,19,"15-19",100,"Married or in a union women",1,"Model-based Estimates",2,"Interpolation",5.91
44,"Currently married by age of woman (Percent)","Currently married by age of woman (Percent)","Estimates and Projections of Women of Reproductive Age Who Are Married or in a Union 2024",2024,"United Nations Population Division",184,"Cook Islands","CK","COK",67,"2016",4,"Median",2,"Female",67,15,19,"15-19",100,"Married or in a union women",1,"Model-based Estimates",2,"Interpolation",5.98
44,"Currently married by age of woman (Percent)","Currently married by age of woman (Percent)","Estimates and Projections of Women of Reproductive Age Who Are Married or in a Union 2024",2024,"United Nations Population Division",184,"Cook Islands","CK","COK",68,"2017",4,"Median",2,"Female",67,15,19,"15-19",100,"Married or in a union women",1,"Model-based Estimates",2,"Interpolation",6.06
44,"Currently married by age of woman (Percent)","Currently married by age of woman (Percent)","Estimates and Projections of Women of Reproductive Age Who Are Married or in a Union 2024",2024,"United Nations Population Division",184,"Cook Islands","CK","COK",69,"2018",4,"Median",2,"Female",67,15,19,"15-19",100,"Married or in a union women",1,"Model-based Estimates",2,"Interpolation",6.13
44,"Currently married by age of woman (Percent)","Currently married by age of woman (Percent)","Estimates and Projections of Women of Reproductive Age Who Are Married or in a Union 2024",2024,"United Nations Population Division",184,"Cook Islands","CK","COK",70,"2019",4,"Median",2,"Female",67,15,19,"15-19",100,"Married or in a union women",1,"Model-based Estimates",2,"Interpolation",6.21
44,"Currently married by age of woman (Percent)","Currently married by age of woman (Percent)","Estimates and Projections of Women of Reproductive Age Who Are Married or in a Union 2024",2024,"United Nations Population Division",184,"Cook Islands","CK","COK",71,"2020",4,"Median",2,"Female",67,15,19,"15-19",100,"Married or in a union women",1,"Model-based Estimates",2,"Interpolation",6.28
44,"Currently married by age of woman (Percent)","Currently married by age of woman (Percent)","Estimates and Projections of Women of Reproductive Age Who Are Married or in a Union 2024",2024,"United Nations Population Division",184,"Cook Islands","CK","COK",72,"2021",4,"Median",2,"Female",67,15,19,"15-19",100,"Married or in a union women",1,"Model-based Estimates",2,"Interpolation",6.36
44,"Currently married by age of woman (Percent)","Currently married by age of woman (Percent)","Estimates and Projections of Women of Reproductive Age Who Are Married or in a Union 2024",2024,"United Nations Population Division",184,"Cook Islands","CK","COK",73,"2022",4,"Median",2,"Female",67,15,19,"15-19",100,"Married or in a union women",1,"Model-based Estimates",3,"Projection",6.44
44,"Currently married by age of woman (Percent)","Currently married by age of woman (Percent)","Estimates and Projections of Women of Reproductive Age Who Are Married or in a Union 2024",2024,"United Nations Population Division",242,"Fiji","FJ","FJI",59,"2008",4,"Median",2,"Female",67,15,19,"15-19",100,"Married or in a union women",1,"Model-based Estimates",2,"Interpolation",6.84
44,"Currently married by age of woman (Percent)","Currently married by age of woman (Percent)","Estimates and Projections of Women of Reproductive Age Who Are Married or in a Union 2024",2024,"United Nations Population Division",242,"Fiji","FJ","FJI",60,"2009",4,"Median",2,"Female",67,15,19,"15-19",100,"Married or in a union women",1,"Model-based Estimates",2,"Interpolation",6.07
44,"Currently married by age of woman (Percent)","Currently married by age of woman (Percent)","Estimates and Projections of Women of Reproductive Age Who Are Married or in a Union 2024",2024,"United Nations Population Division",242,"Fiji","FJ","FJI",61,"2010",4,"Median",2,"Female",67,15,19,"15-19",100,"Married or in a union women",1,"Model-based Estimates",2,"Interpolation",5.29
44,"Currently married by age of woman (Percent)","Currently married by age of woman (Percent)","Estimates and Projections of Women of Reproductive Age Who Are Married or in a Union 2024",2024,"United Nations Population Division",242,"Fiji","FJ","FJI",62,"2011",4,"Median",2,"Female",67,15,19,"15-19",100,"Married or in a union women",1,"Model-based Estimates",2,"Interpolation",4.52
44,"Currently married by age of woman (Percent)","Currently married by age of woman (Percent)","Estimates and Projections of Women of Reproductive Age Who Are Married or in a Union 2024",2024,"United Nations Population Division",242,"Fiji","FJ","FJI",63,"2012",4,"Median",2,"Female",67,15,19,"15-19",100,"Married or in a union women",1,"Model-based Estimates",2,"Interpolation",3.75
44,"Currently married by age of woman (Percent)","Currently married by age of woman (Percent)","Estimates and Projections of Women of Reproductive Age Who Are Married or in a Union 2024",2024,"United Nations Population Division",242,"Fiji","FJ","FJI",64,"2013",4,"Median",2,"Female",67,15,19,"15-19",100,"Married or in a union women",1,"Model-based Estimates",2,"Interpolation",2.98
44,"Currently married by age of woman (Percent)","Currently married by age of woman (Percent)","Estimates and Projections of Women of Reproductive Age Who Are Married or in a Union 2024",2024,"United Nations Population Division",242,"Fiji","FJ","FJI",65,"2014",4,"Median",2,"Female",67,15,19,"15-19",100,"Married or in a union women",1,"Model-based Estimates",2,"Interpolation",2.2
44,"Currently married by age of woman (Percent)","Currently married by age of woman (Percent)","Estimates and Projections of Women of Reproductive Age Who Are Married or in a Union 2024",2024,"United Nations Population Division",242,"Fiji","FJ","FJI",66,"2015",4,"Median",2,"Female",67,15,19,"15-19",100,"Married or in a union women",1,"Model-based Estimates",2,"Interpolation",1.85
44,"Currently married by age of woman (Percent)","Currently married by age of woman (Percent)","Estimates and Projections of Women of Reproductive Age Who Are Married or in a Union 2024",2024,"United Nations Population Division",242,"Fiji","FJ","FJI",67,"2016",4,"Median",2,"Female",67,15,19,"15-19",100,"Married or in a union women",1,"Model-based Estimates",2,"Interpolation",1.56
44,"Currently married by age of woman (Percent)","Currently married by age of woman (Percent)","Estimates and Projections of Women of Reproductive Age Who Are Married or in a Union 2024",2024,"United Nations Population Division",242,"Fiji","FJ","FJI",68,"2017",4,"Median",2,"Female",67,15,19,"15-19",100,"Married or in a union women",1,"Model-based Estimates",2,"Interpolation",1.33
44,"Currently married by age of woman (Percent)","Currently married by age of woman (Percent)","Estimates and Projections of Women of Reproductive Age Who Are Married or in a Union 2024",2024,"United Nations Population Division",242,"Fiji","FJ","FJI",69,"2018",4,"Median",2,"Female",67,15,19,"15-19",100,"Married or in a union women",1,"Model-based Estimates",2,"Interpolation",1.14
44,"Currently married by age of woman (Percent)","Currently married by age of woman (Percent)","Estimates and Projections of Women of Reproductive Age Who Are Married or in a Union 2024",2024,"United Nations Population Division",242,"Fiji","FJ","FJI",70,"2019",4,"Median",2,"Female",67,15,19,"15-19",100,"Married or in a union women",1,"Model-based Estimates",2,"Interpolation",0.99
44,"Currently married by age of woman (Percent)","Currently married by age of woman (Percent)","Estimates and Projections of Women of Reproductive Age Who Are Married or in a Union 2024",2024,"United Nations Population Division",242,"Fiji","FJ","FJI",71,"2020",4,"Median",2,"Female",67,15,19,"15-19",100,"Married or in a union women",1,"Model-based Estimates",2,"Interpolation",0.86
44,"Currently married by age of woman (Percent)","Currently married by age of woman (Percent)","Estimates and Projections of Women of Reproductive Age Who Are Married or in a Union 2024",2024,"United Nations Population Division",242,"Fiji","FJ","FJI",72,"2021",4,"Median",2,"Female",67,15,19,"15-19",100,"Married or in a union women",1,"Model-based Estimates",2,"Interpolation",0.76
44,"Currently married by age of woman (Percent)","Currently married by age of woman (Percent)","Estimates and Projections of Women of Reproductive Age Who Are Married or in a Union 2024",2024,"United Nations Population Division",242,"Fiji","FJ","FJI",73,"2022",4,"Median",2,"Female",67,15,19,"15-19",100,"Married or in a union women",1,"Model-based Estimates",3,"Projection",0.68
44,"Currently married by age of woman (Percent)","Currently married by age of woman (Percent)","Estimates and Projections of Women of Reproductive Age Who Are Married or in a Union 2024",2024,"United Nations Population Division",258,"French Polynesia","PF","PYF",59,"2008",4,"Median",2,"Female",67,15,19,"15-19",100,"Married or in a union women",1,"Model-based Estimates",2,"Interpolation",18.33
44,"Currently married by age of woman (Percent)","Currently married by age of woman (Percent)","Estimates and Projections of Women of Reproductive Age Who Are Married or in a Union 2024",2024,"United Nations Population Division",258,"French Polynesia","PF","PYF",60,"2009",4,"Median",2,"Female",67,15,19,"15-19",100,"Married or in a union women",1,"Model-based Estimates",2,"Interpolation",18.33
44,"Currently married by age of woman (Percent)","Currently married by age of woman (Percent)","Estimates and Projections of Women of Reproductive Age Who Are Married or in a Union 2024",2024,"United Nations Population Division",258,"French Polynesia","PF","PYF",61,"2010",4,"Median",2,"Female",67,15,19,"15-19",100,"Married or in a union women",1,"Model-based Estimates",2,"Interpolation",18.33
44,"Currently married by age of woman (Percent)","Currently married by age of woman (Percent)","Estimates and Projections of Women of Reproductive Age Who Are Married or in a Union 2024",2024,"United Nations Population Division",258,"French Polynesia","PF","PYF",62,"2011",4,"Median",2,"Female",67,15,19,"15-19",100,"Married or in a union women",1,"Model-based Estimates",2,"Interpolation",18.33
44,"Currently married by age of woman (Percent)","Currently married by age of woman (Percent)","Estimates and Projections of Women of Reproductive Age Who Are Married or in a Union 2024",2024,"United Nations Population Division",258,"French Polynesia","PF","PYF",63,"2012",4,"Median",2,"Female",67,15,19,"15-19",100,"Married or in a union women",1,"Model-based Estimates",2,"Interpolation",18.33
44,"Currently married by age of woman (Percent)","Currently married by age of woman (Percent)","Estimates and Projections of Women of Reproductive Age Who Are Married or in a Union 2024",2024,"United Nations Population Division",258,"French Polynesia","PF","PYF",64,"2013",4,"Median",2,"Female",67,15,19,"15-19",100,"Married or in a union women",1,"Model-based Estimates",2,"Interpolation",18.33
44,"Currently married by age of woman (Percent)","Currently married by age of woman (Percent)","Estimates and Projections of Women of Reproductive Age Who Are Married or in a Union 2024",2024,"United Nations Population Division",258,"French Polynesia","PF","PYF",65,"2014",4,"Median",2,"Female",67,15,19,"15-19",100,"Married or in a union women",1,"Model-based Estimates",2,"Interpolation",18.33
44,"Currently married by age of woman (Percent)","Currently married by age of woman (Percent)","Estimates and Projections of Women of Reproductive Age Who Are Married or in a Union 2024",2024,"United Nations Population Division",258,"French Polynesia","PF","PYF",66,"2015",4,"Median",2,"Female",67,15,19,"15-19",100,"Married or in a union women",1,"Model-based Estimates",2,"Interpolation",18.33
44,"Currently married by age of woman (Percent)","Currently married by age of woman (Percent)","Estimates and Projections of Women of Reproductive Age Who Are Married or in a Union 2024",2024,"United Nations Population Division",258,"French Polynesia","PF","PYF",67,"2016",4,"Median",2,"Female",67,15,19,"15-19",100,"Married or in a union women",1,"Model-based Estimates",2,"Interpolation",18.33
44,"Currently married by age of woman (Percent)","Currently married by age of woman (Percent)","Estimates and Projections of Women of Reproductive Age Who Are Married or in a Union 2024",2024,"United Nations Population Division",258,"French Polynesia","PF","PYF",68,"2017",4,"Median",2,"Female",67,15,19,"15-19",100,"Married or in a union women",1,"Model-based Estimates",2,"Interpolation",18.33
44,"Currently married by age of woman (Percent)","Currently married by age of woman (Percent)","Estimates and Projections of Women of Reproductive Age Who Are Married or in a Union 2024",2024,"United Nations Population Division",258,"French Polynesia","PF","PYF",69,"2018",4,"Median",2,"Female",67,15,19,"15-19",100,"Married or in a union women",1,"Model-based Estimates",3,"Projection",17.83
44,"Currently married by age of woman (Percent)","Currently married by age of woman (Percent)","Estimates and Projections of Women of Reproductive Age Who Are Married or in a Union 2024",2024,"United Nations Population Division",258,"French Polynesia","PF","PYF",70,"2019",4,"Median",2,"Female",67,15,19,"15-19",100,"Married or in a union women",1,"Model-based Estimates",3,"Projection",17.34
44,"Currently married by age of woman (Percent)","Currently married by age of woman (Percent)","Estimates and Projections of Women of Reproductive Age Who Are Married or in a Union 2024",2024,"United Nations Population Division",258,"French Polynesia","PF","PYF",71,"2020",4,"Median",2,"Female",67,15,19,"15-19",100,"Married or in a union women",1,"Model-based Estimates",3,"Projection",16.86
44,"Currently married by age of woman (Percent)","Currently married by age of woman (Percent)","Estimates and Projections of Women of Reproductive Age Who Are Married or in a Union 2024",2024,"United Nations Population Division",258,"French Polynesia","PF","PYF",72,"2021",4,"Median",2,"Female",67,15,19,"15-19",100,"Married or in a union women",1,"Model-based Estimates",3,"Projection",16.39
44,"Currently married by age of woman (Percent)","Currently married by age of woman (Percent)","Estimates and Projections of Women of Reproductive Age Who Are Married or in a Union 2024",2024,"United Nations Population Division",258,"French Polynesia","PF","PYF",73,"2022",4,"Median",2,"Female",67,15,19,"15-19",100,"Married or in a union women",1,"Model-based Estimates",3,"Projection",15.94
44,"Currently married by age of woman (Percent)","Currently married by age of woman (Percent)","Estimates and Projections of Women of Reproductive Age Who Are Married or in a Union 2024",2024,"United Nations Population Division",296,"Kiribati","KI","KIR",59,"2008",4,"Median",2,"Female",67,15,19,"15-19",100,"Married or in a union women",1,"Model-based Estimates",2,"Interpolation",15.93
44,"Currently married by age of woman (Percent)","Currently married by age of woman (Percent)","Estimates and Projections of Women of Reproductive Age Who Are Married or in a Union 2024",2024,"United Nations Population Division",296,"Kiribati","KI","KIR",60,"2009",4,"Median",2,"Female",67,15,19,"15-19",100,"Married or in a union women",1,"Model-based Estimates",2,"Interpolation",15.8
44,"Currently married by age of woman (Percent)","Currently married by age of woman (Percent)","Estimates and Projections of Women of Reproductive Age Who Are Married or in a Union 2024",2024,"United Nations Population Division",296,"Kiribati","KI","KIR",61,"2010",4,"Median",2,"Female",67,15,19,"15-19",100,"Married or in a union women",1,"Model-based Estimates",2,"Interpolation",15.25
44,"Currently married by age of woman (Percent)","Currently married by age of woman (Percent)","Estimates and Projections of Women of Reproductive Age Who Are Married or in a Union 2024",2024,"United Nations Population Division",296,"Kiribati","KI","KIR",62,"2011",4,"Median",2,"Female",67,15,19,"15-19",100,"Married or in a union women",1,"Model-based Estimates",2,"Interpolation",14.71
44,"Currently married by age of woman (Percent)","Currently married by age of woman (Percent)","Estimates and Projections of Women of Reproductive Age Who Are Married or in a Union 2024",2024,"United Nations Population Division",296,"Kiribati","KI","KIR",63,"2012",4,"Median",2,"Female",67,15,19,"15-19",100,"Married or in a union women",1,"Model-based Estimates",2,"Interpolation",14.16
44,"Currently married by age of woman (Percent)","Currently married by age of woman (Percent)","Estimates and Projections of Women of Reproductive Age Who Are Married or in a Union 2024",2024,"United Nations Population Division",296,"Kiribati","KI","KIR",64,"2013",4,"Median",2,"Female",67,15,19,"15-19",100,"Married or in a union women",1,"Model-based Estimates",2,"Interpolation",13.62
44,"Currently married by age of woman (Percent)","Currently married by age of woman (Percent)","Estimates and Projections of Women of Reproductive Age Who Are Married or in a Union 2024",2024,"United Nations Population Division",296,"Kiribati","KI","KIR",65,"2014",4,"Median",2,"Female",67,15,19,"15-19",100,"Married or in a union women",1,"Model-based Estimates",2,"Interpolation",13.07
44,"Currently married by age of woman (Percent)","Currently married by age of woman (Percent)","Estimates and Projections of Women of Reproductive Age Who Are Married or in a Union 2024",2024,"United Nations Population Division",296,"Kiribati","KI","KIR",66,"2015",4,"Median",2,"Female",67,15,19,"15-19",100,"Married or in a union women",1,"Model-based Estimates",2,"Interpolation",12.53
44,"Currently married by age of woman (Percent)","Currently married by age of woman (Percent)","Estimates and Projections of Women of Reproductive Age Who Are Married or in a Union 2024",2024,"United Nations Population Division",296,"Kiribati","KI","KIR",67,"2016",4,"Median",2,"Female",67,15,19,"15-19",100,"Married or in a union women",1,"Model-based Estimates",2,"Interpolation",11.98
44,"Currently married by age of woman (Percent)","Currently married by age of woman (Percent)","Estimates and Projections of Women of Reproductive Age Who Are Married or in a Union 2024",2024,"United Nations Population Division",296,"Kiribati","KI","KIR",68,"2017",4,"Median",2,"Female",67,15,19,"15-19",100,"Married or in a union women",1,"Model-based Estimates",2,"Interpolation",11.44
44,"Currently married by age of woman (Percent)","Currently married by age of woman (Percent)","Estimates and Projections of Women of Reproductive Age Who Are Married or in a Union 2024",2024,"United Nations Population Division",296,"Kiribati","KI","KIR",69,"2018",4,"Median",2,"Female",67,15,19,"15-19",100,"Married or in a union women",1,"Model-based Estimates",2,"Interpolation",10.89
44,"Currently married by age of woman (Percent)","Currently married by age of woman (Percent)","Estimates and Projections of Women of Reproductive Age Who Are Married or in a Union 2024",2024,"United Nations Population Division",296,"Kiribati","KI","KIR",70,"2019",4,"Median",2,"Female",67,15,19,"15-19",100,"Married or in a union women",1,"Model-based Estimates",2,"Interpolation",10.35
44,"Currently married by age of woman (Percent)","Currently married by age of woman (Percent)","Estimates and Projections of Women of Reproductive Age Who Are Married or in a Union 2024",2024,"United Nations Population Division",296,"Kiribati","KI","KIR",71,"2020",4,"Median",2,"Female",67,15,19,"15-19",100,"Married or in a union women",1,"Model-based Estimates",2,"Interpolation",9.8
44,"Currently married by age of woman (Percent)","Currently married by age of woman (Percent)","Estimates and Projections of Women of Reproductive Age Who Are Married or in a Union 2024",2024,"United Nations Population Division",296,"Kiribati","KI","KIR",72,"2021",4,"Median",2,"Female",67,15,19,"15-19",100,"Married or in a union women",1,"Model-based Estimates",3,"Projection",9.38
44,"Currently married by age of woman (Percent)","Currently married by age of woman (Percent)","Estimates and Projections of Women of Reproductive Age Who Are Married or in a Union 2024",2024,"United Nations Population Division",296,"Kiribati","KI","KIR",73,"2022",4,"Median",2,"Female",67,15,19,"15-19",100,"Married or in a union women",1,"Model-based Estimates",3,"Projection",8.98
44,"Currently married by age of woman (Percent)","Currently married by age of woman (Percent)","Estimates and Projections of Women of Reproductive Age Who Are Married or in a Union 2024",2024,"United Nations Population Division",316,"Guam","GU","GUM",59,"2008",4,"Median",2,"Female",67,15,19,"15-19",100,"Married or in a union women",1,"Model-based Estimates",2,"Interpolation",3.6
44,"Currently married by age of woman (Percent)","Currently married by age of woman (Percent)","Estimates and Projections of Women of Reproductive Age Who Are Married or in a Union 2024",2024,"United Nations Population Division",316,"Guam","GU","GUM",60,"2009",4,"Median",2,"Female",67,15,19,"15-19",100,"Married or in a union women",1,"Model-based Estimates",2,"Interpolation",3.43
44,"Currently married by age of woman (Percent)","Currently married by age of woman (Percent)","Estimates and Projections of Women of Reproductive Age Who Are Married or in a Union 2024",2024,"United Nations Population Division",316,"Guam","GU","GUM",61,"2010",4,"Median",2,"Female",67,15,19,"15-19",100,"Married or in a union women",1,"Model-based Estimates",2,"Interpolation",3.26
44,"Currently married by age of woman (Percent)","Currently married by age of woman (Percent)","Estimates and Projections of Women of Reproductive Age Who Are Married or in a Union 2024",2024,"United Nations Population Division",316,"Guam","GU","GUM",62,"2011",4,"Median",2,"Female",67,15,19,"15-19",100,"Married or in a union women",1,"Model-based Estimates",2,"Interpolation",3.09
44,"Currently married by age of woman (Percent)","Currently married by age of woman (Percent)","Estimates and Projections of Women of Reproductive Age Who Are Married or in a Union 2024",2024,"United Nations Population Division",316,"Guam","GU","GUM",63,"2012",4,"Median",2,"Female",67,15,19,"15-19",100,"Married or in a union women",1,"Model-based Estimates",2,"Interpolation",2.92
44,"Currently married by age of woman (Percent)","Currently married by age of woman (Percent)","Estimates and Projections of Women of Reproductive Age Who Are Married or in a Union 2024",2024,"United Nations Population Division",316,"Guam","GU","GUM",64,"2013",4,"Median",2,"Female",67,15,19,"15-19",100,"Married or in a union women",1,"Model-based Estimates",2,"Interpolation",2.75
44,"Currently married by age of woman (Percent)","Currently married by age of woman (Percent)","Estimates and Projections of Women of Reproductive Age Who Are Married or in a Union 2024",2024,"United Nations Population Division",316,"Guam","GU","GUM",65,"2014",4,"Median",2,"Female",67,15,19,"15-19",100,"Married or in a union women",1,"Model-based Estimates",2,"Interpolation",2.58
44,"Currently married by age of woman (Percent)","Currently married by age of woman (Percent)","Estimates and Projections of Women of Reproductive Age Who Are Married or in a Union 2024",2024,"United Nations Population Division",316,"Guam","GU","GUM",66,"2015",4,"Median",2,"Female",67,15,19,"15-19",100,"Married or in a union women",1,"Model-based Estimates",2,"Interpolation",2.42
44,"Currently married by age of woman (Percent)","Currently married by age of woman (Percent)","Estimates and Projections of Women of Reproductive Age Who Are Married or in a Union 2024",2024,"United Nations Population Division",316,"Guam","GU","GUM",67,"2016",4,"Median",2,"Female",67,15,19,"15-19",100,"Married or in a union women",1,"Model-based Estimates",2,"Interpolation",2.25
44,"Currently married by age of woman (Percent)","Currently married by age of woman (Percent)","Estimates and Projections of Women of Reproductive Age Who Are Married or in a Union 2024",2024,"United Nations Population Division",316,"Guam","GU","GUM",68,"2017",4,"Median",2,"Female",67,15,19,"15-19",100,"Married or in a union women",1,"Model-based Estimates",2,"Interpolation",2.08
44,"Currently married by age of woman (Percent)","Currently married by age of woman (Percent)","Estimates and Projections of Women of Reproductive Age Who Are Married or in a Union 2024",2024,"United Nations Population Division",316,"Guam","GU","GUM",69,"2018",4,"Median",2,"Female",67,15,19,"15-19",100,"Married or in a union women",1,"Model-based Estimates",2,"Interpolation",1.91
44,"Currently married by age of woman (Percent)","Currently married by age of woman (Percent)","Estimates and Projections of Women of Reproductive Age Who Are Married or in a Union 2024",2024,"United Nations Population Division",316,"Guam","GU","GUM",70,"2019",4,"Median",2,"Female",67,15,19,"15-19",100,"Married or in a union women",1,"Model-based Estimates",2,"Interpolation",1.74
44,"Currently married by age of woman (Percent)","Currently married by age of woman (Percent)","Estimates and Projections of Women of Reproductive Age Who Are Married or in a Union 2024",2024,"United Nations Population Division",316,"Guam","GU","GUM",71,"2020",4,"Median",2,"Female",67,15,19,"15-19",100,"Married or in a union women",1,"Model-based Estimates",2,"Interpolation",1.57
44,"Currently married by age of woman (Percent)","Currently married by age of woman (Percent)","Estimates and Projections of Women of Reproductive Age Who Are Married or in a Union 2024",2024,"United Nations Population Division",316,"Guam","GU","GUM",72,"2021",4,"Median",2,"Female",67,15,19,"15-19",100,"Married or in a union women",1,"Model-based Estimates",3,"Projection",1.5
44,"Currently married by age of woman (Percent)","Currently married by age of woman (Percent)","Estimates and Projections of Women of Reproductive Age Who Are Married or in a Union 2024",2024,"United Nations Population Division",316,"Guam","GU","GUM",73,"2022",4,"Median",2,"Female",67,15,19,"15-19",100,"Married or in a union women",1,"Model-based Estimates",3,"Projection",1.44
44,"Currently married by age of woman (Percent)","Currently married by age of woman (Percent)","Estimates and Projections of Women of Reproductive Age Who Are Married or in a Union 2024",2024,"United Nations Population Division",520,"Nauru","NR","NRU",59,"2008",4,"Median",2,"Female",67,15,19,"15-19",100,"Married or in a union women",1,"Model-based Estimates",2,"Interpolation",17.74
44,"Currently married by age of woman (Percent)","Currently married by age of woman (Percent)","Estimates and Projections of Women of Reproductive Age Who Are Married or in a Union 2024",2024,"United Nations Population Division",520,"Nauru","NR","NRU",60,"2009",4,"Median",2,"Female",67,15,19,"15-19",100,"Married or in a union women",1,"Model-based Estimates",2,"Interpolation",17.17
44,"Currently married by age of woman (Percent)","Currently married by age of woman (Percent)","Estimates and Projections of Women of Reproductive Age Who Are Married or in a Union 2024",2024,"United Nations Population Division",520,"Nauru","NR","NRU",61,"2010",4,"Median",2,"Female",67,15,19,"15-19",100,"Married or in a union women",1,"Model-based Estimates",2,"Interpolation",16.61
44,"Currently married by age of woman (Percent)","Currently married by age of woman (Percent)","Estimates and Projections of Women of Reproductive Age Who Are Married or in a Union 2024",2024,"United Nations Population Division",520,"Nauru","NR","NRU",62,"2011",4,"Median",2,"Female",67,15,19,"15-19",100,"Married or in a union women",1,"Model-based Estimates",2,"Interpolation",16.04
44,"Currently married by age of woman (Percent)","Currently married by age of woman (Percent)","Estimates and Projections of Women of Reproductive Age Who Are Married or in a Union 2024",2024,"United Nations Population Division",520,"Nauru","NR","NRU",63,"2012",4,"Median",2,"Female",67,15,19,"15-19",100,"Married or in a union women",1,"Model-based Estimates",2,"Interpolation",15.48
44,"Currently married by age of woman (Percent)","Currently married by age of woman (Percent)","Estimates and Projections of Women of Reproductive Age Who Are Married or in a Union 2024",2024,"United Nations Population Division",520,"Nauru","NR","NRU",64,"2013",4,"Median",2,"Female",67,15,19,"15-19",100,"Married or in a union women",1,"Model-based Estimates",2,"Interpolation",14.91
44,"Currently married by age of woman (Percent)","Currently married by age of woman (Percent)","Estimates and Projections of Women of Reproductive Age Who Are Married or in a Union 2024",2024,"United Nations Population Division",520,"Nauru","NR","NRU",65,"2014",4,"Median",2,"Female",67,15,19,"15-19",100,"Married or in a union women",1,"Model-based Estimates",2,"Interpolation",14.35
44,"Currently married by age of woman (Percent)","Currently married by age of woman (Percent)","Estimates and Projections of Women of Reproductive Age Who Are Married or in a Union 2024",2024,"United Nations Population Division",520,"Nauru","NR","NRU",66,"2015",4,"Median",2,"Female",67,15,19,"15-19",100,"Married or in a union women",1,"Model-based Estimates",2,"Interpolation",13.79
44,"Currently married by age of woman (Percent)","Currently married by age of woman (Percent)","Estimates and Projections of Women of Reproductive Age Who Are Married or in a Union 2024",2024,"United Nations Population Division",520,"Nauru","NR","NRU",67,"2016",4,"Median",2,"Female",67,15,19,"15-19",100,"Married or in a union women",1,"Model-based Estimates",2,"Interpolation",13.22
44,"Currently married by age of woman (Percent)","Currently married by age of woman (Percent)","Estimates and Projections of Women of Reproductive Age Who Are Married or in a Union 2024",2024,"United Nations Population Division",520,"Nauru","NR","NRU",68,"2017",4,"Median",2,"Female",67,15,19,"15-19",100,"Married or in a union women",1,"Model-based Estimates",2,"Interpolation",12.66
44,"Currently married by age of woman (Percent)","Currently married by age of woman (Percent)","Estimates and Projections of Women of Reproductive Age Who Are Married or in a Union 2024",2024,"United Nations Population Division",520,"Nauru","NR","NRU",69,"2018",4,"Median",2,"Female",67,15,19,"15-19",100,"Married or in a union women",1,"Model-based Estimates",2,"Interpolation",12.09
44,"Currently married by age of woman (Percent)","Currently married by age of woman (Percent)","Estimates and Projections of Women of Reproductive Age Who Are Married or in a Union 2024",2024,"United Nations Population Division",520,"Nauru","NR","NRU",70,"2019",4,"Median",2,"Female",67,15,19,"15-19",100,"Married or in a union women",1,"Model-based Estimates",2,"Interpolation",11.53
44,"Currently married by age of woman (Percent)","Currently married by age of woman (Percent)","Estimates and Projections of Women of Reproductive Age Who Are Married or in a Union 2024",2024,"United Nations Population Division",520,"Nauru","NR","NRU",71,"2020",4,"Median",2,"Female",67,15,19,"15-19",100,"Married or in a union women",1,"Model-based Estimates",2,"Interpolation",10.96
44,"Currently married by age of woman (Percent)","Currently married by age of woman (Percent)","Estimates and Projections of Women of Reproductive Age Who Are Married or in a Union 2024",2024,"United Nations Population Division",520,"Nauru","NR","NRU",72,"2021",4,"Median",2,"Female",67,15,19,"15-19",100,"Married or in a union women",1,"Model-based Estimates",2,"Interpolation",10.4
44,"Currently married by age of woman (Percent)","Currently married by age of woman (Percent)","Estimates and Projections of Women of Reproductive Age Who Are Married or in a Union 2024",2024,"United Nations Population Division",520,"Nauru","NR","NRU",73,"2022",4,"Median",2,"Female",67,15,19,"15-19",100,"Married or in a union women",1,"Model-based Estimates",3,"Projection",9.98
44,"Currently married by age of woman (Percent)","Currently married by age of woman (Percent)","Estimates and Projections of Women of Reproductive Age Who Are Married or in a Union 2024",2024,"United Nations Population Division",540,"New Caledonia","NC","NCL",59,"2008",4,"Median",2,"Female",67,15,19,"15-19",100,"Married or in a union women",1,"Model-based Estimates",2,"Interpolation",1.55
44,"Currently married by age of woman (Percent)","Currently married by age of woman (Percent)","Estimates and Projections of Women of Reproductive Age Who Are Married or in a Union 2024",2024,"United Nations Population Division",540,"New Caledonia","NC","NCL",60,"2009",4,"Median",2,"Female",67,15,19,"15-19",100,"Married or in a union women",1,"Model-based Estimates",2,"Interpolation",1.59
44,"Currently married by age of woman (Percent)","Currently married by age of woman (Percent)","Estimates and Projections of Women of Reproductive Age Who Are Married or in a Union 2024",2024,"United Nations Population Division",540,"New Caledonia","NC","NCL",61,"2010",4,"Median",2,"Female",67,15,19,"15-19",100,"Married or in a union women",1,"Model-based Estimates",2,"Interpolation",1.62
44,"Currently married by age of woman (Percent)","Currently married by age of woman (Percent)","Estimates and Projections of Women of Reproductive Age Who Are Married or in a Union 2024",2024,"United Nations Population Division",540,"New Caledonia","NC","NCL",62,"2011",4,"Median",2,"Female",67,15,19,"15-19",100,"Married or in a union women",1,"Model-based Estimates",2,"Interpolation",1.66
44,"Currently married by age of woman (Percent)","Currently married by age of woman (Percent)","Estimates and Projections of Women of Reproductive Age Who Are Married or in a Union 2024",2024,"United Nations Population Division",540,"New Caledonia","NC","NCL",63,"2012",4,"Median",2,"Female",67,15,19,"15-19",100,"Married or in a union women",1,"Model-based Estimates",2,"Interpolation",1.7
44,"Currently married by age of woman (Percent)","Currently married by age of woman (Percent)","Estimates and Projections of Women of Reproductive Age Who Are Married or in a Union 2024",2024,"United Nations Population Division",540,"New Caledonia","NC","NCL",64,"2013",4,"Median",2,"Female",67,15,19,"15-19",100,"Married or in a union women",1,"Model-based Estimates",2,"Interpolation",1.74
44,"Currently married by age of woman (Percent)","Currently married by age of woman (Percent)","Estimates and Projections of Women of Reproductive Age Who Are Married or in a Union 2024",2024,"United Nations Population Division",540,"New Caledonia","NC","NCL",65,"2014",4,"Median",2,"Female",67,15,19,"15-19",100,"Married or in a union women",1,"Model-based Estimates",2,"Interpolation",1.78
44,"Currently married by age of woman (Percent)","Currently married by age of woman (Percent)","Estimates and Projections of Women of Reproductive Age Who Are Married or in a Union 2024",2024,"United Nations Population Division",540,"New Caledonia","NC","NCL",66,"2015",4,"Median",2,"Female",67,15,19,"15-19",100,"Married or in a union women",1,"Model-based Estimates",2,"Interpolation",1.82
44,"Currently married by age of woman (Percent)","Currently married by age of woman (Percent)","Estimates and Projections of Women of Reproductive Age Who Are Married or in a Union 2024",2024,"United Nations Population Division",540,"New Caledonia","NC","NCL",67,"2016",4,"Median",2,"Female",67,15,19,"15-19",100,"Married or in a union women",1,"Model-based Estimates",2,"Interpolation",1.86
44,"Currently married by age of woman (Percent)","Currently married by age of woman (Percent)","Estimates and Projections of Women of Reproductive Age Who Are Married or in a Union 2024",2024,"United Nations Population Division",540,"New Caledonia","NC","NCL",68,"2017",4,"Median",2,"Female",67,15,19,"15-19",100,"Married or in a union women",1,"Model-based Estimates",2,"Interpolation",1.91
44,"Currently married by age of woman (Percent)","Currently married by age of woman (Percent)","Estimates and Projections of Women of Reproductive Age Who Are Married or in a Union 2024",2024,"United Nations Population Division",540,"New Caledonia","NC","NCL",69,"2018",4,"Median",2,"Female",67,15,19,"15-19",100,"Married or in a union women",1,"Model-based Estimates",2,"Interpolation",1.95
44,"Currently married by age of woman (Percent)","Currently married by age of woman (Percent)","Estimates and Projections of Women of Reproductive Age Who Are Married or in a Union 2024",2024,"United Nations Population Division",540,"New Caledonia","NC","NCL",70,"2019",4,"Median",2,"Female",67,15,19,"15-19",100,"Married or in a union women",1,"Model-based Estimates",2,"Interpolation",1.99
44,"Currently married by age of woman (Percent)","Currently married by age of woman (Percent)","Estimates and Projections of Women of Reproductive Age Who Are Married or in a Union 2024",2024,"United Nations Population Division",540,"New Caledonia","NC","NCL",71,"2020",4,"Median",2,"Female",67,15,19,"15-19",100,"Married or in a union women",1,"Model-based Estimates",3,"Projection",2.04
44,"Currently married by age of woman (Percent)","Currently married by age of woman (Percent)","Estimates and Projections of Women of Reproductive Age Who Are Married or in a Union 2024",2024,"United Nations Population Division",540,"New Caledonia","NC","NCL",72,"2021",4,"Median",2,"Female",67,15,19,"15-19",100,"Married or in a union women",1,"Model-based Estimates",3,"Projection",2.09
44,"Currently married by age of woman (Percent)","Currently married by age of woman (Percent)","Estimates and Projections of Women of Reproductive Age Who Are Married or in a Union 2024",2024,"United Nations Population Division",540,"New Caledonia","NC","NCL",73,"2022",4,"Median",2,"Female",67,15,19,"15-19",100,"Married or in a union women",1,"Model-based Estimates",3,"Projection",2.13
44,"Currently married by age of woman (Percent)","Currently married by age of woman (Percent)","Estimates and Projections of Women of Reproductive Age Who Are Married or in a Union 2024",2024,"United Nations Population Division",548,"Vanuatu","VU","VUT",59,"2008",4,"Median",2,"Female",67,15,19,"15-19",100,"Married or in a union women",1,"Model-based Estimates",2,"Interpolation",12.14
44,"Currently married by age of woman (Percent)","Currently married by age of woman (Percent)","Estimates and Projections of Women of Reproductive Age Who Are Married or in a Union 2024",2024,"United Nations Population Division",548,"Vanuatu","VU","VUT",60,"2009",4,"Median",2,"Female",67,15,19,"15-19",100,"Married or in a union women",1,"Model-based Estimates",2,"Interpolation",12.18
44,"Currently married by age of woman (Percent)","Currently married by age of woman (Percent)","Estimates and Projections of Women of Reproductive Age Who Are Married or in a Union 2024",2024,"United Nations Population Division",548,"Vanuatu","VU","VUT",61,"2010",4,"Median",2,"Female",67,15,19,"15-19",100,"Married or in a union women",1,"Model-based Estimates",2,"Interpolation",12.22
44,"Currently married by age of woman (Percent)","Currently married by age of woman (Percent)","Estimates and Projections of Women of Reproductive Age Who Are Married or in a Union 2024",2024,"United Nations Population Division",548,"Vanuatu","VU","VUT",62,"2011",4,"Median",2,"Female",67,15,19,"15-19",100,"Married or in a union women",1,"Model-based Estimates",2,"Interpolation",12.25
44,"Currently married by age of woman (Percent)","Currently married by age of woman (Percent)","Estimates and Projections of Women of Reproductive Age Who Are Married or in a Union 2024",2024,"United Nations Population Division",548,"Vanuatu","VU","VUT",63,"2012",4,"Median",2,"Female",67,15,19,"15-19",100,"Married or in a union women",1,"Model-based Estimates",2,"Interpolation",12.29
44,"Currently married by age of woman (Percent)","Currently married by age of woman (Percent)","Estimates and Projections of Women of Reproductive Age Who Are Married or in a Union 2024",2024,"United Nations Population Division",548,"Vanuatu","VU","VUT",64,"2013",4,"Median",2,"Female",67,15,19,"15-19",100,"Married or in a union women",1,"Model-based Estimates",2,"Interpolation",12.33
44,"Currently married by age of woman (Percent)","Currently married by age of woman (Percent)","Estimates and Projections of Women of Reproductive Age Who Are Married or in a Union 2024",2024,"United Nations Population Division",548,"Vanuatu","VU","VUT",65,"2014",4,"Median",2,"Female",67,15,19,"15-19",100,"Married or in a union women",1,"Model-based Estimates",2,"Interpolation",12.37
44,"Currently married by age of woman (Percent)","Currently married by age of woman (Percent)","Estimates and Projections of Women of Reproductive Age Who Are Married or in a Union 2024",2024,"United Nations Population Division",548,"Vanuatu","VU","VUT",66,"2015",4,"Median",2,"Female",67,15,19,"15-19",100,"Married or in a union women",1,"Model-based Estimates",2,"Interpolation",12.41
44,"Currently married by age of woman (Percent)","Currently married by age of woman (Percent)","Estimates and Projections of Women of Reproductive Age Who Are Married or in a Union 2024",2024,"United Nations Population Division",548,"Vanuatu","VU","VUT",67,"2016",4,"Median",2,"Female",67,15,19,"15-19",100,"Married or in a union women",1,"Model-based Estimates",2,"Interpolation",12.45
44,"Currently married by age of woman (Percent)","Currently married by age of woman (Percent)","Estimates and Projections of Women of Reproductive Age Who Are Married or in a Union 2024",2024,"United Nations Population Division",548,"Vanuatu","VU","VUT",68,"2017",4,"Median",2,"Female",67,15,19,"15-19",100,"Married or in a union women",1,"Model-based Estimates",2,"Interpolation",12.48
44,"Currently married by age of woman (Percent)","Currently married by age of woman (Percent)","Estimates and Projections of Women of Reproductive Age Who Are Married or in a Union 2024",2024,"United Nations Population Division",548,"Vanuatu","VU","VUT",69,"2018",4,"Median",2,"Female",67,15,19,"15-19",100,"Married or in a union women",1,"Model-based Estimates",2,"Interpolation",12.52
44,"Currently married by age of woman (Percent)","Currently married by age of woman (Percent)","Estimates and Projections of Women of Reproductive Age Who Are Married or in a Union 2024",2024,"United Nations Population Division",548,"Vanuatu","VU","VUT",70,"2019",4,"Median",2,"Female",67,15,19,"15-19",100,"Married or in a union women",1,"Model-based Estimates",2,"Interpolation",12.56
44,"Currently married by age of woman (Percent)","Currently married by age of woman (Percent)","Estimates and Projections of Women of Reproductive Age Who Are Married or in a Union 2024",2024,"United Nations Population Division",548,"Vanuatu","VU","VUT",71,"2020",4,"Median",2,"Female",67,15,19,"15-19",100,"Married or in a union women",1,"Model-based Estimates",2,"Interpolation",12.6
44,"Currently married by age of woman (Percent)","Currently married by age of woman (Percent)","Estimates and Projections of Women of Reproductive Age Who Are Married or in a Union 2024",2024,"United Nations Population Division",548,"Vanuatu","VU","VUT",72,"2021",4,"Median",2,"Female",67,15,19,"15-19",100,"Married or in a union women",1,"Model-based Estimates",3,"Projection",12.63
44,"Currently married by age of woman (Percent)","Currently married by age of woman (Percent)","Estimates and Projections of Women of Reproductive Age Who Are Married or in a Union 2024",2024,"United Nations Population Division",548,"Vanuatu","VU","VUT",73,"2022",4,"Median",2,"Female",67,15,19,"15-19",100,"Married or in a union women",1,"Model-based Estimates",3,"Projection",12.65
44,"Currently married by age of woman (Percent)","Currently married by age of woman (Percent)","Estimates and Projections of Women of Reproductive Age Who Are Married or in a Union 2024",2024,"United Nations Population Division",554,"New Zealand","NZ","NZL",59,"2008",4,"Median",2,"Female",67,15,19,"15-19",100,"Married or in a union women",1,"Model-based Estimates",2,"Interpolation",8.37
44,"Currently married by age of woman (Percent)","Currently married by age of woman (Percent)","Estimates and Projections of Women of Reproductive Age Who Are Married or in a Union 2024",2024,"United Nations Population Division",554,"New Zealand","NZ","NZL",60,"2009",4,"Median",2,"Female",67,15,19,"15-19",100,"Married or in a union women",1,"Model-based Estimates",2,"Interpolation",8.36
44,"Currently married by age of woman (Percent)","Currently married by age of woman (Percent)","Estimates and Projections of Women of Reproductive Age Who Are Married or in a Union 2024",2024,"United Nations Population Division",554,"New Zealand","NZ","NZL",61,"2010",4,"Median",2,"Female",67,15,19,"15-19",100,"Married or in a union women",1,"Model-based Estimates",2,"Interpolation",8.35
44,"Currently married by age of woman (Percent)","Currently married by age of woman (Percent)","Estimates and Projections of Women of Reproductive Age Who Are Married or in a Union 2024",2024,"United Nations Population Division",554,"New Zealand","NZ","NZL",62,"2011",4,"Median",2,"Female",67,15,19,"15-19",100,"Married or in a union women",1,"Model-based Estimates",2,"Interpolation",8.34
44,"Currently married by age of woman (Percent)","Currently married by age of woman (Percent)","Estimates and Projections of Women of Reproductive Age Who Are Married or in a Union 2024",2024,"United Nations Population Division",554,"New Zealand","NZ","NZL",63,"2012",4,"Median",2,"Female",67,15,19,"15-19",100,"Married or in a union women",1,"Model-based Estimates",2,"Interpolation",8.32
44,"Currently married by age of woman (Percent)","Currently married by age of woman (Percent)","Estimates and Projections of Women of Reproductive Age Who Are Married or in a Union 2024",2024,"United Nations Population Division",554,"New Zealand","NZ","NZL",64,"2013",4,"Median",2,"Female",67,15,19,"15-19",100,"Married or in a union women",1,"Model-based Estimates",2,"Interpolation",8.3
44,"Currently married by age of woman (Percent)","Currently married by age of woman (Percent)","Estimates and Projections of Women of Reproductive Age Who Are Married or in a Union 2024",2024,"United Nations Population Division",554,"New Zealand","NZ","NZL",65,"2014",4,"Median",2,"Female",67,15,19,"15-19",100,"Married or in a union women",1,"Model-based Estimates",2,"Interpolation",8.28
44,"Currently married by age of woman (Percent)","Currently married by age of woman (Percent)","Estimates and Projections of Women of Reproductive Age Who Are Married or in a Union 2024",2024,"United Nations Population Division",554,"New Zealand","NZ","NZL",66,"2015",4,"Median",2,"Female",67,15,19,"15-19",100,"Married or in a union women",1,"Model-based Estimates",2,"Interpolation",8.25
44,"Currently married by age of woman (Percent)","Currently married by age of woman (Percent)","Estimates and Projections of Women of Reproductive Age Who Are Married or in a Union 2024",2024,"United Nations Population Division",554,"New Zealand","NZ","NZL",67,"2016",4,"Median",2,"Female",67,15,19,"15-19",100,"Married or in a union women",1,"Model-based Estimates",2,"Interpolation",8.22
44,"Currently married by age of woman (Percent)","Currently married by age of woman (Percent)","Estimates and Projections of Women of Reproductive Age Who Are Married or in a Union 2024",2024,"United Nations Population Division",554,"New Zealand","NZ","NZL",68,"2017",4,"Median",2,"Female",67,15,19,"15-19",100,"Married or in a union women",1,"Model-based Estimates",2,"Interpolation",8.19
44,"Currently married by age of woman (Percent)","Currently married by age of woman (Percent)","Estimates and Projections of Women of Reproductive Age Who Are Married or in a Union 2024",2024,"United Nations Population Division",554,"New Zealand","NZ","NZL",69,"2018",4,"Median",2,"Female",67,15,19,"15-19",100,"Married or in a union women",1,"Model-based Estimates",2,"Interpolation",8.16
44,"Currently married by age of woman (Percent)","Currently married by age of woman (Percent)","Estimates and Projections of Women of Reproductive Age Who Are Married or in a Union 2024",2024,"United Nations Population Division",554,"New Zealand","NZ","NZL",70,"2019",4,"Median",2,"Female",67,15,19,"15-19",100,"Married or in a union women",1,"Model-based Estimates",3,"Projection",8.12
44,"Currently married by age of woman (Percent)","Currently married by age of woman (Percent)","Estimates and Projections of Women of Reproductive Age Who Are Married or in a Union 2024",2024,"United Nations Population Division",554,"New Zealand","NZ","NZL",71,"2020",4,"Median",2,"Female",67,15,19,"15-19",100,"Married or in a union women",1,"Model-based Estimates",3,"Projection",8.08
44,"Currently married by age of woman (Percent)","Currently married by age of woman (Percent)","Estimates and Projections of Women of Reproductive Age Who Are Married or in a Union 2024",2024,"United Nations Population Division",554,"New Zealand","NZ","NZL",72,"2021",4,"Median",2,"Female",67,15,19,"15-19",100,"Married or in a union women",1,"Model-based Estimates",3,"Projection",8.04
44,"Currently married by age of woman (Percent)","Currently married by age of woman (Percent)","Estimates and Projections of Women of Reproductive Age Who Are Married or in a Union 2024",2024,"United Nations Population Division",554,"New Zealand","NZ","NZL",73,"2022",4,"Median",2,"Female",67,15,19,"15-19",100,"Married or in a union women",1,"Model-based Estimates",3,"Projection",8
44,"Currently married by age of woman (Percent)","Currently married by age of woman (Percent)","Estimates and Projections of Women of Reproductive Age Who Are Married or in a Union 2024",2024,"United Nations Population Division",580,"Northern Mariana Islands","MP","MNP",59,"2008",4,"Median",2,"Female",67,15,19,"15-19",100,"Married or in a union women",1,"Model-based Estimates",2,"Interpolation",2.29
44,"Currently married by age of woman (Percent)","Currently married by age of woman (Percent)","Estimates and Projections of Women of Reproductive Age Who Are Married or in a Union 2024",2024,"United Nations Population Division",580,"Northern Mariana Islands","MP","MNP",60,"2009",4,"Median",2,"Female",67,15,19,"15-19",100,"Married or in a union women",1,"Model-based Estimates",2,"Interpolation",2.29
44,"Currently married by age of woman (Percent)","Currently married by age of woman (Percent)","Estimates and Projections of Women of Reproductive Age Who Are Married or in a Union 2024",2024,"United Nations Population Division",580,"Northern Mariana Islands","MP","MNP",61,"2010",4,"Median",2,"Female",67,15,19,"15-19",100,"Married or in a union women",1,"Model-based Estimates",2,"Interpolation",2.29
44,"Currently married by age of woman (Percent)","Currently married by age of woman (Percent)","Estimates and Projections of Women of Reproductive Age Who Are Married or in a Union 2024",2024,"United Nations Population Division",580,"Northern Mariana Islands","MP","MNP",62,"2011",4,"Median",2,"Female",67,15,19,"15-19",100,"Married or in a union women",1,"Model-based Estimates",2,"Interpolation",2.21
44,"Currently married by age of woman (Percent)","Currently married by age of woman (Percent)","Estimates and Projections of Women of Reproductive Age Who Are Married or in a Union 2024",2024,"United Nations Population Division",580,"Northern Mariana Islands","MP","MNP",63,"2012",4,"Median",2,"Female",67,15,19,"15-19",100,"Married or in a union women",1,"Model-based Estimates",2,"Interpolation",2.13
44,"Currently married by age of woman (Percent)","Currently married by age of woman (Percent)","Estimates and Projections of Women of Reproductive Age Who Are Married or in a Union 2024",2024,"United Nations Population Division",580,"Northern Mariana Islands","MP","MNP",64,"2013",4,"Median",2,"Female",67,15,19,"15-19",100,"Married or in a union women",1,"Model-based Estimates",2,"Interpolation",2.04
44,"Currently married by age of woman (Percent)","Currently married by age of woman (Percent)","Estimates and Projections of Women of Reproductive Age Who Are Married or in a Union 2024",2024,"United Nations Population Division",580,"Northern Mariana Islands","MP","MNP",65,"2014",4,"Median",2,"Female",67,15,19,"15-19",100,"Married or in a union women",1,"Model-based Estimates",2,"Interpolation",1.96
44,"Currently married by age of woman (Percent)","Currently married by age of woman (Percent)","Estimates and Projections of Women of Reproductive Age Who Are Married or in a Union 2024",2024,"United Nations Population Division",580,"Northern Mariana Islands","MP","MNP",66,"2015",4,"Median",2,"Female",67,15,19,"15-19",100,"Married or in a union women",1,"Model-based Estimates",2,"Interpolation",1.88
44,"Currently married by age of woman (Percent)","Currently married by age of woman (Percent)","Estimates and Projections of Women of Reproductive Age Who Are Married or in a Union 2024",2024,"United Nations Population Division",580,"Northern Mariana Islands","MP","MNP",67,"2016",4,"Median",2,"Female",67,15,19,"15-19",100,"Married or in a union women",1,"Model-based Estimates",2,"Interpolation",1.79
44,"Currently married by age of woman (Percent)","Currently married by age of woman (Percent)","Estimates and Projections of Women of Reproductive Age Who Are Married or in a Union 2024",2024,"United Nations Population Division",580,"Northern Mariana Islands","MP","MNP",68,"2017",4,"Median",2,"Female",67,15,19,"15-19",100,"Married or in a union women",1,"Model-based Estimates",2,"Interpolation",1.71
44,"Currently married by age of woman (Percent)","Currently married by age of woman (Percent)","Estimates and Projections of Women of Reproductive Age Who Are Married or in a Union 2024",2024,"United Nations Population Division",580,"Northern Mariana Islands","MP","MNP",69,"2018",4,"Median",2,"Female",67,15,19,"15-19",100,"Married or in a union women",1,"Model-based Estimates",2,"Interpolation",1.63
44,"Currently married by age of woman (Percent)","Currently married by age of woman (Percent)","Estimates and Projections of Women of Reproductive Age Who Are Married or in a Union 2024",2024,"United Nations Population Division",580,"Northern Mariana Islands","MP","MNP",70,"2019",4,"Median",2,"Female",67,15,19,"15-19",100,"Married or in a union women",1,"Model-based Estimates",2,"Interpolation",1.55
44,"Currently married by age of woman (Percent)","Currently married by age of woman (Percent)","Estimates and Projections of Women of Reproductive Age Who Are Married or in a Union 2024",2024,"United Nations Population Division",580,"Northern Mariana Islands","MP","MNP",71,"2020",4,"Median",2,"Female",67,15,19,"15-19",100,"Married or in a union women",1,"Model-based Estimates",2,"Interpolation",1.46
44,"Currently married by age of woman (Percent)","Currently married by age of woman (Percent)","Estimates and Projections of Women of Reproductive Age Who Are Married or in a Union 2024",2024,"United Nations Population Division",580,"Northern Mariana Islands","MP","MNP",72,"2021",4,"Median",2,"Female",67,15,19,"15-19",100,"Married or in a union women",1,"Model-based Estimates",3,"Projection",1.4
44,"Currently married by age of woman (Percent)","Currently married by age of woman (Percent)","Estimates and Projections of Women of Reproductive Age Who Are Married or in a Union 2024",2024,"United Nations Population Division",580,"Northern Mariana Islands","MP","MNP",73,"2022",4,"Median",2,"Female",67,15,19,"15-19",100,"Married or in a union women",1,"Model-based Estimates",3,"Projection",1.35
44,"Currently married by age of woman (Percent)","Currently married by age of woman (Percent)","Estimates and Projections of Women of Reproductive Age Who Are Married or in a Union 2024",2024,"United Nations Population Division",583,"Micronesia (Fed. States of)","FM","FSM",59,"2008",4,"Median",2,"Female",67,15,19,"15-19",100,"Married or in a union women",1,"Model-based Estimates",3,"Projection",8.25
44,"Currently married by age of woman (Percent)","Currently married by age of woman (Percent)","Estimates and Projections of Women of Reproductive Age Who Are Married or in a Union 2024",2024,"United Nations Population Division",583,"Micronesia (Fed. States of)","FM","FSM",60,"2009",4,"Median",2,"Female",67,15,19,"15-19",100,"Married or in a union women",1,"Model-based Estimates",3,"Projection",8.18
44,"Currently married by age of woman (Percent)","Currently married by age of woman (Percent)","Estimates and Projections of Women of Reproductive Age Who Are Married or in a Union 2024",2024,"United Nations Population Division",583,"Micronesia (Fed. States of)","FM","FSM",61,"2010",4,"Median",2,"Female",67,15,19,"15-19",100,"Married or in a union women",1,"Model-based Estimates",3,"Projection",8.1
44,"Currently married by age of woman (Percent)","Currently married by age of woman (Percent)","Estimates and Projections of Women of Reproductive Age Who Are Married or in a Union 2024",2024,"United Nations Population Division",583,"Micronesia (Fed. States of)","FM","FSM",62,"2011",4,"Median",2,"Female",67,15,19,"15-19",100,"Married or in a union women",1,"Model-based Estimates",3,"Projection",8.02
44,"Currently married by age of woman (Percent)","Currently married by age of woman (Percent)","Estimates and Projections of Women of Reproductive Age Who Are Married or in a Union 2024",2024,"United Nations Population Division",583,"Micronesia (Fed. States of)","FM","FSM",63,"2012",4,"Median",2,"Female",67,15,19,"15-19",100,"Married or in a union women",1,"Model-based Estimates",3,"Projection",7.95
44,"Currently married by age of woman (Percent)","Currently married by age of woman (Percent)","Estimates and Projections of Women of Reproductive Age Who Are Married or in a Union 2024",2024,"United Nations Population Division",583,"Micronesia (Fed. States of)","FM","FSM",64,"2013",4,"Median",2,"Female",67,15,19,"15-19",100,"Married or in a union women",1,"Model-based Estimates",3,"Projection",7.87
44,"Currently married by age of woman (Percent)","Currently married by age of woman (Percent)","Estimates and Projections of Women of Reproductive Age Who Are Married or in a Union 2024",2024,"United Nations Population Division",583,"Micronesia (Fed. States of)","FM","FSM",65,"2014",4,"Median",2,"Female",67,15,19,"15-19",100,"Married or in a union women",1,"Model-based Estimates",3,"Projection",7.8
44,"Currently married by age of woman (Percent)","Currently married by age of woman (Percent)","Estimates and Projections of Women of Reproductive Age Who Are Married or in a Union 2024",2024,"United Nations Population Division",583,"Micronesia (Fed. States of)","FM","FSM",66,"2015",4,"Median",2,"Female",67,15,19,"15-19",100,"Married or in a union women",1,"Model-based Estimates",3,"Projection",7.72
44,"Currently married by age of woman (Percent)","Currently married by age of woman (Percent)","Estimates and Projections of Women of Reproductive Age Who Are Married or in a Union 2024",2024,"United Nations Population Division",583,"Micronesia (Fed. States of)","FM","FSM",67,"2016",4,"Median",2,"Female",67,15,19,"15-19",100,"Married or in a union women",1,"Model-based Estimates",3,"Projection",7.65
44,"Currently married by age of woman (Percent)","Currently married by age of woman (Percent)","Estimates and Projections of Women of Reproductive Age Who Are Married or in a Union 2024",2024,"United Nations Population Division",583,"Micronesia (Fed. States of)","FM","FSM",68,"2017",4,"Median",2,"Female",67,15,19,"15-19",100,"Married or in a union women",1,"Model-based Estimates",3,"Projection",7.58
44,"Currently married by age of woman (Percent)","Currently married by age of woman (Percent)","Estimates and Projections of Women of Reproductive Age Who Are Married or in a Union 2024",2024,"United Nations Population Division",583,"Micronesia (Fed. States of)","FM","FSM",69,"2018",4,"Median",2,"Female",67,15,19,"15-19",100,"Married or in a union women",1,"Model-based Estimates",3,"Projection",7.51
44,"Currently married by age of woman (Percent)","Currently married by age of woman (Percent)","Estimates and Projections of Women of Reproductive Age Who Are Married or in a Union 2024",2024,"United Nations Population Division",583,"Micronesia (Fed. States of)","FM","FSM",70,"2019",4,"Median",2,"Female",67,15,19,"15-19",100,"Married or in a union women",1,"Model-based Estimates",3,"Projection",7.43
44,"Currently married by age of woman (Percent)","Currently married by age of woman (Percent)","Estimates and Projections of Women of Reproductive Age Who Are Married or in a Union 2024",2024,"United Nations Population Division",583,"Micronesia (Fed. States of)","FM","FSM",71,"2020",4,"Median",2,"Female",67,15,19,"15-19",100,"Married or in a union women",1,"Model-based Estimates",3,"Projection",7.36
44,"Currently married by age of woman (Percent)","Currently married by age of woman (Percent)","Estimates and Projections of Women of Reproductive Age Who Are Married or in a Union 2024",2024,"United Nations Population Division",583,"Micronesia (Fed. States of)","FM","FSM",72,"2021",4,"Median",2,"Female",67,15,19,"15-19",100,"Married or in a union women",1,"Model-based Estimates",3,"Projection",7.29
44,"Currently married by age of woman (Percent)","Currently married by age of woman (Percent)","Estimates and Projections of Women of Reproductive Age Who Are Married or in a Union 2024",2024,"United Nations Population Division",583,"Micronesia (Fed. States of)","FM","FSM",73,"2022",4,"Median",2,"Female",67,15,19,"15-19",100,"Married or in a union women",1,"Model-based Estimates",3,"Projection",7.22
44,"Currently married by age of woman (Percent)","Currently married by age of woman (Percent)","Estimates and Projections of Women of Reproductive Age Who Are Married or in a Union 2024",2024,"United Nations Population Division",584,"Marshall Islands","MH","MHL",59,"2008",4,"Median",2,"Female",67,15,19,"15-19",100,"Married or in a union women",1,"Model-based Estimates",3,"Projection",20.59
44,"Currently married by age of woman (Percent)","Currently married by age of woman (Percent)","Estimates and Projections of Women of Reproductive Age Who Are Married or in a Union 2024",2024,"United Nations Population Division",584,"Marshall Islands","MH","MHL",60,"2009",4,"Median",2,"Female",67,15,19,"15-19",100,"Married or in a union women",1,"Model-based Estimates",3,"Projection",20.1
44,"Currently married by age of woman (Percent)","Currently married by age of woman (Percent)","Estimates and Projections of Women of Reproductive Age Who Are Married or in a Union 2024",2024,"United Nations Population Division",584,"Marshall Islands","MH","MHL",61,"2010",4,"Median",2,"Female",67,15,19,"15-19",100,"Married or in a union women",1,"Model-based Estimates",3,"Projection",19.61
44,"Currently married by age of woman (Percent)","Currently married by age of woman (Percent)","Estimates and Projections of Women of Reproductive Age Who Are Married or in a Union 2024",2024,"United Nations Population Division",584,"Marshall Islands","MH","MHL",62,"2011",4,"Median",2,"Female",67,15,19,"15-19",100,"Married or in a union women",1,"Model-based Estimates",3,"Projection",19.13
44,"Currently married by age of woman (Percent)","Currently married by age of woman (Percent)","Estimates and Projections of Women of Reproductive Age Who Are Married or in a Union 2024",2024,"United Nations Population Division",584,"Marshall Islands","MH","MHL",63,"2012",4,"Median",2,"Female",67,15,19,"15-19",100,"Married or in a union women",1,"Model-based Estimates",3,"Projection",18.66
44,"Currently married by age of woman (Percent)","Currently married by age of woman (Percent)","Estimates and Projections of Women of Reproductive Age Who Are Married or in a Union 2024",2024,"United Nations Population Division",584,"Marshall Islands","MH","MHL",64,"2013",4,"Median",2,"Female",67,15,19,"15-19",100,"Married or in a union women",1,"Model-based Estimates",3,"Projection",18.2
44,"Currently married by age of woman (Percent)","Currently married by age of woman (Percent)","Estimates and Projections of Women of Reproductive Age Who Are Married or in a Union 2024",2024,"United Nations Population Division",584,"Marshall Islands","MH","MHL",65,"2014",4,"Median",2,"Female",67,15,19,"15-19",100,"Married or in a union women",1,"Model-based Estimates",3,"Projection",17.75
44,"Currently married by age of woman (Percent)","Currently married by age of woman (Percent)","Estimates and Projections of Women of Reproductive Age Who Are Married or in a Union 2024",2024,"United Nations Population Division",584,"Marshall Islands","MH","MHL",66,"2015",4,"Median",2,"Female",67,15,19,"15-19",100,"Married or in a union women",1,"Model-based Estimates",3,"Projection",17.3
44,"Currently married by age of woman (Percent)","Currently married by age of woman (Percent)","Estimates and Projections of Women of Reproductive Age Who Are Married or in a Union 2024",2024,"United Nations Population Division",584,"Marshall Islands","MH","MHL",67,"2016",4,"Median",2,"Female",67,15,19,"15-19",100,"Married or in a union women",1,"Model-based Estimates",3,"Projection",16.87
44,"Currently married by age of woman (Percent)","Currently married by age of woman (Percent)","Estimates and Projections of Women of Reproductive Age Who Are Married or in a Union 2024",2024,"United Nations Population Division",584,"Marshall Islands","MH","MHL",68,"2017",4,"Median",2,"Female",67,15,19,"15-19",100,"Married or in a union women",1,"Model-based Estimates",3,"Projection",16.44
44,"Currently married by age of woman (Percent)","Currently married by age of woman (Percent)","Estimates and Projections of Women of Reproductive Age Who Are Married or in a Union 2024",2024,"United Nations Population Division",584,"Marshall Islands","MH","MHL",69,"2018",4,"Median",2,"Female",67,15,19,"15-19",100,"Married or in a union women",1,"Model-based Estimates",3,"Projection",16.03
44,"Currently married by age of woman (Percent)","Currently married by age of woman (Percent)","Estimates and Projections of Women of Reproductive Age Who Are Married or in a Union 2024",2024,"United Nations Population Division",584,"Marshall Islands","MH","MHL",70,"2019",4,"Median",2,"Female",67,15,19,"15-19",100,"Married or in a union women",1,"Model-based Estimates",3,"Projection",15.62
44,"Currently married by age of woman (Percent)","Currently married by age of woman (Percent)","Estimates and Projections of Women of Reproductive Age Who Are Married or in a Union 2024",2024,"United Nations Population Division",584,"Marshall Islands","MH","MHL",71,"2020",4,"Median",2,"Female",67,15,19,"15-19",100,"Married or in a union women",1,"Model-based Estimates",3,"Projection",15.22
44,"Currently married by age of woman (Percent)","Currently married by age of woman (Percent)","Estimates and Projections of Women of Reproductive Age Who Are Married or in a Union 2024",2024,"United Nations Population Division",584,"Marshall Islands","MH","MHL",72,"2021",4,"Median",2,"Female",67,15,19,"15-19",100,"Married or in a union women",1,"Model-based Estimates",3,"Projection",14.83
44,"Currently married by age of woman (Percent)","Currently married by age of woman (Percent)","Estimates and Projections of Women of Reproductive Age Who Are Married or in a Union 2024",2024,"United Nations Population Division",584,"Marshall Islands","MH","MHL",73,"2022",4,"Median",2,"Female",67,15,19,"15-19",100,"Married or in a union women",1,"Model-based Estimates",3,"Projection",14.44
44,"Currently married by age of woman (Percent)","Currently married by age of woman (Percent)","Estimates and Projections of Women of Reproductive Age Who Are Married or in a Union 2024",2024,"United Nations Population Division",585,"Palau","PW","PLW",59,"2008",4,"Median",2,"Female",67,15,19,"15-19",100,"Married or in a union women",1,"Model-based Estimates",2,"Interpolation",3.18
44,"Currently married by age of woman (Percent)","Currently married by age of woman (Percent)","Estimates and Projections of Women of Reproductive Age Who Are Married or in a Union 2024",2024,"United Nations Population Division",585,"Palau","PW","PLW",60,"2009",4,"Median",2,"Female",67,15,19,"15-19",100,"Married or in a union women",1,"Model-based Estimates",2,"Interpolation",3.09
44,"Currently married by age of woman (Percent)","Currently married by age of woman (Percent)","Estimates and Projections of Women of Reproductive Age Who Are Married or in a Union 2024",2024,"United Nations Population Division",585,"Palau","PW","PLW",61,"2010",4,"Median",2,"Female",67,15,19,"15-19",100,"Married or in a union women",1,"Model-based Estimates",2,"Interpolation",2.99
44,"Currently married by age of woman (Percent)","Currently married by age of woman (Percent)","Estimates and Projections of Women of Reproductive Age Who Are Married or in a Union 2024",2024,"United Nations Population Division",585,"Palau","PW","PLW",62,"2011",4,"Median",2,"Female",67,15,19,"15-19",100,"Married or in a union women",1,"Model-based Estimates",2,"Interpolation",2.89
44,"Currently married by age of woman (Percent)","Currently married by age of woman (Percent)","Estimates and Projections of Women of Reproductive Age Who Are Married or in a Union 2024",2024,"United Nations Population Division",585,"Palau","PW","PLW",63,"2012",4,"Median",2,"Female",67,15,19,"15-19",100,"Married or in a union women",1,"Model-based Estimates",2,"Interpolation",2.79
44,"Currently married by age of woman (Percent)","Currently married by age of woman (Percent)","Estimates and Projections of Women of Reproductive Age Who Are Married or in a Union 2024",2024,"United Nations Population Division",585,"Palau","PW","PLW",64,"2013",4,"Median",2,"Female",67,15,19,"15-19",100,"Married or in a union women",1,"Model-based Estimates",2,"Interpolation",2.69
44,"Currently married by age of woman (Percent)","Currently married by age of woman (Percent)","Estimates and Projections of Women of Reproductive Age Who Are Married or in a Union 2024",2024,"United Nations Population Division",585,"Palau","PW","PLW",65,"2014",4,"Median",2,"Female",67,15,19,"15-19",100,"Married or in a union women",1,"Model-based Estimates",2,"Interpolation",2.59
44,"Currently married by age of woman (Percent)","Currently married by age of woman (Percent)","Estimates and Projections of Women of Reproductive Age Who Are Married or in a Union 2024",2024,"United Nations Population Division",585,"Palau","PW","PLW",66,"2015",4,"Median",2,"Female",67,15,19,"15-19",100,"Married or in a union women",1,"Model-based Estimates",2,"Interpolation",2.49
44,"Currently married by age of woman (Percent)","Currently married by age of woman (Percent)","Estimates and Projections of Women of Reproductive Age Who Are Married or in a Union 2024",2024,"United Nations Population Division",585,"Palau","PW","PLW",67,"2016",4,"Median",2,"Female",67,15,19,"15-19",100,"Married or in a union women",1,"Model-based Estimates",2,"Interpolation",2.39
44,"Currently married by age of woman (Percent)","Currently married by age of woman (Percent)","Estimates and Projections of Women of Reproductive Age Who Are Married or in a Union 2024",2024,"United Nations Population Division",585,"Palau","PW","PLW",68,"2017",4,"Median",2,"Female",67,15,19,"15-19",100,"Married or in a union women",1,"Model-based Estimates",2,"Interpolation",2.3
44,"Currently married by age of woman (Percent)","Currently married by age of woman (Percent)","Estimates and Projections of Women of Reproductive Age Who Are Married or in a Union 2024",2024,"United Nations Population Division",585,"Palau","PW","PLW",69,"2018",4,"Median",2,"Female",67,15,19,"15-19",100,"Married or in a union women",1,"Model-based Estimates",2,"Interpolation",2.2
44,"Currently married by age of woman (Percent)","Currently married by age of woman (Percent)","Estimates and Projections of Women of Reproductive Age Who Are Married or in a Union 2024",2024,"United Nations Population Division",585,"Palau","PW","PLW",70,"2019",4,"Median",2,"Female",67,15,19,"15-19",100,"Married or in a union women",1,"Model-based Estimates",2,"Interpolation",2.1
44,"Currently married by age of woman (Percent)","Currently married by age of woman (Percent)","Estimates and Projections of Women of Reproductive Age Who Are Married or in a Union 2024",2024,"United Nations Population Division",585,"Palau","PW","PLW",71,"2020",4,"Median",2,"Female",67,15,19,"15-19",100,"Married or in a union women",1,"Model-based Estimates",2,"Interpolation",2
44,"Currently married by age of woman (Percent)","Currently married by age of woman (Percent)","Estimates and Projections of Women of Reproductive Age Who Are Married or in a Union 2024",2024,"United Nations Population Division",585,"Palau","PW","PLW",72,"2021",4,"Median",2,"Female",67,15,19,"15-19",100,"Married or in a union women",1,"Model-based Estimates",3,"Projection",1.93
44,"Currently married by age of woman (Percent)","Currently married by age of woman (Percent)","Estimates and Projections of Women of Reproductive Age Who Are Married or in a Union 2024",2024,"United Nations Population Division",585,"Palau","PW","PLW",73,"2022",4,"Median",2,"Female",67,15,19,"15-19",100,"Married or in a union women",1,"Model-based Estimates",3,"Projection",1.87
44,"Currently married by age of woman (Percent)","Currently married by age of woman (Percent)","Estimates and Projections of Women of Reproductive Age Who Are Married or in a Union 2024",2024,"United Nations Population Division",598,"Papua New Guinea","PG","PNG",59,"2008",4,"Median",2,"Female",67,15,19,"15-19",100,"Married or in a union women",1,"Model-based Estimates",2,"Interpolation",14.62
44,"Currently married by age of woman (Percent)","Currently married by age of woman (Percent)","Estimates and Projections of Women of Reproductive Age Who Are Married or in a Union 2024",2024,"United Nations Population Division",598,"Papua New Guinea","PG","PNG",60,"2009",4,"Median",2,"Female",67,15,19,"15-19",100,"Married or in a union women",1,"Model-based Estimates",2,"Interpolation",14.52
44,"Currently married by age of woman (Percent)","Currently married by age of woman (Percent)","Estimates and Projections of Women of Reproductive Age Who Are Married or in a Union 2024",2024,"United Nations Population Division",598,"Papua New Guinea","PG","PNG",61,"2010",4,"Median",2,"Female",67,15,19,"15-19",100,"Married or in a union women",1,"Model-based Estimates",2,"Interpolation",14.43
44,"Currently married by age of woman (Percent)","Currently married by age of woman (Percent)","Estimates and Projections of Women of Reproductive Age Who Are Married or in a Union 2024",2024,"United Nations Population Division",598,"Papua New Guinea","PG","PNG",62,"2011",4,"Median",2,"Female",67,15,19,"15-19",100,"Married or in a union women",1,"Model-based Estimates",2,"Interpolation",14.34
44,"Currently married by age of woman (Percent)","Currently married by age of woman (Percent)","Estimates and Projections of Women of Reproductive Age Who Are Married or in a Union 2024",2024,"United Nations Population Division",598,"Papua New Guinea","PG","PNG",63,"2012",4,"Median",2,"Female",67,15,19,"15-19",100,"Married or in a union women",1,"Model-based Estimates",2,"Interpolation",14.25
44,"Currently married by age of woman (Percent)","Currently married by age of woman (Percent)","Estimates and Projections of Women of Reproductive Age Who Are Married or in a Union 2024",2024,"United Nations Population Division",598,"Papua New Guinea","PG","PNG",64,"2013",4,"Median",2,"Female",67,15,19,"15-19",100,"Married or in a union women",1,"Model-based Estimates",2,"Interpolation",14.16
44,"Currently married by age of woman (Percent)","Currently married by age of woman (Percent)","Estimates and Projections of Women of Reproductive Age Who Are Married or in a Union 2024",2024,"United Nations Population Division",598,"Papua New Guinea","PG","PNG",65,"2014",4,"Median",2,"Female",67,15,19,"15-19",100,"Married or in a union women",1,"Model-based Estimates",2,"Interpolation",14.06
44,"Currently married by age of woman (Percent)","Currently married by age of woman (Percent)","Estimates and Projections of Women of Reproductive Age Who Are Married or in a Union 2024",2024,"United Nations Population Division",598,"Papua New Guinea","PG","PNG",66,"2015",4,"Median",2,"Female",67,15,19,"15-19",100,"Married or in a union women",1,"Model-based Estimates",2,"Interpolation",13.97
44,"Currently married by age of woman (Percent)","Currently married by age of woman (Percent)","Estimates and Projections of Women of Reproductive Age Who Are Married or in a Union 2024",2024,"United Nations Population Division",598,"Papua New Guinea","PG","PNG",67,"2016",4,"Median",2,"Female",67,15,19,"15-19",100,"Married or in a union women",1,"Model-based Estimates",2,"Interpolation",13.88
44,"Currently married by age of woman (Percent)","Currently married by age of woman (Percent)","Estimates and Projections of Women of Reproductive Age Who Are Married or in a Union 2024",2024,"United Nations Population Division",598,"Papua New Guinea","PG","PNG",68,"2017",4,"Median",2,"Female",67,15,19,"15-19",100,"Married or in a union women",1,"Model-based Estimates",2,"Interpolation",13.79
44,"Currently married by age of woman (Percent)","Currently married by age of woman (Percent)","Estimates and Projections of Women of Reproductive Age Who Are Married or in a Union 2024",2024,"United Nations Population Division",598,"Papua New Guinea","PG","PNG",69,"2018",4,"Median",2,"Female",67,15,19,"15-19",100,"Married or in a union women",1,"Model-based Estimates",2,"Interpolation",13.7
44,"Currently married by age of woman (Percent)","Currently married by age of woman (Percent)","Estimates and Projections of Women of Reproductive Age Who Are Married or in a Union 2024",2024,"United Nations Population Division",598,"Papua New Guinea","PG","PNG",70,"2019",4,"Median",2,"Female",67,15,19,"15-19",100,"Married or in a union women",1,"Model-based Estimates",3,"Projection",13.6
44,"Currently married by age of woman (Percent)","Currently married by age of woman (Percent)","Estimates and Projections of Women of Reproductive Age Who Are Married or in a Union 2024",2024,"United Nations Population Division",598,"Papua New Guinea","PG","PNG",71,"2020",4,"Median",2,"Female",67,15,19,"15-19",100,"Married or in a union women",1,"Model-based Estimates",3,"Projection",13.5
44,"Currently married by age of woman (Percent)","Currently married by age of woman (Percent)","Estimates and Projections of Women of Reproductive Age Who Are Married or in a Union 2024",2024,"United Nations Population Division",598,"Papua New Guinea","PG","PNG",72,"2021",4,"Median",2,"Female",67,15,19,"15-19",100,"Married or in a union women",1,"Model-based Estimates",3,"Projection",13.38
44,"Currently married by age of woman (Percent)","Currently married by age of woman (Percent)","Estimates and Projections of Women of Reproductive Age Who Are Married or in a Union 2024",2024,"United Nations Population Division",598,"Papua New Guinea","PG","PNG",73,"2022",4,"Median",2,"Female",67,15,19,"15-19",100,"Married or in a union women",1,"Model-based Estimates",3,"Projection",13.26
44,"Currently married by age of woman (Percent)","Currently married by age of woman (Percent)","Estimates and Projections of Women of Reproductive Age Who Are Married or in a Union 2024",2024,"United Nations Population Division",772,"Tokelau","TK","TKL",59,"2008",4,"Median",2,"Female",67,15,19,"15-19",100,"Married or in a union women",1,"Model-based Estimates",2,"Interpolation",1.96
44,"Currently married by age of woman (Percent)","Currently married by age of woman (Percent)","Estimates and Projections of Women of Reproductive Age Who Are Married or in a Union 2024",2024,"United Nations Population Division",772,"Tokelau","TK","TKL",60,"2009",4,"Median",2,"Female",67,15,19,"15-19",100,"Married or in a union women",1,"Model-based Estimates",2,"Interpolation",1.96
44,"Currently married by age of woman (Percent)","Currently married by age of woman (Percent)","Estimates and Projections of Women of Reproductive Age Who Are Married or in a Union 2024",2024,"United Nations Population Division",772,"Tokelau","TK","TKL",61,"2010",4,"Median",2,"Female",67,15,19,"15-19",100,"Married or in a union women",1,"Model-based Estimates",2,"Interpolation",1.96
44,"Currently married by age of woman (Percent)","Currently married by age of woman (Percent)","Estimates and Projections of Women of Reproductive Age Who Are Married or in a Union 2024",2024,"United Nations Population Division",772,"Tokelau","TK","TKL",62,"2011",4,"Median",2,"Female",67,15,19,"15-19",100,"Married or in a union women",1,"Model-based Estimates",2,"Interpolation",1.96
44,"Currently married by age of woman (Percent)","Currently married by age of woman (Percent)","Estimates and Projections of Women of Reproductive Age Who Are Married or in a Union 2024",2024,"United Nations Population Division",772,"Tokelau","TK","TKL",63,"2012",4,"Median",2,"Female",67,15,19,"15-19",100,"Married or in a union women",1,"Model-based Estimates",3,"Projection",2
44,"Currently married by age of woman (Percent)","Currently married by age of woman (Percent)","Estimates and Projections of Women of Reproductive Age Who Are Married or in a Union 2024",2024,"United Nations Population Division",772,"Tokelau","TK","TKL",64,"2013",4,"Median",2,"Female",67,15,19,"15-19",100,"Married or in a union women",1,"Model-based Estimates",3,"Projection",2.04
44,"Currently married by age of woman (Percent)","Currently married by age of woman (Percent)","Estimates and Projections of Women of Reproductive Age Who Are Married or in a Union 2024",2024,"United Nations Population Division",772,"Tokelau","TK","TKL",65,"2014",4,"Median",2,"Female",67,15,19,"15-19",100,"Married or in a union women",1,"Model-based Estimates",3,"Projection",2.08
44,"Currently married by age of woman (Percent)","Currently married by age of woman (Percent)","Estimates and Projections of Women of Reproductive Age Who Are Married or in a Union 2024",2024,"United Nations Population Division",772,"Tokelau","TK","TKL",66,"2015",4,"Median",2,"Female",67,15,19,"15-19",100,"Married or in a union women",1,"Model-based Estimates",3,"Projection",2.12
44,"Currently married by age of woman (Percent)","Currently married by age of woman (Percent)","Estimates and Projections of Women of Reproductive Age Who Are Married or in a Union 2024",2024,"United Nations Population Division",772,"Tokelau","TK","TKL",67,"2016",4,"Median",2,"Female",67,15,19,"15-19",100,"Married or in a union women",1,"Model-based Estimates",3,"Projection",2.16
44,"Currently married by age of woman (Percent)","Currently married by age of woman (Percent)","Estimates and Projections of Women of Reproductive Age Who Are Married or in a Union 2024",2024,"United Nations Population Division",772,"Tokelau","TK","TKL",68,"2017",4,"Median",2,"Female",67,15,19,"15-19",100,"Married or in a union women",1,"Model-based Estimates",3,"Projection",2.2
44,"Currently married by age of woman (Percent)","Currently married by age of woman (Percent)","Estimates and Projections of Women of Reproductive Age Who Are Married or in a Union 2024",2024,"United Nations Population Division",772,"Tokelau","TK","TKL",69,"2018",4,"Median",2,"Female",67,15,19,"15-19",100,"Married or in a union women",1,"Model-based Estimates",3,"Projection",2.24
44,"Currently married by age of woman (Percent)","Currently married by age of woman (Percent)","Estimates and Projections of Women of Reproductive Age Who Are Married or in a Union 2024",2024,"United Nations Population Division",772,"Tokelau","TK","TKL",70,"2019",4,"Median",2,"Female",67,15,19,"15-19",100,"Married or in a union women",1,"Model-based Estimates",3,"Projection",2.29
44,"Currently married by age of woman (Percent)","Currently married by age of woman (Percent)","Estimates and Projections of Women of Reproductive Age Who Are Married or in a Union 2024",2024,"United Nations Population Division",772,"Tokelau","TK","TKL",71,"2020",4,"Median",2,"Female",67,15,19,"15-19",100,"Married or in a union women",1,"Model-based Estimates",3,"Projection",2.33
44,"Currently married by age of woman (Percent)","Currently married by age of woman (Percent)","Estimates and Projections of Women of Reproductive Age Who Are Married or in a Union 2024",2024,"United Nations Population Division",772,"Tokelau","TK","TKL",72,"2021",4,"Median",2,"Female",67,15,19,"15-19",100,"Married or in a union women",1,"Model-based Estimates",3,"Projection",2.38
44,"Currently married by age of woman (Percent)","Currently married by age of woman (Percent)","Estimates and Projections of Women of Reproductive Age Who Are Married or in a Union 2024",2024,"United Nations Population Division",772,"Tokelau","TK","TKL",73,"2022",4,"Median",2,"Female",67,15,19,"15-19",100,"Married or in a union women",1,"Model-based Estimates",3,"Projection",2.42
44,"Currently married by age of woman (Percent)","Currently married by age of woman (Percent)","Estimates and Projections of Women of Reproductive Age Who Are Married or in a Union 2024",2024,"United Nations Population Division",776,"Tonga","TO","TON",59,"2008",4,"Median",2,"Female",67,15,19,"15-19",100,"Married or in a union women",1,"Model-based Estimates",2,"Interpolation",4.21
44,"Currently married by age of woman (Percent)","Currently married by age of woman (Percent)","Estimates and Projections of Women of Reproductive Age Who Are Married or in a Union 2024",2024,"United Nations Population Division",776,"Tonga","TO","TON",60,"2009",4,"Median",2,"Female",67,15,19,"15-19",100,"Married or in a union women",1,"Model-based Estimates",2,"Interpolation",4.2
44,"Currently married by age of woman (Percent)","Currently married by age of woman (Percent)","Estimates and Projections of Women of Reproductive Age Who Are Married or in a Union 2024",2024,"United Nations Population Division",776,"Tonga","TO","TON",61,"2010",4,"Median",2,"Female",67,15,19,"15-19",100,"Married or in a union women",1,"Model-based Estimates",2,"Interpolation",4.18
44,"Currently married by age of woman (Percent)","Currently married by age of woman (Percent)","Estimates and Projections of Women of Reproductive Age Who Are Married or in a Union 2024",2024,"United Nations Population Division",776,"Tonga","TO","TON",62,"2011",4,"Median",2,"Female",67,15,19,"15-19",100,"Married or in a union women",1,"Model-based Estimates",2,"Interpolation",4.17
44,"Currently married by age of woman (Percent)","Currently married by age of woman (Percent)","Estimates and Projections of Women of Reproductive Age Who Are Married or in a Union 2024",2024,"United Nations Population Division",776,"Tonga","TO","TON",63,"2012",4,"Median",2,"Female",67,15,19,"15-19",100,"Married or in a union women",1,"Model-based Estimates",2,"Interpolation",4.15
44,"Currently married by age of woman (Percent)","Currently married by age of woman (Percent)","Estimates and Projections of Women of Reproductive Age Who Are Married or in a Union 2024",2024,"United Nations Population Division",776,"Tonga","TO","TON",64,"2013",4,"Median",2,"Female",67,15,19,"15-19",100,"Married or in a union women",1,"Model-based Estimates",2,"Interpolation",4.13
44,"Currently married by age of woman (Percent)","Currently married by age of woman (Percent)","Estimates and Projections of Women of Reproductive Age Who Are Married or in a Union 2024",2024,"United Nations Population Division",776,"Tonga","TO","TON",65,"2014",4,"Median",2,"Female",67,15,19,"15-19",100,"Married or in a union women",1,"Model-based Estimates",2,"Interpolation",4.12
44,"Currently married by age of woman (Percent)","Currently married by age of woman (Percent)","Estimates and Projections of Women of Reproductive Age Who Are Married or in a Union 2024",2024,"United Nations Population Division",776,"Tonga","TO","TON",66,"2015",4,"Median",2,"Female",67,15,19,"15-19",100,"Married or in a union women",1,"Model-based Estimates",2,"Interpolation",4.1
44,"Currently married by age of woman (Percent)","Currently married by age of woman (Percent)","Estimates and Projections of Women of Reproductive Age Who Are Married or in a Union 2024",2024,"United Nations Population Division",776,"Tonga","TO","TON",67,"2016",4,"Median",2,"Female",67,15,19,"15-19",100,"Married or in a union women",1,"Model-based Estimates",2,"Interpolation",4.08
44,"Currently married by age of woman (Percent)","Currently married by age of woman (Percent)","Estimates and Projections of Women of Reproductive Age Who Are Married or in a Union 2024",2024,"United Nations Population Division",776,"Tonga","TO","TON",68,"2017",4,"Median",2,"Female",67,15,19,"15-19",100,"Married or in a union women",1,"Model-based Estimates",2,"Interpolation",4.07
44,"Currently married by age of woman (Percent)","Currently married by age of woman (Percent)","Estimates and Projections of Women of Reproductive Age Who Are Married or in a Union 2024",2024,"United Nations Population Division",776,"Tonga","TO","TON",69,"2018",4,"Median",2,"Female",67,15,19,"15-19",100,"Married or in a union women",1,"Model-based Estimates",2,"Interpolation",4.05
44,"Currently married by age of woman (Percent)","Currently married by age of woman (Percent)","Estimates and Projections of Women of Reproductive Age Who Are Married or in a Union 2024",2024,"United Nations Population Division",776,"Tonga","TO","TON",70,"2019",4,"Median",2,"Female",67,15,19,"15-19",100,"Married or in a union women",1,"Model-based Estimates",2,"Interpolation",4.03
44,"Currently married by age of woman (Percent)","Currently married by age of woman (Percent)","Estimates and Projections of Women of Reproductive Age Who Are Married or in a Union 2024",2024,"United Nations Population Division",776,"Tonga","TO","TON",71,"2020",4,"Median",2,"Female",67,15,19,"15-19",100,"Married or in a union women",1,"Model-based Estimates",2,"Interpolation",4.02
44,"Currently married by age of woman (Percent)","Currently married by age of woman (Percent)","Estimates and Projections of Women of Reproductive Age Who Are Married or in a Union 2024",2024,"United Nations Population Division",776,"Tonga","TO","TON",72,"2021",4,"Median",2,"Female",67,15,19,"15-19",100,"Married or in a union women",1,"Model-based Estimates",2,"Interpolation",4
44,"Currently married by age of woman (Percent)","Currently married by age of woman (Percent)","Estimates and Projections of Women of Reproductive Age Who Are Married or in a Union 2024",2024,"United Nations Population Division",776,"Tonga","TO","TON",73,"2022",4,"Median",2,"Female",67,15,19,"15-19",100,"Married or in a union women",1,"Model-based Estimates",3,"Projection",3.98
44,"Currently married by age of woman (Percent)","Currently married by age of woman (Percent)","Estimates and Projections of Women of Reproductive Age Who Are Married or in a Union 2024",2024,"United Nations Population Division",798,"Tuvalu","TV","TUV",59,"2008",4,"Median",2,"Female",67,15,19,"15-19",100,"Married or in a union women",1,"Model-based Estimates",2,"Interpolation",8.1
44,"Currently married by age of woman (Percent)","Currently married by age of woman (Percent)","Estimates and Projections of Women of Reproductive Age Who Are Married or in a Union 2024",2024,"United Nations Population Division",798,"Tuvalu","TV","TUV",60,"2009",4,"Median",2,"Female",67,15,19,"15-19",100,"Married or in a union women",1,"Model-based Estimates",2,"Interpolation",8.2
44,"Currently married by age of woman (Percent)","Currently married by age of woman (Percent)","Estimates and Projections of Women of Reproductive Age Who Are Married or in a Union 2024",2024,"United Nations Population Division",798,"Tuvalu","TV","TUV",61,"2010",4,"Median",2,"Female",67,15,19,"15-19",100,"Married or in a union women",1,"Model-based Estimates",2,"Interpolation",8.3
44,"Currently married by age of woman (Percent)","Currently married by age of woman (Percent)","Estimates and Projections of Women of Reproductive Age Who Are Married or in a Union 2024",2024,"United Nations Population Division",798,"Tuvalu","TV","TUV",62,"2011",4,"Median",2,"Female",67,15,19,"15-19",100,"Married or in a union women",1,"Model-based Estimates",2,"Interpolation",8.4
44,"Currently married by age of woman (Percent)","Currently married by age of woman (Percent)","Estimates and Projections of Women of Reproductive Age Who Are Married or in a Union 2024",2024,"United Nations Population Division",798,"Tuvalu","TV","TUV",63,"2012",4,"Median",2,"Female",67,15,19,"15-19",100,"Married or in a union women",1,"Model-based Estimates",2,"Interpolation",8.5
44,"Currently married by age of woman (Percent)","Currently married by age of woman (Percent)","Estimates and Projections of Women of Reproductive Age Who Are Married or in a Union 2024",2024,"United Nations Population Division",798,"Tuvalu","TV","TUV",64,"2013",4,"Median",2,"Female",67,15,19,"15-19",100,"Married or in a union women",1,"Model-based Estimates",2,"Interpolation",8.6
44,"Currently married by age of woman (Percent)","Currently married by age of woman (Percent)","Estimates and Projections of Women of Reproductive Age Who Are Married or in a Union 2024",2024,"United Nations Population Division",798,"Tuvalu","TV","TUV",65,"2014",4,"Median",2,"Female",67,15,19,"15-19",100,"Married or in a union women",1,"Model-based Estimates",2,"Interpolation",8.71
44,"Currently married by age of woman (Percent)","Currently married by age of woman (Percent)","Estimates and Projections of Women of Reproductive Age Who Are Married or in a Union 2024",2024,"United Nations Population Division",798,"Tuvalu","TV","TUV",66,"2015",4,"Median",2,"Female",67,15,19,"15-19",100,"Married or in a union women",1,"Model-based Estimates",2,"Interpolation",8.81
44,"Currently married by age of woman (Percent)","Currently married by age of woman (Percent)","Estimates and Projections of Women of Reproductive Age Who Are Married or in a Union 2024",2024,"United Nations Population Division",798,"Tuvalu","TV","TUV",67,"2016",4,"Median",2,"Female",67,15,19,"15-19",100,"Married or in a union women",1,"Model-based Estimates",2,"Interpolation",8.91
44,"Currently married by age of woman (Percent)","Currently married by age of woman (Percent)","Estimates and Projections of Women of Reproductive Age Who Are Married or in a Union 2024",2024,"United Nations Population Division",798,"Tuvalu","TV","TUV",68,"2017",4,"Median",2,"Female",67,15,19,"15-19",100,"Married or in a union women",1,"Model-based Estimates",2,"Interpolation",9.01
44,"Currently married by age of woman (Percent)","Currently married by age of woman (Percent)","Estimates and Projections of Women of Reproductive Age Who Are Married or in a Union 2024",2024,"United Nations Population Division",798,"Tuvalu","TV","TUV",69,"2018",4,"Median",2,"Female",67,15,19,"15-19",100,"Married or in a union women",1,"Model-based Estimates",2,"Interpolation",9.11
44,"Currently married by age of woman (Percent)","Currently married by age of woman (Percent)","Estimates and Projections of Women of Reproductive Age Who Are Married or in a Union 2024",2024,"United Nations Population Division",798,"Tuvalu","TV","TUV",70,"2019",4,"Median",2,"Female",67,15,19,"15-19",100,"Married or in a union women",1,"Model-based Estimates",2,"Interpolation",9.21
44,"Currently married by age of woman (Percent)","Currently married by age of woman (Percent)","Estimates and Projections of Women of Reproductive Age Who Are Married or in a Union 2024",2024,"United Nations Population Division",798,"Tuvalu","TV","TUV",71,"2020",4,"Median",2,"Female",67,15,19,"15-19",100,"Married or in a union women",1,"Model-based Estimates",2,"Interpolation",9.31
44,"Currently married by age of woman (Percent)","Currently married by age of woman (Percent)","Estimates and Projections of Women of Reproductive Age Who Are Married or in a Union 2024",2024,"United Nations Population Division",798,"Tuvalu","TV","TUV",72,"2021",4,"Median",2,"Female",67,15,19,"15-19",100,"Married or in a union women",1,"Model-based Estimates",3,"Projection",9.41
44,"Currently married by age of woman (Percent)","Currently married by age of woman (Percent)","Estimates and Projections of Women of Reproductive Age Who Are Married or in a Union 2024",2024,"United Nations Population Division",798,"Tuvalu","TV","TUV",73,"2022",4,"Median",2,"Female",67,15,19,"15-19",100,"Married or in a union women",1,"Model-based Estimates",3,"Projection",9.5
44,"Currently married by age of woman (Percent)","Currently married by age of woman (Percent)","Estimates and Projections of Women of Reproductive Age Who Are Married or in a Union 2024",2024,"United Nations Population Division",876,"Wallis and Futuna Islands","WF","WLF",59,"2008",4,"Median",2,"Female",67,15,19,"15-19",100,"Married or in a union women",1,"Model-based Estimates",2,"Interpolation",3.29
44,"Currently married by age of woman (Percent)","Currently married by age of woman (Percent)","Estimates and Projections of Women of Reproductive Age Who Are Married or in a Union 2024",2024,"United Nations Population Division",876,"Wallis and Futuna Islands","WF","WLF",60,"2009",4,"Median",2,"Female",67,15,19,"15-19",100,"Married or in a union women",1,"Model-based Estimates",2,"Interpolation",3.15
44,"Currently married by age of woman (Percent)","Currently married by age of woman (Percent)","Estimates and Projections of Women of Reproductive Age Who Are Married or in a Union 2024",2024,"United Nations Population Division",876,"Wallis and Futuna Islands","WF","WLF",61,"2010",4,"Median",2,"Female",67,15,19,"15-19",100,"Married or in a union women",1,"Model-based Estimates",2,"Interpolation",3.01
44,"Currently married by age of woman (Percent)","Currently married by age of woman (Percent)","Estimates and Projections of Women of Reproductive Age Who Are Married or in a Union 2024",2024,"United Nations Population Division",876,"Wallis and Futuna Islands","WF","WLF",62,"2011",4,"Median",2,"Female",67,15,19,"15-19",100,"Married or in a union women",1,"Model-based Estimates",2,"Interpolation",2.88
44,"Currently married by age of woman (Percent)","Currently married by age of woman (Percent)","Estimates and Projections of Women of Reproductive Age Who Are Married or in a Union 2024",2024,"United Nations Population Division",876,"Wallis and Futuna Islands","WF","WLF",63,"2012",4,"Median",2,"Female",67,15,19,"15-19",100,"Married or in a union women",1,"Model-based Estimates",2,"Interpolation",2.74
44,"Currently married by age of woman (Percent)","Currently married by age of woman (Percent)","Estimates and Projections of Women of Reproductive Age Who Are Married or in a Union 2024",2024,"United Nations Population Division",876,"Wallis and Futuna Islands","WF","WLF",64,"2013",4,"Median",2,"Female",67,15,19,"15-19",100,"Married or in a union women",1,"Model-based Estimates",2,"Interpolation",2.6
44,"Currently married by age of woman (Percent)","Currently married by age of woman (Percent)","Estimates and Projections of Women of Reproductive Age Who Are Married or in a Union 2024",2024,"United Nations Population Division",876,"Wallis and Futuna Islands","WF","WLF",65,"2014",4,"Median",2,"Female",67,15,19,"15-19",100,"Married or in a union women",1,"Model-based Estimates",2,"Interpolation",2.46
44,"Currently married by age of woman (Percent)","Currently married by age of woman (Percent)","Estimates and Projections of Women of Reproductive Age Who Are Married or in a Union 2024",2024,"United Nations Population Division",876,"Wallis and Futuna Islands","WF","WLF",66,"2015",4,"Median",2,"Female",67,15,19,"15-19",100,"Married or in a union women",1,"Model-based Estimates",2,"Interpolation",2.32
44,"Currently married by age of woman (Percent)","Currently married by age of woman (Percent)","Estimates and Projections of Women of Reproductive Age Who Are Married or in a Union 2024",2024,"United Nations Population Division",876,"Wallis and Futuna Islands","WF","WLF",67,"2016",4,"Median",2,"Female",67,15,19,"15-19",100,"Married or in a union women",1,"Model-based Estimates",2,"Interpolation",2.18
44,"Currently married by age of woman (Percent)","Currently married by age of woman (Percent)","Estimates and Projections of Women of Reproductive Age Who Are Married or in a Union 2024",2024,"United Nations Population Division",876,"Wallis and Futuna Islands","WF","WLF",68,"2017",4,"Median",2,"Female",67,15,19,"15-19",100,"Married or in a union women",1,"Model-based Estimates",2,"Interpolation",2.04
44,"Currently married by age of woman (Percent)","Currently married by age of woman (Percent)","Estimates and Projections of Women of Reproductive Age Who Are Married or in a Union 2024",2024,"United Nations Population Division",876,"Wallis and Futuna Islands","WF","WLF",69,"2018",4,"Median",2,"Female",67,15,19,"15-19",100,"Married or in a union women",1,"Model-based Estimates",2,"Interpolation",1.9
44,"Currently married by age of woman (Percent)","Currently married by age of woman (Percent)","Estimates and Projections of Women of Reproductive Age Who Are Married or in a Union 2024",2024,"United Nations Population Division",876,"Wallis and Futuna Islands","WF","WLF",70,"2019",4,"Median",2,"Female",67,15,19,"15-19",100,"Married or in a union women",1,"Model-based Estimates",3,"Projection",1.84
44,"Currently married by age of woman (Percent)","Currently married by age of woman (Percent)","Estimates and Projections of Women of Reproductive Age Who Are Married or in a Union 2024",2024,"United Nations Population Division",876,"Wallis and Futuna Islands","WF","WLF",71,"2020",4,"Median",2,"Female",67,15,19,"15-19",100,"Married or in a union women",1,"Model-based Estimates",3,"Projection",1.79
44,"Currently married by age of woman (Percent)","Currently married by age of woman (Percent)","Estimates and Projections of Women of Reproductive Age Who Are Married or in a Union 2024",2024,"United Nations Population Division",876,"Wallis and Futuna Islands","WF","WLF",72,"2021",4,"Median",2,"Female",67,15,19,"15-19",100,"Married or in a union women",1,"Model-based Estimates",3,"Projection",1.74
44,"Currently married by age of woman (Percent)","Currently married by age of woman (Percent)","Estimates and Projections of Women of Reproductive Age Who Are Married or in a Union 2024",2024,"United Nations Population Division",876,"Wallis and Futuna Islands","WF","WLF",73,"2022",4,"Median",2,"Female",67,15,19,"15-19",100,"Married or in a union women",1,"Model-based Estimates",3,"Projection",1.7
44,"Currently married by age of woman (Percent)","Currently married by age of woman (Percent)","Estimates and Projections of Women of Reproductive Age Who Are Married or in a Union 2024",2024,"United Nations Population Division",882,"Samoa","WS","WSM",59,"2008",4,"Median",2,"Female",67,15,19,"15-19",100,"Married or in a union women",1,"Model-based Estimates",2,"Interpolation",7.05
44,"Currently married by age of woman (Percent)","Currently married by age of woman (Percent)","Estimates and Projections of Women of Reproductive Age Who Are Married or in a Union 2024",2024,"United Nations Population Division",882,"Samoa","WS","WSM",60,"2009",4,"Median",2,"Female",67,15,19,"15-19",100,"Married or in a union women",1,"Model-based Estimates",2,"Interpolation",7
44,"Currently married by age of woman (Percent)","Currently married by age of woman (Percent)","Estimates and Projections of Women of Reproductive Age Who Are Married or in a Union 2024",2024,"United Nations Population Division",882,"Samoa","WS","WSM",61,"2010",4,"Median",2,"Female",67,15,19,"15-19",100,"Married or in a union women",1,"Model-based Estimates",2,"Interpolation",7.08
44,"Currently married by age of woman (Percent)","Currently married by age of woman (Percent)","Estimates and Projections of Women of Reproductive Age Who Are Married or in a Union 2024",2024,"United Nations Population Division",882,"Samoa","WS","WSM",62,"2011",4,"Median",2,"Female",67,15,19,"15-19",100,"Married or in a union women",1,"Model-based Estimates",2,"Interpolation",7.15
44,"Currently married by age of woman (Percent)","Currently married by age of woman (Percent)","Estimates and Projections of Women of Reproductive Age Who Are Married or in a Union 2024",2024,"United Nations Population Division",882,"Samoa","WS","WSM",63,"2012",4,"Median",2,"Female",67,15,19,"15-19",100,"Married or in a union women",1,"Model-based Estimates",2,"Interpolation",7.23
44,"Currently married by age of woman (Percent)","Currently married by age of woman (Percent)","Estimates and Projections of Women of Reproductive Age Who Are Married or in a Union 2024",2024,"United Nations Population Division",882,"Samoa","WS","WSM",64,"2013",4,"Median",2,"Female",67,15,19,"15-19",100,"Married or in a union women",1,"Model-based Estimates",2,"Interpolation",7.3
44,"Currently married by age of woman (Percent)","Currently married by age of woman (Percent)","Estimates and Projections of Women of Reproductive Age Who Are Married or in a Union 2024",2024,"United Nations Population Division",882,"Samoa","WS","WSM",65,"2014",4,"Median",2,"Female",67,15,19,"15-19",100,"Married or in a union women",1,"Model-based Estimates",2,"Interpolation",7.38
44,"Currently married by age of woman (Percent)","Currently married by age of woman (Percent)","Estimates and Projections of Women of Reproductive Age Who Are Married or in a Union 2024",2024,"United Nations Population Division",882,"Samoa","WS","WSM",66,"2015",4,"Median",2,"Female",67,15,19,"15-19",100,"Married or in a union women",1,"Model-based Estimates",2,"Interpolation",7.46
44,"Currently married by age of woman (Percent)","Currently married by age of woman (Percent)","Estimates and Projections of Women of Reproductive Age Who Are Married or in a Union 2024",2024,"United Nations Population Division",882,"Samoa","WS","WSM",67,"2016",4,"Median",2,"Female",67,15,19,"15-19",100,"Married or in a union women",1,"Model-based Estimates",2,"Interpolation",7.53
44,"Currently married by age of woman (Percent)","Currently married by age of woman (Percent)","Estimates and Projections of Women of Reproductive Age Who Are Married or in a Union 2024",2024,"United Nations Population Division",882,"Samoa","WS","WSM",68,"2017",4,"Median",2,"Female",67,15,19,"15-19",100,"Married or in a union women",1,"Model-based Estimates",2,"Interpolation",7.61
44,"Currently married by age of woman (Percent)","Currently married by age of woman (Percent)","Estimates and Projections of Women of Reproductive Age Who Are Married or in a Union 2024",2024,"United Nations Population Division",882,"Samoa","WS","WSM",69,"2018",4,"Median",2,"Female",67,15,19,"15-19",100,"Married or in a union women",1,"Model-based Estimates",2,"Interpolation",7.68
44,"Currently married by age of woman (Percent)","Currently married by age of woman (Percent)","Estimates and Projections of Women of Reproductive Age Who Are Married or in a Union 2024",2024,"United Nations Population Division",882,"Samoa","WS","WSM",70,"2019",4,"Median",2,"Female",67,15,19,"15-19",100,"Married or in a union women",1,"Model-based Estimates",2,"Interpolation",7.76
44,"Currently married by age of woman (Percent)","Currently married by age of woman (Percent)","Estimates and Projections of Women of Reproductive Age Who Are Married or in a Union 2024",2024,"United Nations Population Division",882,"Samoa","WS","WSM",71,"2020",4,"Median",2,"Female",67,15,19,"15-19",100,"Married or in a union women",1,"Model-based Estimates",2,"Interpolation",7.84
44,"Currently married by age of woman (Percent)","Currently married by age of woman (Percent)","Estimates and Projections of Women of Reproductive Age Who Are Married or in a Union 2024",2024,"United Nations Population Division",882,"Samoa","WS","WSM",72,"2021",4,"Median",2,"Female",67,15,19,"15-19",100,"Married or in a union women",1,"Model-based Estimates",3,"Projection",7.91
44,"Currently married by age of woman (Percent)","Currently married by age of woman (Percent)","Estimates and Projections of Women of Reproductive Age Who Are Married or in a Union 2024",2024,"United Nations Population Division",882,"Samoa","WS","WSM",73,"2022",4,"Median",2,"Female",67,15,19,"15-19",100,"Married or in a union women",1,"Model-based Estimates",3,"Projection",7.98
