IndicatorId,IndicatorName,IndicatorShortName,Source,SourceYear,Author,LocationId,Location,Iso2,Iso3,TimeId,Time,VariantId,Variant,SexId,Sex,AgeId,AgeStart,AgeEnd,Age,CategoryId,Category,EstimateTypeId,EstimateType,EstimateMethodId,EstimateMethod,Value
44,"Currently married by age of woman (Percent)","Currently married by age of woman (Percent)","Estimates and Projections of Women of Reproductive Age Who Are Married or in a Union 2024",2024,"United Nations Population Division",28,"Antigua and Barbuda","AG","ATG",59,"2008",4,"Median",2,"Female",67,15,19,"15-19",100,"Married or in a union women",1,"Model-based Estimates",2,"Interpolation",3.02
44,"Currently married by age of woman (Percent)","Currently married by age of woman (Percent)","Estimates and Projections of Women of Reproductive Age Who Are Married or in a Union 2024",2024,"United Nations Population Division",28,"Antigua and Barbuda","AG","ATG",60,"2009",4,"Median",2,"Female",67,15,19,"15-19",100,"Married or in a union women",1,"Model-based Estimates",2,"Interpolation",2.89
44,"Currently married by age of woman (Percent)","Currently married by age of woman (Percent)","Estimates and Projections of Women of Reproductive Age Who Are Married or in a Union 2024",2024,"United Nations Population Division",28,"Antigua and Barbuda","AG","ATG",61,"2010",4,"Median",2,"Female",67,15,19,"15-19",100,"Married or in a union women",1,"Model-based Estimates",2,"Interpolation",2.77
44,"Currently married by age of woman (Percent)","Currently married by age of woman (Percent)","Estimates and Projections of Women of Reproductive Age Who Are Married or in a Union 2024",2024,"United Nations Population Division",28,"Antigua and Barbuda","AG","ATG",62,"2011",4,"Median",2,"Female",67,15,19,"15-19",100,"Married or in a union women",1,"Model-based Estimates",2,"Interpolation",2.64
44,"Currently married by age of woman (Percent)","Currently married by age of woman (Percent)","Estimates and Projections of Women of Reproductive Age Who Are Married or in a Union 2024",2024,"United Nations Population Division",28,"Antigua and Barbuda","AG","ATG",63,"2012",4,"Median",2,"Female",67,15,19,"15-19",100,"Married or in a union women",1,"Model-based Estimates",3,"Projection",2.55
44,"Currently married by age of woman (Percent)","Currently married by age of woman (Percent)","Estimates and Projections of Women of Reproductive Age Who Are Married or in a Union 2024",2024,"United Nations Population Division",28,"Antigua and Barbuda","AG","ATG",64,"2013",4,"Median",2,"Female",67,15,19,"15-19",100,"Married or in a union women",1,"Model-based Estimates",3,"Projection",2.46
44,"Currently married by age of woman (Percent)","Currently married by age of woman (Percent)","Estimates and Projections of Women of Reproductive Age Who Are Married or in a Union 2024",2024,"United Nations Population Division",28,"Antigua and Barbuda","AG","ATG",65,"2014",4,"Median",2,"Female",67,15,19,"15-19",100,"Married or in a union women",1,"Model-based Estimates",3,"Projection",2.37
44,"Currently married by age of woman (Percent)","Currently married by age of woman (Percent)","Estimates and Projections of Women of Reproductive Age Who Are Married or in a Union 2024",2024,"United Nations Population Division",28,"Antigua and Barbuda","AG","ATG",66,"2015",4,"Median",2,"Female",67,15,19,"15-19",100,"Married or in a union women",1,"Model-based Estimates",3,"Projection",2.3
44,"Currently married by age of woman (Percent)","Currently married by age of woman (Percent)","Estimates and Projections of Women of Reproductive Age Who Are Married or in a Union 2024",2024,"United Nations Population Division",28,"Antigua and Barbuda","AG","ATG",67,"2016",4,"Median",2,"Female",67,15,19,"15-19",100,"Married or in a union women",1,"Model-based Estimates",3,"Projection",2.23
44,"Currently married by age of woman (Percent)","Currently married by age of woman (Percent)","Estimates and Projections of Women of Reproductive Age Who Are Married or in a Union 2024",2024,"United Nations Population Division",28,"Antigua and Barbuda","AG","ATG",68,"2017",4,"Median",2,"Female",67,15,19,"15-19",100,"Married or in a union women",1,"Model-based Estimates",3,"Projection",2.17
44,"Currently married by age of woman (Percent)","Currently married by age of woman (Percent)","Estimates and Projections of Women of Reproductive Age Who Are Married or in a Union 2024",2024,"United Nations Population Division",28,"Antigua and Barbuda","AG","ATG",69,"2018",4,"Median",2,"Female",67,15,19,"15-19",100,"Married or in a union women",1,"Model-based Estimates",3,"Projection",2.12
44,"Currently married by age of woman (Percent)","Currently married by age of woman (Percent)","Estimates and Projections of Women of Reproductive Age Who Are Married or in a Union 2024",2024,"United Nations Population Division",28,"Antigua and Barbuda","AG","ATG",70,"2019",4,"Median",2,"Female",67,15,19,"15-19",100,"Married or in a union women",1,"Model-based Estimates",3,"Projection",2.07
44,"Currently married by age of woman (Percent)","Currently married by age of woman (Percent)","Estimates and Projections of Women of Reproductive Age Who Are Married or in a Union 2024",2024,"United Nations Population Division",28,"Antigua and Barbuda","AG","ATG",71,"2020",4,"Median",2,"Female",67,15,19,"15-19",100,"Married or in a union women",1,"Model-based Estimates",3,"Projection",2.03
44,"Currently married by age of woman (Percent)","Currently married by age of woman (Percent)","Estimates and Projections of Women of Reproductive Age Who Are Married or in a Union 2024",2024,"United Nations Population Division",28,"Antigua and Barbuda","AG","ATG",72,"2021",4,"Median",2,"Female",67,15,19,"15-19",100,"Married or in a union women",1,"Model-based Estimates",3,"Projection",1.99
44,"Currently married by age of woman (Percent)","Currently married by age of woman (Percent)","Estimates and Projections of Women of Reproductive Age Who Are Married or in a Union 2024",2024,"United Nations Population Division",28,"Antigua and Barbuda","AG","ATG",73,"2022",4,"Median",2,"Female",67,15,19,"15-19",100,"Married or in a union women",1,"Model-based Estimates",3,"Projection",1.96
44,"Currently married by age of woman (Percent)","Currently married by age of woman (Percent)","Estimates and Projections of Women of Reproductive Age Who Are Married or in a Union 2024",2024,"United Nations Population Division",32,"Argentina","AR","ARG",59,"2008",4,"Median",2,"Female",67,15,19,"15-19",100,"Married or in a union women",1,"Model-based Estimates",2,"Interpolation",9.32
44,"Currently married by age of woman (Percent)","Currently married by age of woman (Percent)","Estimates and Projections of Women of Reproductive Age Who Are Married or in a Union 2024",2024,"United Nations Population Division",32,"Argentina","AR","ARG",60,"2009",4,"Median",2,"Female",67,15,19,"15-19",100,"Married or in a union women",1,"Model-based Estimates",2,"Interpolation",9.19
44,"Currently married by age of woman (Percent)","Currently married by age of woman (Percent)","Estimates and Projections of Women of Reproductive Age Who Are Married or in a Union 2024",2024,"United Nations Population Division",32,"Argentina","AR","ARG",61,"2010",4,"Median",2,"Female",67,15,19,"15-19",100,"Married or in a union women",1,"Model-based Estimates",2,"Interpolation",9.05
44,"Currently married by age of woman (Percent)","Currently married by age of woman (Percent)","Estimates and Projections of Women of Reproductive Age Who Are Married or in a Union 2024",2024,"United Nations Population Division",32,"Argentina","AR","ARG",62,"2011",4,"Median",2,"Female",67,15,19,"15-19",100,"Married or in a union women",1,"Model-based Estimates",2,"Interpolation",8.92
44,"Currently married by age of woman (Percent)","Currently married by age of woman (Percent)","Estimates and Projections of Women of Reproductive Age Who Are Married or in a Union 2024",2024,"United Nations Population Division",32,"Argentina","AR","ARG",63,"2012",4,"Median",2,"Female",67,15,19,"15-19",100,"Married or in a union women",1,"Model-based Estimates",2,"Interpolation",8.78
44,"Currently married by age of woman (Percent)","Currently married by age of woman (Percent)","Estimates and Projections of Women of Reproductive Age Who Are Married or in a Union 2024",2024,"United Nations Population Division",32,"Argentina","AR","ARG",64,"2013",4,"Median",2,"Female",67,15,19,"15-19",100,"Married or in a union women",1,"Model-based Estimates",2,"Interpolation",8.65
44,"Currently married by age of woman (Percent)","Currently married by age of woman (Percent)","Estimates and Projections of Women of Reproductive Age Who Are Married or in a Union 2024",2024,"United Nations Population Division",32,"Argentina","AR","ARG",65,"2014",4,"Median",2,"Female",67,15,19,"15-19",100,"Married or in a union women",1,"Model-based Estimates",2,"Interpolation",8.51
44,"Currently married by age of woman (Percent)","Currently married by age of woman (Percent)","Estimates and Projections of Women of Reproductive Age Who Are Married or in a Union 2024",2024,"United Nations Population Division",32,"Argentina","AR","ARG",66,"2015",4,"Median",2,"Female",67,15,19,"15-19",100,"Married or in a union women",1,"Model-based Estimates",2,"Interpolation",8.38
44,"Currently married by age of woman (Percent)","Currently married by age of woman (Percent)","Estimates and Projections of Women of Reproductive Age Who Are Married or in a Union 2024",2024,"United Nations Population Division",32,"Argentina","AR","ARG",67,"2016",4,"Median",2,"Female",67,15,19,"15-19",100,"Married or in a union women",1,"Model-based Estimates",2,"Interpolation",8.24
44,"Currently married by age of woman (Percent)","Currently married by age of woman (Percent)","Estimates and Projections of Women of Reproductive Age Who Are Married or in a Union 2024",2024,"United Nations Population Division",32,"Argentina","AR","ARG",68,"2017",4,"Median",2,"Female",67,15,19,"15-19",100,"Married or in a union women",1,"Model-based Estimates",2,"Interpolation",8.11
44,"Currently married by age of woman (Percent)","Currently married by age of woman (Percent)","Estimates and Projections of Women of Reproductive Age Who Are Married or in a Union 2024",2024,"United Nations Population Division",32,"Argentina","AR","ARG",69,"2018",4,"Median",2,"Female",67,15,19,"15-19",100,"Married or in a union women",1,"Model-based Estimates",2,"Interpolation",7.97
44,"Currently married by age of woman (Percent)","Currently married by age of woman (Percent)","Estimates and Projections of Women of Reproductive Age Who Are Married or in a Union 2024",2024,"United Nations Population Division",32,"Argentina","AR","ARG",70,"2019",4,"Median",2,"Female",67,15,19,"15-19",100,"Married or in a union women",1,"Model-based Estimates",2,"Interpolation",7.84
44,"Currently married by age of woman (Percent)","Currently married by age of woman (Percent)","Estimates and Projections of Women of Reproductive Age Who Are Married or in a Union 2024",2024,"United Nations Population Division",32,"Argentina","AR","ARG",71,"2020",4,"Median",2,"Female",67,15,19,"15-19",100,"Married or in a union women",1,"Model-based Estimates",2,"Interpolation",7.7
44,"Currently married by age of woman (Percent)","Currently married by age of woman (Percent)","Estimates and Projections of Women of Reproductive Age Who Are Married or in a Union 2024",2024,"United Nations Population Division",32,"Argentina","AR","ARG",72,"2021",4,"Median",2,"Female",67,15,19,"15-19",100,"Married or in a union women",1,"Model-based Estimates",3,"Projection",7.58
44,"Currently married by age of woman (Percent)","Currently married by age of woman (Percent)","Estimates and Projections of Women of Reproductive Age Who Are Married or in a Union 2024",2024,"United Nations Population Division",32,"Argentina","AR","ARG",73,"2022",4,"Median",2,"Female",67,15,19,"15-19",100,"Married or in a union women",1,"Model-based Estimates",3,"Projection",7.47
44,"Currently married by age of woman (Percent)","Currently married by age of woman (Percent)","Estimates and Projections of Women of Reproductive Age Who Are Married or in a Union 2024",2024,"United Nations Population Division",44,"Bahamas","BS","BHS",59,"2008",4,"Median",2,"Female",67,15,19,"15-19",100,"Married or in a union women",1,"Model-based Estimates",2,"Interpolation",2.55
44,"Currently married by age of woman (Percent)","Currently married by age of woman (Percent)","Estimates and Projections of Women of Reproductive Age Who Are Married or in a Union 2024",2024,"United Nations Population Division",44,"Bahamas","BS","BHS",60,"2009",4,"Median",2,"Female",67,15,19,"15-19",100,"Married or in a union women",1,"Model-based Estimates",2,"Interpolation",2.48
44,"Currently married by age of woman (Percent)","Currently married by age of woman (Percent)","Estimates and Projections of Women of Reproductive Age Who Are Married or in a Union 2024",2024,"United Nations Population Division",44,"Bahamas","BS","BHS",61,"2010",4,"Median",2,"Female",67,15,19,"15-19",100,"Married or in a union women",1,"Model-based Estimates",2,"Interpolation",2.41
44,"Currently married by age of woman (Percent)","Currently married by age of woman (Percent)","Estimates and Projections of Women of Reproductive Age Who Are Married or in a Union 2024",2024,"United Nations Population Division",44,"Bahamas","BS","BHS",62,"2011",4,"Median",2,"Female",67,15,19,"15-19",100,"Married or in a union women",1,"Model-based Estimates",3,"Projection",2.35
44,"Currently married by age of woman (Percent)","Currently married by age of woman (Percent)","Estimates and Projections of Women of Reproductive Age Who Are Married or in a Union 2024",2024,"United Nations Population Division",44,"Bahamas","BS","BHS",63,"2012",4,"Median",2,"Female",67,15,19,"15-19",100,"Married or in a union women",1,"Model-based Estimates",3,"Projection",2.3
44,"Currently married by age of woman (Percent)","Currently married by age of woman (Percent)","Estimates and Projections of Women of Reproductive Age Who Are Married or in a Union 2024",2024,"United Nations Population Division",44,"Bahamas","BS","BHS",64,"2013",4,"Median",2,"Female",67,15,19,"15-19",100,"Married or in a union women",1,"Model-based Estimates",3,"Projection",2.25
44,"Currently married by age of woman (Percent)","Currently married by age of woman (Percent)","Estimates and Projections of Women of Reproductive Age Who Are Married or in a Union 2024",2024,"United Nations Population Division",44,"Bahamas","BS","BHS",65,"2014",4,"Median",2,"Female",67,15,19,"15-19",100,"Married or in a union women",1,"Model-based Estimates",3,"Projection",2.21
44,"Currently married by age of woman (Percent)","Currently married by age of woman (Percent)","Estimates and Projections of Women of Reproductive Age Who Are Married or in a Union 2024",2024,"United Nations Population Division",44,"Bahamas","BS","BHS",66,"2015",4,"Median",2,"Female",67,15,19,"15-19",100,"Married or in a union women",1,"Model-based Estimates",3,"Projection",2.17
44,"Currently married by age of woman (Percent)","Currently married by age of woman (Percent)","Estimates and Projections of Women of Reproductive Age Who Are Married or in a Union 2024",2024,"United Nations Population Division",44,"Bahamas","BS","BHS",67,"2016",4,"Median",2,"Female",67,15,19,"15-19",100,"Married or in a union women",1,"Model-based Estimates",3,"Projection",2.13
44,"Currently married by age of woman (Percent)","Currently married by age of woman (Percent)","Estimates and Projections of Women of Reproductive Age Who Are Married or in a Union 2024",2024,"United Nations Population Division",44,"Bahamas","BS","BHS",68,"2017",4,"Median",2,"Female",67,15,19,"15-19",100,"Married or in a union women",1,"Model-based Estimates",3,"Projection",2.1
44,"Currently married by age of woman (Percent)","Currently married by age of woman (Percent)","Estimates and Projections of Women of Reproductive Age Who Are Married or in a Union 2024",2024,"United Nations Population Division",44,"Bahamas","BS","BHS",69,"2018",4,"Median",2,"Female",67,15,19,"15-19",100,"Married or in a union women",1,"Model-based Estimates",3,"Projection",2.08
44,"Currently married by age of woman (Percent)","Currently married by age of woman (Percent)","Estimates and Projections of Women of Reproductive Age Who Are Married or in a Union 2024",2024,"United Nations Population Division",44,"Bahamas","BS","BHS",70,"2019",4,"Median",2,"Female",67,15,19,"15-19",100,"Married or in a union women",1,"Model-based Estimates",3,"Projection",2.05
44,"Currently married by age of woman (Percent)","Currently married by age of woman (Percent)","Estimates and Projections of Women of Reproductive Age Who Are Married or in a Union 2024",2024,"United Nations Population Division",44,"Bahamas","BS","BHS",71,"2020",4,"Median",2,"Female",67,15,19,"15-19",100,"Married or in a union women",1,"Model-based Estimates",3,"Projection",2.03
44,"Currently married by age of woman (Percent)","Currently married by age of woman (Percent)","Estimates and Projections of Women of Reproductive Age Who Are Married or in a Union 2024",2024,"United Nations Population Division",44,"Bahamas","BS","BHS",72,"2021",4,"Median",2,"Female",67,15,19,"15-19",100,"Married or in a union women",1,"Model-based Estimates",3,"Projection",2.02
44,"Currently married by age of woman (Percent)","Currently married by age of woman (Percent)","Estimates and Projections of Women of Reproductive Age Who Are Married or in a Union 2024",2024,"United Nations Population Division",44,"Bahamas","BS","BHS",73,"2022",4,"Median",2,"Female",67,15,19,"15-19",100,"Married or in a union women",1,"Model-based Estimates",3,"Projection",2
44,"Currently married by age of woman (Percent)","Currently married by age of woman (Percent)","Estimates and Projections of Women of Reproductive Age Who Are Married or in a Union 2024",2024,"United Nations Population Division",52,"Barbados","BB","BRB",59,"2008",4,"Median",2,"Female",67,15,19,"15-19",100,"Married or in a union women",1,"Model-based Estimates",2,"Interpolation",2.49
44,"Currently married by age of woman (Percent)","Currently married by age of woman (Percent)","Estimates and Projections of Women of Reproductive Age Who Are Married or in a Union 2024",2024,"United Nations Population Division",52,"Barbados","BB","BRB",60,"2009",4,"Median",2,"Female",67,15,19,"15-19",100,"Married or in a union women",1,"Model-based Estimates",2,"Interpolation",2.47
44,"Currently married by age of woman (Percent)","Currently married by age of woman (Percent)","Estimates and Projections of Women of Reproductive Age Who Are Married or in a Union 2024",2024,"United Nations Population Division",52,"Barbados","BB","BRB",61,"2010",4,"Median",2,"Female",67,15,19,"15-19",100,"Married or in a union women",1,"Model-based Estimates",2,"Interpolation",2.44
44,"Currently married by age of woman (Percent)","Currently married by age of woman (Percent)","Estimates and Projections of Women of Reproductive Age Who Are Married or in a Union 2024",2024,"United Nations Population Division",52,"Barbados","BB","BRB",62,"2011",4,"Median",2,"Female",67,15,19,"15-19",100,"Married or in a union women",1,"Model-based Estimates",2,"Interpolation",2.42
44,"Currently married by age of woman (Percent)","Currently married by age of woman (Percent)","Estimates and Projections of Women of Reproductive Age Who Are Married or in a Union 2024",2024,"United Nations Population Division",52,"Barbados","BB","BRB",63,"2012",4,"Median",2,"Female",67,15,19,"15-19",100,"Married or in a union women",1,"Model-based Estimates",2,"Interpolation",2.4
44,"Currently married by age of woman (Percent)","Currently married by age of woman (Percent)","Estimates and Projections of Women of Reproductive Age Who Are Married or in a Union 2024",2024,"United Nations Population Division",52,"Barbados","BB","BRB",64,"2013",4,"Median",2,"Female",67,15,19,"15-19",100,"Married or in a union women",1,"Model-based Estimates",2,"Interpolation",2.38
44,"Currently married by age of woman (Percent)","Currently married by age of woman (Percent)","Estimates and Projections of Women of Reproductive Age Who Are Married or in a Union 2024",2024,"United Nations Population Division",52,"Barbados","BB","BRB",65,"2014",4,"Median",2,"Female",67,15,19,"15-19",100,"Married or in a union women",1,"Model-based Estimates",2,"Interpolation",2.37
44,"Currently married by age of woman (Percent)","Currently married by age of woman (Percent)","Estimates and Projections of Women of Reproductive Age Who Are Married or in a Union 2024",2024,"United Nations Population Division",52,"Barbados","BB","BRB",66,"2015",4,"Median",2,"Female",67,15,19,"15-19",100,"Married or in a union women",1,"Model-based Estimates",2,"Interpolation",2.35
44,"Currently married by age of woman (Percent)","Currently married by age of woman (Percent)","Estimates and Projections of Women of Reproductive Age Who Are Married or in a Union 2024",2024,"United Nations Population Division",52,"Barbados","BB","BRB",67,"2016",4,"Median",2,"Female",67,15,19,"15-19",100,"Married or in a union women",1,"Model-based Estimates",2,"Interpolation",2.34
44,"Currently married by age of woman (Percent)","Currently married by age of woman (Percent)","Estimates and Projections of Women of Reproductive Age Who Are Married or in a Union 2024",2024,"United Nations Population Division",52,"Barbados","BB","BRB",68,"2017",4,"Median",2,"Female",67,15,19,"15-19",100,"Married or in a union women",1,"Model-based Estimates",2,"Interpolation",2.34
44,"Currently married by age of woman (Percent)","Currently married by age of woman (Percent)","Estimates and Projections of Women of Reproductive Age Who Are Married or in a Union 2024",2024,"United Nations Population Division",52,"Barbados","BB","BRB",69,"2018",4,"Median",2,"Female",67,15,19,"15-19",100,"Married or in a union women",1,"Model-based Estimates",2,"Interpolation",2.33
44,"Currently married by age of woman (Percent)","Currently married by age of woman (Percent)","Estimates and Projections of Women of Reproductive Age Who Are Married or in a Union 2024",2024,"United Nations Population Division",52,"Barbados","BB","BRB",70,"2019",4,"Median",2,"Female",67,15,19,"15-19",100,"Married or in a union women",1,"Model-based Estimates",2,"Interpolation",2.33
44,"Currently married by age of woman (Percent)","Currently married by age of woman (Percent)","Estimates and Projections of Women of Reproductive Age Who Are Married or in a Union 2024",2024,"United Nations Population Division",52,"Barbados","BB","BRB",71,"2020",4,"Median",2,"Female",67,15,19,"15-19",100,"Married or in a union women",1,"Model-based Estimates",2,"Interpolation",2.33
44,"Currently married by age of woman (Percent)","Currently married by age of woman (Percent)","Estimates and Projections of Women of Reproductive Age Who Are Married or in a Union 2024",2024,"United Nations Population Division",52,"Barbados","BB","BRB",72,"2021",4,"Median",2,"Female",67,15,19,"15-19",100,"Married or in a union women",1,"Model-based Estimates",2,"Interpolation",2.33
44,"Currently married by age of woman (Percent)","Currently married by age of woman (Percent)","Estimates and Projections of Women of Reproductive Age Who Are Married or in a Union 2024",2024,"United Nations Population Division",52,"Barbados","BB","BRB",73,"2022",4,"Median",2,"Female",67,15,19,"15-19",100,"Married or in a union women",1,"Model-based Estimates",3,"Projection",2.33
44,"Currently married by age of woman (Percent)","Currently married by age of woman (Percent)","Estimates and Projections of Women of Reproductive Age Who Are Married or in a Union 2024",2024,"United Nations Population Division",60,"Bermuda","BM","BMU",59,"2008",4,"Median",2,"Female",67,15,19,"15-19",100,"Married or in a union women",1,"Model-based Estimates",2,"Interpolation",3.68
44,"Currently married by age of woman (Percent)","Currently married by age of woman (Percent)","Estimates and Projections of Women of Reproductive Age Who Are Married or in a Union 2024",2024,"United Nations Population Division",60,"Bermuda","BM","BMU",60,"2009",4,"Median",2,"Female",67,15,19,"15-19",100,"Married or in a union women",1,"Model-based Estimates",2,"Interpolation",3.62
44,"Currently married by age of woman (Percent)","Currently married by age of woman (Percent)","Estimates and Projections of Women of Reproductive Age Who Are Married or in a Union 2024",2024,"United Nations Population Division",60,"Bermuda","BM","BMU",61,"2010",4,"Median",2,"Female",67,15,19,"15-19",100,"Married or in a union women",1,"Model-based Estimates",2,"Interpolation",3.56
44,"Currently married by age of woman (Percent)","Currently married by age of woman (Percent)","Estimates and Projections of Women of Reproductive Age Who Are Married or in a Union 2024",2024,"United Nations Population Division",60,"Bermuda","BM","BMU",62,"2011",4,"Median",2,"Female",67,15,19,"15-19",100,"Married or in a union women",1,"Model-based Estimates",2,"Interpolation",3.52
44,"Currently married by age of woman (Percent)","Currently married by age of woman (Percent)","Estimates and Projections of Women of Reproductive Age Who Are Married or in a Union 2024",2024,"United Nations Population Division",60,"Bermuda","BM","BMU",63,"2012",4,"Median",2,"Female",67,15,19,"15-19",100,"Married or in a union women",1,"Model-based Estimates",2,"Interpolation",3.47
44,"Currently married by age of woman (Percent)","Currently married by age of woman (Percent)","Estimates and Projections of Women of Reproductive Age Who Are Married or in a Union 2024",2024,"United Nations Population Division",60,"Bermuda","BM","BMU",64,"2013",4,"Median",2,"Female",67,15,19,"15-19",100,"Married or in a union women",1,"Model-based Estimates",2,"Interpolation",3.43
44,"Currently married by age of woman (Percent)","Currently married by age of woman (Percent)","Estimates and Projections of Women of Reproductive Age Who Are Married or in a Union 2024",2024,"United Nations Population Division",60,"Bermuda","BM","BMU",65,"2014",4,"Median",2,"Female",67,15,19,"15-19",100,"Married or in a union women",1,"Model-based Estimates",2,"Interpolation",3.4
44,"Currently married by age of woman (Percent)","Currently married by age of woman (Percent)","Estimates and Projections of Women of Reproductive Age Who Are Married or in a Union 2024",2024,"United Nations Population Division",60,"Bermuda","BM","BMU",66,"2015",4,"Median",2,"Female",67,15,19,"15-19",100,"Married or in a union women",1,"Model-based Estimates",2,"Interpolation",3.37
44,"Currently married by age of woman (Percent)","Currently married by age of woman (Percent)","Estimates and Projections of Women of Reproductive Age Who Are Married or in a Union 2024",2024,"United Nations Population Division",60,"Bermuda","BM","BMU",67,"2016",4,"Median",2,"Female",67,15,19,"15-19",100,"Married or in a union women",1,"Model-based Estimates",2,"Interpolation",3.34
44,"Currently married by age of woman (Percent)","Currently married by age of woman (Percent)","Estimates and Projections of Women of Reproductive Age Who Are Married or in a Union 2024",2024,"United Nations Population Division",60,"Bermuda","BM","BMU",68,"2017",4,"Median",2,"Female",67,15,19,"15-19",100,"Married or in a union women",1,"Model-based Estimates",3,"Projection",3.31
44,"Currently married by age of woman (Percent)","Currently married by age of woman (Percent)","Estimates and Projections of Women of Reproductive Age Who Are Married or in a Union 2024",2024,"United Nations Population Division",60,"Bermuda","BM","BMU",69,"2018",4,"Median",2,"Female",67,15,19,"15-19",100,"Married or in a union women",1,"Model-based Estimates",3,"Projection",3.29
44,"Currently married by age of woman (Percent)","Currently married by age of woman (Percent)","Estimates and Projections of Women of Reproductive Age Who Are Married or in a Union 2024",2024,"United Nations Population Division",60,"Bermuda","BM","BMU",70,"2019",4,"Median",2,"Female",67,15,19,"15-19",100,"Married or in a union women",1,"Model-based Estimates",3,"Projection",3.26
44,"Currently married by age of woman (Percent)","Currently married by age of woman (Percent)","Estimates and Projections of Women of Reproductive Age Who Are Married or in a Union 2024",2024,"United Nations Population Division",60,"Bermuda","BM","BMU",71,"2020",4,"Median",2,"Female",67,15,19,"15-19",100,"Married or in a union women",1,"Model-based Estimates",3,"Projection",3.25
44,"Currently married by age of woman (Percent)","Currently married by age of woman (Percent)","Estimates and Projections of Women of Reproductive Age Who Are Married or in a Union 2024",2024,"United Nations Population Division",60,"Bermuda","BM","BMU",72,"2021",4,"Median",2,"Female",67,15,19,"15-19",100,"Married or in a union women",1,"Model-based Estimates",3,"Projection",3.23
44,"Currently married by age of woman (Percent)","Currently married by age of woman (Percent)","Estimates and Projections of Women of Reproductive Age Who Are Married or in a Union 2024",2024,"United Nations Population Division",60,"Bermuda","BM","BMU",73,"2022",4,"Median",2,"Female",67,15,19,"15-19",100,"Married or in a union women",1,"Model-based Estimates",3,"Projection",3.22
44,"Currently married by age of woman (Percent)","Currently married by age of woman (Percent)","Estimates and Projections of Women of Reproductive Age Who Are Married or in a Union 2024",2024,"United Nations Population Division",68,"Bolivia (Plurinational State of)","BO","BOL",59,"2008",4,"Median",2,"Female",67,15,19,"15-19",100,"Married or in a union women",1,"Model-based Estimates",2,"Interpolation",13.4
44,"Currently married by age of woman (Percent)","Currently married by age of woman (Percent)","Estimates and Projections of Women of Reproductive Age Who Are Married or in a Union 2024",2024,"United Nations Population Division",68,"Bolivia (Plurinational State of)","BO","BOL",60,"2009",4,"Median",2,"Female",67,15,19,"15-19",100,"Married or in a union women",1,"Model-based Estimates",2,"Interpolation",12.95
44,"Currently married by age of woman (Percent)","Currently married by age of woman (Percent)","Estimates and Projections of Women of Reproductive Age Who Are Married or in a Union 2024",2024,"United Nations Population Division",68,"Bolivia (Plurinational State of)","BO","BOL",61,"2010",4,"Median",2,"Female",67,15,19,"15-19",100,"Married or in a union women",1,"Model-based Estimates",2,"Interpolation",12.49
44,"Currently married by age of woman (Percent)","Currently married by age of woman (Percent)","Estimates and Projections of Women of Reproductive Age Who Are Married or in a Union 2024",2024,"United Nations Population Division",68,"Bolivia (Plurinational State of)","BO","BOL",62,"2011",4,"Median",2,"Female",67,15,19,"15-19",100,"Married or in a union women",1,"Model-based Estimates",2,"Interpolation",12.04
44,"Currently married by age of woman (Percent)","Currently married by age of woman (Percent)","Estimates and Projections of Women of Reproductive Age Who Are Married or in a Union 2024",2024,"United Nations Population Division",68,"Bolivia (Plurinational State of)","BO","BOL",63,"2012",4,"Median",2,"Female",67,15,19,"15-19",100,"Married or in a union women",1,"Model-based Estimates",2,"Interpolation",11.59
44,"Currently married by age of woman (Percent)","Currently married by age of woman (Percent)","Estimates and Projections of Women of Reproductive Age Who Are Married or in a Union 2024",2024,"United Nations Population Division",68,"Bolivia (Plurinational State of)","BO","BOL",64,"2013",4,"Median",2,"Female",67,15,19,"15-19",100,"Married or in a union women",1,"Model-based Estimates",2,"Interpolation",11.13
44,"Currently married by age of woman (Percent)","Currently married by age of woman (Percent)","Estimates and Projections of Women of Reproductive Age Who Are Married or in a Union 2024",2024,"United Nations Population Division",68,"Bolivia (Plurinational State of)","BO","BOL",65,"2014",4,"Median",2,"Female",67,15,19,"15-19",100,"Married or in a union women",1,"Model-based Estimates",2,"Interpolation",10.68
44,"Currently married by age of woman (Percent)","Currently married by age of woman (Percent)","Estimates and Projections of Women of Reproductive Age Who Are Married or in a Union 2024",2024,"United Nations Population Division",68,"Bolivia (Plurinational State of)","BO","BOL",66,"2015",4,"Median",2,"Female",67,15,19,"15-19",100,"Married or in a union women",1,"Model-based Estimates",2,"Interpolation",10.23
44,"Currently married by age of woman (Percent)","Currently married by age of woman (Percent)","Estimates and Projections of Women of Reproductive Age Who Are Married or in a Union 2024",2024,"United Nations Population Division",68,"Bolivia (Plurinational State of)","BO","BOL",67,"2016",4,"Median",2,"Female",67,15,19,"15-19",100,"Married or in a union women",1,"Model-based Estimates",2,"Interpolation",9.77
44,"Currently married by age of woman (Percent)","Currently married by age of woman (Percent)","Estimates and Projections of Women of Reproductive Age Who Are Married or in a Union 2024",2024,"United Nations Population Division",68,"Bolivia (Plurinational State of)","BO","BOL",68,"2017",4,"Median",2,"Female",67,15,19,"15-19",100,"Married or in a union women",1,"Model-based Estimates",2,"Interpolation",9.32
44,"Currently married by age of woman (Percent)","Currently married by age of woman (Percent)","Estimates and Projections of Women of Reproductive Age Who Are Married or in a Union 2024",2024,"United Nations Population Division",68,"Bolivia (Plurinational State of)","BO","BOL",69,"2018",4,"Median",2,"Female",67,15,19,"15-19",100,"Married or in a union women",1,"Model-based Estimates",2,"Interpolation",8.87
44,"Currently married by age of woman (Percent)","Currently married by age of woman (Percent)","Estimates and Projections of Women of Reproductive Age Who Are Married or in a Union 2024",2024,"United Nations Population Division",68,"Bolivia (Plurinational State of)","BO","BOL",70,"2019",4,"Median",2,"Female",67,15,19,"15-19",100,"Married or in a union women",1,"Model-based Estimates",2,"Interpolation",8.41
44,"Currently married by age of woman (Percent)","Currently married by age of woman (Percent)","Estimates and Projections of Women of Reproductive Age Who Are Married or in a Union 2024",2024,"United Nations Population Division",68,"Bolivia (Plurinational State of)","BO","BOL",71,"2020",4,"Median",2,"Female",67,15,19,"15-19",100,"Married or in a union women",1,"Model-based Estimates",2,"Interpolation",7.96
44,"Currently married by age of woman (Percent)","Currently married by age of woman (Percent)","Estimates and Projections of Women of Reproductive Age Who Are Married or in a Union 2024",2024,"United Nations Population Division",68,"Bolivia (Plurinational State of)","BO","BOL",72,"2021",4,"Median",2,"Female",67,15,19,"15-19",100,"Married or in a union women",1,"Model-based Estimates",2,"Interpolation",7.51
44,"Currently married by age of woman (Percent)","Currently married by age of woman (Percent)","Estimates and Projections of Women of Reproductive Age Who Are Married or in a Union 2024",2024,"United Nations Population Division",68,"Bolivia (Plurinational State of)","BO","BOL",73,"2022",4,"Median",2,"Female",67,15,19,"15-19",100,"Married or in a union women",1,"Model-based Estimates",2,"Interpolation",7.05
44,"Currently married by age of woman (Percent)","Currently married by age of woman (Percent)","Estimates and Projections of Women of Reproductive Age Who Are Married or in a Union 2024",2024,"United Nations Population Division",76,"Brazil","BR","BRA",59,"2008",4,"Median",2,"Female",67,15,19,"15-19",100,"Married or in a union women",1,"Model-based Estimates",2,"Interpolation",15.38
44,"Currently married by age of woman (Percent)","Currently married by age of woman (Percent)","Estimates and Projections of Women of Reproductive Age Who Are Married or in a Union 2024",2024,"United Nations Population Division",76,"Brazil","BR","BRA",60,"2009",4,"Median",2,"Female",67,15,19,"15-19",100,"Married or in a union women",1,"Model-based Estimates",2,"Interpolation",15.28
44,"Currently married by age of woman (Percent)","Currently married by age of woman (Percent)","Estimates and Projections of Women of Reproductive Age Who Are Married or in a Union 2024",2024,"United Nations Population Division",76,"Brazil","BR","BRA",61,"2010",4,"Median",2,"Female",67,15,19,"15-19",100,"Married or in a union women",1,"Model-based Estimates",2,"Interpolation",15.19
44,"Currently married by age of woman (Percent)","Currently married by age of woman (Percent)","Estimates and Projections of Women of Reproductive Age Who Are Married or in a Union 2024",2024,"United Nations Population Division",76,"Brazil","BR","BRA",62,"2011",4,"Median",2,"Female",67,15,19,"15-19",100,"Married or in a union women",1,"Model-based Estimates",2,"Interpolation",15.09
44,"Currently married by age of woman (Percent)","Currently married by age of woman (Percent)","Estimates and Projections of Women of Reproductive Age Who Are Married or in a Union 2024",2024,"United Nations Population Division",76,"Brazil","BR","BRA",63,"2012",4,"Median",2,"Female",67,15,19,"15-19",100,"Married or in a union women",1,"Model-based Estimates",2,"Interpolation",14.99
44,"Currently married by age of woman (Percent)","Currently married by age of woman (Percent)","Estimates and Projections of Women of Reproductive Age Who Are Married or in a Union 2024",2024,"United Nations Population Division",76,"Brazil","BR","BRA",64,"2013",4,"Median",2,"Female",67,15,19,"15-19",100,"Married or in a union women",1,"Model-based Estimates",2,"Interpolation",14.9
44,"Currently married by age of woman (Percent)","Currently married by age of woman (Percent)","Estimates and Projections of Women of Reproductive Age Who Are Married or in a Union 2024",2024,"United Nations Population Division",76,"Brazil","BR","BRA",65,"2014",4,"Median",2,"Female",67,15,19,"15-19",100,"Married or in a union women",1,"Model-based Estimates",2,"Interpolation",14.8
44,"Currently married by age of woman (Percent)","Currently married by age of woman (Percent)","Estimates and Projections of Women of Reproductive Age Who Are Married or in a Union 2024",2024,"United Nations Population Division",76,"Brazil","BR","BRA",66,"2015",4,"Median",2,"Female",67,15,19,"15-19",100,"Married or in a union women",1,"Model-based Estimates",2,"Interpolation",14.7
44,"Currently married by age of woman (Percent)","Currently married by age of woman (Percent)","Estimates and Projections of Women of Reproductive Age Who Are Married or in a Union 2024",2024,"United Nations Population Division",76,"Brazil","BR","BRA",67,"2016",4,"Median",2,"Female",67,15,19,"15-19",100,"Married or in a union women",1,"Model-based Estimates",2,"Interpolation",14.6
44,"Currently married by age of woman (Percent)","Currently married by age of woman (Percent)","Estimates and Projections of Women of Reproductive Age Who Are Married or in a Union 2024",2024,"United Nations Population Division",76,"Brazil","BR","BRA",68,"2017",4,"Median",2,"Female",67,15,19,"15-19",100,"Married or in a union women",1,"Model-based Estimates",2,"Interpolation",14.51
44,"Currently married by age of woman (Percent)","Currently married by age of woman (Percent)","Estimates and Projections of Women of Reproductive Age Who Are Married or in a Union 2024",2024,"United Nations Population Division",76,"Brazil","BR","BRA",69,"2018",4,"Median",2,"Female",67,15,19,"15-19",100,"Married or in a union women",1,"Model-based Estimates",2,"Interpolation",14.41
44,"Currently married by age of woman (Percent)","Currently married by age of woman (Percent)","Estimates and Projections of Women of Reproductive Age Who Are Married or in a Union 2024",2024,"United Nations Population Division",76,"Brazil","BR","BRA",70,"2019",4,"Median",2,"Female",67,15,19,"15-19",100,"Married or in a union women",1,"Model-based Estimates",2,"Interpolation",14.31
44,"Currently married by age of woman (Percent)","Currently married by age of woman (Percent)","Estimates and Projections of Women of Reproductive Age Who Are Married or in a Union 2024",2024,"United Nations Population Division",76,"Brazil","BR","BRA",71,"2020",4,"Median",2,"Female",67,15,19,"15-19",100,"Married or in a union women",1,"Model-based Estimates",3,"Projection",14.21
44,"Currently married by age of woman (Percent)","Currently married by age of woman (Percent)","Estimates and Projections of Women of Reproductive Age Who Are Married or in a Union 2024",2024,"United Nations Population Division",76,"Brazil","BR","BRA",72,"2021",4,"Median",2,"Female",67,15,19,"15-19",100,"Married or in a union women",1,"Model-based Estimates",3,"Projection",14.1
44,"Currently married by age of woman (Percent)","Currently married by age of woman (Percent)","Estimates and Projections of Women of Reproductive Age Who Are Married or in a Union 2024",2024,"United Nations Population Division",76,"Brazil","BR","BRA",73,"2022",4,"Median",2,"Female",67,15,19,"15-19",100,"Married or in a union women",1,"Model-based Estimates",3,"Projection",13.98
44,"Currently married by age of woman (Percent)","Currently married by age of woman (Percent)","Estimates and Projections of Women of Reproductive Age Who Are Married or in a Union 2024",2024,"United Nations Population Division",84,"Belize","BZ","BLZ",59,"2008",4,"Median",2,"Female",67,15,19,"15-19",100,"Married or in a union women",1,"Model-based Estimates",2,"Interpolation",16.11
44,"Currently married by age of woman (Percent)","Currently married by age of woman (Percent)","Estimates and Projections of Women of Reproductive Age Who Are Married or in a Union 2024",2024,"United Nations Population Division",84,"Belize","BZ","BLZ",60,"2009",4,"Median",2,"Female",67,15,19,"15-19",100,"Married or in a union women",1,"Model-based Estimates",2,"Interpolation",15.81
44,"Currently married by age of woman (Percent)","Currently married by age of woman (Percent)","Estimates and Projections of Women of Reproductive Age Who Are Married or in a Union 2024",2024,"United Nations Population Division",84,"Belize","BZ","BLZ",61,"2010",4,"Median",2,"Female",67,15,19,"15-19",100,"Married or in a union women",1,"Model-based Estimates",2,"Interpolation",15.5
44,"Currently married by age of woman (Percent)","Currently married by age of woman (Percent)","Estimates and Projections of Women of Reproductive Age Who Are Married or in a Union 2024",2024,"United Nations Population Division",84,"Belize","BZ","BLZ",62,"2011",4,"Median",2,"Female",67,15,19,"15-19",100,"Married or in a union women",1,"Model-based Estimates",2,"Interpolation",15.2
44,"Currently married by age of woman (Percent)","Currently married by age of woman (Percent)","Estimates and Projections of Women of Reproductive Age Who Are Married or in a Union 2024",2024,"United Nations Population Division",84,"Belize","BZ","BLZ",63,"2012",4,"Median",2,"Female",67,15,19,"15-19",100,"Married or in a union women",1,"Model-based Estimates",2,"Interpolation",14.92
44,"Currently married by age of woman (Percent)","Currently married by age of woman (Percent)","Estimates and Projections of Women of Reproductive Age Who Are Married or in a Union 2024",2024,"United Nations Population Division",84,"Belize","BZ","BLZ",64,"2013",4,"Median",2,"Female",67,15,19,"15-19",100,"Married or in a union women",1,"Model-based Estimates",2,"Interpolation",14.65
44,"Currently married by age of woman (Percent)","Currently married by age of woman (Percent)","Estimates and Projections of Women of Reproductive Age Who Are Married or in a Union 2024",2024,"United Nations Population Division",84,"Belize","BZ","BLZ",65,"2014",4,"Median",2,"Female",67,15,19,"15-19",100,"Married or in a union women",1,"Model-based Estimates",2,"Interpolation",14.37
44,"Currently married by age of woman (Percent)","Currently married by age of woman (Percent)","Estimates and Projections of Women of Reproductive Age Who Are Married or in a Union 2024",2024,"United Nations Population Division",84,"Belize","BZ","BLZ",66,"2015",4,"Median",2,"Female",67,15,19,"15-19",100,"Married or in a union women",1,"Model-based Estimates",2,"Interpolation",14.1
44,"Currently married by age of woman (Percent)","Currently married by age of woman (Percent)","Estimates and Projections of Women of Reproductive Age Who Are Married or in a Union 2024",2024,"United Nations Population Division",84,"Belize","BZ","BLZ",67,"2016",4,"Median",2,"Female",67,15,19,"15-19",100,"Married or in a union women",1,"Model-based Estimates",3,"Projection",13.84
44,"Currently married by age of woman (Percent)","Currently married by age of woman (Percent)","Estimates and Projections of Women of Reproductive Age Who Are Married or in a Union 2024",2024,"United Nations Population Division",84,"Belize","BZ","BLZ",68,"2017",4,"Median",2,"Female",67,15,19,"15-19",100,"Married or in a union women",1,"Model-based Estimates",3,"Projection",13.57
44,"Currently married by age of woman (Percent)","Currently married by age of woman (Percent)","Estimates and Projections of Women of Reproductive Age Who Are Married or in a Union 2024",2024,"United Nations Population Division",84,"Belize","BZ","BLZ",69,"2018",4,"Median",2,"Female",67,15,19,"15-19",100,"Married or in a union women",1,"Model-based Estimates",3,"Projection",13.31
44,"Currently married by age of woman (Percent)","Currently married by age of woman (Percent)","Estimates and Projections of Women of Reproductive Age Who Are Married or in a Union 2024",2024,"United Nations Population Division",84,"Belize","BZ","BLZ",70,"2019",4,"Median",2,"Female",67,15,19,"15-19",100,"Married or in a union women",1,"Model-based Estimates",3,"Projection",13.05
44,"Currently married by age of woman (Percent)","Currently married by age of woman (Percent)","Estimates and Projections of Women of Reproductive Age Who Are Married or in a Union 2024",2024,"United Nations Population Division",84,"Belize","BZ","BLZ",71,"2020",4,"Median",2,"Female",67,15,19,"15-19",100,"Married or in a union women",1,"Model-based Estimates",3,"Projection",12.79
44,"Currently married by age of woman (Percent)","Currently married by age of woman (Percent)","Estimates and Projections of Women of Reproductive Age Who Are Married or in a Union 2024",2024,"United Nations Population Division",84,"Belize","BZ","BLZ",72,"2021",4,"Median",2,"Female",67,15,19,"15-19",100,"Married or in a union women",1,"Model-based Estimates",3,"Projection",12.54
44,"Currently married by age of woman (Percent)","Currently married by age of woman (Percent)","Estimates and Projections of Women of Reproductive Age Who Are Married or in a Union 2024",2024,"United Nations Population Division",84,"Belize","BZ","BLZ",73,"2022",4,"Median",2,"Female",67,15,19,"15-19",100,"Married or in a union women",1,"Model-based Estimates",3,"Projection",12.29
44,"Currently married by age of woman (Percent)","Currently married by age of woman (Percent)","Estimates and Projections of Women of Reproductive Age Who Are Married or in a Union 2024",2024,"United Nations Population Division",92,"British Virgin Islands","VG","VGB",59,"2008",4,"Median",2,"Female",67,15,19,"15-19",100,"Married or in a union women",1,"Model-based Estimates",3,"Projection",2.09
44,"Currently married by age of woman (Percent)","Currently married by age of woman (Percent)","Estimates and Projections of Women of Reproductive Age Who Are Married or in a Union 2024",2024,"United Nations Population Division",92,"British Virgin Islands","VG","VGB",60,"2009",4,"Median",2,"Female",67,15,19,"15-19",100,"Married or in a union women",1,"Model-based Estimates",3,"Projection",2.05
44,"Currently married by age of woman (Percent)","Currently married by age of woman (Percent)","Estimates and Projections of Women of Reproductive Age Who Are Married or in a Union 2024",2024,"United Nations Population Division",92,"British Virgin Islands","VG","VGB",61,"2010",4,"Median",2,"Female",67,15,19,"15-19",100,"Married or in a union women",1,"Model-based Estimates",3,"Projection",2.02
44,"Currently married by age of woman (Percent)","Currently married by age of woman (Percent)","Estimates and Projections of Women of Reproductive Age Who Are Married or in a Union 2024",2024,"United Nations Population Division",92,"British Virgin Islands","VG","VGB",62,"2011",4,"Median",2,"Female",67,15,19,"15-19",100,"Married or in a union women",1,"Model-based Estimates",3,"Projection",2
44,"Currently married by age of woman (Percent)","Currently married by age of woman (Percent)","Estimates and Projections of Women of Reproductive Age Who Are Married or in a Union 2024",2024,"United Nations Population Division",92,"British Virgin Islands","VG","VGB",63,"2012",4,"Median",2,"Female",67,15,19,"15-19",100,"Married or in a union women",1,"Model-based Estimates",3,"Projection",1.97
44,"Currently married by age of woman (Percent)","Currently married by age of woman (Percent)","Estimates and Projections of Women of Reproductive Age Who Are Married or in a Union 2024",2024,"United Nations Population Division",92,"British Virgin Islands","VG","VGB",64,"2013",4,"Median",2,"Female",67,15,19,"15-19",100,"Married or in a union women",1,"Model-based Estimates",3,"Projection",1.95
44,"Currently married by age of woman (Percent)","Currently married by age of woman (Percent)","Estimates and Projections of Women of Reproductive Age Who Are Married or in a Union 2024",2024,"United Nations Population Division",92,"British Virgin Islands","VG","VGB",65,"2014",4,"Median",2,"Female",67,15,19,"15-19",100,"Married or in a union women",1,"Model-based Estimates",3,"Projection",1.93
44,"Currently married by age of woman (Percent)","Currently married by age of woman (Percent)","Estimates and Projections of Women of Reproductive Age Who Are Married or in a Union 2024",2024,"United Nations Population Division",92,"British Virgin Islands","VG","VGB",66,"2015",4,"Median",2,"Female",67,15,19,"15-19",100,"Married or in a union women",1,"Model-based Estimates",3,"Projection",1.91
44,"Currently married by age of woman (Percent)","Currently married by age of woman (Percent)","Estimates and Projections of Women of Reproductive Age Who Are Married or in a Union 2024",2024,"United Nations Population Division",92,"British Virgin Islands","VG","VGB",67,"2016",4,"Median",2,"Female",67,15,19,"15-19",100,"Married or in a union women",1,"Model-based Estimates",3,"Projection",1.9
44,"Currently married by age of woman (Percent)","Currently married by age of woman (Percent)","Estimates and Projections of Women of Reproductive Age Who Are Married or in a Union 2024",2024,"United Nations Population Division",92,"British Virgin Islands","VG","VGB",68,"2017",4,"Median",2,"Female",67,15,19,"15-19",100,"Married or in a union women",1,"Model-based Estimates",3,"Projection",1.89
44,"Currently married by age of woman (Percent)","Currently married by age of woman (Percent)","Estimates and Projections of Women of Reproductive Age Who Are Married or in a Union 2024",2024,"United Nations Population Division",92,"British Virgin Islands","VG","VGB",69,"2018",4,"Median",2,"Female",67,15,19,"15-19",100,"Married or in a union women",1,"Model-based Estimates",3,"Projection",1.88
44,"Currently married by age of woman (Percent)","Currently married by age of woman (Percent)","Estimates and Projections of Women of Reproductive Age Who Are Married or in a Union 2024",2024,"United Nations Population Division",92,"British Virgin Islands","VG","VGB",70,"2019",4,"Median",2,"Female",67,15,19,"15-19",100,"Married or in a union women",1,"Model-based Estimates",3,"Projection",1.87
44,"Currently married by age of woman (Percent)","Currently married by age of woman (Percent)","Estimates and Projections of Women of Reproductive Age Who Are Married or in a Union 2024",2024,"United Nations Population Division",92,"British Virgin Islands","VG","VGB",71,"2020",4,"Median",2,"Female",67,15,19,"15-19",100,"Married or in a union women",1,"Model-based Estimates",3,"Projection",1.87
44,"Currently married by age of woman (Percent)","Currently married by age of woman (Percent)","Estimates and Projections of Women of Reproductive Age Who Are Married or in a Union 2024",2024,"United Nations Population Division",92,"British Virgin Islands","VG","VGB",72,"2021",4,"Median",2,"Female",67,15,19,"15-19",100,"Married or in a union women",1,"Model-based Estimates",3,"Projection",1.86
44,"Currently married by age of woman (Percent)","Currently married by age of woman (Percent)","Estimates and Projections of Women of Reproductive Age Who Are Married or in a Union 2024",2024,"United Nations Population Division",92,"British Virgin Islands","VG","VGB",73,"2022",4,"Median",2,"Female",67,15,19,"15-19",100,"Married or in a union women",1,"Model-based Estimates",3,"Projection",1.86
44,"Currently married by age of woman (Percent)","Currently married by age of woman (Percent)","Estimates and Projections of Women of Reproductive Age Who Are Married or in a Union 2024",2024,"United Nations Population Division",124,"Canada","CA","CAN",59,"2008",4,"Median",2,"Female",67,15,19,"15-19",100,"Married or in a union women",1,"Model-based Estimates",2,"Interpolation",2.7
44,"Currently married by age of woman (Percent)","Currently married by age of woman (Percent)","Estimates and Projections of Women of Reproductive Age Who Are Married or in a Union 2024",2024,"United Nations Population Division",124,"Canada","CA","CAN",60,"2009",4,"Median",2,"Female",67,15,19,"15-19",100,"Married or in a union women",1,"Model-based Estimates",2,"Interpolation",2.6
44,"Currently married by age of woman (Percent)","Currently married by age of woman (Percent)","Estimates and Projections of Women of Reproductive Age Who Are Married or in a Union 2024",2024,"United Nations Population Division",124,"Canada","CA","CAN",61,"2010",4,"Median",2,"Female",67,15,19,"15-19",100,"Married or in a union women",1,"Model-based Estimates",2,"Interpolation",2.49
44,"Currently married by age of woman (Percent)","Currently married by age of woman (Percent)","Estimates and Projections of Women of Reproductive Age Who Are Married or in a Union 2024",2024,"United Nations Population Division",124,"Canada","CA","CAN",62,"2011",4,"Median",2,"Female",67,15,19,"15-19",100,"Married or in a union women",1,"Model-based Estimates",2,"Interpolation",2.39
44,"Currently married by age of woman (Percent)","Currently married by age of woman (Percent)","Estimates and Projections of Women of Reproductive Age Who Are Married or in a Union 2024",2024,"United Nations Population Division",124,"Canada","CA","CAN",63,"2012",4,"Median",2,"Female",67,15,19,"15-19",100,"Married or in a union women",1,"Model-based Estimates",2,"Interpolation",2.28
44,"Currently married by age of woman (Percent)","Currently married by age of woman (Percent)","Estimates and Projections of Women of Reproductive Age Who Are Married or in a Union 2024",2024,"United Nations Population Division",124,"Canada","CA","CAN",64,"2013",4,"Median",2,"Female",67,15,19,"15-19",100,"Married or in a union women",1,"Model-based Estimates",2,"Interpolation",2.18
44,"Currently married by age of woman (Percent)","Currently married by age of woman (Percent)","Estimates and Projections of Women of Reproductive Age Who Are Married or in a Union 2024",2024,"United Nations Population Division",124,"Canada","CA","CAN",65,"2014",4,"Median",2,"Female",67,15,19,"15-19",100,"Married or in a union women",1,"Model-based Estimates",2,"Interpolation",2.07
44,"Currently married by age of woman (Percent)","Currently married by age of woman (Percent)","Estimates and Projections of Women of Reproductive Age Who Are Married or in a Union 2024",2024,"United Nations Population Division",124,"Canada","CA","CAN",66,"2015",4,"Median",2,"Female",67,15,19,"15-19",100,"Married or in a union women",1,"Model-based Estimates",2,"Interpolation",1.97
44,"Currently married by age of woman (Percent)","Currently married by age of woman (Percent)","Estimates and Projections of Women of Reproductive Age Who Are Married or in a Union 2024",2024,"United Nations Population Division",124,"Canada","CA","CAN",67,"2016",4,"Median",2,"Female",67,15,19,"15-19",100,"Married or in a union women",1,"Model-based Estimates",2,"Interpolation",1.86
44,"Currently married by age of woman (Percent)","Currently married by age of woman (Percent)","Estimates and Projections of Women of Reproductive Age Who Are Married or in a Union 2024",2024,"United Nations Population Division",124,"Canada","CA","CAN",68,"2017",4,"Median",2,"Female",67,15,19,"15-19",100,"Married or in a union women",1,"Model-based Estimates",2,"Interpolation",1.76
44,"Currently married by age of woman (Percent)","Currently married by age of woman (Percent)","Estimates and Projections of Women of Reproductive Age Who Are Married or in a Union 2024",2024,"United Nations Population Division",124,"Canada","CA","CAN",69,"2018",4,"Median",2,"Female",67,15,19,"15-19",100,"Married or in a union women",1,"Model-based Estimates",2,"Interpolation",1.65
44,"Currently married by age of woman (Percent)","Currently married by age of woman (Percent)","Estimates and Projections of Women of Reproductive Age Who Are Married or in a Union 2024",2024,"United Nations Population Division",124,"Canada","CA","CAN",70,"2019",4,"Median",2,"Female",67,15,19,"15-19",100,"Married or in a union women",1,"Model-based Estimates",2,"Interpolation",1.55
44,"Currently married by age of woman (Percent)","Currently married by age of woman (Percent)","Estimates and Projections of Women of Reproductive Age Who Are Married or in a Union 2024",2024,"United Nations Population Division",124,"Canada","CA","CAN",71,"2020",4,"Median",2,"Female",67,15,19,"15-19",100,"Married or in a union women",1,"Model-based Estimates",2,"Interpolation",1.45
44,"Currently married by age of woman (Percent)","Currently married by age of woman (Percent)","Estimates and Projections of Women of Reproductive Age Who Are Married or in a Union 2024",2024,"United Nations Population Division",124,"Canada","CA","CAN",72,"2021",4,"Median",2,"Female",67,15,19,"15-19",100,"Married or in a union women",1,"Model-based Estimates",2,"Interpolation",1.34
44,"Currently married by age of woman (Percent)","Currently married by age of woman (Percent)","Estimates and Projections of Women of Reproductive Age Who Are Married or in a Union 2024",2024,"United Nations Population Division",124,"Canada","CA","CAN",73,"2022",4,"Median",2,"Female",67,15,19,"15-19",100,"Married or in a union women",1,"Model-based Estimates",3,"Projection",1.28
44,"Currently married by age of woman (Percent)","Currently married by age of woman (Percent)","Estimates and Projections of Women of Reproductive Age Who Are Married or in a Union 2024",2024,"United Nations Population Division",136,"Cayman Islands","KY","CYM",59,"2008",4,"Median",2,"Female",67,15,19,"15-19",100,"Married or in a union women",1,"Model-based Estimates",2,"Interpolation",3.37
44,"Currently married by age of woman (Percent)","Currently married by age of woman (Percent)","Estimates and Projections of Women of Reproductive Age Who Are Married or in a Union 2024",2024,"United Nations Population Division",136,"Cayman Islands","KY","CYM",60,"2009",4,"Median",2,"Female",67,15,19,"15-19",100,"Married or in a union women",1,"Model-based Estimates",2,"Interpolation",3.37
44,"Currently married by age of woman (Percent)","Currently married by age of woman (Percent)","Estimates and Projections of Women of Reproductive Age Who Are Married or in a Union 2024",2024,"United Nations Population Division",136,"Cayman Islands","KY","CYM",61,"2010",4,"Median",2,"Female",67,15,19,"15-19",100,"Married or in a union women",1,"Model-based Estimates",2,"Interpolation",3.36
44,"Currently married by age of woman (Percent)","Currently married by age of woman (Percent)","Estimates and Projections of Women of Reproductive Age Who Are Married or in a Union 2024",2024,"United Nations Population Division",136,"Cayman Islands","KY","CYM",62,"2011",4,"Median",2,"Female",67,15,19,"15-19",100,"Married or in a union women",1,"Model-based Estimates",3,"Projection",3.36
44,"Currently married by age of woman (Percent)","Currently married by age of woman (Percent)","Estimates and Projections of Women of Reproductive Age Who Are Married or in a Union 2024",2024,"United Nations Population Division",136,"Cayman Islands","KY","CYM",63,"2012",4,"Median",2,"Female",67,15,19,"15-19",100,"Married or in a union women",1,"Model-based Estimates",3,"Projection",3.36
44,"Currently married by age of woman (Percent)","Currently married by age of woman (Percent)","Estimates and Projections of Women of Reproductive Age Who Are Married or in a Union 2024",2024,"United Nations Population Division",136,"Cayman Islands","KY","CYM",64,"2013",4,"Median",2,"Female",67,15,19,"15-19",100,"Married or in a union women",1,"Model-based Estimates",3,"Projection",3.36
44,"Currently married by age of woman (Percent)","Currently married by age of woman (Percent)","Estimates and Projections of Women of Reproductive Age Who Are Married or in a Union 2024",2024,"United Nations Population Division",136,"Cayman Islands","KY","CYM",65,"2014",4,"Median",2,"Female",67,15,19,"15-19",100,"Married or in a union women",1,"Model-based Estimates",3,"Projection",3.36
44,"Currently married by age of woman (Percent)","Currently married by age of woman (Percent)","Estimates and Projections of Women of Reproductive Age Who Are Married or in a Union 2024",2024,"United Nations Population Division",136,"Cayman Islands","KY","CYM",66,"2015",4,"Median",2,"Female",67,15,19,"15-19",100,"Married or in a union women",1,"Model-based Estimates",3,"Projection",3.36
44,"Currently married by age of woman (Percent)","Currently married by age of woman (Percent)","Estimates and Projections of Women of Reproductive Age Who Are Married or in a Union 2024",2024,"United Nations Population Division",136,"Cayman Islands","KY","CYM",67,"2016",4,"Median",2,"Female",67,15,19,"15-19",100,"Married or in a union women",1,"Model-based Estimates",3,"Projection",3.36
44,"Currently married by age of woman (Percent)","Currently married by age of woman (Percent)","Estimates and Projections of Women of Reproductive Age Who Are Married or in a Union 2024",2024,"United Nations Population Division",136,"Cayman Islands","KY","CYM",68,"2017",4,"Median",2,"Female",67,15,19,"15-19",100,"Married or in a union women",1,"Model-based Estimates",3,"Projection",3.36
44,"Currently married by age of woman (Percent)","Currently married by age of woman (Percent)","Estimates and Projections of Women of Reproductive Age Who Are Married or in a Union 2024",2024,"United Nations Population Division",136,"Cayman Islands","KY","CYM",69,"2018",4,"Median",2,"Female",67,15,19,"15-19",100,"Married or in a union women",1,"Model-based Estimates",3,"Projection",3.37
44,"Currently married by age of woman (Percent)","Currently married by age of woman (Percent)","Estimates and Projections of Women of Reproductive Age Who Are Married or in a Union 2024",2024,"United Nations Population Division",136,"Cayman Islands","KY","CYM",70,"2019",4,"Median",2,"Female",67,15,19,"15-19",100,"Married or in a union women",1,"Model-based Estimates",3,"Projection",3.38
44,"Currently married by age of woman (Percent)","Currently married by age of woman (Percent)","Estimates and Projections of Women of Reproductive Age Who Are Married or in a Union 2024",2024,"United Nations Population Division",136,"Cayman Islands","KY","CYM",71,"2020",4,"Median",2,"Female",67,15,19,"15-19",100,"Married or in a union women",1,"Model-based Estimates",3,"Projection",3.38
44,"Currently married by age of woman (Percent)","Currently married by age of woman (Percent)","Estimates and Projections of Women of Reproductive Age Who Are Married or in a Union 2024",2024,"United Nations Population Division",136,"Cayman Islands","KY","CYM",72,"2021",4,"Median",2,"Female",67,15,19,"15-19",100,"Married or in a union women",1,"Model-based Estimates",3,"Projection",3.39
44,"Currently married by age of woman (Percent)","Currently married by age of woman (Percent)","Estimates and Projections of Women of Reproductive Age Who Are Married or in a Union 2024",2024,"United Nations Population Division",136,"Cayman Islands","KY","CYM",73,"2022",4,"Median",2,"Female",67,15,19,"15-19",100,"Married or in a union women",1,"Model-based Estimates",3,"Projection",3.4
44,"Currently married by age of woman (Percent)","Currently married by age of woman (Percent)","Estimates and Projections of Women of Reproductive Age Who Are Married or in a Union 2024",2024,"United Nations Population Division",152,"Chile","CL","CHL",59,"2008",4,"Median",2,"Female",67,15,19,"15-19",100,"Married or in a union women",1,"Model-based Estimates",2,"Interpolation",5.9
44,"Currently married by age of woman (Percent)","Currently married by age of woman (Percent)","Estimates and Projections of Women of Reproductive Age Who Are Married or in a Union 2024",2024,"United Nations Population Division",152,"Chile","CL","CHL",60,"2009",4,"Median",2,"Female",67,15,19,"15-19",100,"Married or in a union women",1,"Model-based Estimates",2,"Interpolation",5.82
44,"Currently married by age of woman (Percent)","Currently married by age of woman (Percent)","Estimates and Projections of Women of Reproductive Age Who Are Married or in a Union 2024",2024,"United Nations Population Division",152,"Chile","CL","CHL",61,"2010",4,"Median",2,"Female",67,15,19,"15-19",100,"Married or in a union women",1,"Model-based Estimates",2,"Interpolation",5.74
44,"Currently married by age of woman (Percent)","Currently married by age of woman (Percent)","Estimates and Projections of Women of Reproductive Age Who Are Married or in a Union 2024",2024,"United Nations Population Division",152,"Chile","CL","CHL",62,"2011",4,"Median",2,"Female",67,15,19,"15-19",100,"Married or in a union women",1,"Model-based Estimates",2,"Interpolation",5.66
44,"Currently married by age of woman (Percent)","Currently married by age of woman (Percent)","Estimates and Projections of Women of Reproductive Age Who Are Married or in a Union 2024",2024,"United Nations Population Division",152,"Chile","CL","CHL",63,"2012",4,"Median",2,"Female",67,15,19,"15-19",100,"Married or in a union women",1,"Model-based Estimates",2,"Interpolation",5.5
44,"Currently married by age of woman (Percent)","Currently married by age of woman (Percent)","Estimates and Projections of Women of Reproductive Age Who Are Married or in a Union 2024",2024,"United Nations Population Division",152,"Chile","CL","CHL",64,"2013",4,"Median",2,"Female",67,15,19,"15-19",100,"Married or in a union women",1,"Model-based Estimates",2,"Interpolation",5.34
44,"Currently married by age of woman (Percent)","Currently married by age of woman (Percent)","Estimates and Projections of Women of Reproductive Age Who Are Married or in a Union 2024",2024,"United Nations Population Division",152,"Chile","CL","CHL",65,"2014",4,"Median",2,"Female",67,15,19,"15-19",100,"Married or in a union women",1,"Model-based Estimates",2,"Interpolation",5.18
44,"Currently married by age of woman (Percent)","Currently married by age of woman (Percent)","Estimates and Projections of Women of Reproductive Age Who Are Married or in a Union 2024",2024,"United Nations Population Division",152,"Chile","CL","CHL",66,"2015",4,"Median",2,"Female",67,15,19,"15-19",100,"Married or in a union women",1,"Model-based Estimates",2,"Interpolation",5.02
44,"Currently married by age of woman (Percent)","Currently married by age of woman (Percent)","Estimates and Projections of Women of Reproductive Age Who Are Married or in a Union 2024",2024,"United Nations Population Division",152,"Chile","CL","CHL",67,"2016",4,"Median",2,"Female",67,15,19,"15-19",100,"Married or in a union women",1,"Model-based Estimates",2,"Interpolation",4.85
44,"Currently married by age of woman (Percent)","Currently married by age of woman (Percent)","Estimates and Projections of Women of Reproductive Age Who Are Married or in a Union 2024",2024,"United Nations Population Division",152,"Chile","CL","CHL",68,"2017",4,"Median",2,"Female",67,15,19,"15-19",100,"Married or in a union women",1,"Model-based Estimates",2,"Interpolation",4.69
44,"Currently married by age of woman (Percent)","Currently married by age of woman (Percent)","Estimates and Projections of Women of Reproductive Age Who Are Married or in a Union 2024",2024,"United Nations Population Division",152,"Chile","CL","CHL",69,"2018",4,"Median",2,"Female",67,15,19,"15-19",100,"Married or in a union women",1,"Model-based Estimates",2,"Interpolation",4.53
44,"Currently married by age of woman (Percent)","Currently married by age of woman (Percent)","Estimates and Projections of Women of Reproductive Age Who Are Married or in a Union 2024",2024,"United Nations Population Division",152,"Chile","CL","CHL",70,"2019",4,"Median",2,"Female",67,15,19,"15-19",100,"Married or in a union women",1,"Model-based Estimates",2,"Interpolation",4.37
44,"Currently married by age of woman (Percent)","Currently married by age of woman (Percent)","Estimates and Projections of Women of Reproductive Age Who Are Married or in a Union 2024",2024,"United Nations Population Division",152,"Chile","CL","CHL",71,"2020",4,"Median",2,"Female",67,15,19,"15-19",100,"Married or in a union women",1,"Model-based Estimates",2,"Interpolation",4.21
44,"Currently married by age of woman (Percent)","Currently married by age of woman (Percent)","Estimates and Projections of Women of Reproductive Age Who Are Married or in a Union 2024",2024,"United Nations Population Division",152,"Chile","CL","CHL",72,"2021",4,"Median",2,"Female",67,15,19,"15-19",100,"Married or in a union women",1,"Model-based Estimates",2,"Interpolation",4.05
44,"Currently married by age of woman (Percent)","Currently married by age of woman (Percent)","Estimates and Projections of Women of Reproductive Age Who Are Married or in a Union 2024",2024,"United Nations Population Division",152,"Chile","CL","CHL",73,"2022",4,"Median",2,"Female",67,15,19,"15-19",100,"Married or in a union women",1,"Model-based Estimates",2,"Interpolation",3.89
44,"Currently married by age of woman (Percent)","Currently married by age of woman (Percent)","Estimates and Projections of Women of Reproductive Age Who Are Married or in a Union 2024",2024,"United Nations Population Division",170,"Colombia","CO","COL",59,"2008",4,"Median",2,"Female",67,15,19,"15-19",100,"Married or in a union women",1,"Model-based Estimates",2,"Interpolation",13.62
44,"Currently married by age of woman (Percent)","Currently married by age of woman (Percent)","Estimates and Projections of Women of Reproductive Age Who Are Married or in a Union 2024",2024,"United Nations Population Division",170,"Colombia","CO","COL",60,"2009",4,"Median",2,"Female",67,15,19,"15-19",100,"Married or in a union women",1,"Model-based Estimates",2,"Interpolation",13.63
44,"Currently married by age of woman (Percent)","Currently married by age of woman (Percent)","Estimates and Projections of Women of Reproductive Age Who Are Married or in a Union 2024",2024,"United Nations Population Division",170,"Colombia","CO","COL",61,"2010",4,"Median",2,"Female",67,15,19,"15-19",100,"Married or in a union women",1,"Model-based Estimates",2,"Interpolation",13.64
44,"Currently married by age of woman (Percent)","Currently married by age of woman (Percent)","Estimates and Projections of Women of Reproductive Age Who Are Married or in a Union 2024",2024,"United Nations Population Division",170,"Colombia","CO","COL",62,"2011",4,"Median",2,"Female",67,15,19,"15-19",100,"Married or in a union women",1,"Model-based Estimates",2,"Interpolation",13.65
44,"Currently married by age of woman (Percent)","Currently married by age of woman (Percent)","Estimates and Projections of Women of Reproductive Age Who Are Married or in a Union 2024",2024,"United Nations Population Division",170,"Colombia","CO","COL",63,"2012",4,"Median",2,"Female",67,15,19,"15-19",100,"Married or in a union women",1,"Model-based Estimates",2,"Interpolation",13.65
44,"Currently married by age of woman (Percent)","Currently married by age of woman (Percent)","Estimates and Projections of Women of Reproductive Age Who Are Married or in a Union 2024",2024,"United Nations Population Division",170,"Colombia","CO","COL",64,"2013",4,"Median",2,"Female",67,15,19,"15-19",100,"Married or in a union women",1,"Model-based Estimates",2,"Interpolation",13.66
44,"Currently married by age of woman (Percent)","Currently married by age of woman (Percent)","Estimates and Projections of Women of Reproductive Age Who Are Married or in a Union 2024",2024,"United Nations Population Division",170,"Colombia","CO","COL",65,"2014",4,"Median",2,"Female",67,15,19,"15-19",100,"Married or in a union women",1,"Model-based Estimates",2,"Interpolation",13.67
44,"Currently married by age of woman (Percent)","Currently married by age of woman (Percent)","Estimates and Projections of Women of Reproductive Age Who Are Married or in a Union 2024",2024,"United Nations Population Division",170,"Colombia","CO","COL",66,"2015",4,"Median",2,"Female",67,15,19,"15-19",100,"Married or in a union women",1,"Model-based Estimates",2,"Interpolation",13.68
44,"Currently married by age of woman (Percent)","Currently married by age of woman (Percent)","Estimates and Projections of Women of Reproductive Age Who Are Married or in a Union 2024",2024,"United Nations Population Division",170,"Colombia","CO","COL",67,"2016",4,"Median",2,"Female",67,15,19,"15-19",100,"Married or in a union women",1,"Model-based Estimates",2,"Interpolation",13.68
44,"Currently married by age of woman (Percent)","Currently married by age of woman (Percent)","Estimates and Projections of Women of Reproductive Age Who Are Married or in a Union 2024",2024,"United Nations Population Division",170,"Colombia","CO","COL",68,"2017",4,"Median",2,"Female",67,15,19,"15-19",100,"Married or in a union women",1,"Model-based Estimates",2,"Interpolation",13.69
44,"Currently married by age of woman (Percent)","Currently married by age of woman (Percent)","Estimates and Projections of Women of Reproductive Age Who Are Married or in a Union 2024",2024,"United Nations Population Division",170,"Colombia","CO","COL",69,"2018",4,"Median",2,"Female",67,15,19,"15-19",100,"Married or in a union women",1,"Model-based Estimates",2,"Interpolation",13.7
44,"Currently married by age of woman (Percent)","Currently married by age of woman (Percent)","Estimates and Projections of Women of Reproductive Age Who Are Married or in a Union 2024",2024,"United Nations Population Division",170,"Colombia","CO","COL",70,"2019",4,"Median",2,"Female",67,15,19,"15-19",100,"Married or in a union women",1,"Model-based Estimates",3,"Projection",13.7
44,"Currently married by age of woman (Percent)","Currently married by age of woman (Percent)","Estimates and Projections of Women of Reproductive Age Who Are Married or in a Union 2024",2024,"United Nations Population Division",170,"Colombia","CO","COL",71,"2020",4,"Median",2,"Female",67,15,19,"15-19",100,"Married or in a union women",1,"Model-based Estimates",3,"Projection",13.69
44,"Currently married by age of woman (Percent)","Currently married by age of woman (Percent)","Estimates and Projections of Women of Reproductive Age Who Are Married or in a Union 2024",2024,"United Nations Population Division",170,"Colombia","CO","COL",72,"2021",4,"Median",2,"Female",67,15,19,"15-19",100,"Married or in a union women",1,"Model-based Estimates",3,"Projection",13.65
44,"Currently married by age of woman (Percent)","Currently married by age of woman (Percent)","Estimates and Projections of Women of Reproductive Age Who Are Married or in a Union 2024",2024,"United Nations Population Division",170,"Colombia","CO","COL",73,"2022",4,"Median",2,"Female",67,15,19,"15-19",100,"Married or in a union women",1,"Model-based Estimates",3,"Projection",13.61
44,"Currently married by age of woman (Percent)","Currently married by age of woman (Percent)","Estimates and Projections of Women of Reproductive Age Who Are Married or in a Union 2024",2024,"United Nations Population Division",188,"Costa Rica","CR","CRI",59,"2008",4,"Median",2,"Female",67,15,19,"15-19",100,"Married or in a union women",1,"Model-based Estimates",2,"Interpolation",6.6
44,"Currently married by age of woman (Percent)","Currently married by age of woman (Percent)","Estimates and Projections of Women of Reproductive Age Who Are Married or in a Union 2024",2024,"United Nations Population Division",188,"Costa Rica","CR","CRI",60,"2009",4,"Median",2,"Female",67,15,19,"15-19",100,"Married or in a union women",1,"Model-based Estimates",2,"Interpolation",6.37
44,"Currently married by age of woman (Percent)","Currently married by age of woman (Percent)","Estimates and Projections of Women of Reproductive Age Who Are Married or in a Union 2024",2024,"United Nations Population Division",188,"Costa Rica","CR","CRI",61,"2010",4,"Median",2,"Female",67,15,19,"15-19",100,"Married or in a union women",1,"Model-based Estimates",2,"Interpolation",6.13
44,"Currently married by age of woman (Percent)","Currently married by age of woman (Percent)","Estimates and Projections of Women of Reproductive Age Who Are Married or in a Union 2024",2024,"United Nations Population Division",188,"Costa Rica","CR","CRI",62,"2011",4,"Median",2,"Female",67,15,19,"15-19",100,"Married or in a union women",1,"Model-based Estimates",2,"Interpolation",5.9
44,"Currently married by age of woman (Percent)","Currently married by age of woman (Percent)","Estimates and Projections of Women of Reproductive Age Who Are Married or in a Union 2024",2024,"United Nations Population Division",188,"Costa Rica","CR","CRI",63,"2012",4,"Median",2,"Female",67,15,19,"15-19",100,"Married or in a union women",1,"Model-based Estimates",2,"Interpolation",5.66
44,"Currently married by age of woman (Percent)","Currently married by age of woman (Percent)","Estimates and Projections of Women of Reproductive Age Who Are Married or in a Union 2024",2024,"United Nations Population Division",188,"Costa Rica","CR","CRI",64,"2013",4,"Median",2,"Female",67,15,19,"15-19",100,"Married or in a union women",1,"Model-based Estimates",2,"Interpolation",5.43
44,"Currently married by age of woman (Percent)","Currently married by age of woman (Percent)","Estimates and Projections of Women of Reproductive Age Who Are Married or in a Union 2024",2024,"United Nations Population Division",188,"Costa Rica","CR","CRI",65,"2014",4,"Median",2,"Female",67,15,19,"15-19",100,"Married or in a union women",1,"Model-based Estimates",2,"Interpolation",5.19
44,"Currently married by age of woman (Percent)","Currently married by age of woman (Percent)","Estimates and Projections of Women of Reproductive Age Who Are Married or in a Union 2024",2024,"United Nations Population Division",188,"Costa Rica","CR","CRI",66,"2015",4,"Median",2,"Female",67,15,19,"15-19",100,"Married or in a union women",1,"Model-based Estimates",2,"Interpolation",4.96
44,"Currently married by age of woman (Percent)","Currently married by age of woman (Percent)","Estimates and Projections of Women of Reproductive Age Who Are Married or in a Union 2024",2024,"United Nations Population Division",188,"Costa Rica","CR","CRI",67,"2016",4,"Median",2,"Female",67,15,19,"15-19",100,"Married or in a union women",1,"Model-based Estimates",2,"Interpolation",4.72
44,"Currently married by age of woman (Percent)","Currently married by age of woman (Percent)","Estimates and Projections of Women of Reproductive Age Who Are Married or in a Union 2024",2024,"United Nations Population Division",188,"Costa Rica","CR","CRI",68,"2017",4,"Median",2,"Female",67,15,19,"15-19",100,"Married or in a union women",1,"Model-based Estimates",2,"Interpolation",4.49
44,"Currently married by age of woman (Percent)","Currently married by age of woman (Percent)","Estimates and Projections of Women of Reproductive Age Who Are Married or in a Union 2024",2024,"United Nations Population Division",188,"Costa Rica","CR","CRI",69,"2018",4,"Median",2,"Female",67,15,19,"15-19",100,"Married or in a union women",1,"Model-based Estimates",2,"Interpolation",4.25
44,"Currently married by age of woman (Percent)","Currently married by age of woman (Percent)","Estimates and Projections of Women of Reproductive Age Who Are Married or in a Union 2024",2024,"United Nations Population Division",188,"Costa Rica","CR","CRI",70,"2019",4,"Median",2,"Female",67,15,19,"15-19",100,"Married or in a union women",1,"Model-based Estimates",2,"Interpolation",4.02
44,"Currently married by age of woman (Percent)","Currently married by age of woman (Percent)","Estimates and Projections of Women of Reproductive Age Who Are Married or in a Union 2024",2024,"United Nations Population Division",188,"Costa Rica","CR","CRI",71,"2020",4,"Median",2,"Female",67,15,19,"15-19",100,"Married or in a union women",1,"Model-based Estimates",2,"Interpolation",3.78
44,"Currently married by age of woman (Percent)","Currently married by age of woman (Percent)","Estimates and Projections of Women of Reproductive Age Who Are Married or in a Union 2024",2024,"United Nations Population Division",188,"Costa Rica","CR","CRI",72,"2021",4,"Median",2,"Female",67,15,19,"15-19",100,"Married or in a union women",1,"Model-based Estimates",2,"Interpolation",3.55
44,"Currently married by age of woman (Percent)","Currently married by age of woman (Percent)","Estimates and Projections of Women of Reproductive Age Who Are Married or in a Union 2024",2024,"United Nations Population Division",188,"Costa Rica","CR","CRI",73,"2022",4,"Median",2,"Female",67,15,19,"15-19",100,"Married or in a union women",1,"Model-based Estimates",2,"Interpolation",3.31
44,"Currently married by age of woman (Percent)","Currently married by age of woman (Percent)","Estimates and Projections of Women of Reproductive Age Who Are Married or in a Union 2024",2024,"United Nations Population Division",192,"Cuba","CU","CUB",59,"2008",4,"Median",2,"Female",67,15,19,"15-19",100,"Married or in a union women",1,"Model-based Estimates",2,"Interpolation",17.96
44,"Currently married by age of woman (Percent)","Currently married by age of woman (Percent)","Estimates and Projections of Women of Reproductive Age Who Are Married or in a Union 2024",2024,"United Nations Population Division",192,"Cuba","CU","CUB",60,"2009",4,"Median",2,"Female",67,15,19,"15-19",100,"Married or in a union women",1,"Model-based Estimates",2,"Interpolation",17.46
44,"Currently married by age of woman (Percent)","Currently married by age of woman (Percent)","Estimates and Projections of Women of Reproductive Age Who Are Married or in a Union 2024",2024,"United Nations Population Division",192,"Cuba","CU","CUB",61,"2010",4,"Median",2,"Female",67,15,19,"15-19",100,"Married or in a union women",1,"Model-based Estimates",2,"Interpolation",16.95
44,"Currently married by age of woman (Percent)","Currently married by age of woman (Percent)","Estimates and Projections of Women of Reproductive Age Who Are Married or in a Union 2024",2024,"United Nations Population Division",192,"Cuba","CU","CUB",62,"2011",4,"Median",2,"Female",67,15,19,"15-19",100,"Married or in a union women",1,"Model-based Estimates",2,"Interpolation",16.44
44,"Currently married by age of woman (Percent)","Currently married by age of woman (Percent)","Estimates and Projections of Women of Reproductive Age Who Are Married or in a Union 2024",2024,"United Nations Population Division",192,"Cuba","CU","CUB",63,"2012",4,"Median",2,"Female",67,15,19,"15-19",100,"Married or in a union women",1,"Model-based Estimates",2,"Interpolation",15.93
44,"Currently married by age of woman (Percent)","Currently married by age of woman (Percent)","Estimates and Projections of Women of Reproductive Age Who Are Married or in a Union 2024",2024,"United Nations Population Division",192,"Cuba","CU","CUB",64,"2013",4,"Median",2,"Female",67,15,19,"15-19",100,"Married or in a union women",1,"Model-based Estimates",2,"Interpolation",15.42
44,"Currently married by age of woman (Percent)","Currently married by age of woman (Percent)","Estimates and Projections of Women of Reproductive Age Who Are Married or in a Union 2024",2024,"United Nations Population Division",192,"Cuba","CU","CUB",65,"2014",4,"Median",2,"Female",67,15,19,"15-19",100,"Married or in a union women",1,"Model-based Estimates",2,"Interpolation",14.91
44,"Currently married by age of woman (Percent)","Currently married by age of woman (Percent)","Estimates and Projections of Women of Reproductive Age Who Are Married or in a Union 2024",2024,"United Nations Population Division",192,"Cuba","CU","CUB",66,"2015",4,"Median",2,"Female",67,15,19,"15-19",100,"Married or in a union women",1,"Model-based Estimates",2,"Interpolation",14.4
44,"Currently married by age of woman (Percent)","Currently married by age of woman (Percent)","Estimates and Projections of Women of Reproductive Age Who Are Married or in a Union 2024",2024,"United Nations Population Division",192,"Cuba","CU","CUB",67,"2016",4,"Median",2,"Female",67,15,19,"15-19",100,"Married or in a union women",1,"Model-based Estimates",2,"Interpolation",13.89
44,"Currently married by age of woman (Percent)","Currently married by age of woman (Percent)","Estimates and Projections of Women of Reproductive Age Who Are Married or in a Union 2024",2024,"United Nations Population Division",192,"Cuba","CU","CUB",68,"2017",4,"Median",2,"Female",67,15,19,"15-19",100,"Married or in a union women",1,"Model-based Estimates",2,"Interpolation",13.38
44,"Currently married by age of woman (Percent)","Currently married by age of woman (Percent)","Estimates and Projections of Women of Reproductive Age Who Are Married or in a Union 2024",2024,"United Nations Population Division",192,"Cuba","CU","CUB",69,"2018",4,"Median",2,"Female",67,15,19,"15-19",100,"Married or in a union women",1,"Model-based Estimates",2,"Interpolation",12.87
44,"Currently married by age of woman (Percent)","Currently married by age of woman (Percent)","Estimates and Projections of Women of Reproductive Age Who Are Married or in a Union 2024",2024,"United Nations Population Division",192,"Cuba","CU","CUB",70,"2019",4,"Median",2,"Female",67,15,19,"15-19",100,"Married or in a union women",1,"Model-based Estimates",2,"Interpolation",12.36
44,"Currently married by age of woman (Percent)","Currently married by age of woman (Percent)","Estimates and Projections of Women of Reproductive Age Who Are Married or in a Union 2024",2024,"United Nations Population Division",192,"Cuba","CU","CUB",71,"2020",4,"Median",2,"Female",67,15,19,"15-19",100,"Married or in a union women",1,"Model-based Estimates",3,"Projection",11.97
44,"Currently married by age of woman (Percent)","Currently married by age of woman (Percent)","Estimates and Projections of Women of Reproductive Age Who Are Married or in a Union 2024",2024,"United Nations Population Division",192,"Cuba","CU","CUB",72,"2021",4,"Median",2,"Female",67,15,19,"15-19",100,"Married or in a union women",1,"Model-based Estimates",3,"Projection",11.59
44,"Currently married by age of woman (Percent)","Currently married by age of woman (Percent)","Estimates and Projections of Women of Reproductive Age Who Are Married or in a Union 2024",2024,"United Nations Population Division",192,"Cuba","CU","CUB",73,"2022",4,"Median",2,"Female",67,15,19,"15-19",100,"Married or in a union women",1,"Model-based Estimates",3,"Projection",11.23
44,"Currently married by age of woman (Percent)","Currently married by age of woman (Percent)","Estimates and Projections of Women of Reproductive Age Who Are Married or in a Union 2024",2024,"United Nations Population Division",212,"Dominica","DM","DMA",59,"2008",4,"Median",2,"Female",67,15,19,"15-19",100,"Married or in a union women",1,"Model-based Estimates",2,"Interpolation",12
44,"Currently married by age of woman (Percent)","Currently married by age of woman (Percent)","Estimates and Projections of Women of Reproductive Age Who Are Married or in a Union 2024",2024,"United Nations Population Division",212,"Dominica","DM","DMA",60,"2009",4,"Median",2,"Female",67,15,19,"15-19",100,"Married or in a union women",1,"Model-based Estimates",2,"Interpolation",12
44,"Currently married by age of woman (Percent)","Currently married by age of woman (Percent)","Estimates and Projections of Women of Reproductive Age Who Are Married or in a Union 2024",2024,"United Nations Population Division",212,"Dominica","DM","DMA",61,"2010",4,"Median",2,"Female",67,15,19,"15-19",100,"Married or in a union women",1,"Model-based Estimates",2,"Interpolation",12
44,"Currently married by age of woman (Percent)","Currently married by age of woman (Percent)","Estimates and Projections of Women of Reproductive Age Who Are Married or in a Union 2024",2024,"United Nations Population Division",212,"Dominica","DM","DMA",62,"2011",4,"Median",2,"Female",67,15,19,"15-19",100,"Married or in a union women",1,"Model-based Estimates",2,"Interpolation",12
44,"Currently married by age of woman (Percent)","Currently married by age of woman (Percent)","Estimates and Projections of Women of Reproductive Age Who Are Married or in a Union 2024",2024,"United Nations Population Division",212,"Dominica","DM","DMA",63,"2012",4,"Median",2,"Female",67,15,19,"15-19",100,"Married or in a union women",1,"Model-based Estimates",3,"Projection",11.8
44,"Currently married by age of woman (Percent)","Currently married by age of woman (Percent)","Estimates and Projections of Women of Reproductive Age Who Are Married or in a Union 2024",2024,"United Nations Population Division",212,"Dominica","DM","DMA",64,"2013",4,"Median",2,"Female",67,15,19,"15-19",100,"Married or in a union women",1,"Model-based Estimates",3,"Projection",11.6
44,"Currently married by age of woman (Percent)","Currently married by age of woman (Percent)","Estimates and Projections of Women of Reproductive Age Who Are Married or in a Union 2024",2024,"United Nations Population Division",212,"Dominica","DM","DMA",65,"2014",4,"Median",2,"Female",67,15,19,"15-19",100,"Married or in a union women",1,"Model-based Estimates",3,"Projection",11.4
44,"Currently married by age of woman (Percent)","Currently married by age of woman (Percent)","Estimates and Projections of Women of Reproductive Age Who Are Married or in a Union 2024",2024,"United Nations Population Division",212,"Dominica","DM","DMA",66,"2015",4,"Median",2,"Female",67,15,19,"15-19",100,"Married or in a union women",1,"Model-based Estimates",3,"Projection",11.2
44,"Currently married by age of woman (Percent)","Currently married by age of woman (Percent)","Estimates and Projections of Women of Reproductive Age Who Are Married or in a Union 2024",2024,"United Nations Population Division",212,"Dominica","DM","DMA",67,"2016",4,"Median",2,"Female",67,15,19,"15-19",100,"Married or in a union women",1,"Model-based Estimates",3,"Projection",11.01
44,"Currently married by age of woman (Percent)","Currently married by age of woman (Percent)","Estimates and Projections of Women of Reproductive Age Who Are Married or in a Union 2024",2024,"United Nations Population Division",212,"Dominica","DM","DMA",68,"2017",4,"Median",2,"Female",67,15,19,"15-19",100,"Married or in a union women",1,"Model-based Estimates",3,"Projection",10.82
44,"Currently married by age of woman (Percent)","Currently married by age of woman (Percent)","Estimates and Projections of Women of Reproductive Age Who Are Married or in a Union 2024",2024,"United Nations Population Division",212,"Dominica","DM","DMA",69,"2018",4,"Median",2,"Female",67,15,19,"15-19",100,"Married or in a union women",1,"Model-based Estimates",3,"Projection",10.64
44,"Currently married by age of woman (Percent)","Currently married by age of woman (Percent)","Estimates and Projections of Women of Reproductive Age Who Are Married or in a Union 2024",2024,"United Nations Population Division",212,"Dominica","DM","DMA",70,"2019",4,"Median",2,"Female",67,15,19,"15-19",100,"Married or in a union women",1,"Model-based Estimates",3,"Projection",10.45
44,"Currently married by age of woman (Percent)","Currently married by age of woman (Percent)","Estimates and Projections of Women of Reproductive Age Who Are Married or in a Union 2024",2024,"United Nations Population Division",212,"Dominica","DM","DMA",71,"2020",4,"Median",2,"Female",67,15,19,"15-19",100,"Married or in a union women",1,"Model-based Estimates",3,"Projection",10.27
44,"Currently married by age of woman (Percent)","Currently married by age of woman (Percent)","Estimates and Projections of Women of Reproductive Age Who Are Married or in a Union 2024",2024,"United Nations Population Division",212,"Dominica","DM","DMA",72,"2021",4,"Median",2,"Female",67,15,19,"15-19",100,"Married or in a union women",1,"Model-based Estimates",3,"Projection",10.09
44,"Currently married by age of woman (Percent)","Currently married by age of woman (Percent)","Estimates and Projections of Women of Reproductive Age Who Are Married or in a Union 2024",2024,"United Nations Population Division",212,"Dominica","DM","DMA",73,"2022",4,"Median",2,"Female",67,15,19,"15-19",100,"Married or in a union women",1,"Model-based Estimates",3,"Projection",9.92
44,"Currently married by age of woman (Percent)","Currently married by age of woman (Percent)","Estimates and Projections of Women of Reproductive Age Who Are Married or in a Union 2024",2024,"United Nations Population Division",214,"Dominican Republic","DO","DOM",59,"2008",4,"Median",2,"Female",67,15,19,"15-19",100,"Married or in a union women",1,"Model-based Estimates",2,"Interpolation",18.77
44,"Currently married by age of woman (Percent)","Currently married by age of woman (Percent)","Estimates and Projections of Women of Reproductive Age Who Are Married or in a Union 2024",2024,"United Nations Population Division",214,"Dominican Republic","DO","DOM",60,"2009",4,"Median",2,"Female",67,15,19,"15-19",100,"Married or in a union women",1,"Model-based Estimates",2,"Interpolation",18.65
44,"Currently married by age of woman (Percent)","Currently married by age of woman (Percent)","Estimates and Projections of Women of Reproductive Age Who Are Married or in a Union 2024",2024,"United Nations Population Division",214,"Dominican Republic","DO","DOM",61,"2010",4,"Median",2,"Female",67,15,19,"15-19",100,"Married or in a union women",1,"Model-based Estimates",2,"Interpolation",18.52
44,"Currently married by age of woman (Percent)","Currently married by age of woman (Percent)","Estimates and Projections of Women of Reproductive Age Who Are Married or in a Union 2024",2024,"United Nations Population Division",214,"Dominican Republic","DO","DOM",62,"2011",4,"Median",2,"Female",67,15,19,"15-19",100,"Married or in a union women",1,"Model-based Estimates",2,"Interpolation",18.4
44,"Currently married by age of woman (Percent)","Currently married by age of woman (Percent)","Estimates and Projections of Women of Reproductive Age Who Are Married or in a Union 2024",2024,"United Nations Population Division",214,"Dominican Republic","DO","DOM",63,"2012",4,"Median",2,"Female",67,15,19,"15-19",100,"Married or in a union women",1,"Model-based Estimates",2,"Interpolation",18.27
44,"Currently married by age of woman (Percent)","Currently married by age of woman (Percent)","Estimates and Projections of Women of Reproductive Age Who Are Married or in a Union 2024",2024,"United Nations Population Division",214,"Dominican Republic","DO","DOM",64,"2013",4,"Median",2,"Female",67,15,19,"15-19",100,"Married or in a union women",1,"Model-based Estimates",2,"Interpolation",18.14
44,"Currently married by age of woman (Percent)","Currently married by age of woman (Percent)","Estimates and Projections of Women of Reproductive Age Who Are Married or in a Union 2024",2024,"United Nations Population Division",214,"Dominican Republic","DO","DOM",65,"2014",4,"Median",2,"Female",67,15,19,"15-19",100,"Married or in a union women",1,"Model-based Estimates",2,"Interpolation",18.02
44,"Currently married by age of woman (Percent)","Currently married by age of woman (Percent)","Estimates and Projections of Women of Reproductive Age Who Are Married or in a Union 2024",2024,"United Nations Population Division",214,"Dominican Republic","DO","DOM",66,"2015",4,"Median",2,"Female",67,15,19,"15-19",100,"Married or in a union women",1,"Model-based Estimates",2,"Interpolation",17.89
44,"Currently married by age of woman (Percent)","Currently married by age of woman (Percent)","Estimates and Projections of Women of Reproductive Age Who Are Married or in a Union 2024",2024,"United Nations Population Division",214,"Dominican Republic","DO","DOM",67,"2016",4,"Median",2,"Female",67,15,19,"15-19",100,"Married or in a union women",1,"Model-based Estimates",2,"Interpolation",17.77
44,"Currently married by age of woman (Percent)","Currently married by age of woman (Percent)","Estimates and Projections of Women of Reproductive Age Who Are Married or in a Union 2024",2024,"United Nations Population Division",214,"Dominican Republic","DO","DOM",68,"2017",4,"Median",2,"Female",67,15,19,"15-19",100,"Married or in a union women",1,"Model-based Estimates",2,"Interpolation",17.64
44,"Currently married by age of woman (Percent)","Currently married by age of woman (Percent)","Estimates and Projections of Women of Reproductive Age Who Are Married or in a Union 2024",2024,"United Nations Population Division",214,"Dominican Republic","DO","DOM",69,"2018",4,"Median",2,"Female",67,15,19,"15-19",100,"Married or in a union women",1,"Model-based Estimates",2,"Interpolation",17.51
44,"Currently married by age of woman (Percent)","Currently married by age of woman (Percent)","Estimates and Projections of Women of Reproductive Age Who Are Married or in a Union 2024",2024,"United Nations Population Division",214,"Dominican Republic","DO","DOM",70,"2019",4,"Median",2,"Female",67,15,19,"15-19",100,"Married or in a union women",1,"Model-based Estimates",2,"Interpolation",17.39
44,"Currently married by age of woman (Percent)","Currently married by age of woman (Percent)","Estimates and Projections of Women of Reproductive Age Who Are Married or in a Union 2024",2024,"United Nations Population Division",214,"Dominican Republic","DO","DOM",71,"2020",4,"Median",2,"Female",67,15,19,"15-19",100,"Married or in a union women",1,"Model-based Estimates",3,"Projection",17.26
44,"Currently married by age of woman (Percent)","Currently married by age of woman (Percent)","Estimates and Projections of Women of Reproductive Age Who Are Married or in a Union 2024",2024,"United Nations Population Division",214,"Dominican Republic","DO","DOM",72,"2021",4,"Median",2,"Female",67,15,19,"15-19",100,"Married or in a union women",1,"Model-based Estimates",3,"Projection",17.11
44,"Currently married by age of woman (Percent)","Currently married by age of woman (Percent)","Estimates and Projections of Women of Reproductive Age Who Are Married or in a Union 2024",2024,"United Nations Population Division",214,"Dominican Republic","DO","DOM",73,"2022",4,"Median",2,"Female",67,15,19,"15-19",100,"Married or in a union women",1,"Model-based Estimates",3,"Projection",16.95
44,"Currently married by age of woman (Percent)","Currently married by age of woman (Percent)","Estimates and Projections of Women of Reproductive Age Who Are Married or in a Union 2024",2024,"United Nations Population Division",218,"Ecuador","EC","ECU",59,"2008",4,"Median",2,"Female",67,15,19,"15-19",100,"Married or in a union women",1,"Model-based Estimates",2,"Interpolation",12.04
44,"Currently married by age of woman (Percent)","Currently married by age of woman (Percent)","Estimates and Projections of Women of Reproductive Age Who Are Married or in a Union 2024",2024,"United Nations Population Division",218,"Ecuador","EC","ECU",60,"2009",4,"Median",2,"Female",67,15,19,"15-19",100,"Married or in a union women",1,"Model-based Estimates",2,"Interpolation",11.85
44,"Currently married by age of woman (Percent)","Currently married by age of woman (Percent)","Estimates and Projections of Women of Reproductive Age Who Are Married or in a Union 2024",2024,"United Nations Population Division",218,"Ecuador","EC","ECU",61,"2010",4,"Median",2,"Female",67,15,19,"15-19",100,"Married or in a union women",1,"Model-based Estimates",2,"Interpolation",11.66
44,"Currently married by age of woman (Percent)","Currently married by age of woman (Percent)","Estimates and Projections of Women of Reproductive Age Who Are Married or in a Union 2024",2024,"United Nations Population Division",218,"Ecuador","EC","ECU",62,"2011",4,"Median",2,"Female",67,15,19,"15-19",100,"Married or in a union women",1,"Model-based Estimates",2,"Interpolation",11.47
44,"Currently married by age of woman (Percent)","Currently married by age of woman (Percent)","Estimates and Projections of Women of Reproductive Age Who Are Married or in a Union 2024",2024,"United Nations Population Division",218,"Ecuador","EC","ECU",63,"2012",4,"Median",2,"Female",67,15,19,"15-19",100,"Married or in a union women",1,"Model-based Estimates",2,"Interpolation",11.29
44,"Currently married by age of woman (Percent)","Currently married by age of woman (Percent)","Estimates and Projections of Women of Reproductive Age Who Are Married or in a Union 2024",2024,"United Nations Population Division",218,"Ecuador","EC","ECU",64,"2013",4,"Median",2,"Female",67,15,19,"15-19",100,"Married or in a union women",1,"Model-based Estimates",2,"Interpolation",11.1
44,"Currently married by age of woman (Percent)","Currently married by age of woman (Percent)","Estimates and Projections of Women of Reproductive Age Who Are Married or in a Union 2024",2024,"United Nations Population Division",218,"Ecuador","EC","ECU",65,"2014",4,"Median",2,"Female",67,15,19,"15-19",100,"Married or in a union women",1,"Model-based Estimates",2,"Interpolation",10.91
44,"Currently married by age of woman (Percent)","Currently married by age of woman (Percent)","Estimates and Projections of Women of Reproductive Age Who Are Married or in a Union 2024",2024,"United Nations Population Division",218,"Ecuador","EC","ECU",66,"2015",4,"Median",2,"Female",67,15,19,"15-19",100,"Married or in a union women",1,"Model-based Estimates",2,"Interpolation",10.72
44,"Currently married by age of woman (Percent)","Currently married by age of woman (Percent)","Estimates and Projections of Women of Reproductive Age Who Are Married or in a Union 2024",2024,"United Nations Population Division",218,"Ecuador","EC","ECU",67,"2016",4,"Median",2,"Female",67,15,19,"15-19",100,"Married or in a union women",1,"Model-based Estimates",2,"Interpolation",10.53
44,"Currently married by age of woman (Percent)","Currently married by age of woman (Percent)","Estimates and Projections of Women of Reproductive Age Who Are Married or in a Union 2024",2024,"United Nations Population Division",218,"Ecuador","EC","ECU",68,"2017",4,"Median",2,"Female",67,15,19,"15-19",100,"Married or in a union women",1,"Model-based Estimates",2,"Interpolation",10.34
44,"Currently married by age of woman (Percent)","Currently married by age of woman (Percent)","Estimates and Projections of Women of Reproductive Age Who Are Married or in a Union 2024",2024,"United Nations Population Division",218,"Ecuador","EC","ECU",69,"2018",4,"Median",2,"Female",67,15,19,"15-19",100,"Married or in a union women",1,"Model-based Estimates",2,"Interpolation",10.15
44,"Currently married by age of woman (Percent)","Currently married by age of woman (Percent)","Estimates and Projections of Women of Reproductive Age Who Are Married or in a Union 2024",2024,"United Nations Population Division",218,"Ecuador","EC","ECU",70,"2019",4,"Median",2,"Female",67,15,19,"15-19",100,"Married or in a union women",1,"Model-based Estimates",2,"Interpolation",9.96
44,"Currently married by age of woman (Percent)","Currently married by age of woman (Percent)","Estimates and Projections of Women of Reproductive Age Who Are Married or in a Union 2024",2024,"United Nations Population Division",218,"Ecuador","EC","ECU",71,"2020",4,"Median",2,"Female",67,15,19,"15-19",100,"Married or in a union women",1,"Model-based Estimates",2,"Interpolation",9.77
44,"Currently married by age of woman (Percent)","Currently married by age of woman (Percent)","Estimates and Projections of Women of Reproductive Age Who Are Married or in a Union 2024",2024,"United Nations Population Division",218,"Ecuador","EC","ECU",72,"2021",4,"Median",2,"Female",67,15,19,"15-19",100,"Married or in a union women",1,"Model-based Estimates",2,"Interpolation",9.58
44,"Currently married by age of woman (Percent)","Currently married by age of woman (Percent)","Estimates and Projections of Women of Reproductive Age Who Are Married or in a Union 2024",2024,"United Nations Population Division",218,"Ecuador","EC","ECU",73,"2022",4,"Median",2,"Female",67,15,19,"15-19",100,"Married or in a union women",1,"Model-based Estimates",2,"Interpolation",9.39
44,"Currently married by age of woman (Percent)","Currently married by age of woman (Percent)","Estimates and Projections of Women of Reproductive Age Who Are Married or in a Union 2024",2024,"United Nations Population Division",222,"El Salvador","SV","SLV",59,"2008",4,"Median",2,"Female",67,15,19,"15-19",100,"Married or in a union women",1,"Model-based Estimates",2,"Interpolation",15.7
44,"Currently married by age of woman (Percent)","Currently married by age of woman (Percent)","Estimates and Projections of Women of Reproductive Age Who Are Married or in a Union 2024",2024,"United Nations Population Division",222,"El Salvador","SV","SLV",60,"2009",4,"Median",2,"Female",67,15,19,"15-19",100,"Married or in a union women",1,"Model-based Estimates",2,"Interpolation",15.3
44,"Currently married by age of woman (Percent)","Currently married by age of woman (Percent)","Estimates and Projections of Women of Reproductive Age Who Are Married or in a Union 2024",2024,"United Nations Population Division",222,"El Salvador","SV","SLV",61,"2010",4,"Median",2,"Female",67,15,19,"15-19",100,"Married or in a union women",1,"Model-based Estimates",2,"Interpolation",14.91
44,"Currently married by age of woman (Percent)","Currently married by age of woman (Percent)","Estimates and Projections of Women of Reproductive Age Who Are Married or in a Union 2024",2024,"United Nations Population Division",222,"El Salvador","SV","SLV",62,"2011",4,"Median",2,"Female",67,15,19,"15-19",100,"Married or in a union women",1,"Model-based Estimates",2,"Interpolation",14.51
44,"Currently married by age of woman (Percent)","Currently married by age of woman (Percent)","Estimates and Projections of Women of Reproductive Age Who Are Married or in a Union 2024",2024,"United Nations Population Division",222,"El Salvador","SV","SLV",63,"2012",4,"Median",2,"Female",67,15,19,"15-19",100,"Married or in a union women",1,"Model-based Estimates",2,"Interpolation",14.12
44,"Currently married by age of woman (Percent)","Currently married by age of woman (Percent)","Estimates and Projections of Women of Reproductive Age Who Are Married or in a Union 2024",2024,"United Nations Population Division",222,"El Salvador","SV","SLV",64,"2013",4,"Median",2,"Female",67,15,19,"15-19",100,"Married or in a union women",1,"Model-based Estimates",2,"Interpolation",13.73
44,"Currently married by age of woman (Percent)","Currently married by age of woman (Percent)","Estimates and Projections of Women of Reproductive Age Who Are Married or in a Union 2024",2024,"United Nations Population Division",222,"El Salvador","SV","SLV",65,"2014",4,"Median",2,"Female",67,15,19,"15-19",100,"Married or in a union women",1,"Model-based Estimates",2,"Interpolation",13.33
44,"Currently married by age of woman (Percent)","Currently married by age of woman (Percent)","Estimates and Projections of Women of Reproductive Age Who Are Married or in a Union 2024",2024,"United Nations Population Division",222,"El Salvador","SV","SLV",66,"2015",4,"Median",2,"Female",67,15,19,"15-19",100,"Married or in a union women",1,"Model-based Estimates",2,"Interpolation",12.94
44,"Currently married by age of woman (Percent)","Currently married by age of woman (Percent)","Estimates and Projections of Women of Reproductive Age Who Are Married or in a Union 2024",2024,"United Nations Population Division",222,"El Salvador","SV","SLV",67,"2016",4,"Median",2,"Female",67,15,19,"15-19",100,"Married or in a union women",1,"Model-based Estimates",2,"Interpolation",12.54
44,"Currently married by age of woman (Percent)","Currently married by age of woman (Percent)","Estimates and Projections of Women of Reproductive Age Who Are Married or in a Union 2024",2024,"United Nations Population Division",222,"El Salvador","SV","SLV",68,"2017",4,"Median",2,"Female",67,15,19,"15-19",100,"Married or in a union women",1,"Model-based Estimates",2,"Interpolation",12.15
44,"Currently married by age of woman (Percent)","Currently married by age of woman (Percent)","Estimates and Projections of Women of Reproductive Age Who Are Married or in a Union 2024",2024,"United Nations Population Division",222,"El Salvador","SV","SLV",69,"2018",4,"Median",2,"Female",67,15,19,"15-19",100,"Married or in a union women",1,"Model-based Estimates",2,"Interpolation",11.76
44,"Currently married by age of woman (Percent)","Currently married by age of woman (Percent)","Estimates and Projections of Women of Reproductive Age Who Are Married or in a Union 2024",2024,"United Nations Population Division",222,"El Salvador","SV","SLV",70,"2019",4,"Median",2,"Female",67,15,19,"15-19",100,"Married or in a union women",1,"Model-based Estimates",2,"Interpolation",11.36
44,"Currently married by age of woman (Percent)","Currently married by age of woman (Percent)","Estimates and Projections of Women of Reproductive Age Who Are Married or in a Union 2024",2024,"United Nations Population Division",222,"El Salvador","SV","SLV",71,"2020",4,"Median",2,"Female",67,15,19,"15-19",100,"Married or in a union women",1,"Model-based Estimates",2,"Interpolation",10.97
44,"Currently married by age of woman (Percent)","Currently married by age of woman (Percent)","Estimates and Projections of Women of Reproductive Age Who Are Married or in a Union 2024",2024,"United Nations Population Division",222,"El Salvador","SV","SLV",72,"2021",4,"Median",2,"Female",67,15,19,"15-19",100,"Married or in a union women",1,"Model-based Estimates",2,"Interpolation",10.57
44,"Currently married by age of woman (Percent)","Currently married by age of woman (Percent)","Estimates and Projections of Women of Reproductive Age Who Are Married or in a Union 2024",2024,"United Nations Population Division",222,"El Salvador","SV","SLV",73,"2022",4,"Median",2,"Female",67,15,19,"15-19",100,"Married or in a union women",1,"Model-based Estimates",3,"Projection",10.26
44,"Currently married by age of woman (Percent)","Currently married by age of woman (Percent)","Estimates and Projections of Women of Reproductive Age Who Are Married or in a Union 2024",2024,"United Nations Population Division",238,"Falkland Islands (Malvinas)","FK","FLK",59,"2008",4,"Median",2,"Female",67,15,19,"15-19",100,"Married or in a union women",1,"Model-based Estimates",2,"Interpolation",7.62
44,"Currently married by age of woman (Percent)","Currently married by age of woman (Percent)","Estimates and Projections of Women of Reproductive Age Who Are Married or in a Union 2024",2024,"United Nations Population Division",238,"Falkland Islands (Malvinas)","FK","FLK",60,"2009",4,"Median",2,"Female",67,15,19,"15-19",100,"Married or in a union women",1,"Model-based Estimates",2,"Interpolation",7.29
44,"Currently married by age of woman (Percent)","Currently married by age of woman (Percent)","Estimates and Projections of Women of Reproductive Age Who Are Married or in a Union 2024",2024,"United Nations Population Division",238,"Falkland Islands (Malvinas)","FK","FLK",61,"2010",4,"Median",2,"Female",67,15,19,"15-19",100,"Married or in a union women",1,"Model-based Estimates",2,"Interpolation",6.95
44,"Currently married by age of woman (Percent)","Currently married by age of woman (Percent)","Estimates and Projections of Women of Reproductive Age Who Are Married or in a Union 2024",2024,"United Nations Population Division",238,"Falkland Islands (Malvinas)","FK","FLK",62,"2011",4,"Median",2,"Female",67,15,19,"15-19",100,"Married or in a union women",1,"Model-based Estimates",2,"Interpolation",6.62
44,"Currently married by age of woman (Percent)","Currently married by age of woman (Percent)","Estimates and Projections of Women of Reproductive Age Who Are Married or in a Union 2024",2024,"United Nations Population Division",238,"Falkland Islands (Malvinas)","FK","FLK",63,"2012",4,"Median",2,"Female",67,15,19,"15-19",100,"Married or in a union women",1,"Model-based Estimates",2,"Interpolation",6.28
44,"Currently married by age of woman (Percent)","Currently married by age of woman (Percent)","Estimates and Projections of Women of Reproductive Age Who Are Married or in a Union 2024",2024,"United Nations Population Division",238,"Falkland Islands (Malvinas)","FK","FLK",64,"2013",4,"Median",2,"Female",67,15,19,"15-19",100,"Married or in a union women",1,"Model-based Estimates",2,"Interpolation",5.94
44,"Currently married by age of woman (Percent)","Currently married by age of woman (Percent)","Estimates and Projections of Women of Reproductive Age Who Are Married or in a Union 2024",2024,"United Nations Population Division",238,"Falkland Islands (Malvinas)","FK","FLK",65,"2014",4,"Median",2,"Female",67,15,19,"15-19",100,"Married or in a union women",1,"Model-based Estimates",2,"Interpolation",5.61
44,"Currently married by age of woman (Percent)","Currently married by age of woman (Percent)","Estimates and Projections of Women of Reproductive Age Who Are Married or in a Union 2024",2024,"United Nations Population Division",238,"Falkland Islands (Malvinas)","FK","FLK",66,"2015",4,"Median",2,"Female",67,15,19,"15-19",100,"Married or in a union women",1,"Model-based Estimates",2,"Interpolation",5.27
44,"Currently married by age of woman (Percent)","Currently married by age of woman (Percent)","Estimates and Projections of Women of Reproductive Age Who Are Married or in a Union 2024",2024,"United Nations Population Division",238,"Falkland Islands (Malvinas)","FK","FLK",67,"2016",4,"Median",2,"Female",67,15,19,"15-19",100,"Married or in a union women",1,"Model-based Estimates",2,"Interpolation",4.94
44,"Currently married by age of woman (Percent)","Currently married by age of woman (Percent)","Estimates and Projections of Women of Reproductive Age Who Are Married or in a Union 2024",2024,"United Nations Population Division",238,"Falkland Islands (Malvinas)","FK","FLK",68,"2017",4,"Median",2,"Female",67,15,19,"15-19",100,"Married or in a union women",1,"Model-based Estimates",3,"Projection",4.75
44,"Currently married by age of woman (Percent)","Currently married by age of woman (Percent)","Estimates and Projections of Women of Reproductive Age Who Are Married or in a Union 2024",2024,"United Nations Population Division",238,"Falkland Islands (Malvinas)","FK","FLK",69,"2018",4,"Median",2,"Female",67,15,19,"15-19",100,"Married or in a union women",1,"Model-based Estimates",3,"Projection",4.59
44,"Currently married by age of woman (Percent)","Currently married by age of woman (Percent)","Estimates and Projections of Women of Reproductive Age Who Are Married or in a Union 2024",2024,"United Nations Population Division",238,"Falkland Islands (Malvinas)","FK","FLK",70,"2019",4,"Median",2,"Female",67,15,19,"15-19",100,"Married or in a union women",1,"Model-based Estimates",3,"Projection",4.43
44,"Currently married by age of woman (Percent)","Currently married by age of woman (Percent)","Estimates and Projections of Women of Reproductive Age Who Are Married or in a Union 2024",2024,"United Nations Population Division",238,"Falkland Islands (Malvinas)","FK","FLK",71,"2020",4,"Median",2,"Female",67,15,19,"15-19",100,"Married or in a union women",1,"Model-based Estimates",3,"Projection",4.29
44,"Currently married by age of woman (Percent)","Currently married by age of woman (Percent)","Estimates and Projections of Women of Reproductive Age Who Are Married or in a Union 2024",2024,"United Nations Population Division",238,"Falkland Islands (Malvinas)","FK","FLK",72,"2021",4,"Median",2,"Female",67,15,19,"15-19",100,"Married or in a union women",1,"Model-based Estimates",3,"Projection",4.16
44,"Currently married by age of woman (Percent)","Currently married by age of woman (Percent)","Estimates and Projections of Women of Reproductive Age Who Are Married or in a Union 2024",2024,"United Nations Population Division",238,"Falkland Islands (Malvinas)","FK","FLK",73,"2022",4,"Median",2,"Female",67,15,19,"15-19",100,"Married or in a union women",1,"Model-based Estimates",3,"Projection",4.04
44,"Currently married by age of woman (Percent)","Currently married by age of woman (Percent)","Estimates and Projections of Women of Reproductive Age Who Are Married or in a Union 2024",2024,"United Nations Population Division",254,"French Guiana","GF","GUF",59,"2008",4,"Median",2,"Female",67,15,19,"15-19",100,"Married or in a union women",1,"Model-based Estimates",2,"Interpolation",6.1
44,"Currently married by age of woman (Percent)","Currently married by age of woman (Percent)","Estimates and Projections of Women of Reproductive Age Who Are Married or in a Union 2024",2024,"United Nations Population Division",254,"French Guiana","GF","GUF",60,"2009",4,"Median",2,"Female",67,15,19,"15-19",100,"Married or in a union women",1,"Model-based Estimates",2,"Interpolation",5.82
44,"Currently married by age of woman (Percent)","Currently married by age of woman (Percent)","Estimates and Projections of Women of Reproductive Age Who Are Married or in a Union 2024",2024,"United Nations Population Division",254,"French Guiana","GF","GUF",61,"2010",4,"Median",2,"Female",67,15,19,"15-19",100,"Married or in a union women",1,"Model-based Estimates",2,"Interpolation",5.55
44,"Currently married by age of woman (Percent)","Currently married by age of woman (Percent)","Estimates and Projections of Women of Reproductive Age Who Are Married or in a Union 2024",2024,"United Nations Population Division",254,"French Guiana","GF","GUF",62,"2011",4,"Median",2,"Female",67,15,19,"15-19",100,"Married or in a union women",1,"Model-based Estimates",2,"Interpolation",5.27
44,"Currently married by age of woman (Percent)","Currently married by age of woman (Percent)","Estimates and Projections of Women of Reproductive Age Who Are Married or in a Union 2024",2024,"United Nations Population Division",254,"French Guiana","GF","GUF",63,"2012",4,"Median",2,"Female",67,15,19,"15-19",100,"Married or in a union women",1,"Model-based Estimates",2,"Interpolation",5
44,"Currently married by age of woman (Percent)","Currently married by age of woman (Percent)","Estimates and Projections of Women of Reproductive Age Who Are Married or in a Union 2024",2024,"United Nations Population Division",254,"French Guiana","GF","GUF",64,"2013",4,"Median",2,"Female",67,15,19,"15-19",100,"Married or in a union women",1,"Model-based Estimates",2,"Interpolation",4.72
44,"Currently married by age of woman (Percent)","Currently married by age of woman (Percent)","Estimates and Projections of Women of Reproductive Age Who Are Married or in a Union 2024",2024,"United Nations Population Division",254,"French Guiana","GF","GUF",65,"2014",4,"Median",2,"Female",67,15,19,"15-19",100,"Married or in a union women",1,"Model-based Estimates",2,"Interpolation",4.45
44,"Currently married by age of woman (Percent)","Currently married by age of woman (Percent)","Estimates and Projections of Women of Reproductive Age Who Are Married or in a Union 2024",2024,"United Nations Population Division",254,"French Guiana","GF","GUF",66,"2015",4,"Median",2,"Female",67,15,19,"15-19",100,"Married or in a union women",1,"Model-based Estimates",2,"Interpolation",4.17
44,"Currently married by age of woman (Percent)","Currently married by age of woman (Percent)","Estimates and Projections of Women of Reproductive Age Who Are Married or in a Union 2024",2024,"United Nations Population Division",254,"French Guiana","GF","GUF",67,"2016",4,"Median",2,"Female",67,15,19,"15-19",100,"Married or in a union women",1,"Model-based Estimates",2,"Interpolation",3.9
44,"Currently married by age of woman (Percent)","Currently married by age of woman (Percent)","Estimates and Projections of Women of Reproductive Age Who Are Married or in a Union 2024",2024,"United Nations Population Division",254,"French Guiana","GF","GUF",68,"2017",4,"Median",2,"Female",67,15,19,"15-19",100,"Married or in a union women",1,"Model-based Estimates",2,"Interpolation",3.62
44,"Currently married by age of woman (Percent)","Currently married by age of woman (Percent)","Estimates and Projections of Women of Reproductive Age Who Are Married or in a Union 2024",2024,"United Nations Population Division",254,"French Guiana","GF","GUF",69,"2018",4,"Median",2,"Female",67,15,19,"15-19",100,"Married or in a union women",1,"Model-based Estimates",2,"Interpolation",3.35
44,"Currently married by age of woman (Percent)","Currently married by age of woman (Percent)","Estimates and Projections of Women of Reproductive Age Who Are Married or in a Union 2024",2024,"United Nations Population Division",254,"French Guiana","GF","GUF",70,"2019",4,"Median",2,"Female",67,15,19,"15-19",100,"Married or in a union women",1,"Model-based Estimates",2,"Interpolation",3.07
44,"Currently married by age of woman (Percent)","Currently married by age of woman (Percent)","Estimates and Projections of Women of Reproductive Age Who Are Married or in a Union 2024",2024,"United Nations Population Division",254,"French Guiana","GF","GUF",71,"2020",4,"Median",2,"Female",67,15,19,"15-19",100,"Married or in a union women",1,"Model-based Estimates",2,"Interpolation",2.8
44,"Currently married by age of woman (Percent)","Currently married by age of woman (Percent)","Estimates and Projections of Women of Reproductive Age Who Are Married or in a Union 2024",2024,"United Nations Population Division",254,"French Guiana","GF","GUF",72,"2021",4,"Median",2,"Female",67,15,19,"15-19",100,"Married or in a union women",1,"Model-based Estimates",3,"Projection",2.63
44,"Currently married by age of woman (Percent)","Currently married by age of woman (Percent)","Estimates and Projections of Women of Reproductive Age Who Are Married or in a Union 2024",2024,"United Nations Population Division",254,"French Guiana","GF","GUF",73,"2022",4,"Median",2,"Female",67,15,19,"15-19",100,"Married or in a union women",1,"Model-based Estimates",3,"Projection",2.49
44,"Currently married by age of woman (Percent)","Currently married by age of woman (Percent)","Estimates and Projections of Women of Reproductive Age Who Are Married or in a Union 2024",2024,"United Nations Population Division",304,"Greenland","GL","GRL",59,"2008",4,"Median",2,"Female",67,15,19,"15-19",100,"Married or in a union women",1,"Model-based Estimates",2,"Interpolation",4.14
44,"Currently married by age of woman (Percent)","Currently married by age of woman (Percent)","Estimates and Projections of Women of Reproductive Age Who Are Married or in a Union 2024",2024,"United Nations Population Division",304,"Greenland","GL","GRL",60,"2009",4,"Median",2,"Female",67,15,19,"15-19",100,"Married or in a union women",1,"Model-based Estimates",2,"Interpolation",4.09
44,"Currently married by age of woman (Percent)","Currently married by age of woman (Percent)","Estimates and Projections of Women of Reproductive Age Who Are Married or in a Union 2024",2024,"United Nations Population Division",304,"Greenland","GL","GRL",61,"2010",4,"Median",2,"Female",67,15,19,"15-19",100,"Married or in a union women",1,"Model-based Estimates",2,"Interpolation",4.04
44,"Currently married by age of woman (Percent)","Currently married by age of woman (Percent)","Estimates and Projections of Women of Reproductive Age Who Are Married or in a Union 2024",2024,"United Nations Population Division",304,"Greenland","GL","GRL",62,"2011",4,"Median",2,"Female",67,15,19,"15-19",100,"Married or in a union women",1,"Model-based Estimates",2,"Interpolation",3.98
44,"Currently married by age of woman (Percent)","Currently married by age of woman (Percent)","Estimates and Projections of Women of Reproductive Age Who Are Married or in a Union 2024",2024,"United Nations Population Division",304,"Greenland","GL","GRL",63,"2012",4,"Median",2,"Female",67,15,19,"15-19",100,"Married or in a union women",1,"Model-based Estimates",2,"Interpolation",3.93
44,"Currently married by age of woman (Percent)","Currently married by age of woman (Percent)","Estimates and Projections of Women of Reproductive Age Who Are Married or in a Union 2024",2024,"United Nations Population Division",304,"Greenland","GL","GRL",64,"2013",4,"Median",2,"Female",67,15,19,"15-19",100,"Married or in a union women",1,"Model-based Estimates",2,"Interpolation",3.88
44,"Currently married by age of woman (Percent)","Currently married by age of woman (Percent)","Estimates and Projections of Women of Reproductive Age Who Are Married or in a Union 2024",2024,"United Nations Population Division",304,"Greenland","GL","GRL",65,"2014",4,"Median",2,"Female",67,15,19,"15-19",100,"Married or in a union women",1,"Model-based Estimates",2,"Interpolation",3.84
44,"Currently married by age of woman (Percent)","Currently married by age of woman (Percent)","Estimates and Projections of Women of Reproductive Age Who Are Married or in a Union 2024",2024,"United Nations Population Division",304,"Greenland","GL","GRL",66,"2015",4,"Median",2,"Female",67,15,19,"15-19",100,"Married or in a union women",1,"Model-based Estimates",2,"Interpolation",3.8
44,"Currently married by age of woman (Percent)","Currently married by age of woman (Percent)","Estimates and Projections of Women of Reproductive Age Who Are Married or in a Union 2024",2024,"United Nations Population Division",304,"Greenland","GL","GRL",67,"2016",4,"Median",2,"Female",67,15,19,"15-19",100,"Married or in a union women",1,"Model-based Estimates",2,"Interpolation",3.77
44,"Currently married by age of woman (Percent)","Currently married by age of woman (Percent)","Estimates and Projections of Women of Reproductive Age Who Are Married or in a Union 2024",2024,"United Nations Population Division",304,"Greenland","GL","GRL",68,"2017",4,"Median",2,"Female",67,15,19,"15-19",100,"Married or in a union women",1,"Model-based Estimates",2,"Interpolation",3.74
44,"Currently married by age of woman (Percent)","Currently married by age of woman (Percent)","Estimates and Projections of Women of Reproductive Age Who Are Married or in a Union 2024",2024,"United Nations Population Division",304,"Greenland","GL","GRL",69,"2018",4,"Median",2,"Female",67,15,19,"15-19",100,"Married or in a union women",1,"Model-based Estimates",2,"Interpolation",3.71
44,"Currently married by age of woman (Percent)","Currently married by age of woman (Percent)","Estimates and Projections of Women of Reproductive Age Who Are Married or in a Union 2024",2024,"United Nations Population Division",304,"Greenland","GL","GRL",70,"2019",4,"Median",2,"Female",67,15,19,"15-19",100,"Married or in a union women",1,"Model-based Estimates",2,"Interpolation",3.69
44,"Currently married by age of woman (Percent)","Currently married by age of woman (Percent)","Estimates and Projections of Women of Reproductive Age Who Are Married or in a Union 2024",2024,"United Nations Population Division",304,"Greenland","GL","GRL",71,"2020",4,"Median",2,"Female",67,15,19,"15-19",100,"Married or in a union women",1,"Model-based Estimates",2,"Interpolation",3.66
44,"Currently married by age of woman (Percent)","Currently married by age of woman (Percent)","Estimates and Projections of Women of Reproductive Age Who Are Married or in a Union 2024",2024,"United Nations Population Division",304,"Greenland","GL","GRL",72,"2021",4,"Median",2,"Female",67,15,19,"15-19",100,"Married or in a union women",1,"Model-based Estimates",2,"Interpolation",3.64
44,"Currently married by age of woman (Percent)","Currently married by age of woman (Percent)","Estimates and Projections of Women of Reproductive Age Who Are Married or in a Union 2024",2024,"United Nations Population Division",304,"Greenland","GL","GRL",73,"2022",4,"Median",2,"Female",67,15,19,"15-19",100,"Married or in a union women",1,"Model-based Estimates",2,"Interpolation",3.62
44,"Currently married by age of woman (Percent)","Currently married by age of woman (Percent)","Estimates and Projections of Women of Reproductive Age Who Are Married or in a Union 2024",2024,"United Nations Population Division",308,"Grenada","GD","GRD",59,"2008",4,"Median",2,"Female",67,15,19,"15-19",100,"Married or in a union women",1,"Model-based Estimates",3,"Projection",3.39
44,"Currently married by age of woman (Percent)","Currently married by age of woman (Percent)","Estimates and Projections of Women of Reproductive Age Who Are Married or in a Union 2024",2024,"United Nations Population Division",308,"Grenada","GD","GRD",60,"2009",4,"Median",2,"Female",67,15,19,"15-19",100,"Married or in a union women",1,"Model-based Estimates",3,"Projection",3.39
44,"Currently married by age of woman (Percent)","Currently married by age of woman (Percent)","Estimates and Projections of Women of Reproductive Age Who Are Married or in a Union 2024",2024,"United Nations Population Division",308,"Grenada","GD","GRD",61,"2010",4,"Median",2,"Female",67,15,19,"15-19",100,"Married or in a union women",1,"Model-based Estimates",3,"Projection",3.39
44,"Currently married by age of woman (Percent)","Currently married by age of woman (Percent)","Estimates and Projections of Women of Reproductive Age Who Are Married or in a Union 2024",2024,"United Nations Population Division",308,"Grenada","GD","GRD",62,"2011",4,"Median",2,"Female",67,15,19,"15-19",100,"Married or in a union women",1,"Model-based Estimates",3,"Projection",3.38
44,"Currently married by age of woman (Percent)","Currently married by age of woman (Percent)","Estimates and Projections of Women of Reproductive Age Who Are Married or in a Union 2024",2024,"United Nations Population Division",308,"Grenada","GD","GRD",63,"2012",4,"Median",2,"Female",67,15,19,"15-19",100,"Married or in a union women",1,"Model-based Estimates",3,"Projection",3.38
44,"Currently married by age of woman (Percent)","Currently married by age of woman (Percent)","Estimates and Projections of Women of Reproductive Age Who Are Married or in a Union 2024",2024,"United Nations Population Division",308,"Grenada","GD","GRD",64,"2013",4,"Median",2,"Female",67,15,19,"15-19",100,"Married or in a union women",1,"Model-based Estimates",3,"Projection",3.38
44,"Currently married by age of woman (Percent)","Currently married by age of woman (Percent)","Estimates and Projections of Women of Reproductive Age Who Are Married or in a Union 2024",2024,"United Nations Population Division",308,"Grenada","GD","GRD",65,"2014",4,"Median",2,"Female",67,15,19,"15-19",100,"Married or in a union women",1,"Model-based Estimates",3,"Projection",3.38
44,"Currently married by age of woman (Percent)","Currently married by age of woman (Percent)","Estimates and Projections of Women of Reproductive Age Who Are Married or in a Union 2024",2024,"United Nations Population Division",308,"Grenada","GD","GRD",66,"2015",4,"Median",2,"Female",67,15,19,"15-19",100,"Married or in a union women",1,"Model-based Estimates",3,"Projection",3.38
44,"Currently married by age of woman (Percent)","Currently married by age of woman (Percent)","Estimates and Projections of Women of Reproductive Age Who Are Married or in a Union 2024",2024,"United Nations Population Division",308,"Grenada","GD","GRD",67,"2016",4,"Median",2,"Female",67,15,19,"15-19",100,"Married or in a union women",1,"Model-based Estimates",3,"Projection",3.39
44,"Currently married by age of woman (Percent)","Currently married by age of woman (Percent)","Estimates and Projections of Women of Reproductive Age Who Are Married or in a Union 2024",2024,"United Nations Population Division",308,"Grenada","GD","GRD",68,"2017",4,"Median",2,"Female",67,15,19,"15-19",100,"Married or in a union women",1,"Model-based Estimates",3,"Projection",3.39
44,"Currently married by age of woman (Percent)","Currently married by age of woman (Percent)","Estimates and Projections of Women of Reproductive Age Who Are Married or in a Union 2024",2024,"United Nations Population Division",308,"Grenada","GD","GRD",69,"2018",4,"Median",2,"Female",67,15,19,"15-19",100,"Married or in a union women",1,"Model-based Estimates",3,"Projection",3.4
44,"Currently married by age of woman (Percent)","Currently married by age of woman (Percent)","Estimates and Projections of Women of Reproductive Age Who Are Married or in a Union 2024",2024,"United Nations Population Division",308,"Grenada","GD","GRD",70,"2019",4,"Median",2,"Female",67,15,19,"15-19",100,"Married or in a union women",1,"Model-based Estimates",3,"Projection",3.41
44,"Currently married by age of woman (Percent)","Currently married by age of woman (Percent)","Estimates and Projections of Women of Reproductive Age Who Are Married or in a Union 2024",2024,"United Nations Population Division",308,"Grenada","GD","GRD",71,"2020",4,"Median",2,"Female",67,15,19,"15-19",100,"Married or in a union women",1,"Model-based Estimates",3,"Projection",3.41
44,"Currently married by age of woman (Percent)","Currently married by age of woman (Percent)","Estimates and Projections of Women of Reproductive Age Who Are Married or in a Union 2024",2024,"United Nations Population Division",308,"Grenada","GD","GRD",72,"2021",4,"Median",2,"Female",67,15,19,"15-19",100,"Married or in a union women",1,"Model-based Estimates",3,"Projection",3.42
44,"Currently married by age of woman (Percent)","Currently married by age of woman (Percent)","Estimates and Projections of Women of Reproductive Age Who Are Married or in a Union 2024",2024,"United Nations Population Division",308,"Grenada","GD","GRD",73,"2022",4,"Median",2,"Female",67,15,19,"15-19",100,"Married or in a union women",1,"Model-based Estimates",3,"Projection",3.43
44,"Currently married by age of woman (Percent)","Currently married by age of woman (Percent)","Estimates and Projections of Women of Reproductive Age Who Are Married or in a Union 2024",2024,"United Nations Population Division",320,"Guatemala","GT","GTM",59,"2008",4,"Median",2,"Female",67,15,19,"15-19",100,"Married or in a union women",1,"Model-based Estimates",2,"Interpolation",17.84
44,"Currently married by age of woman (Percent)","Currently married by age of woman (Percent)","Estimates and Projections of Women of Reproductive Age Who Are Married or in a Union 2024",2024,"United Nations Population Division",320,"Guatemala","GT","GTM",60,"2009",4,"Median",2,"Female",67,15,19,"15-19",100,"Married or in a union women",1,"Model-based Estimates",2,"Interpolation",17.78
44,"Currently married by age of woman (Percent)","Currently married by age of woman (Percent)","Estimates and Projections of Women of Reproductive Age Who Are Married or in a Union 2024",2024,"United Nations Population Division",320,"Guatemala","GT","GTM",61,"2010",4,"Median",2,"Female",67,15,19,"15-19",100,"Married or in a union women",1,"Model-based Estimates",2,"Interpolation",17.71
44,"Currently married by age of woman (Percent)","Currently married by age of woman (Percent)","Estimates and Projections of Women of Reproductive Age Who Are Married or in a Union 2024",2024,"United Nations Population Division",320,"Guatemala","GT","GTM",62,"2011",4,"Median",2,"Female",67,15,19,"15-19",100,"Married or in a union women",1,"Model-based Estimates",2,"Interpolation",17.65
44,"Currently married by age of woman (Percent)","Currently married by age of woman (Percent)","Estimates and Projections of Women of Reproductive Age Who Are Married or in a Union 2024",2024,"United Nations Population Division",320,"Guatemala","GT","GTM",63,"2012",4,"Median",2,"Female",67,15,19,"15-19",100,"Married or in a union women",1,"Model-based Estimates",2,"Interpolation",17.59
44,"Currently married by age of woman (Percent)","Currently married by age of woman (Percent)","Estimates and Projections of Women of Reproductive Age Who Are Married or in a Union 2024",2024,"United Nations Population Division",320,"Guatemala","GT","GTM",64,"2013",4,"Median",2,"Female",67,15,19,"15-19",100,"Married or in a union women",1,"Model-based Estimates",2,"Interpolation",17.53
44,"Currently married by age of woman (Percent)","Currently married by age of woman (Percent)","Estimates and Projections of Women of Reproductive Age Who Are Married or in a Union 2024",2024,"United Nations Population Division",320,"Guatemala","GT","GTM",65,"2014",4,"Median",2,"Female",67,15,19,"15-19",100,"Married or in a union women",1,"Model-based Estimates",2,"Interpolation",17.47
44,"Currently married by age of woman (Percent)","Currently married by age of woman (Percent)","Estimates and Projections of Women of Reproductive Age Who Are Married or in a Union 2024",2024,"United Nations Population Division",320,"Guatemala","GT","GTM",66,"2015",4,"Median",2,"Female",67,15,19,"15-19",100,"Married or in a union women",1,"Model-based Estimates",2,"Interpolation",17.41
44,"Currently married by age of woman (Percent)","Currently married by age of woman (Percent)","Estimates and Projections of Women of Reproductive Age Who Are Married or in a Union 2024",2024,"United Nations Population Division",320,"Guatemala","GT","GTM",67,"2016",4,"Median",2,"Female",67,15,19,"15-19",100,"Married or in a union women",1,"Model-based Estimates",2,"Interpolation",17.35
44,"Currently married by age of woman (Percent)","Currently married by age of woman (Percent)","Estimates and Projections of Women of Reproductive Age Who Are Married or in a Union 2024",2024,"United Nations Population Division",320,"Guatemala","GT","GTM",68,"2017",4,"Median",2,"Female",67,15,19,"15-19",100,"Married or in a union women",1,"Model-based Estimates",2,"Interpolation",17.29
44,"Currently married by age of woman (Percent)","Currently married by age of woman (Percent)","Estimates and Projections of Women of Reproductive Age Who Are Married or in a Union 2024",2024,"United Nations Population Division",320,"Guatemala","GT","GTM",69,"2018",4,"Median",2,"Female",67,15,19,"15-19",100,"Married or in a union women",1,"Model-based Estimates",2,"Interpolation",17.23
44,"Currently married by age of woman (Percent)","Currently married by age of woman (Percent)","Estimates and Projections of Women of Reproductive Age Who Are Married or in a Union 2024",2024,"United Nations Population Division",320,"Guatemala","GT","GTM",70,"2019",4,"Median",2,"Female",67,15,19,"15-19",100,"Married or in a union women",1,"Model-based Estimates",3,"Projection",17.16
44,"Currently married by age of woman (Percent)","Currently married by age of woman (Percent)","Estimates and Projections of Women of Reproductive Age Who Are Married or in a Union 2024",2024,"United Nations Population Division",320,"Guatemala","GT","GTM",71,"2020",4,"Median",2,"Female",67,15,19,"15-19",100,"Married or in a union women",1,"Model-based Estimates",3,"Projection",17.07
44,"Currently married by age of woman (Percent)","Currently married by age of woman (Percent)","Estimates and Projections of Women of Reproductive Age Who Are Married or in a Union 2024",2024,"United Nations Population Division",320,"Guatemala","GT","GTM",72,"2021",4,"Median",2,"Female",67,15,19,"15-19",100,"Married or in a union women",1,"Model-based Estimates",3,"Projection",16.97
44,"Currently married by age of woman (Percent)","Currently married by age of woman (Percent)","Estimates and Projections of Women of Reproductive Age Who Are Married or in a Union 2024",2024,"United Nations Population Division",320,"Guatemala","GT","GTM",73,"2022",4,"Median",2,"Female",67,15,19,"15-19",100,"Married or in a union women",1,"Model-based Estimates",3,"Projection",16.84
44,"Currently married by age of woman (Percent)","Currently married by age of woman (Percent)","Estimates and Projections of Women of Reproductive Age Who Are Married or in a Union 2024",2024,"United Nations Population Division",328,"Guyana","GY","GUY",59,"2008",4,"Median",2,"Female",67,15,19,"15-19",100,"Married or in a union women",1,"Model-based Estimates",2,"Interpolation",16.16
44,"Currently married by age of woman (Percent)","Currently married by age of woman (Percent)","Estimates and Projections of Women of Reproductive Age Who Are Married or in a Union 2024",2024,"United Nations Population Division",328,"Guyana","GY","GUY",60,"2009",4,"Median",2,"Female",67,15,19,"15-19",100,"Married or in a union women",1,"Model-based Estimates",2,"Interpolation",16.2
44,"Currently married by age of woman (Percent)","Currently married by age of woman (Percent)","Estimates and Projections of Women of Reproductive Age Who Are Married or in a Union 2024",2024,"United Nations Population Division",328,"Guyana","GY","GUY",61,"2010",4,"Median",2,"Female",67,15,19,"15-19",100,"Married or in a union women",1,"Model-based Estimates",2,"Interpolation",16.24
44,"Currently married by age of woman (Percent)","Currently married by age of woman (Percent)","Estimates and Projections of Women of Reproductive Age Who Are Married or in a Union 2024",2024,"United Nations Population Division",328,"Guyana","GY","GUY",62,"2011",4,"Median",2,"Female",67,15,19,"15-19",100,"Married or in a union women",1,"Model-based Estimates",2,"Interpolation",16.26
44,"Currently married by age of woman (Percent)","Currently married by age of woman (Percent)","Estimates and Projections of Women of Reproductive Age Who Are Married or in a Union 2024",2024,"United Nations Population Division",328,"Guyana","GY","GUY",63,"2012",4,"Median",2,"Female",67,15,19,"15-19",100,"Married or in a union women",1,"Model-based Estimates",2,"Interpolation",16.27
44,"Currently married by age of woman (Percent)","Currently married by age of woman (Percent)","Estimates and Projections of Women of Reproductive Age Who Are Married or in a Union 2024",2024,"United Nations Population Division",328,"Guyana","GY","GUY",64,"2013",4,"Median",2,"Female",67,15,19,"15-19",100,"Married or in a union women",1,"Model-based Estimates",2,"Interpolation",16.26
44,"Currently married by age of woman (Percent)","Currently married by age of woman (Percent)","Estimates and Projections of Women of Reproductive Age Who Are Married or in a Union 2024",2024,"United Nations Population Division",328,"Guyana","GY","GUY",65,"2014",4,"Median",2,"Female",67,15,19,"15-19",100,"Married or in a union women",1,"Model-based Estimates",2,"Interpolation",16.24
44,"Currently married by age of woman (Percent)","Currently married by age of woman (Percent)","Estimates and Projections of Women of Reproductive Age Who Are Married or in a Union 2024",2024,"United Nations Population Division",328,"Guyana","GY","GUY",66,"2015",4,"Median",2,"Female",67,15,19,"15-19",100,"Married or in a union women",1,"Model-based Estimates",2,"Interpolation",16.2
44,"Currently married by age of woman (Percent)","Currently married by age of woman (Percent)","Estimates and Projections of Women of Reproductive Age Who Are Married or in a Union 2024",2024,"United Nations Population Division",328,"Guyana","GY","GUY",67,"2016",4,"Median",2,"Female",67,15,19,"15-19",100,"Married or in a union women",1,"Model-based Estimates",2,"Interpolation",16.15
44,"Currently married by age of woman (Percent)","Currently married by age of woman (Percent)","Estimates and Projections of Women of Reproductive Age Who Are Married or in a Union 2024",2024,"United Nations Population Division",328,"Guyana","GY","GUY",68,"2017",4,"Median",2,"Female",67,15,19,"15-19",100,"Married or in a union women",1,"Model-based Estimates",2,"Interpolation",16.08
44,"Currently married by age of woman (Percent)","Currently married by age of woman (Percent)","Estimates and Projections of Women of Reproductive Age Who Are Married or in a Union 2024",2024,"United Nations Population Division",328,"Guyana","GY","GUY",69,"2018",4,"Median",2,"Female",67,15,19,"15-19",100,"Married or in a union women",1,"Model-based Estimates",2,"Interpolation",15.99
44,"Currently married by age of woman (Percent)","Currently married by age of woman (Percent)","Estimates and Projections of Women of Reproductive Age Who Are Married or in a Union 2024",2024,"United Nations Population Division",328,"Guyana","GY","GUY",70,"2019",4,"Median",2,"Female",67,15,19,"15-19",100,"Married or in a union women",1,"Model-based Estimates",2,"Interpolation",15.89
44,"Currently married by age of woman (Percent)","Currently married by age of woman (Percent)","Estimates and Projections of Women of Reproductive Age Who Are Married or in a Union 2024",2024,"United Nations Population Division",328,"Guyana","GY","GUY",71,"2020",4,"Median",2,"Female",67,15,19,"15-19",100,"Married or in a union women",1,"Model-based Estimates",2,"Interpolation",15.78
44,"Currently married by age of woman (Percent)","Currently married by age of woman (Percent)","Estimates and Projections of Women of Reproductive Age Who Are Married or in a Union 2024",2024,"United Nations Population Division",328,"Guyana","GY","GUY",72,"2021",4,"Median",2,"Female",67,15,19,"15-19",100,"Married or in a union women",1,"Model-based Estimates",3,"Projection",15.65
44,"Currently married by age of woman (Percent)","Currently married by age of woman (Percent)","Estimates and Projections of Women of Reproductive Age Who Are Married or in a Union 2024",2024,"United Nations Population Division",328,"Guyana","GY","GUY",73,"2022",4,"Median",2,"Female",67,15,19,"15-19",100,"Married or in a union women",1,"Model-based Estimates",3,"Projection",15.51
44,"Currently married by age of woman (Percent)","Currently married by age of woman (Percent)","Estimates and Projections of Women of Reproductive Age Who Are Married or in a Union 2024",2024,"United Nations Population Division",332,"Haiti","HT","HTI",59,"2008",4,"Median",2,"Female",67,15,19,"15-19",100,"Married or in a union women",1,"Model-based Estimates",2,"Interpolation",10.17
44,"Currently married by age of woman (Percent)","Currently married by age of woman (Percent)","Estimates and Projections of Women of Reproductive Age Who Are Married or in a Union 2024",2024,"United Nations Population Division",332,"Haiti","HT","HTI",60,"2009",4,"Median",2,"Female",67,15,19,"15-19",100,"Married or in a union women",1,"Model-based Estimates",2,"Interpolation",9.81
44,"Currently married by age of woman (Percent)","Currently married by age of woman (Percent)","Estimates and Projections of Women of Reproductive Age Who Are Married or in a Union 2024",2024,"United Nations Population Division",332,"Haiti","HT","HTI",61,"2010",4,"Median",2,"Female",67,15,19,"15-19",100,"Married or in a union women",1,"Model-based Estimates",2,"Interpolation",9.44
44,"Currently married by age of woman (Percent)","Currently married by age of woman (Percent)","Estimates and Projections of Women of Reproductive Age Who Are Married or in a Union 2024",2024,"United Nations Population Division",332,"Haiti","HT","HTI",62,"2011",4,"Median",2,"Female",67,15,19,"15-19",100,"Married or in a union women",1,"Model-based Estimates",2,"Interpolation",9.08
44,"Currently married by age of woman (Percent)","Currently married by age of woman (Percent)","Estimates and Projections of Women of Reproductive Age Who Are Married or in a Union 2024",2024,"United Nations Population Division",332,"Haiti","HT","HTI",63,"2012",4,"Median",2,"Female",67,15,19,"15-19",100,"Married or in a union women",1,"Model-based Estimates",2,"Interpolation",8.72
44,"Currently married by age of woman (Percent)","Currently married by age of woman (Percent)","Estimates and Projections of Women of Reproductive Age Who Are Married or in a Union 2024",2024,"United Nations Population Division",332,"Haiti","HT","HTI",64,"2013",4,"Median",2,"Female",67,15,19,"15-19",100,"Married or in a union women",1,"Model-based Estimates",2,"Interpolation",8.35
44,"Currently married by age of woman (Percent)","Currently married by age of woman (Percent)","Estimates and Projections of Women of Reproductive Age Who Are Married or in a Union 2024",2024,"United Nations Population Division",332,"Haiti","HT","HTI",65,"2014",4,"Median",2,"Female",67,15,19,"15-19",100,"Married or in a union women",1,"Model-based Estimates",2,"Interpolation",7.99
44,"Currently married by age of woman (Percent)","Currently married by age of woman (Percent)","Estimates and Projections of Women of Reproductive Age Who Are Married or in a Union 2024",2024,"United Nations Population Division",332,"Haiti","HT","HTI",66,"2015",4,"Median",2,"Female",67,15,19,"15-19",100,"Married or in a union women",1,"Model-based Estimates",2,"Interpolation",7.63
44,"Currently married by age of woman (Percent)","Currently married by age of woman (Percent)","Estimates and Projections of Women of Reproductive Age Who Are Married or in a Union 2024",2024,"United Nations Population Division",332,"Haiti","HT","HTI",67,"2016",4,"Median",2,"Female",67,15,19,"15-19",100,"Married or in a union women",1,"Model-based Estimates",2,"Interpolation",7.26
44,"Currently married by age of woman (Percent)","Currently married by age of woman (Percent)","Estimates and Projections of Women of Reproductive Age Who Are Married or in a Union 2024",2024,"United Nations Population Division",332,"Haiti","HT","HTI",68,"2017",4,"Median",2,"Female",67,15,19,"15-19",100,"Married or in a union women",1,"Model-based Estimates",2,"Interpolation",6.9
44,"Currently married by age of woman (Percent)","Currently married by age of woman (Percent)","Estimates and Projections of Women of Reproductive Age Who Are Married or in a Union 2024",2024,"United Nations Population Division",332,"Haiti","HT","HTI",69,"2018",4,"Median",2,"Female",67,15,19,"15-19",100,"Married or in a union women",1,"Model-based Estimates",3,"Projection",6.66
44,"Currently married by age of woman (Percent)","Currently married by age of woman (Percent)","Estimates and Projections of Women of Reproductive Age Who Are Married or in a Union 2024",2024,"United Nations Population Division",332,"Haiti","HT","HTI",70,"2019",4,"Median",2,"Female",67,15,19,"15-19",100,"Married or in a union women",1,"Model-based Estimates",3,"Projection",6.43
44,"Currently married by age of woman (Percent)","Currently married by age of woman (Percent)","Estimates and Projections of Women of Reproductive Age Who Are Married or in a Union 2024",2024,"United Nations Population Division",332,"Haiti","HT","HTI",71,"2020",4,"Median",2,"Female",67,15,19,"15-19",100,"Married or in a union women",1,"Model-based Estimates",3,"Projection",6.22
44,"Currently married by age of woman (Percent)","Currently married by age of woman (Percent)","Estimates and Projections of Women of Reproductive Age Who Are Married or in a Union 2024",2024,"United Nations Population Division",332,"Haiti","HT","HTI",72,"2021",4,"Median",2,"Female",67,15,19,"15-19",100,"Married or in a union women",1,"Model-based Estimates",3,"Projection",6.03
44,"Currently married by age of woman (Percent)","Currently married by age of woman (Percent)","Estimates and Projections of Women of Reproductive Age Who Are Married or in a Union 2024",2024,"United Nations Population Division",332,"Haiti","HT","HTI",73,"2022",4,"Median",2,"Female",67,15,19,"15-19",100,"Married or in a union women",1,"Model-based Estimates",3,"Projection",5.85
44,"Currently married by age of woman (Percent)","Currently married by age of woman (Percent)","Estimates and Projections of Women of Reproductive Age Who Are Married or in a Union 2024",2024,"United Nations Population Division",340,"Honduras","HN","HND",59,"2008",4,"Median",2,"Female",67,15,19,"15-19",100,"Married or in a union women",1,"Model-based Estimates",2,"Interpolation",20.39
44,"Currently married by age of woman (Percent)","Currently married by age of woman (Percent)","Estimates and Projections of Women of Reproductive Age Who Are Married or in a Union 2024",2024,"United Nations Population Division",340,"Honduras","HN","HND",60,"2009",4,"Median",2,"Female",67,15,19,"15-19",100,"Married or in a union women",1,"Model-based Estimates",2,"Interpolation",20.45
44,"Currently married by age of woman (Percent)","Currently married by age of woman (Percent)","Estimates and Projections of Women of Reproductive Age Who Are Married or in a Union 2024",2024,"United Nations Population Division",340,"Honduras","HN","HND",61,"2010",4,"Median",2,"Female",67,15,19,"15-19",100,"Married or in a union women",1,"Model-based Estimates",2,"Interpolation",20.52
44,"Currently married by age of woman (Percent)","Currently married by age of woman (Percent)","Estimates and Projections of Women of Reproductive Age Who Are Married or in a Union 2024",2024,"United Nations Population Division",340,"Honduras","HN","HND",62,"2011",4,"Median",2,"Female",67,15,19,"15-19",100,"Married or in a union women",1,"Model-based Estimates",2,"Interpolation",20.58
44,"Currently married by age of woman (Percent)","Currently married by age of woman (Percent)","Estimates and Projections of Women of Reproductive Age Who Are Married or in a Union 2024",2024,"United Nations Population Division",340,"Honduras","HN","HND",63,"2012",4,"Median",2,"Female",67,15,19,"15-19",100,"Married or in a union women",1,"Model-based Estimates",2,"Interpolation",20.64
44,"Currently married by age of woman (Percent)","Currently married by age of woman (Percent)","Estimates and Projections of Women of Reproductive Age Who Are Married or in a Union 2024",2024,"United Nations Population Division",340,"Honduras","HN","HND",64,"2013",4,"Median",2,"Female",67,15,19,"15-19",100,"Married or in a union women",1,"Model-based Estimates",2,"Interpolation",20.71
44,"Currently married by age of woman (Percent)","Currently married by age of woman (Percent)","Estimates and Projections of Women of Reproductive Age Who Are Married or in a Union 2024",2024,"United Nations Population Division",340,"Honduras","HN","HND",65,"2014",4,"Median",2,"Female",67,15,19,"15-19",100,"Married or in a union women",1,"Model-based Estimates",2,"Interpolation",20.77
44,"Currently married by age of woman (Percent)","Currently married by age of woman (Percent)","Estimates and Projections of Women of Reproductive Age Who Are Married or in a Union 2024",2024,"United Nations Population Division",340,"Honduras","HN","HND",66,"2015",4,"Median",2,"Female",67,15,19,"15-19",100,"Married or in a union women",1,"Model-based Estimates",2,"Interpolation",20.83
44,"Currently married by age of woman (Percent)","Currently married by age of woman (Percent)","Estimates and Projections of Women of Reproductive Age Who Are Married or in a Union 2024",2024,"United Nations Population Division",340,"Honduras","HN","HND",67,"2016",4,"Median",2,"Female",67,15,19,"15-19",100,"Married or in a union women",1,"Model-based Estimates",2,"Interpolation",20.89
44,"Currently married by age of woman (Percent)","Currently married by age of woman (Percent)","Estimates and Projections of Women of Reproductive Age Who Are Married or in a Union 2024",2024,"United Nations Population Division",340,"Honduras","HN","HND",68,"2017",4,"Median",2,"Female",67,15,19,"15-19",100,"Married or in a union women",1,"Model-based Estimates",2,"Interpolation",20.96
44,"Currently married by age of woman (Percent)","Currently married by age of woman (Percent)","Estimates and Projections of Women of Reproductive Age Who Are Married or in a Union 2024",2024,"United Nations Population Division",340,"Honduras","HN","HND",69,"2018",4,"Median",2,"Female",67,15,19,"15-19",100,"Married or in a union women",1,"Model-based Estimates",2,"Interpolation",21.02
44,"Currently married by age of woman (Percent)","Currently married by age of woman (Percent)","Estimates and Projections of Women of Reproductive Age Who Are Married or in a Union 2024",2024,"United Nations Population Division",340,"Honduras","HN","HND",70,"2019",4,"Median",2,"Female",67,15,19,"15-19",100,"Married or in a union women",1,"Model-based Estimates",2,"Interpolation",21.08
44,"Currently married by age of woman (Percent)","Currently married by age of woman (Percent)","Estimates and Projections of Women of Reproductive Age Who Are Married or in a Union 2024",2024,"United Nations Population Division",340,"Honduras","HN","HND",71,"2020",4,"Median",2,"Female",67,15,19,"15-19",100,"Married or in a union women",1,"Model-based Estimates",3,"Projection",21.13
44,"Currently married by age of woman (Percent)","Currently married by age of woman (Percent)","Estimates and Projections of Women of Reproductive Age Who Are Married or in a Union 2024",2024,"United Nations Population Division",340,"Honduras","HN","HND",72,"2021",4,"Median",2,"Female",67,15,19,"15-19",100,"Married or in a union women",1,"Model-based Estimates",3,"Projection",21.14
44,"Currently married by age of woman (Percent)","Currently married by age of woman (Percent)","Estimates and Projections of Women of Reproductive Age Who Are Married or in a Union 2024",2024,"United Nations Population Division",340,"Honduras","HN","HND",73,"2022",4,"Median",2,"Female",67,15,19,"15-19",100,"Married or in a union women",1,"Model-based Estimates",3,"Projection",21.12
44,"Currently married by age of woman (Percent)","Currently married by age of woman (Percent)","Estimates and Projections of Women of Reproductive Age Who Are Married or in a Union 2024",2024,"United Nations Population Division",388,"Jamaica","JM","JAM",59,"2008",4,"Median",2,"Female",67,15,19,"15-19",100,"Married or in a union women",1,"Model-based Estimates",2,"Interpolation",6.5
44,"Currently married by age of woman (Percent)","Currently married by age of woman (Percent)","Estimates and Projections of Women of Reproductive Age Who Are Married or in a Union 2024",2024,"United Nations Population Division",388,"Jamaica","JM","JAM",60,"2009",4,"Median",2,"Female",67,15,19,"15-19",100,"Married or in a union women",1,"Model-based Estimates",2,"Interpolation",6.24
44,"Currently married by age of woman (Percent)","Currently married by age of woman (Percent)","Estimates and Projections of Women of Reproductive Age Who Are Married or in a Union 2024",2024,"United Nations Population Division",388,"Jamaica","JM","JAM",61,"2010",4,"Median",2,"Female",67,15,19,"15-19",100,"Married or in a union women",1,"Model-based Estimates",2,"Interpolation",5.97
44,"Currently married by age of woman (Percent)","Currently married by age of woman (Percent)","Estimates and Projections of Women of Reproductive Age Who Are Married or in a Union 2024",2024,"United Nations Population Division",388,"Jamaica","JM","JAM",62,"2011",4,"Median",2,"Female",67,15,19,"15-19",100,"Married or in a union women",1,"Model-based Estimates",2,"Interpolation",5.71
44,"Currently married by age of woman (Percent)","Currently married by age of woman (Percent)","Estimates and Projections of Women of Reproductive Age Who Are Married or in a Union 2024",2024,"United Nations Population Division",388,"Jamaica","JM","JAM",63,"2012",4,"Median",2,"Female",67,15,19,"15-19",100,"Married or in a union women",1,"Model-based Estimates",2,"Interpolation",5.44
44,"Currently married by age of woman (Percent)","Currently married by age of woman (Percent)","Estimates and Projections of Women of Reproductive Age Who Are Married or in a Union 2024",2024,"United Nations Population Division",388,"Jamaica","JM","JAM",64,"2013",4,"Median",2,"Female",67,15,19,"15-19",100,"Married or in a union women",1,"Model-based Estimates",2,"Interpolation",5.18
44,"Currently married by age of woman (Percent)","Currently married by age of woman (Percent)","Estimates and Projections of Women of Reproductive Age Who Are Married or in a Union 2024",2024,"United Nations Population Division",388,"Jamaica","JM","JAM",65,"2014",4,"Median",2,"Female",67,15,19,"15-19",100,"Married or in a union women",1,"Model-based Estimates",2,"Interpolation",4.91
44,"Currently married by age of woman (Percent)","Currently married by age of woman (Percent)","Estimates and Projections of Women of Reproductive Age Who Are Married or in a Union 2024",2024,"United Nations Population Division",388,"Jamaica","JM","JAM",66,"2015",4,"Median",2,"Female",67,15,19,"15-19",100,"Married or in a union women",1,"Model-based Estimates",2,"Interpolation",4.65
44,"Currently married by age of woman (Percent)","Currently married by age of woman (Percent)","Estimates and Projections of Women of Reproductive Age Who Are Married or in a Union 2024",2024,"United Nations Population Division",388,"Jamaica","JM","JAM",67,"2016",4,"Median",2,"Female",67,15,19,"15-19",100,"Married or in a union women",1,"Model-based Estimates",2,"Interpolation",4.39
44,"Currently married by age of woman (Percent)","Currently married by age of woman (Percent)","Estimates and Projections of Women of Reproductive Age Who Are Married or in a Union 2024",2024,"United Nations Population Division",388,"Jamaica","JM","JAM",68,"2017",4,"Median",2,"Female",67,15,19,"15-19",100,"Married or in a union women",1,"Model-based Estimates",2,"Interpolation",4.12
44,"Currently married by age of woman (Percent)","Currently married by age of woman (Percent)","Estimates and Projections of Women of Reproductive Age Who Are Married or in a Union 2024",2024,"United Nations Population Division",388,"Jamaica","JM","JAM",69,"2018",4,"Median",2,"Female",67,15,19,"15-19",100,"Married or in a union women",1,"Model-based Estimates",2,"Interpolation",3.86
44,"Currently married by age of woman (Percent)","Currently married by age of woman (Percent)","Estimates and Projections of Women of Reproductive Age Who Are Married or in a Union 2024",2024,"United Nations Population Division",388,"Jamaica","JM","JAM",70,"2019",4,"Median",2,"Female",67,15,19,"15-19",100,"Married or in a union women",1,"Model-based Estimates",2,"Interpolation",3.59
44,"Currently married by age of woman (Percent)","Currently married by age of woman (Percent)","Estimates and Projections of Women of Reproductive Age Who Are Married or in a Union 2024",2024,"United Nations Population Division",388,"Jamaica","JM","JAM",71,"2020",4,"Median",2,"Female",67,15,19,"15-19",100,"Married or in a union women",1,"Model-based Estimates",2,"Interpolation",3.33
44,"Currently married by age of woman (Percent)","Currently married by age of woman (Percent)","Estimates and Projections of Women of Reproductive Age Who Are Married or in a Union 2024",2024,"United Nations Population Division",388,"Jamaica","JM","JAM",72,"2021",4,"Median",2,"Female",67,15,19,"15-19",100,"Married or in a union women",1,"Model-based Estimates",2,"Interpolation",3.06
44,"Currently married by age of woman (Percent)","Currently married by age of woman (Percent)","Estimates and Projections of Women of Reproductive Age Who Are Married or in a Union 2024",2024,"United Nations Population Division",388,"Jamaica","JM","JAM",73,"2022",4,"Median",2,"Female",67,15,19,"15-19",100,"Married or in a union women",1,"Model-based Estimates",2,"Interpolation",2.8
44,"Currently married by age of woman (Percent)","Currently married by age of woman (Percent)","Estimates and Projections of Women of Reproductive Age Who Are Married or in a Union 2024",2024,"United Nations Population Division",474,"Martinique","MQ","MTQ",59,"2008",4,"Median",2,"Female",67,15,19,"15-19",100,"Married or in a union women",1,"Model-based Estimates",2,"Interpolation",1.59
44,"Currently married by age of woman (Percent)","Currently married by age of woman (Percent)","Estimates and Projections of Women of Reproductive Age Who Are Married or in a Union 2024",2024,"United Nations Population Division",474,"Martinique","MQ","MTQ",60,"2009",4,"Median",2,"Female",67,15,19,"15-19",100,"Married or in a union women",1,"Model-based Estimates",2,"Interpolation",1.55
44,"Currently married by age of woman (Percent)","Currently married by age of woman (Percent)","Estimates and Projections of Women of Reproductive Age Who Are Married or in a Union 2024",2024,"United Nations Population Division",474,"Martinique","MQ","MTQ",61,"2010",4,"Median",2,"Female",67,15,19,"15-19",100,"Married or in a union women",1,"Model-based Estimates",2,"Interpolation",1.51
44,"Currently married by age of woman (Percent)","Currently married by age of woman (Percent)","Estimates and Projections of Women of Reproductive Age Who Are Married or in a Union 2024",2024,"United Nations Population Division",474,"Martinique","MQ","MTQ",62,"2011",4,"Median",2,"Female",67,15,19,"15-19",100,"Married or in a union women",1,"Model-based Estimates",2,"Interpolation",1.47
44,"Currently married by age of woman (Percent)","Currently married by age of woman (Percent)","Estimates and Projections of Women of Reproductive Age Who Are Married or in a Union 2024",2024,"United Nations Population Division",474,"Martinique","MQ","MTQ",63,"2012",4,"Median",2,"Female",67,15,19,"15-19",100,"Married or in a union women",1,"Model-based Estimates",2,"Interpolation",1.43
44,"Currently married by age of woman (Percent)","Currently married by age of woman (Percent)","Estimates and Projections of Women of Reproductive Age Who Are Married or in a Union 2024",2024,"United Nations Population Division",474,"Martinique","MQ","MTQ",64,"2013",4,"Median",2,"Female",67,15,19,"15-19",100,"Married or in a union women",1,"Model-based Estimates",2,"Interpolation",1.39
44,"Currently married by age of woman (Percent)","Currently married by age of woman (Percent)","Estimates and Projections of Women of Reproductive Age Who Are Married or in a Union 2024",2024,"United Nations Population Division",474,"Martinique","MQ","MTQ",65,"2014",4,"Median",2,"Female",67,15,19,"15-19",100,"Married or in a union women",1,"Model-based Estimates",2,"Interpolation",1.35
44,"Currently married by age of woman (Percent)","Currently married by age of woman (Percent)","Estimates and Projections of Women of Reproductive Age Who Are Married or in a Union 2024",2024,"United Nations Population Division",474,"Martinique","MQ","MTQ",66,"2015",4,"Median",2,"Female",67,15,19,"15-19",100,"Married or in a union women",1,"Model-based Estimates",2,"Interpolation",1.3
44,"Currently married by age of woman (Percent)","Currently married by age of woman (Percent)","Estimates and Projections of Women of Reproductive Age Who Are Married or in a Union 2024",2024,"United Nations Population Division",474,"Martinique","MQ","MTQ",67,"2016",4,"Median",2,"Female",67,15,19,"15-19",100,"Married or in a union women",1,"Model-based Estimates",2,"Interpolation",1.26
44,"Currently married by age of woman (Percent)","Currently married by age of woman (Percent)","Estimates and Projections of Women of Reproductive Age Who Are Married or in a Union 2024",2024,"United Nations Population Division",474,"Martinique","MQ","MTQ",68,"2017",4,"Median",2,"Female",67,15,19,"15-19",100,"Married or in a union women",1,"Model-based Estimates",2,"Interpolation",1.22
44,"Currently married by age of woman (Percent)","Currently married by age of woman (Percent)","Estimates and Projections of Women of Reproductive Age Who Are Married or in a Union 2024",2024,"United Nations Population Division",474,"Martinique","MQ","MTQ",69,"2018",4,"Median",2,"Female",67,15,19,"15-19",100,"Married or in a union women",1,"Model-based Estimates",2,"Interpolation",1.18
44,"Currently married by age of woman (Percent)","Currently married by age of woman (Percent)","Estimates and Projections of Women of Reproductive Age Who Are Married or in a Union 2024",2024,"United Nations Population Division",474,"Martinique","MQ","MTQ",70,"2019",4,"Median",2,"Female",67,15,19,"15-19",100,"Married or in a union women",1,"Model-based Estimates",2,"Interpolation",1.14
44,"Currently married by age of woman (Percent)","Currently married by age of woman (Percent)","Estimates and Projections of Women of Reproductive Age Who Are Married or in a Union 2024",2024,"United Nations Population Division",474,"Martinique","MQ","MTQ",71,"2020",4,"Median",2,"Female",67,15,19,"15-19",100,"Married or in a union women",1,"Model-based Estimates",2,"Interpolation",1.1
44,"Currently married by age of woman (Percent)","Currently married by age of woman (Percent)","Estimates and Projections of Women of Reproductive Age Who Are Married or in a Union 2024",2024,"United Nations Population Division",474,"Martinique","MQ","MTQ",72,"2021",4,"Median",2,"Female",67,15,19,"15-19",100,"Married or in a union women",1,"Model-based Estimates",3,"Projection",1.08
44,"Currently married by age of woman (Percent)","Currently married by age of woman (Percent)","Estimates and Projections of Women of Reproductive Age Who Are Married or in a Union 2024",2024,"United Nations Population Division",474,"Martinique","MQ","MTQ",73,"2022",4,"Median",2,"Female",67,15,19,"15-19",100,"Married or in a union women",1,"Model-based Estimates",3,"Projection",1.06
44,"Currently married by age of woman (Percent)","Currently married by age of woman (Percent)","Estimates and Projections of Women of Reproductive Age Who Are Married or in a Union 2024",2024,"United Nations Population Division",484,"Mexico","MX","MEX",59,"2008",4,"Median",2,"Female",67,15,19,"15-19",100,"Married or in a union women",1,"Model-based Estimates",2,"Interpolation",16.27
44,"Currently married by age of woman (Percent)","Currently married by age of woman (Percent)","Estimates and Projections of Women of Reproductive Age Who Are Married or in a Union 2024",2024,"United Nations Population Division",484,"Mexico","MX","MEX",60,"2009",4,"Median",2,"Female",67,15,19,"15-19",100,"Married or in a union women",1,"Model-based Estimates",2,"Interpolation",16.17
44,"Currently married by age of woman (Percent)","Currently married by age of woman (Percent)","Estimates and Projections of Women of Reproductive Age Who Are Married or in a Union 2024",2024,"United Nations Population Division",484,"Mexico","MX","MEX",61,"2010",4,"Median",2,"Female",67,15,19,"15-19",100,"Married or in a union women",1,"Model-based Estimates",2,"Interpolation",16.07
44,"Currently married by age of woman (Percent)","Currently married by age of woman (Percent)","Estimates and Projections of Women of Reproductive Age Who Are Married or in a Union 2024",2024,"United Nations Population Division",484,"Mexico","MX","MEX",62,"2011",4,"Median",2,"Female",67,15,19,"15-19",100,"Married or in a union women",1,"Model-based Estimates",2,"Interpolation",15.61
44,"Currently married by age of woman (Percent)","Currently married by age of woman (Percent)","Estimates and Projections of Women of Reproductive Age Who Are Married or in a Union 2024",2024,"United Nations Population Division",484,"Mexico","MX","MEX",63,"2012",4,"Median",2,"Female",67,15,19,"15-19",100,"Married or in a union women",1,"Model-based Estimates",2,"Interpolation",15.15
44,"Currently married by age of woman (Percent)","Currently married by age of woman (Percent)","Estimates and Projections of Women of Reproductive Age Who Are Married or in a Union 2024",2024,"United Nations Population Division",484,"Mexico","MX","MEX",64,"2013",4,"Median",2,"Female",67,15,19,"15-19",100,"Married or in a union women",1,"Model-based Estimates",2,"Interpolation",14.69
44,"Currently married by age of woman (Percent)","Currently married by age of woman (Percent)","Estimates and Projections of Women of Reproductive Age Who Are Married or in a Union 2024",2024,"United Nations Population Division",484,"Mexico","MX","MEX",65,"2014",4,"Median",2,"Female",67,15,19,"15-19",100,"Married or in a union women",1,"Model-based Estimates",2,"Interpolation",14.23
44,"Currently married by age of woman (Percent)","Currently married by age of woman (Percent)","Estimates and Projections of Women of Reproductive Age Who Are Married or in a Union 2024",2024,"United Nations Population Division",484,"Mexico","MX","MEX",66,"2015",4,"Median",2,"Female",67,15,19,"15-19",100,"Married or in a union women",1,"Model-based Estimates",2,"Interpolation",13.77
44,"Currently married by age of woman (Percent)","Currently married by age of woman (Percent)","Estimates and Projections of Women of Reproductive Age Who Are Married or in a Union 2024",2024,"United Nations Population Division",484,"Mexico","MX","MEX",67,"2016",4,"Median",2,"Female",67,15,19,"15-19",100,"Married or in a union women",1,"Model-based Estimates",2,"Interpolation",13.32
44,"Currently married by age of woman (Percent)","Currently married by age of woman (Percent)","Estimates and Projections of Women of Reproductive Age Who Are Married or in a Union 2024",2024,"United Nations Population Division",484,"Mexico","MX","MEX",68,"2017",4,"Median",2,"Female",67,15,19,"15-19",100,"Married or in a union women",1,"Model-based Estimates",2,"Interpolation",12.86
44,"Currently married by age of woman (Percent)","Currently married by age of woman (Percent)","Estimates and Projections of Women of Reproductive Age Who Are Married or in a Union 2024",2024,"United Nations Population Division",484,"Mexico","MX","MEX",69,"2018",4,"Median",2,"Female",67,15,19,"15-19",100,"Married or in a union women",1,"Model-based Estimates",2,"Interpolation",12.4
44,"Currently married by age of woman (Percent)","Currently married by age of woman (Percent)","Estimates and Projections of Women of Reproductive Age Who Are Married or in a Union 2024",2024,"United Nations Population Division",484,"Mexico","MX","MEX",70,"2019",4,"Median",2,"Female",67,15,19,"15-19",100,"Married or in a union women",1,"Model-based Estimates",2,"Interpolation",11.94
44,"Currently married by age of woman (Percent)","Currently married by age of woman (Percent)","Estimates and Projections of Women of Reproductive Age Who Are Married or in a Union 2024",2024,"United Nations Population Division",484,"Mexico","MX","MEX",71,"2020",4,"Median",2,"Female",67,15,19,"15-19",100,"Married or in a union women",1,"Model-based Estimates",2,"Interpolation",11.48
44,"Currently married by age of woman (Percent)","Currently married by age of woman (Percent)","Estimates and Projections of Women of Reproductive Age Who Are Married or in a Union 2024",2024,"United Nations Population Division",484,"Mexico","MX","MEX",72,"2021",4,"Median",2,"Female",67,15,19,"15-19",100,"Married or in a union women",1,"Model-based Estimates",2,"Interpolation",11.02
44,"Currently married by age of woman (Percent)","Currently married by age of woman (Percent)","Estimates and Projections of Women of Reproductive Age Who Are Married or in a Union 2024",2024,"United Nations Population Division",484,"Mexico","MX","MEX",73,"2022",4,"Median",2,"Female",67,15,19,"15-19",100,"Married or in a union women",1,"Model-based Estimates",2,"Interpolation",10.56
44,"Currently married by age of woman (Percent)","Currently married by age of woman (Percent)","Estimates and Projections of Women of Reproductive Age Who Are Married or in a Union 2024",2024,"United Nations Population Division",500,"Montserrat","MS","MSR",59,"2008",4,"Median",2,"Female",67,15,19,"15-19",100,"Married or in a union women",1,"Model-based Estimates",2,"Interpolation",3.07
44,"Currently married by age of woman (Percent)","Currently married by age of woman (Percent)","Estimates and Projections of Women of Reproductive Age Who Are Married or in a Union 2024",2024,"United Nations Population Division",500,"Montserrat","MS","MSR",60,"2009",4,"Median",2,"Female",67,15,19,"15-19",100,"Married or in a union women",1,"Model-based Estimates",2,"Interpolation",3.11
44,"Currently married by age of woman (Percent)","Currently married by age of woman (Percent)","Estimates and Projections of Women of Reproductive Age Who Are Married or in a Union 2024",2024,"United Nations Population Division",500,"Montserrat","MS","MSR",61,"2010",4,"Median",2,"Female",67,15,19,"15-19",100,"Married or in a union women",1,"Model-based Estimates",2,"Interpolation",3.16
44,"Currently married by age of woman (Percent)","Currently married by age of woman (Percent)","Estimates and Projections of Women of Reproductive Age Who Are Married or in a Union 2024",2024,"United Nations Population Division",500,"Montserrat","MS","MSR",62,"2011",4,"Median",2,"Female",67,15,19,"15-19",100,"Married or in a union women",1,"Model-based Estimates",2,"Interpolation",3.2
44,"Currently married by age of woman (Percent)","Currently married by age of woman (Percent)","Estimates and Projections of Women of Reproductive Age Who Are Married or in a Union 2024",2024,"United Nations Population Division",500,"Montserrat","MS","MSR",63,"2012",4,"Median",2,"Female",67,15,19,"15-19",100,"Married or in a union women",1,"Model-based Estimates",3,"Projection",3.26
44,"Currently married by age of woman (Percent)","Currently married by age of woman (Percent)","Estimates and Projections of Women of Reproductive Age Who Are Married or in a Union 2024",2024,"United Nations Population Division",500,"Montserrat","MS","MSR",64,"2013",4,"Median",2,"Female",67,15,19,"15-19",100,"Married or in a union women",1,"Model-based Estimates",3,"Projection",3.31
44,"Currently married by age of woman (Percent)","Currently married by age of woman (Percent)","Estimates and Projections of Women of Reproductive Age Who Are Married or in a Union 2024",2024,"United Nations Population Division",500,"Montserrat","MS","MSR",65,"2014",4,"Median",2,"Female",67,15,19,"15-19",100,"Married or in a union women",1,"Model-based Estimates",3,"Projection",3.37
44,"Currently married by age of woman (Percent)","Currently married by age of woman (Percent)","Estimates and Projections of Women of Reproductive Age Who Are Married or in a Union 2024",2024,"United Nations Population Division",500,"Montserrat","MS","MSR",66,"2015",4,"Median",2,"Female",67,15,19,"15-19",100,"Married or in a union women",1,"Model-based Estimates",3,"Projection",3.42
44,"Currently married by age of woman (Percent)","Currently married by age of woman (Percent)","Estimates and Projections of Women of Reproductive Age Who Are Married or in a Union 2024",2024,"United Nations Population Division",500,"Montserrat","MS","MSR",67,"2016",4,"Median",2,"Female",67,15,19,"15-19",100,"Married or in a union women",1,"Model-based Estimates",3,"Projection",3.48
44,"Currently married by age of woman (Percent)","Currently married by age of woman (Percent)","Estimates and Projections of Women of Reproductive Age Who Are Married or in a Union 2024",2024,"United Nations Population Division",500,"Montserrat","MS","MSR",68,"2017",4,"Median",2,"Female",67,15,19,"15-19",100,"Married or in a union women",1,"Model-based Estimates",3,"Projection",3.53
44,"Currently married by age of woman (Percent)","Currently married by age of woman (Percent)","Estimates and Projections of Women of Reproductive Age Who Are Married or in a Union 2024",2024,"United Nations Population Division",500,"Montserrat","MS","MSR",69,"2018",4,"Median",2,"Female",67,15,19,"15-19",100,"Married or in a union women",1,"Model-based Estimates",3,"Projection",3.58
44,"Currently married by age of woman (Percent)","Currently married by age of woman (Percent)","Estimates and Projections of Women of Reproductive Age Who Are Married or in a Union 2024",2024,"United Nations Population Division",500,"Montserrat","MS","MSR",70,"2019",4,"Median",2,"Female",67,15,19,"15-19",100,"Married or in a union women",1,"Model-based Estimates",3,"Projection",3.64
44,"Currently married by age of woman (Percent)","Currently married by age of woman (Percent)","Estimates and Projections of Women of Reproductive Age Who Are Married or in a Union 2024",2024,"United Nations Population Division",500,"Montserrat","MS","MSR",71,"2020",4,"Median",2,"Female",67,15,19,"15-19",100,"Married or in a union women",1,"Model-based Estimates",3,"Projection",3.69
44,"Currently married by age of woman (Percent)","Currently married by age of woman (Percent)","Estimates and Projections of Women of Reproductive Age Who Are Married or in a Union 2024",2024,"United Nations Population Division",500,"Montserrat","MS","MSR",72,"2021",4,"Median",2,"Female",67,15,19,"15-19",100,"Married or in a union women",1,"Model-based Estimates",3,"Projection",3.74
44,"Currently married by age of woman (Percent)","Currently married by age of woman (Percent)","Estimates and Projections of Women of Reproductive Age Who Are Married or in a Union 2024",2024,"United Nations Population Division",500,"Montserrat","MS","MSR",73,"2022",4,"Median",2,"Female",67,15,19,"15-19",100,"Married or in a union women",1,"Model-based Estimates",3,"Projection",3.79
44,"Currently married by age of woman (Percent)","Currently married by age of woman (Percent)","Estimates and Projections of Women of Reproductive Age Who Are Married or in a Union 2024",2024,"United Nations Population Division",531,"Curaçao","CW","CUW",59,"2008",4,"Median",2,"Female",67,15,19,"15-19",100,"Married or in a union women",1,"Model-based Estimates",2,"Interpolation",6.83
44,"Currently married by age of woman (Percent)","Currently married by age of woman (Percent)","Estimates and Projections of Women of Reproductive Age Who Are Married or in a Union 2024",2024,"United Nations Population Division",531,"Curaçao","CW","CUW",60,"2009",4,"Median",2,"Female",67,15,19,"15-19",100,"Married or in a union women",1,"Model-based Estimates",2,"Interpolation",6.83
44,"Currently married by age of woman (Percent)","Currently married by age of woman (Percent)","Estimates and Projections of Women of Reproductive Age Who Are Married or in a Union 2024",2024,"United Nations Population Division",531,"Curaçao","CW","CUW",61,"2010",4,"Median",2,"Female",67,15,19,"15-19",100,"Married or in a union women",1,"Model-based Estimates",2,"Interpolation",6.83
44,"Currently married by age of woman (Percent)","Currently married by age of woman (Percent)","Estimates and Projections of Women of Reproductive Age Who Are Married or in a Union 2024",2024,"United Nations Population Division",531,"Curaçao","CW","CUW",62,"2011",4,"Median",2,"Female",67,15,19,"15-19",100,"Married or in a union women",1,"Model-based Estimates",2,"Interpolation",6.83
44,"Currently married by age of woman (Percent)","Currently married by age of woman (Percent)","Estimates and Projections of Women of Reproductive Age Who Are Married or in a Union 2024",2024,"United Nations Population Division",531,"Curaçao","CW","CUW",63,"2012",4,"Median",2,"Female",67,15,19,"15-19",100,"Married or in a union women",1,"Model-based Estimates",3,"Projection",6.79
44,"Currently married by age of woman (Percent)","Currently married by age of woman (Percent)","Estimates and Projections of Women of Reproductive Age Who Are Married or in a Union 2024",2024,"United Nations Population Division",531,"Curaçao","CW","CUW",64,"2013",4,"Median",2,"Female",67,15,19,"15-19",100,"Married or in a union women",1,"Model-based Estimates",3,"Projection",6.74
44,"Currently married by age of woman (Percent)","Currently married by age of woman (Percent)","Estimates and Projections of Women of Reproductive Age Who Are Married or in a Union 2024",2024,"United Nations Population Division",531,"Curaçao","CW","CUW",65,"2014",4,"Median",2,"Female",67,15,19,"15-19",100,"Married or in a union women",1,"Model-based Estimates",3,"Projection",6.7
44,"Currently married by age of woman (Percent)","Currently married by age of woman (Percent)","Estimates and Projections of Women of Reproductive Age Who Are Married or in a Union 2024",2024,"United Nations Population Division",531,"Curaçao","CW","CUW",66,"2015",4,"Median",2,"Female",67,15,19,"15-19",100,"Married or in a union women",1,"Model-based Estimates",3,"Projection",6.66
44,"Currently married by age of woman (Percent)","Currently married by age of woman (Percent)","Estimates and Projections of Women of Reproductive Age Who Are Married or in a Union 2024",2024,"United Nations Population Division",531,"Curaçao","CW","CUW",67,"2016",4,"Median",2,"Female",67,15,19,"15-19",100,"Married or in a union women",1,"Model-based Estimates",3,"Projection",6.62
44,"Currently married by age of woman (Percent)","Currently married by age of woman (Percent)","Estimates and Projections of Women of Reproductive Age Who Are Married or in a Union 2024",2024,"United Nations Population Division",531,"Curaçao","CW","CUW",68,"2017",4,"Median",2,"Female",67,15,19,"15-19",100,"Married or in a union women",1,"Model-based Estimates",3,"Projection",6.58
44,"Currently married by age of woman (Percent)","Currently married by age of woman (Percent)","Estimates and Projections of Women of Reproductive Age Who Are Married or in a Union 2024",2024,"United Nations Population Division",531,"Curaçao","CW","CUW",69,"2018",4,"Median",2,"Female",67,15,19,"15-19",100,"Married or in a union women",1,"Model-based Estimates",3,"Projection",6.53
44,"Currently married by age of woman (Percent)","Currently married by age of woman (Percent)","Estimates and Projections of Women of Reproductive Age Who Are Married or in a Union 2024",2024,"United Nations Population Division",531,"Curaçao","CW","CUW",70,"2019",4,"Median",2,"Female",67,15,19,"15-19",100,"Married or in a union women",1,"Model-based Estimates",3,"Projection",6.49
44,"Currently married by age of woman (Percent)","Currently married by age of woman (Percent)","Estimates and Projections of Women of Reproductive Age Who Are Married or in a Union 2024",2024,"United Nations Population Division",531,"Curaçao","CW","CUW",71,"2020",4,"Median",2,"Female",67,15,19,"15-19",100,"Married or in a union women",1,"Model-based Estimates",3,"Projection",6.45
44,"Currently married by age of woman (Percent)","Currently married by age of woman (Percent)","Estimates and Projections of Women of Reproductive Age Who Are Married or in a Union 2024",2024,"United Nations Population Division",531,"Curaçao","CW","CUW",72,"2021",4,"Median",2,"Female",67,15,19,"15-19",100,"Married or in a union women",1,"Model-based Estimates",3,"Projection",6.41
44,"Currently married by age of woman (Percent)","Currently married by age of woman (Percent)","Estimates and Projections of Women of Reproductive Age Who Are Married or in a Union 2024",2024,"United Nations Population Division",531,"Curaçao","CW","CUW",73,"2022",4,"Median",2,"Female",67,15,19,"15-19",100,"Married or in a union women",1,"Model-based Estimates",3,"Projection",6.37
44,"Currently married by age of woman (Percent)","Currently married by age of woman (Percent)","Estimates and Projections of Women of Reproductive Age Who Are Married or in a Union 2024",2024,"United Nations Population Division",533,"Aruba","AW","ABW",59,"2008",4,"Median",2,"Female",67,15,19,"15-19",100,"Married or in a union women",1,"Model-based Estimates",2,"Interpolation",3.17
44,"Currently married by age of woman (Percent)","Currently married by age of woman (Percent)","Estimates and Projections of Women of Reproductive Age Who Are Married or in a Union 2024",2024,"United Nations Population Division",533,"Aruba","AW","ABW",60,"2009",4,"Median",2,"Female",67,15,19,"15-19",100,"Married or in a union women",1,"Model-based Estimates",2,"Interpolation",3.09
44,"Currently married by age of woman (Percent)","Currently married by age of woman (Percent)","Estimates and Projections of Women of Reproductive Age Who Are Married or in a Union 2024",2024,"United Nations Population Division",533,"Aruba","AW","ABW",61,"2010",4,"Median",2,"Female",67,15,19,"15-19",100,"Married or in a union women",1,"Model-based Estimates",2,"Interpolation",3.02
44,"Currently married by age of woman (Percent)","Currently married by age of woman (Percent)","Estimates and Projections of Women of Reproductive Age Who Are Married or in a Union 2024",2024,"United Nations Population Division",533,"Aruba","AW","ABW",62,"2011",4,"Median",2,"Female",67,15,19,"15-19",100,"Married or in a union women",1,"Model-based Estimates",2,"Interpolation",2.88
44,"Currently married by age of woman (Percent)","Currently married by age of woman (Percent)","Estimates and Projections of Women of Reproductive Age Who Are Married or in a Union 2024",2024,"United Nations Population Division",533,"Aruba","AW","ABW",63,"2012",4,"Median",2,"Female",67,15,19,"15-19",100,"Married or in a union women",1,"Model-based Estimates",2,"Interpolation",2.75
44,"Currently married by age of woman (Percent)","Currently married by age of woman (Percent)","Estimates and Projections of Women of Reproductive Age Who Are Married or in a Union 2024",2024,"United Nations Population Division",533,"Aruba","AW","ABW",64,"2013",4,"Median",2,"Female",67,15,19,"15-19",100,"Married or in a union women",1,"Model-based Estimates",2,"Interpolation",2.61
44,"Currently married by age of woman (Percent)","Currently married by age of woman (Percent)","Estimates and Projections of Women of Reproductive Age Who Are Married or in a Union 2024",2024,"United Nations Population Division",533,"Aruba","AW","ABW",65,"2014",4,"Median",2,"Female",67,15,19,"15-19",100,"Married or in a union women",1,"Model-based Estimates",2,"Interpolation",2.48
44,"Currently married by age of woman (Percent)","Currently married by age of woman (Percent)","Estimates and Projections of Women of Reproductive Age Who Are Married or in a Union 2024",2024,"United Nations Population Division",533,"Aruba","AW","ABW",66,"2015",4,"Median",2,"Female",67,15,19,"15-19",100,"Married or in a union women",1,"Model-based Estimates",2,"Interpolation",2.34
44,"Currently married by age of woman (Percent)","Currently married by age of woman (Percent)","Estimates and Projections of Women of Reproductive Age Who Are Married or in a Union 2024",2024,"United Nations Population Division",533,"Aruba","AW","ABW",67,"2016",4,"Median",2,"Female",67,15,19,"15-19",100,"Married or in a union women",1,"Model-based Estimates",2,"Interpolation",2.21
44,"Currently married by age of woman (Percent)","Currently married by age of woman (Percent)","Estimates and Projections of Women of Reproductive Age Who Are Married or in a Union 2024",2024,"United Nations Population Division",533,"Aruba","AW","ABW",68,"2017",4,"Median",2,"Female",67,15,19,"15-19",100,"Married or in a union women",1,"Model-based Estimates",2,"Interpolation",2.07
44,"Currently married by age of woman (Percent)","Currently married by age of woman (Percent)","Estimates and Projections of Women of Reproductive Age Who Are Married or in a Union 2024",2024,"United Nations Population Division",533,"Aruba","AW","ABW",69,"2018",4,"Median",2,"Female",67,15,19,"15-19",100,"Married or in a union women",1,"Model-based Estimates",2,"Interpolation",1.94
44,"Currently married by age of woman (Percent)","Currently married by age of woman (Percent)","Estimates and Projections of Women of Reproductive Age Who Are Married or in a Union 2024",2024,"United Nations Population Division",533,"Aruba","AW","ABW",70,"2019",4,"Median",2,"Female",67,15,19,"15-19",100,"Married or in a union women",1,"Model-based Estimates",2,"Interpolation",1.81
44,"Currently married by age of woman (Percent)","Currently married by age of woman (Percent)","Estimates and Projections of Women of Reproductive Age Who Are Married or in a Union 2024",2024,"United Nations Population Division",533,"Aruba","AW","ABW",71,"2020",4,"Median",2,"Female",67,15,19,"15-19",100,"Married or in a union women",1,"Model-based Estimates",2,"Interpolation",1.67
44,"Currently married by age of woman (Percent)","Currently married by age of woman (Percent)","Estimates and Projections of Women of Reproductive Age Who Are Married or in a Union 2024",2024,"United Nations Population Division",533,"Aruba","AW","ABW",72,"2021",4,"Median",2,"Female",67,15,19,"15-19",100,"Married or in a union women",1,"Model-based Estimates",3,"Projection",1.58
44,"Currently married by age of woman (Percent)","Currently married by age of woman (Percent)","Estimates and Projections of Women of Reproductive Age Who Are Married or in a Union 2024",2024,"United Nations Population Division",533,"Aruba","AW","ABW",73,"2022",4,"Median",2,"Female",67,15,19,"15-19",100,"Married or in a union women",1,"Model-based Estimates",3,"Projection",1.5
44,"Currently married by age of woman (Percent)","Currently married by age of woman (Percent)","Estimates and Projections of Women of Reproductive Age Who Are Married or in a Union 2024",2024,"United Nations Population Division",558,"Nicaragua","NI","NIC",59,"2008",4,"Median",2,"Female",67,15,19,"15-19",100,"Married or in a union women",1,"Model-based Estimates",2,"Interpolation",22.28
44,"Currently married by age of woman (Percent)","Currently married by age of woman (Percent)","Estimates and Projections of Women of Reproductive Age Who Are Married or in a Union 2024",2024,"United Nations Population Division",558,"Nicaragua","NI","NIC",60,"2009",4,"Median",2,"Female",67,15,19,"15-19",100,"Married or in a union women",1,"Model-based Estimates",2,"Interpolation",22.31
44,"Currently married by age of woman (Percent)","Currently married by age of woman (Percent)","Estimates and Projections of Women of Reproductive Age Who Are Married or in a Union 2024",2024,"United Nations Population Division",558,"Nicaragua","NI","NIC",61,"2010",4,"Median",2,"Female",67,15,19,"15-19",100,"Married or in a union women",1,"Model-based Estimates",2,"Interpolation",22.34
44,"Currently married by age of woman (Percent)","Currently married by age of woman (Percent)","Estimates and Projections of Women of Reproductive Age Who Are Married or in a Union 2024",2024,"United Nations Population Division",558,"Nicaragua","NI","NIC",62,"2011",4,"Median",2,"Female",67,15,19,"15-19",100,"Married or in a union women",1,"Model-based Estimates",2,"Interpolation",22.37
44,"Currently married by age of woman (Percent)","Currently married by age of woman (Percent)","Estimates and Projections of Women of Reproductive Age Who Are Married or in a Union 2024",2024,"United Nations Population Division",558,"Nicaragua","NI","NIC",63,"2012",4,"Median",2,"Female",67,15,19,"15-19",100,"Married or in a union women",1,"Model-based Estimates",2,"Interpolation",22.4
44,"Currently married by age of woman (Percent)","Currently married by age of woman (Percent)","Estimates and Projections of Women of Reproductive Age Who Are Married or in a Union 2024",2024,"United Nations Population Division",558,"Nicaragua","NI","NIC",64,"2013",4,"Median",2,"Female",67,15,19,"15-19",100,"Married or in a union women",1,"Model-based Estimates",3,"Projection",22.42
44,"Currently married by age of woman (Percent)","Currently married by age of woman (Percent)","Estimates and Projections of Women of Reproductive Age Who Are Married or in a Union 2024",2024,"United Nations Population Division",558,"Nicaragua","NI","NIC",65,"2014",4,"Median",2,"Female",67,15,19,"15-19",100,"Married or in a union women",1,"Model-based Estimates",3,"Projection",22.41
44,"Currently married by age of woman (Percent)","Currently married by age of woman (Percent)","Estimates and Projections of Women of Reproductive Age Who Are Married or in a Union 2024",2024,"United Nations Population Division",558,"Nicaragua","NI","NIC",66,"2015",4,"Median",2,"Female",67,15,19,"15-19",100,"Married or in a union women",1,"Model-based Estimates",3,"Projection",22.37
44,"Currently married by age of woman (Percent)","Currently married by age of woman (Percent)","Estimates and Projections of Women of Reproductive Age Who Are Married or in a Union 2024",2024,"United Nations Population Division",558,"Nicaragua","NI","NIC",67,"2016",4,"Median",2,"Female",67,15,19,"15-19",100,"Married or in a union women",1,"Model-based Estimates",3,"Projection",22.31
44,"Currently married by age of woman (Percent)","Currently married by age of woman (Percent)","Estimates and Projections of Women of Reproductive Age Who Are Married or in a Union 2024",2024,"United Nations Population Division",558,"Nicaragua","NI","NIC",68,"2017",4,"Median",2,"Female",67,15,19,"15-19",100,"Married or in a union women",1,"Model-based Estimates",3,"Projection",22.22
44,"Currently married by age of woman (Percent)","Currently married by age of woman (Percent)","Estimates and Projections of Women of Reproductive Age Who Are Married or in a Union 2024",2024,"United Nations Population Division",558,"Nicaragua","NI","NIC",69,"2018",4,"Median",2,"Female",67,15,19,"15-19",100,"Married or in a union women",1,"Model-based Estimates",3,"Projection",22.11
44,"Currently married by age of woman (Percent)","Currently married by age of woman (Percent)","Estimates and Projections of Women of Reproductive Age Who Are Married or in a Union 2024",2024,"United Nations Population Division",558,"Nicaragua","NI","NIC",70,"2019",4,"Median",2,"Female",67,15,19,"15-19",100,"Married or in a union women",1,"Model-based Estimates",3,"Projection",21.96
44,"Currently married by age of woman (Percent)","Currently married by age of woman (Percent)","Estimates and Projections of Women of Reproductive Age Who Are Married or in a Union 2024",2024,"United Nations Population Division",558,"Nicaragua","NI","NIC",71,"2020",4,"Median",2,"Female",67,15,19,"15-19",100,"Married or in a union women",1,"Model-based Estimates",3,"Projection",21.8
44,"Currently married by age of woman (Percent)","Currently married by age of woman (Percent)","Estimates and Projections of Women of Reproductive Age Who Are Married or in a Union 2024",2024,"United Nations Population Division",558,"Nicaragua","NI","NIC",72,"2021",4,"Median",2,"Female",67,15,19,"15-19",100,"Married or in a union women",1,"Model-based Estimates",3,"Projection",21.6
44,"Currently married by age of woman (Percent)","Currently married by age of woman (Percent)","Estimates and Projections of Women of Reproductive Age Who Are Married or in a Union 2024",2024,"United Nations Population Division",558,"Nicaragua","NI","NIC",73,"2022",4,"Median",2,"Female",67,15,19,"15-19",100,"Married or in a union women",1,"Model-based Estimates",3,"Projection",21.39
44,"Currently married by age of woman (Percent)","Currently married by age of woman (Percent)","Estimates and Projections of Women of Reproductive Age Who Are Married or in a Union 2024",2024,"United Nations Population Division",591,"Panama","PA","PAN",59,"2008",4,"Median",2,"Female",67,15,19,"15-19",100,"Married or in a union women",1,"Model-based Estimates",2,"Interpolation",15.96
44,"Currently married by age of woman (Percent)","Currently married by age of woman (Percent)","Estimates and Projections of Women of Reproductive Age Who Are Married or in a Union 2024",2024,"United Nations Population Division",591,"Panama","PA","PAN",60,"2009",4,"Median",2,"Female",67,15,19,"15-19",100,"Married or in a union women",1,"Model-based Estimates",2,"Interpolation",15.58
44,"Currently married by age of woman (Percent)","Currently married by age of woman (Percent)","Estimates and Projections of Women of Reproductive Age Who Are Married or in a Union 2024",2024,"United Nations Population Division",591,"Panama","PA","PAN",61,"2010",4,"Median",2,"Female",67,15,19,"15-19",100,"Married or in a union women",1,"Model-based Estimates",2,"Interpolation",15.21
44,"Currently married by age of woman (Percent)","Currently married by age of woman (Percent)","Estimates and Projections of Women of Reproductive Age Who Are Married or in a Union 2024",2024,"United Nations Population Division",591,"Panama","PA","PAN",62,"2011",4,"Median",2,"Female",67,15,19,"15-19",100,"Married or in a union women",1,"Model-based Estimates",2,"Interpolation",14.83
44,"Currently married by age of woman (Percent)","Currently married by age of woman (Percent)","Estimates and Projections of Women of Reproductive Age Who Are Married or in a Union 2024",2024,"United Nations Population Division",591,"Panama","PA","PAN",63,"2012",4,"Median",2,"Female",67,15,19,"15-19",100,"Married or in a union women",1,"Model-based Estimates",2,"Interpolation",14.45
44,"Currently married by age of woman (Percent)","Currently married by age of woman (Percent)","Estimates and Projections of Women of Reproductive Age Who Are Married or in a Union 2024",2024,"United Nations Population Division",591,"Panama","PA","PAN",64,"2013",4,"Median",2,"Female",67,15,19,"15-19",100,"Married or in a union women",1,"Model-based Estimates",2,"Interpolation",14.07
44,"Currently married by age of woman (Percent)","Currently married by age of woman (Percent)","Estimates and Projections of Women of Reproductive Age Who Are Married or in a Union 2024",2024,"United Nations Population Division",591,"Panama","PA","PAN",65,"2014",4,"Median",2,"Female",67,15,19,"15-19",100,"Married or in a union women",1,"Model-based Estimates",2,"Interpolation",13.7
44,"Currently married by age of woman (Percent)","Currently married by age of woman (Percent)","Estimates and Projections of Women of Reproductive Age Who Are Married or in a Union 2024",2024,"United Nations Population Division",591,"Panama","PA","PAN",66,"2015",4,"Median",2,"Female",67,15,19,"15-19",100,"Married or in a union women",1,"Model-based Estimates",2,"Interpolation",13.32
44,"Currently married by age of woman (Percent)","Currently married by age of woman (Percent)","Estimates and Projections of Women of Reproductive Age Who Are Married or in a Union 2024",2024,"United Nations Population Division",591,"Panama","PA","PAN",67,"2016",4,"Median",2,"Female",67,15,19,"15-19",100,"Married or in a union women",1,"Model-based Estimates",2,"Interpolation",12.94
44,"Currently married by age of woman (Percent)","Currently married by age of woman (Percent)","Estimates and Projections of Women of Reproductive Age Who Are Married or in a Union 2024",2024,"United Nations Population Division",591,"Panama","PA","PAN",68,"2017",4,"Median",2,"Female",67,15,19,"15-19",100,"Married or in a union women",1,"Model-based Estimates",2,"Interpolation",12.56
44,"Currently married by age of woman (Percent)","Currently married by age of woman (Percent)","Estimates and Projections of Women of Reproductive Age Who Are Married or in a Union 2024",2024,"United Nations Population Division",591,"Panama","PA","PAN",69,"2018",4,"Median",2,"Female",67,15,19,"15-19",100,"Married or in a union women",1,"Model-based Estimates",2,"Interpolation",12.19
44,"Currently married by age of woman (Percent)","Currently married by age of woman (Percent)","Estimates and Projections of Women of Reproductive Age Who Are Married or in a Union 2024",2024,"United Nations Population Division",591,"Panama","PA","PAN",70,"2019",4,"Median",2,"Female",67,15,19,"15-19",100,"Married or in a union women",1,"Model-based Estimates",2,"Interpolation",11.81
44,"Currently married by age of woman (Percent)","Currently married by age of woman (Percent)","Estimates and Projections of Women of Reproductive Age Who Are Married or in a Union 2024",2024,"United Nations Population Division",591,"Panama","PA","PAN",71,"2020",4,"Median",2,"Female",67,15,19,"15-19",100,"Married or in a union women",1,"Model-based Estimates",2,"Interpolation",11.43
44,"Currently married by age of woman (Percent)","Currently married by age of woman (Percent)","Estimates and Projections of Women of Reproductive Age Who Are Married or in a Union 2024",2024,"United Nations Population Division",591,"Panama","PA","PAN",72,"2021",4,"Median",2,"Female",67,15,19,"15-19",100,"Married or in a union women",1,"Model-based Estimates",2,"Interpolation",11.05
44,"Currently married by age of woman (Percent)","Currently married by age of woman (Percent)","Estimates and Projections of Women of Reproductive Age Who Are Married or in a Union 2024",2024,"United Nations Population Division",591,"Panama","PA","PAN",73,"2022",4,"Median",2,"Female",67,15,19,"15-19",100,"Married or in a union women",1,"Model-based Estimates",2,"Interpolation",10.68
44,"Currently married by age of woman (Percent)","Currently married by age of woman (Percent)","Estimates and Projections of Women of Reproductive Age Who Are Married or in a Union 2024",2024,"United Nations Population Division",600,"Paraguay","PY","PRY",59,"2008",4,"Median",2,"Female",67,15,19,"15-19",100,"Married or in a union women",1,"Model-based Estimates",2,"Interpolation",10.75
44,"Currently married by age of woman (Percent)","Currently married by age of woman (Percent)","Estimates and Projections of Women of Reproductive Age Who Are Married or in a Union 2024",2024,"United Nations Population Division",600,"Paraguay","PY","PRY",60,"2009",4,"Median",2,"Female",67,15,19,"15-19",100,"Married or in a union women",1,"Model-based Estimates",2,"Interpolation",10.73
44,"Currently married by age of woman (Percent)","Currently married by age of woman (Percent)","Estimates and Projections of Women of Reproductive Age Who Are Married or in a Union 2024",2024,"United Nations Population Division",600,"Paraguay","PY","PRY",61,"2010",4,"Median",2,"Female",67,15,19,"15-19",100,"Married or in a union women",1,"Model-based Estimates",2,"Interpolation",10.71
44,"Currently married by age of woman (Percent)","Currently married by age of woman (Percent)","Estimates and Projections of Women of Reproductive Age Who Are Married or in a Union 2024",2024,"United Nations Population Division",600,"Paraguay","PY","PRY",62,"2011",4,"Median",2,"Female",67,15,19,"15-19",100,"Married or in a union women",1,"Model-based Estimates",2,"Interpolation",10.69
44,"Currently married by age of woman (Percent)","Currently married by age of woman (Percent)","Estimates and Projections of Women of Reproductive Age Who Are Married or in a Union 2024",2024,"United Nations Population Division",600,"Paraguay","PY","PRY",63,"2012",4,"Median",2,"Female",67,15,19,"15-19",100,"Married or in a union women",1,"Model-based Estimates",2,"Interpolation",10.68
44,"Currently married by age of woman (Percent)","Currently married by age of woman (Percent)","Estimates and Projections of Women of Reproductive Age Who Are Married or in a Union 2024",2024,"United Nations Population Division",600,"Paraguay","PY","PRY",64,"2013",4,"Median",2,"Female",67,15,19,"15-19",100,"Married or in a union women",1,"Model-based Estimates",2,"Interpolation",10.66
44,"Currently married by age of woman (Percent)","Currently married by age of woman (Percent)","Estimates and Projections of Women of Reproductive Age Who Are Married or in a Union 2024",2024,"United Nations Population Division",600,"Paraguay","PY","PRY",65,"2014",4,"Median",2,"Female",67,15,19,"15-19",100,"Married or in a union women",1,"Model-based Estimates",2,"Interpolation",10.64
44,"Currently married by age of woman (Percent)","Currently married by age of woman (Percent)","Estimates and Projections of Women of Reproductive Age Who Are Married or in a Union 2024",2024,"United Nations Population Division",600,"Paraguay","PY","PRY",66,"2015",4,"Median",2,"Female",67,15,19,"15-19",100,"Married or in a union women",1,"Model-based Estimates",2,"Interpolation",10.62
44,"Currently married by age of woman (Percent)","Currently married by age of woman (Percent)","Estimates and Projections of Women of Reproductive Age Who Are Married or in a Union 2024",2024,"United Nations Population Division",600,"Paraguay","PY","PRY",67,"2016",4,"Median",2,"Female",67,15,19,"15-19",100,"Married or in a union women",1,"Model-based Estimates",2,"Interpolation",10.61
44,"Currently married by age of woman (Percent)","Currently married by age of woman (Percent)","Estimates and Projections of Women of Reproductive Age Who Are Married or in a Union 2024",2024,"United Nations Population Division",600,"Paraguay","PY","PRY",68,"2017",4,"Median",2,"Female",67,15,19,"15-19",100,"Married or in a union women",1,"Model-based Estimates",2,"Interpolation",10.59
44,"Currently married by age of woman (Percent)","Currently married by age of woman (Percent)","Estimates and Projections of Women of Reproductive Age Who Are Married or in a Union 2024",2024,"United Nations Population Division",600,"Paraguay","PY","PRY",69,"2018",4,"Median",2,"Female",67,15,19,"15-19",100,"Married or in a union women",1,"Model-based Estimates",2,"Interpolation",10.57
44,"Currently married by age of woman (Percent)","Currently married by age of woman (Percent)","Estimates and Projections of Women of Reproductive Age Who Are Married or in a Union 2024",2024,"United Nations Population Division",600,"Paraguay","PY","PRY",70,"2019",4,"Median",2,"Female",67,15,19,"15-19",100,"Married or in a union women",1,"Model-based Estimates",2,"Interpolation",10.55
44,"Currently married by age of woman (Percent)","Currently married by age of woman (Percent)","Estimates and Projections of Women of Reproductive Age Who Are Married or in a Union 2024",2024,"United Nations Population Division",600,"Paraguay","PY","PRY",71,"2020",4,"Median",2,"Female",67,15,19,"15-19",100,"Married or in a union women",1,"Model-based Estimates",2,"Interpolation",10.54
44,"Currently married by age of woman (Percent)","Currently married by age of woman (Percent)","Estimates and Projections of Women of Reproductive Age Who Are Married or in a Union 2024",2024,"United Nations Population Division",600,"Paraguay","PY","PRY",72,"2021",4,"Median",2,"Female",67,15,19,"15-19",100,"Married or in a union women",1,"Model-based Estimates",2,"Interpolation",10.52
44,"Currently married by age of woman (Percent)","Currently married by age of woman (Percent)","Estimates and Projections of Women of Reproductive Age Who Are Married or in a Union 2024",2024,"United Nations Population Division",600,"Paraguay","PY","PRY",73,"2022",4,"Median",2,"Female",67,15,19,"15-19",100,"Married or in a union women",1,"Model-based Estimates",2,"Interpolation",10.5
44,"Currently married by age of woman (Percent)","Currently married by age of woman (Percent)","Estimates and Projections of Women of Reproductive Age Who Are Married or in a Union 2024",2024,"United Nations Population Division",604,"Peru","PE","PER",59,"2008",4,"Median",2,"Female",67,15,19,"15-19",100,"Married or in a union women",1,"Model-based Estimates",2,"Interpolation",11.11
44,"Currently married by age of woman (Percent)","Currently married by age of woman (Percent)","Estimates and Projections of Women of Reproductive Age Who Are Married or in a Union 2024",2024,"United Nations Population Division",604,"Peru","PE","PER",60,"2009",4,"Median",2,"Female",67,15,19,"15-19",100,"Married or in a union women",1,"Model-based Estimates",2,"Interpolation",10.93
44,"Currently married by age of woman (Percent)","Currently married by age of woman (Percent)","Estimates and Projections of Women of Reproductive Age Who Are Married or in a Union 2024",2024,"United Nations Population Division",604,"Peru","PE","PER",61,"2010",4,"Median",2,"Female",67,15,19,"15-19",100,"Married or in a union women",1,"Model-based Estimates",2,"Interpolation",10.74
44,"Currently married by age of woman (Percent)","Currently married by age of woman (Percent)","Estimates and Projections of Women of Reproductive Age Who Are Married or in a Union 2024",2024,"United Nations Population Division",604,"Peru","PE","PER",62,"2011",4,"Median",2,"Female",67,15,19,"15-19",100,"Married or in a union women",1,"Model-based Estimates",2,"Interpolation",10.55
44,"Currently married by age of woman (Percent)","Currently married by age of woman (Percent)","Estimates and Projections of Women of Reproductive Age Who Are Married or in a Union 2024",2024,"United Nations Population Division",604,"Peru","PE","PER",63,"2012",4,"Median",2,"Female",67,15,19,"15-19",100,"Married or in a union women",1,"Model-based Estimates",2,"Interpolation",10.37
44,"Currently married by age of woman (Percent)","Currently married by age of woman (Percent)","Estimates and Projections of Women of Reproductive Age Who Are Married or in a Union 2024",2024,"United Nations Population Division",604,"Peru","PE","PER",64,"2013",4,"Median",2,"Female",67,15,19,"15-19",100,"Married or in a union women",1,"Model-based Estimates",2,"Interpolation",10.18
44,"Currently married by age of woman (Percent)","Currently married by age of woman (Percent)","Estimates and Projections of Women of Reproductive Age Who Are Married or in a Union 2024",2024,"United Nations Population Division",604,"Peru","PE","PER",65,"2014",4,"Median",2,"Female",67,15,19,"15-19",100,"Married or in a union women",1,"Model-based Estimates",2,"Interpolation",9.99
44,"Currently married by age of woman (Percent)","Currently married by age of woman (Percent)","Estimates and Projections of Women of Reproductive Age Who Are Married or in a Union 2024",2024,"United Nations Population Division",604,"Peru","PE","PER",66,"2015",4,"Median",2,"Female",67,15,19,"15-19",100,"Married or in a union women",1,"Model-based Estimates",2,"Interpolation",9.81
44,"Currently married by age of woman (Percent)","Currently married by age of woman (Percent)","Estimates and Projections of Women of Reproductive Age Who Are Married or in a Union 2024",2024,"United Nations Population Division",604,"Peru","PE","PER",67,"2016",4,"Median",2,"Female",67,15,19,"15-19",100,"Married or in a union women",1,"Model-based Estimates",2,"Interpolation",9.62
44,"Currently married by age of woman (Percent)","Currently married by age of woman (Percent)","Estimates and Projections of Women of Reproductive Age Who Are Married or in a Union 2024",2024,"United Nations Population Division",604,"Peru","PE","PER",68,"2017",4,"Median",2,"Female",67,15,19,"15-19",100,"Married or in a union women",1,"Model-based Estimates",2,"Interpolation",9.43
44,"Currently married by age of woman (Percent)","Currently married by age of woman (Percent)","Estimates and Projections of Women of Reproductive Age Who Are Married or in a Union 2024",2024,"United Nations Population Division",604,"Peru","PE","PER",69,"2018",4,"Median",2,"Female",67,15,19,"15-19",100,"Married or in a union women",1,"Model-based Estimates",2,"Interpolation",9.25
44,"Currently married by age of woman (Percent)","Currently married by age of woman (Percent)","Estimates and Projections of Women of Reproductive Age Who Are Married or in a Union 2024",2024,"United Nations Population Division",604,"Peru","PE","PER",70,"2019",4,"Median",2,"Female",67,15,19,"15-19",100,"Married or in a union women",1,"Model-based Estimates",2,"Interpolation",9.06
44,"Currently married by age of woman (Percent)","Currently married by age of woman (Percent)","Estimates and Projections of Women of Reproductive Age Who Are Married or in a Union 2024",2024,"United Nations Population Division",604,"Peru","PE","PER",71,"2020",4,"Median",2,"Female",67,15,19,"15-19",100,"Married or in a union women",1,"Model-based Estimates",2,"Interpolation",8.87
44,"Currently married by age of woman (Percent)","Currently married by age of woman (Percent)","Estimates and Projections of Women of Reproductive Age Who Are Married or in a Union 2024",2024,"United Nations Population Division",604,"Peru","PE","PER",72,"2021",4,"Median",2,"Female",67,15,19,"15-19",100,"Married or in a union women",1,"Model-based Estimates",2,"Interpolation",8.69
44,"Currently married by age of woman (Percent)","Currently married by age of woman (Percent)","Estimates and Projections of Women of Reproductive Age Who Are Married or in a Union 2024",2024,"United Nations Population Division",604,"Peru","PE","PER",73,"2022",4,"Median",2,"Female",67,15,19,"15-19",100,"Married or in a union women",1,"Model-based Estimates",2,"Interpolation",8.5
44,"Currently married by age of woman (Percent)","Currently married by age of woman (Percent)","Estimates and Projections of Women of Reproductive Age Who Are Married or in a Union 2024",2024,"United Nations Population Division",630,"Puerto Rico","PR","PRI",59,"2008",4,"Median",2,"Female",67,15,19,"15-19",100,"Married or in a union women",1,"Model-based Estimates",2,"Interpolation",12.47
44,"Currently married by age of woman (Percent)","Currently married by age of woman (Percent)","Estimates and Projections of Women of Reproductive Age Who Are Married or in a Union 2024",2024,"United Nations Population Division",630,"Puerto Rico","PR","PRI",60,"2009",4,"Median",2,"Female",67,15,19,"15-19",100,"Married or in a union women",1,"Model-based Estimates",2,"Interpolation",12.47
44,"Currently married by age of woman (Percent)","Currently married by age of woman (Percent)","Estimates and Projections of Women of Reproductive Age Who Are Married or in a Union 2024",2024,"United Nations Population Division",630,"Puerto Rico","PR","PRI",61,"2010",4,"Median",2,"Female",67,15,19,"15-19",100,"Married or in a union women",1,"Model-based Estimates",2,"Interpolation",12.47
44,"Currently married by age of woman (Percent)","Currently married by age of woman (Percent)","Estimates and Projections of Women of Reproductive Age Who Are Married or in a Union 2024",2024,"United Nations Population Division",630,"Puerto Rico","PR","PRI",62,"2011",4,"Median",2,"Female",67,15,19,"15-19",100,"Married or in a union women",1,"Model-based Estimates",2,"Interpolation",12.47
44,"Currently married by age of woman (Percent)","Currently married by age of woman (Percent)","Estimates and Projections of Women of Reproductive Age Who Are Married or in a Union 2024",2024,"United Nations Population Division",630,"Puerto Rico","PR","PRI",63,"2012",4,"Median",2,"Female",67,15,19,"15-19",100,"Married or in a union women",1,"Model-based Estimates",2,"Interpolation",12.47
44,"Currently married by age of woman (Percent)","Currently married by age of woman (Percent)","Estimates and Projections of Women of Reproductive Age Who Are Married or in a Union 2024",2024,"United Nations Population Division",630,"Puerto Rico","PR","PRI",64,"2013",4,"Median",2,"Female",67,15,19,"15-19",100,"Married or in a union women",1,"Model-based Estimates",2,"Interpolation",12.47
44,"Currently married by age of woman (Percent)","Currently married by age of woman (Percent)","Estimates and Projections of Women of Reproductive Age Who Are Married or in a Union 2024",2024,"United Nations Population Division",630,"Puerto Rico","PR","PRI",65,"2014",4,"Median",2,"Female",67,15,19,"15-19",100,"Married or in a union women",1,"Model-based Estimates",2,"Interpolation",12.47
44,"Currently married by age of woman (Percent)","Currently married by age of woman (Percent)","Estimates and Projections of Women of Reproductive Age Who Are Married or in a Union 2024",2024,"United Nations Population Division",630,"Puerto Rico","PR","PRI",66,"2015",4,"Median",2,"Female",67,15,19,"15-19",100,"Married or in a union women",1,"Model-based Estimates",2,"Interpolation",12.47
44,"Currently married by age of woman (Percent)","Currently married by age of woman (Percent)","Estimates and Projections of Women of Reproductive Age Who Are Married or in a Union 2024",2024,"United Nations Population Division",630,"Puerto Rico","PR","PRI",67,"2016",4,"Median",2,"Female",67,15,19,"15-19",100,"Married or in a union women",1,"Model-based Estimates",2,"Interpolation",12.47
44,"Currently married by age of woman (Percent)","Currently married by age of woman (Percent)","Estimates and Projections of Women of Reproductive Age Who Are Married or in a Union 2024",2024,"United Nations Population Division",630,"Puerto Rico","PR","PRI",68,"2017",4,"Median",2,"Female",67,15,19,"15-19",100,"Married or in a union women",1,"Model-based Estimates",2,"Interpolation",12.48
44,"Currently married by age of woman (Percent)","Currently married by age of woman (Percent)","Estimates and Projections of Women of Reproductive Age Who Are Married or in a Union 2024",2024,"United Nations Population Division",630,"Puerto Rico","PR","PRI",69,"2018",4,"Median",2,"Female",67,15,19,"15-19",100,"Married or in a union women",1,"Model-based Estimates",2,"Interpolation",12.48
44,"Currently married by age of woman (Percent)","Currently married by age of woman (Percent)","Estimates and Projections of Women of Reproductive Age Who Are Married or in a Union 2024",2024,"United Nations Population Division",630,"Puerto Rico","PR","PRI",70,"2019",4,"Median",2,"Female",67,15,19,"15-19",100,"Married or in a union women",1,"Model-based Estimates",2,"Interpolation",12.48
44,"Currently married by age of woman (Percent)","Currently married by age of woman (Percent)","Estimates and Projections of Women of Reproductive Age Who Are Married or in a Union 2024",2024,"United Nations Population Division",630,"Puerto Rico","PR","PRI",71,"2020",4,"Median",2,"Female",67,15,19,"15-19",100,"Married or in a union women",1,"Model-based Estimates",2,"Interpolation",12.48
44,"Currently married by age of woman (Percent)","Currently married by age of woman (Percent)","Estimates and Projections of Women of Reproductive Age Who Are Married or in a Union 2024",2024,"United Nations Population Division",630,"Puerto Rico","PR","PRI",72,"2021",4,"Median",2,"Female",67,15,19,"15-19",100,"Married or in a union women",1,"Model-based Estimates",2,"Interpolation",12.48
44,"Currently married by age of woman (Percent)","Currently married by age of woman (Percent)","Estimates and Projections of Women of Reproductive Age Who Are Married or in a Union 2024",2024,"United Nations Population Division",630,"Puerto Rico","PR","PRI",73,"2022",4,"Median",2,"Female",67,15,19,"15-19",100,"Married or in a union women",1,"Model-based Estimates",2,"Interpolation",12.48
44,"Currently married by age of woman (Percent)","Currently married by age of woman (Percent)","Estimates and Projections of Women of Reproductive Age Who Are Married or in a Union 2024",2024,"United Nations Population Division",659,"Saint Kitts and Nevis","KN","KNA",59,"2008",4,"Median",2,"Female",67,15,19,"15-19",100,"Married or in a union women",1,"Model-based Estimates",3,"Projection",6.09
44,"Currently married by age of woman (Percent)","Currently married by age of woman (Percent)","Estimates and Projections of Women of Reproductive Age Who Are Married or in a Union 2024",2024,"United Nations Population Division",659,"Saint Kitts and Nevis","KN","KNA",60,"2009",4,"Median",2,"Female",67,15,19,"15-19",100,"Married or in a union women",1,"Model-based Estimates",3,"Projection",6.07
44,"Currently married by age of woman (Percent)","Currently married by age of woman (Percent)","Estimates and Projections of Women of Reproductive Age Who Are Married or in a Union 2024",2024,"United Nations Population Division",659,"Saint Kitts and Nevis","KN","KNA",61,"2010",4,"Median",2,"Female",67,15,19,"15-19",100,"Married or in a union women",1,"Model-based Estimates",3,"Projection",6.05
44,"Currently married by age of woman (Percent)","Currently married by age of woman (Percent)","Estimates and Projections of Women of Reproductive Age Who Are Married or in a Union 2024",2024,"United Nations Population Division",659,"Saint Kitts and Nevis","KN","KNA",62,"2011",4,"Median",2,"Female",67,15,19,"15-19",100,"Married or in a union women",1,"Model-based Estimates",3,"Projection",6.02
44,"Currently married by age of woman (Percent)","Currently married by age of woman (Percent)","Estimates and Projections of Women of Reproductive Age Who Are Married or in a Union 2024",2024,"United Nations Population Division",659,"Saint Kitts and Nevis","KN","KNA",63,"2012",4,"Median",2,"Female",67,15,19,"15-19",100,"Married or in a union women",1,"Model-based Estimates",3,"Projection",6
44,"Currently married by age of woman (Percent)","Currently married by age of woman (Percent)","Estimates and Projections of Women of Reproductive Age Who Are Married or in a Union 2024",2024,"United Nations Population Division",659,"Saint Kitts and Nevis","KN","KNA",64,"2013",4,"Median",2,"Female",67,15,19,"15-19",100,"Married or in a union women",1,"Model-based Estimates",3,"Projection",5.98
44,"Currently married by age of woman (Percent)","Currently married by age of woman (Percent)","Estimates and Projections of Women of Reproductive Age Who Are Married or in a Union 2024",2024,"United Nations Population Division",659,"Saint Kitts and Nevis","KN","KNA",65,"2014",4,"Median",2,"Female",67,15,19,"15-19",100,"Married or in a union women",1,"Model-based Estimates",3,"Projection",5.96
44,"Currently married by age of woman (Percent)","Currently married by age of woman (Percent)","Estimates and Projections of Women of Reproductive Age Who Are Married or in a Union 2024",2024,"United Nations Population Division",659,"Saint Kitts and Nevis","KN","KNA",66,"2015",4,"Median",2,"Female",67,15,19,"15-19",100,"Married or in a union women",1,"Model-based Estimates",3,"Projection",5.93
44,"Currently married by age of woman (Percent)","Currently married by age of woman (Percent)","Estimates and Projections of Women of Reproductive Age Who Are Married or in a Union 2024",2024,"United Nations Population Division",659,"Saint Kitts and Nevis","KN","KNA",67,"2016",4,"Median",2,"Female",67,15,19,"15-19",100,"Married or in a union women",1,"Model-based Estimates",3,"Projection",5.91
44,"Currently married by age of woman (Percent)","Currently married by age of woman (Percent)","Estimates and Projections of Women of Reproductive Age Who Are Married or in a Union 2024",2024,"United Nations Population Division",659,"Saint Kitts and Nevis","KN","KNA",68,"2017",4,"Median",2,"Female",67,15,19,"15-19",100,"Married or in a union women",1,"Model-based Estimates",3,"Projection",5.89
44,"Currently married by age of woman (Percent)","Currently married by age of woman (Percent)","Estimates and Projections of Women of Reproductive Age Who Are Married or in a Union 2024",2024,"United Nations Population Division",659,"Saint Kitts and Nevis","KN","KNA",69,"2018",4,"Median",2,"Female",67,15,19,"15-19",100,"Married or in a union women",1,"Model-based Estimates",3,"Projection",5.87
44,"Currently married by age of woman (Percent)","Currently married by age of woman (Percent)","Estimates and Projections of Women of Reproductive Age Who Are Married or in a Union 2024",2024,"United Nations Population Division",659,"Saint Kitts and Nevis","KN","KNA",70,"2019",4,"Median",2,"Female",67,15,19,"15-19",100,"Married or in a union women",1,"Model-based Estimates",3,"Projection",5.84
44,"Currently married by age of woman (Percent)","Currently married by age of woman (Percent)","Estimates and Projections of Women of Reproductive Age Who Are Married or in a Union 2024",2024,"United Nations Population Division",659,"Saint Kitts and Nevis","KN","KNA",71,"2020",4,"Median",2,"Female",67,15,19,"15-19",100,"Married or in a union women",1,"Model-based Estimates",3,"Projection",5.82
44,"Currently married by age of woman (Percent)","Currently married by age of woman (Percent)","Estimates and Projections of Women of Reproductive Age Who Are Married or in a Union 2024",2024,"United Nations Population Division",659,"Saint Kitts and Nevis","KN","KNA",72,"2021",4,"Median",2,"Female",67,15,19,"15-19",100,"Married or in a union women",1,"Model-based Estimates",3,"Projection",5.8
44,"Currently married by age of woman (Percent)","Currently married by age of woman (Percent)","Estimates and Projections of Women of Reproductive Age Who Are Married or in a Union 2024",2024,"United Nations Population Division",659,"Saint Kitts and Nevis","KN","KNA",73,"2022",4,"Median",2,"Female",67,15,19,"15-19",100,"Married or in a union women",1,"Model-based Estimates",3,"Projection",5.78
44,"Currently married by age of woman (Percent)","Currently married by age of woman (Percent)","Estimates and Projections of Women of Reproductive Age Who Are Married or in a Union 2024",2024,"United Nations Population Division",660,"Anguilla","AI","AIA",59,"2008",4,"Median",2,"Female",67,15,19,"15-19",100,"Married or in a union women",1,"Model-based Estimates",3,"Projection",4.15
44,"Currently married by age of woman (Percent)","Currently married by age of woman (Percent)","Estimates and Projections of Women of Reproductive Age Who Are Married or in a Union 2024",2024,"United Nations Population Division",660,"Anguilla","AI","AIA",60,"2009",4,"Median",2,"Female",67,15,19,"15-19",100,"Married or in a union women",1,"Model-based Estimates",3,"Projection",4.22
44,"Currently married by age of woman (Percent)","Currently married by age of woman (Percent)","Estimates and Projections of Women of Reproductive Age Who Are Married or in a Union 2024",2024,"United Nations Population Division",660,"Anguilla","AI","AIA",61,"2010",4,"Median",2,"Female",67,15,19,"15-19",100,"Married or in a union women",1,"Model-based Estimates",3,"Projection",4.28
44,"Currently married by age of woman (Percent)","Currently married by age of woman (Percent)","Estimates and Projections of Women of Reproductive Age Who Are Married or in a Union 2024",2024,"United Nations Population Division",660,"Anguilla","AI","AIA",62,"2011",4,"Median",2,"Female",67,15,19,"15-19",100,"Married or in a union women",1,"Model-based Estimates",3,"Projection",4.34
44,"Currently married by age of woman (Percent)","Currently married by age of woman (Percent)","Estimates and Projections of Women of Reproductive Age Who Are Married or in a Union 2024",2024,"United Nations Population Division",660,"Anguilla","AI","AIA",63,"2012",4,"Median",2,"Female",67,15,19,"15-19",100,"Married or in a union women",1,"Model-based Estimates",3,"Projection",4.4
44,"Currently married by age of woman (Percent)","Currently married by age of woman (Percent)","Estimates and Projections of Women of Reproductive Age Who Are Married or in a Union 2024",2024,"United Nations Population Division",660,"Anguilla","AI","AIA",64,"2013",4,"Median",2,"Female",67,15,19,"15-19",100,"Married or in a union women",1,"Model-based Estimates",3,"Projection",4.45
44,"Currently married by age of woman (Percent)","Currently married by age of woman (Percent)","Estimates and Projections of Women of Reproductive Age Who Are Married or in a Union 2024",2024,"United Nations Population Division",660,"Anguilla","AI","AIA",65,"2014",4,"Median",2,"Female",67,15,19,"15-19",100,"Married or in a union women",1,"Model-based Estimates",3,"Projection",4.51
44,"Currently married by age of woman (Percent)","Currently married by age of woman (Percent)","Estimates and Projections of Women of Reproductive Age Who Are Married or in a Union 2024",2024,"United Nations Population Division",660,"Anguilla","AI","AIA",66,"2015",4,"Median",2,"Female",67,15,19,"15-19",100,"Married or in a union women",1,"Model-based Estimates",3,"Projection",4.56
44,"Currently married by age of woman (Percent)","Currently married by age of woman (Percent)","Estimates and Projections of Women of Reproductive Age Who Are Married or in a Union 2024",2024,"United Nations Population Division",660,"Anguilla","AI","AIA",67,"2016",4,"Median",2,"Female",67,15,19,"15-19",100,"Married or in a union women",1,"Model-based Estimates",3,"Projection",4.62
44,"Currently married by age of woman (Percent)","Currently married by age of woman (Percent)","Estimates and Projections of Women of Reproductive Age Who Are Married or in a Union 2024",2024,"United Nations Population Division",660,"Anguilla","AI","AIA",68,"2017",4,"Median",2,"Female",67,15,19,"15-19",100,"Married or in a union women",1,"Model-based Estimates",3,"Projection",4.67
44,"Currently married by age of woman (Percent)","Currently married by age of woman (Percent)","Estimates and Projections of Women of Reproductive Age Who Are Married or in a Union 2024",2024,"United Nations Population Division",660,"Anguilla","AI","AIA",69,"2018",4,"Median",2,"Female",67,15,19,"15-19",100,"Married or in a union women",1,"Model-based Estimates",3,"Projection",4.72
44,"Currently married by age of woman (Percent)","Currently married by age of woman (Percent)","Estimates and Projections of Women of Reproductive Age Who Are Married or in a Union 2024",2024,"United Nations Population Division",660,"Anguilla","AI","AIA",70,"2019",4,"Median",2,"Female",67,15,19,"15-19",100,"Married or in a union women",1,"Model-based Estimates",3,"Projection",4.77
44,"Currently married by age of woman (Percent)","Currently married by age of woman (Percent)","Estimates and Projections of Women of Reproductive Age Who Are Married or in a Union 2024",2024,"United Nations Population Division",660,"Anguilla","AI","AIA",71,"2020",4,"Median",2,"Female",67,15,19,"15-19",100,"Married or in a union women",1,"Model-based Estimates",3,"Projection",4.82
44,"Currently married by age of woman (Percent)","Currently married by age of woman (Percent)","Estimates and Projections of Women of Reproductive Age Who Are Married or in a Union 2024",2024,"United Nations Population Division",660,"Anguilla","AI","AIA",72,"2021",4,"Median",2,"Female",67,15,19,"15-19",100,"Married or in a union women",1,"Model-based Estimates",3,"Projection",4.86
44,"Currently married by age of woman (Percent)","Currently married by age of woman (Percent)","Estimates and Projections of Women of Reproductive Age Who Are Married or in a Union 2024",2024,"United Nations Population Division",660,"Anguilla","AI","AIA",73,"2022",4,"Median",2,"Female",67,15,19,"15-19",100,"Married or in a union women",1,"Model-based Estimates",3,"Projection",4.91
44,"Currently married by age of woman (Percent)","Currently married by age of woman (Percent)","Estimates and Projections of Women of Reproductive Age Who Are Married or in a Union 2024",2024,"United Nations Population Division",662,"Saint Lucia","LC","LCA",59,"2008",4,"Median",2,"Female",67,15,19,"15-19",100,"Married or in a union women",1,"Model-based Estimates",2,"Interpolation",5.23
44,"Currently married by age of woman (Percent)","Currently married by age of woman (Percent)","Estimates and Projections of Women of Reproductive Age Who Are Married or in a Union 2024",2024,"United Nations Population Division",662,"Saint Lucia","LC","LCA",60,"2009",4,"Median",2,"Female",67,15,19,"15-19",100,"Married or in a union women",1,"Model-based Estimates",2,"Interpolation",5.17
44,"Currently married by age of woman (Percent)","Currently married by age of woman (Percent)","Estimates and Projections of Women of Reproductive Age Who Are Married or in a Union 2024",2024,"United Nations Population Division",662,"Saint Lucia","LC","LCA",61,"2010",4,"Median",2,"Female",67,15,19,"15-19",100,"Married or in a union women",1,"Model-based Estimates",2,"Interpolation",5.12
44,"Currently married by age of woman (Percent)","Currently married by age of woman (Percent)","Estimates and Projections of Women of Reproductive Age Who Are Married or in a Union 2024",2024,"United Nations Population Division",662,"Saint Lucia","LC","LCA",62,"2011",4,"Median",2,"Female",67,15,19,"15-19",100,"Married or in a union women",1,"Model-based Estimates",2,"Interpolation",5.06
44,"Currently married by age of woman (Percent)","Currently married by age of woman (Percent)","Estimates and Projections of Women of Reproductive Age Who Are Married or in a Union 2024",2024,"United Nations Population Division",662,"Saint Lucia","LC","LCA",63,"2012",4,"Median",2,"Female",67,15,19,"15-19",100,"Married or in a union women",1,"Model-based Estimates",2,"Interpolation",5
44,"Currently married by age of woman (Percent)","Currently married by age of woman (Percent)","Estimates and Projections of Women of Reproductive Age Who Are Married or in a Union 2024",2024,"United Nations Population Division",662,"Saint Lucia","LC","LCA",64,"2013",4,"Median",2,"Female",67,15,19,"15-19",100,"Married or in a union women",1,"Model-based Estimates",3,"Projection",4.95
44,"Currently married by age of woman (Percent)","Currently married by age of woman (Percent)","Estimates and Projections of Women of Reproductive Age Who Are Married or in a Union 2024",2024,"United Nations Population Division",662,"Saint Lucia","LC","LCA",65,"2014",4,"Median",2,"Female",67,15,19,"15-19",100,"Married or in a union women",1,"Model-based Estimates",3,"Projection",4.91
44,"Currently married by age of woman (Percent)","Currently married by age of woman (Percent)","Estimates and Projections of Women of Reproductive Age Who Are Married or in a Union 2024",2024,"United Nations Population Division",662,"Saint Lucia","LC","LCA",66,"2015",4,"Median",2,"Female",67,15,19,"15-19",100,"Married or in a union women",1,"Model-based Estimates",3,"Projection",4.87
44,"Currently married by age of woman (Percent)","Currently married by age of woman (Percent)","Estimates and Projections of Women of Reproductive Age Who Are Married or in a Union 2024",2024,"United Nations Population Division",662,"Saint Lucia","LC","LCA",67,"2016",4,"Median",2,"Female",67,15,19,"15-19",100,"Married or in a union women",1,"Model-based Estimates",3,"Projection",4.83
44,"Currently married by age of woman (Percent)","Currently married by age of woman (Percent)","Estimates and Projections of Women of Reproductive Age Who Are Married or in a Union 2024",2024,"United Nations Population Division",662,"Saint Lucia","LC","LCA",68,"2017",4,"Median",2,"Female",67,15,19,"15-19",100,"Married or in a union women",1,"Model-based Estimates",3,"Projection",4.79
44,"Currently married by age of woman (Percent)","Currently married by age of woman (Percent)","Estimates and Projections of Women of Reproductive Age Who Are Married or in a Union 2024",2024,"United Nations Population Division",662,"Saint Lucia","LC","LCA",69,"2018",4,"Median",2,"Female",67,15,19,"15-19",100,"Married or in a union women",1,"Model-based Estimates",3,"Projection",4.75
44,"Currently married by age of woman (Percent)","Currently married by age of woman (Percent)","Estimates and Projections of Women of Reproductive Age Who Are Married or in a Union 2024",2024,"United Nations Population Division",662,"Saint Lucia","LC","LCA",70,"2019",4,"Median",2,"Female",67,15,19,"15-19",100,"Married or in a union women",1,"Model-based Estimates",3,"Projection",4.72
44,"Currently married by age of woman (Percent)","Currently married by age of woman (Percent)","Estimates and Projections of Women of Reproductive Age Who Are Married or in a Union 2024",2024,"United Nations Population Division",662,"Saint Lucia","LC","LCA",71,"2020",4,"Median",2,"Female",67,15,19,"15-19",100,"Married or in a union women",1,"Model-based Estimates",3,"Projection",4.69
44,"Currently married by age of woman (Percent)","Currently married by age of woman (Percent)","Estimates and Projections of Women of Reproductive Age Who Are Married or in a Union 2024",2024,"United Nations Population Division",662,"Saint Lucia","LC","LCA",72,"2021",4,"Median",2,"Female",67,15,19,"15-19",100,"Married or in a union women",1,"Model-based Estimates",3,"Projection",4.66
44,"Currently married by age of woman (Percent)","Currently married by age of woman (Percent)","Estimates and Projections of Women of Reproductive Age Who Are Married or in a Union 2024",2024,"United Nations Population Division",662,"Saint Lucia","LC","LCA",73,"2022",4,"Median",2,"Female",67,15,19,"15-19",100,"Married or in a union women",1,"Model-based Estimates",3,"Projection",4.63
44,"Currently married by age of woman (Percent)","Currently married by age of woman (Percent)","Estimates and Projections of Women of Reproductive Age Who Are Married or in a Union 2024",2024,"United Nations Population Division",666,"Saint Pierre and Miquelon","PM","SPM",59,"2008",4,"Median",2,"Female",67,15,19,"15-19",100,"Married or in a union women",1,"Model-based Estimates",2,"Interpolation",1.06
44,"Currently married by age of woman (Percent)","Currently married by age of woman (Percent)","Estimates and Projections of Women of Reproductive Age Who Are Married or in a Union 2024",2024,"United Nations Population Division",666,"Saint Pierre and Miquelon","PM","SPM",60,"2009",4,"Median",2,"Female",67,15,19,"15-19",100,"Married or in a union women",1,"Model-based Estimates",2,"Interpolation",1.02
44,"Currently married by age of woman (Percent)","Currently married by age of woman (Percent)","Estimates and Projections of Women of Reproductive Age Who Are Married or in a Union 2024",2024,"United Nations Population Division",666,"Saint Pierre and Miquelon","PM","SPM",61,"2010",4,"Median",2,"Female",67,15,19,"15-19",100,"Married or in a union women",1,"Model-based Estimates",2,"Interpolation",0.98
44,"Currently married by age of woman (Percent)","Currently married by age of woman (Percent)","Estimates and Projections of Women of Reproductive Age Who Are Married or in a Union 2024",2024,"United Nations Population Division",666,"Saint Pierre and Miquelon","PM","SPM",62,"2011",4,"Median",2,"Female",67,15,19,"15-19",100,"Married or in a union women",1,"Model-based Estimates",2,"Interpolation",0.95
44,"Currently married by age of woman (Percent)","Currently married by age of woman (Percent)","Estimates and Projections of Women of Reproductive Age Who Are Married or in a Union 2024",2024,"United Nations Population Division",666,"Saint Pierre and Miquelon","PM","SPM",63,"2012",4,"Median",2,"Female",67,15,19,"15-19",100,"Married or in a union women",1,"Model-based Estimates",2,"Interpolation",0.91
44,"Currently married by age of woman (Percent)","Currently married by age of woman (Percent)","Estimates and Projections of Women of Reproductive Age Who Are Married or in a Union 2024",2024,"United Nations Population Division",666,"Saint Pierre and Miquelon","PM","SPM",64,"2013",4,"Median",2,"Female",67,15,19,"15-19",100,"Married or in a union women",1,"Model-based Estimates",2,"Interpolation",0.87
44,"Currently married by age of woman (Percent)","Currently married by age of woman (Percent)","Estimates and Projections of Women of Reproductive Age Who Are Married or in a Union 2024",2024,"United Nations Population Division",666,"Saint Pierre and Miquelon","PM","SPM",65,"2014",4,"Median",2,"Female",67,15,19,"15-19",100,"Married or in a union women",1,"Model-based Estimates",2,"Interpolation",0.83
44,"Currently married by age of woman (Percent)","Currently married by age of woman (Percent)","Estimates and Projections of Women of Reproductive Age Who Are Married or in a Union 2024",2024,"United Nations Population Division",666,"Saint Pierre and Miquelon","PM","SPM",66,"2015",4,"Median",2,"Female",67,15,19,"15-19",100,"Married or in a union women",1,"Model-based Estimates",2,"Interpolation",0.79
44,"Currently married by age of woman (Percent)","Currently married by age of woman (Percent)","Estimates and Projections of Women of Reproductive Age Who Are Married or in a Union 2024",2024,"United Nations Population Division",666,"Saint Pierre and Miquelon","PM","SPM",67,"2016",4,"Median",2,"Female",67,15,19,"15-19",100,"Married or in a union women",1,"Model-based Estimates",2,"Interpolation",0.75
44,"Currently married by age of woman (Percent)","Currently married by age of woman (Percent)","Estimates and Projections of Women of Reproductive Age Who Are Married or in a Union 2024",2024,"United Nations Population Division",666,"Saint Pierre and Miquelon","PM","SPM",68,"2017",4,"Median",2,"Female",67,15,19,"15-19",100,"Married or in a union women",1,"Model-based Estimates",2,"Interpolation",0.72
44,"Currently married by age of woman (Percent)","Currently married by age of woman (Percent)","Estimates and Projections of Women of Reproductive Age Who Are Married or in a Union 2024",2024,"United Nations Population Division",666,"Saint Pierre and Miquelon","PM","SPM",69,"2018",4,"Median",2,"Female",67,15,19,"15-19",100,"Married or in a union women",1,"Model-based Estimates",2,"Interpolation",0.68
44,"Currently married by age of woman (Percent)","Currently married by age of woman (Percent)","Estimates and Projections of Women of Reproductive Age Who Are Married or in a Union 2024",2024,"United Nations Population Division",666,"Saint Pierre and Miquelon","PM","SPM",70,"2019",4,"Median",2,"Female",67,15,19,"15-19",100,"Married or in a union women",1,"Model-based Estimates",2,"Interpolation",0.64
44,"Currently married by age of woman (Percent)","Currently married by age of woman (Percent)","Estimates and Projections of Women of Reproductive Age Who Are Married or in a Union 2024",2024,"United Nations Population Division",666,"Saint Pierre and Miquelon","PM","SPM",71,"2020",4,"Median",2,"Female",67,15,19,"15-19",100,"Married or in a union women",1,"Model-based Estimates",2,"Interpolation",0.6
44,"Currently married by age of woman (Percent)","Currently married by age of woman (Percent)","Estimates and Projections of Women of Reproductive Age Who Are Married or in a Union 2024",2024,"United Nations Population Division",666,"Saint Pierre and Miquelon","PM","SPM",72,"2021",4,"Median",2,"Female",67,15,19,"15-19",100,"Married or in a union women",1,"Model-based Estimates",3,"Projection",0.58
44,"Currently married by age of woman (Percent)","Currently married by age of woman (Percent)","Estimates and Projections of Women of Reproductive Age Who Are Married or in a Union 2024",2024,"United Nations Population Division",666,"Saint Pierre and Miquelon","PM","SPM",73,"2022",4,"Median",2,"Female",67,15,19,"15-19",100,"Married or in a union women",1,"Model-based Estimates",3,"Projection",0.57
44,"Currently married by age of woman (Percent)","Currently married by age of woman (Percent)","Estimates and Projections of Women of Reproductive Age Who Are Married or in a Union 2024",2024,"United Nations Population Division",670,"Saint Vincent and the Grenadines","VC","VCT",59,"2008",4,"Median",2,"Female",67,15,19,"15-19",100,"Married or in a union women",1,"Model-based Estimates",2,"Interpolation",14.09
44,"Currently married by age of woman (Percent)","Currently married by age of woman (Percent)","Estimates and Projections of Women of Reproductive Age Who Are Married or in a Union 2024",2024,"United Nations Population Division",670,"Saint Vincent and the Grenadines","VC","VCT",60,"2009",4,"Median",2,"Female",67,15,19,"15-19",100,"Married or in a union women",1,"Model-based Estimates",2,"Interpolation",13.96
44,"Currently married by age of woman (Percent)","Currently married by age of woman (Percent)","Estimates and Projections of Women of Reproductive Age Who Are Married or in a Union 2024",2024,"United Nations Population Division",670,"Saint Vincent and the Grenadines","VC","VCT",61,"2010",4,"Median",2,"Female",67,15,19,"15-19",100,"Married or in a union women",1,"Model-based Estimates",2,"Interpolation",13.84
44,"Currently married by age of woman (Percent)","Currently married by age of woman (Percent)","Estimates and Projections of Women of Reproductive Age Who Are Married or in a Union 2024",2024,"United Nations Population Division",670,"Saint Vincent and the Grenadines","VC","VCT",62,"2011",4,"Median",2,"Female",67,15,19,"15-19",100,"Married or in a union women",1,"Model-based Estimates",2,"Interpolation",13.72
44,"Currently married by age of woman (Percent)","Currently married by age of woman (Percent)","Estimates and Projections of Women of Reproductive Age Who Are Married or in a Union 2024",2024,"United Nations Population Division",670,"Saint Vincent and the Grenadines","VC","VCT",63,"2012",4,"Median",2,"Female",67,15,19,"15-19",100,"Married or in a union women",1,"Model-based Estimates",2,"Interpolation",13.6
44,"Currently married by age of woman (Percent)","Currently married by age of woman (Percent)","Estimates and Projections of Women of Reproductive Age Who Are Married or in a Union 2024",2024,"United Nations Population Division",670,"Saint Vincent and the Grenadines","VC","VCT",64,"2013",4,"Median",2,"Female",67,15,19,"15-19",100,"Married or in a union women",1,"Model-based Estimates",3,"Projection",13.49
44,"Currently married by age of woman (Percent)","Currently married by age of woman (Percent)","Estimates and Projections of Women of Reproductive Age Who Are Married or in a Union 2024",2024,"United Nations Population Division",670,"Saint Vincent and the Grenadines","VC","VCT",65,"2014",4,"Median",2,"Female",67,15,19,"15-19",100,"Married or in a union women",1,"Model-based Estimates",3,"Projection",13.37
44,"Currently married by age of woman (Percent)","Currently married by age of woman (Percent)","Estimates and Projections of Women of Reproductive Age Who Are Married or in a Union 2024",2024,"United Nations Population Division",670,"Saint Vincent and the Grenadines","VC","VCT",66,"2015",4,"Median",2,"Female",67,15,19,"15-19",100,"Married or in a union women",1,"Model-based Estimates",3,"Projection",13.25
44,"Currently married by age of woman (Percent)","Currently married by age of woman (Percent)","Estimates and Projections of Women of Reproductive Age Who Are Married or in a Union 2024",2024,"United Nations Population Division",670,"Saint Vincent and the Grenadines","VC","VCT",67,"2016",4,"Median",2,"Female",67,15,19,"15-19",100,"Married or in a union women",1,"Model-based Estimates",3,"Projection",13.12
44,"Currently married by age of woman (Percent)","Currently married by age of woman (Percent)","Estimates and Projections of Women of Reproductive Age Who Are Married or in a Union 2024",2024,"United Nations Population Division",670,"Saint Vincent and the Grenadines","VC","VCT",68,"2017",4,"Median",2,"Female",67,15,19,"15-19",100,"Married or in a union women",1,"Model-based Estimates",3,"Projection",12.98
44,"Currently married by age of woman (Percent)","Currently married by age of woman (Percent)","Estimates and Projections of Women of Reproductive Age Who Are Married or in a Union 2024",2024,"United Nations Population Division",670,"Saint Vincent and the Grenadines","VC","VCT",69,"2018",4,"Median",2,"Female",67,15,19,"15-19",100,"Married or in a union women",1,"Model-based Estimates",3,"Projection",12.84
44,"Currently married by age of woman (Percent)","Currently married by age of woman (Percent)","Estimates and Projections of Women of Reproductive Age Who Are Married or in a Union 2024",2024,"United Nations Population Division",670,"Saint Vincent and the Grenadines","VC","VCT",70,"2019",4,"Median",2,"Female",67,15,19,"15-19",100,"Married or in a union women",1,"Model-based Estimates",3,"Projection",12.7
44,"Currently married by age of woman (Percent)","Currently married by age of woman (Percent)","Estimates and Projections of Women of Reproductive Age Who Are Married or in a Union 2024",2024,"United Nations Population Division",670,"Saint Vincent and the Grenadines","VC","VCT",71,"2020",4,"Median",2,"Female",67,15,19,"15-19",100,"Married or in a union women",1,"Model-based Estimates",3,"Projection",12.55
44,"Currently married by age of woman (Percent)","Currently married by age of woman (Percent)","Estimates and Projections of Women of Reproductive Age Who Are Married or in a Union 2024",2024,"United Nations Population Division",670,"Saint Vincent and the Grenadines","VC","VCT",72,"2021",4,"Median",2,"Female",67,15,19,"15-19",100,"Married or in a union women",1,"Model-based Estimates",3,"Projection",12.4
44,"Currently married by age of woman (Percent)","Currently married by age of woman (Percent)","Estimates and Projections of Women of Reproductive Age Who Are Married or in a Union 2024",2024,"United Nations Population Division",670,"Saint Vincent and the Grenadines","VC","VCT",73,"2022",4,"Median",2,"Female",67,15,19,"15-19",100,"Married or in a union women",1,"Model-based Estimates",3,"Projection",12.24
44,"Currently married by age of woman (Percent)","Currently married by age of woman (Percent)","Estimates and Projections of Women of Reproductive Age Who Are Married or in a Union 2024",2024,"United Nations Population Division",740,"Suriname","SR","SUR",59,"2008",4,"Median",2,"Female",67,15,19,"15-19",100,"Married or in a union women",1,"Model-based Estimates",2,"Interpolation",12.17
44,"Currently married by age of woman (Percent)","Currently married by age of woman (Percent)","Estimates and Projections of Women of Reproductive Age Who Are Married or in a Union 2024",2024,"United Nations Population Division",740,"Suriname","SR","SUR",60,"2009",4,"Median",2,"Female",67,15,19,"15-19",100,"Married or in a union women",1,"Model-based Estimates",2,"Interpolation",11.99
44,"Currently married by age of woman (Percent)","Currently married by age of woman (Percent)","Estimates and Projections of Women of Reproductive Age Who Are Married or in a Union 2024",2024,"United Nations Population Division",740,"Suriname","SR","SUR",61,"2010",4,"Median",2,"Female",67,15,19,"15-19",100,"Married or in a union women",1,"Model-based Estimates",2,"Interpolation",11.8
44,"Currently married by age of woman (Percent)","Currently married by age of woman (Percent)","Estimates and Projections of Women of Reproductive Age Who Are Married or in a Union 2024",2024,"United Nations Population Division",740,"Suriname","SR","SUR",62,"2011",4,"Median",2,"Female",67,15,19,"15-19",100,"Married or in a union women",1,"Model-based Estimates",2,"Interpolation",11.65
44,"Currently married by age of woman (Percent)","Currently married by age of woman (Percent)","Estimates and Projections of Women of Reproductive Age Who Are Married or in a Union 2024",2024,"United Nations Population Division",740,"Suriname","SR","SUR",63,"2012",4,"Median",2,"Female",67,15,19,"15-19",100,"Married or in a union women",1,"Model-based Estimates",2,"Interpolation",11.5
44,"Currently married by age of woman (Percent)","Currently married by age of woman (Percent)","Estimates and Projections of Women of Reproductive Age Who Are Married or in a Union 2024",2024,"United Nations Population Division",740,"Suriname","SR","SUR",64,"2013",4,"Median",2,"Female",67,15,19,"15-19",100,"Married or in a union women",1,"Model-based Estimates",2,"Interpolation",11.35
44,"Currently married by age of woman (Percent)","Currently married by age of woman (Percent)","Estimates and Projections of Women of Reproductive Age Who Are Married or in a Union 2024",2024,"United Nations Population Division",740,"Suriname","SR","SUR",65,"2014",4,"Median",2,"Female",67,15,19,"15-19",100,"Married or in a union women",1,"Model-based Estimates",2,"Interpolation",11.2
44,"Currently married by age of woman (Percent)","Currently married by age of woman (Percent)","Estimates and Projections of Women of Reproductive Age Who Are Married or in a Union 2024",2024,"United Nations Population Division",740,"Suriname","SR","SUR",66,"2015",4,"Median",2,"Female",67,15,19,"15-19",100,"Married or in a union women",1,"Model-based Estimates",2,"Interpolation",11.05
44,"Currently married by age of woman (Percent)","Currently married by age of woman (Percent)","Estimates and Projections of Women of Reproductive Age Who Are Married or in a Union 2024",2024,"United Nations Population Division",740,"Suriname","SR","SUR",67,"2016",4,"Median",2,"Female",67,15,19,"15-19",100,"Married or in a union women",1,"Model-based Estimates",2,"Interpolation",10.9
44,"Currently married by age of woman (Percent)","Currently married by age of woman (Percent)","Estimates and Projections of Women of Reproductive Age Who Are Married or in a Union 2024",2024,"United Nations Population Division",740,"Suriname","SR","SUR",68,"2017",4,"Median",2,"Female",67,15,19,"15-19",100,"Married or in a union women",1,"Model-based Estimates",2,"Interpolation",10.75
44,"Currently married by age of woman (Percent)","Currently married by age of woman (Percent)","Estimates and Projections of Women of Reproductive Age Who Are Married or in a Union 2024",2024,"United Nations Population Division",740,"Suriname","SR","SUR",69,"2018",4,"Median",2,"Female",67,15,19,"15-19",100,"Married or in a union women",1,"Model-based Estimates",2,"Interpolation",10.6
44,"Currently married by age of woman (Percent)","Currently married by age of woman (Percent)","Estimates and Projections of Women of Reproductive Age Who Are Married or in a Union 2024",2024,"United Nations Population Division",740,"Suriname","SR","SUR",70,"2019",4,"Median",2,"Female",67,15,19,"15-19",100,"Married or in a union women",1,"Model-based Estimates",3,"Projection",10.45
44,"Currently married by age of woman (Percent)","Currently married by age of woman (Percent)","Estimates and Projections of Women of Reproductive Age Who Are Married or in a Union 2024",2024,"United Nations Population Division",740,"Suriname","SR","SUR",71,"2020",4,"Median",2,"Female",67,15,19,"15-19",100,"Married or in a union women",1,"Model-based Estimates",3,"Projection",10.3
44,"Currently married by age of woman (Percent)","Currently married by age of woman (Percent)","Estimates and Projections of Women of Reproductive Age Who Are Married or in a Union 2024",2024,"United Nations Population Division",740,"Suriname","SR","SUR",72,"2021",4,"Median",2,"Female",67,15,19,"15-19",100,"Married or in a union women",1,"Model-based Estimates",3,"Projection",10.15
44,"Currently married by age of woman (Percent)","Currently married by age of woman (Percent)","Estimates and Projections of Women of Reproductive Age Who Are Married or in a Union 2024",2024,"United Nations Population Division",740,"Suriname","SR","SUR",73,"2022",4,"Median",2,"Female",67,15,19,"15-19",100,"Married or in a union women",1,"Model-based Estimates",3,"Projection",10
44,"Currently married by age of woman (Percent)","Currently married by age of woman (Percent)","Estimates and Projections of Women of Reproductive Age Who Are Married or in a Union 2024",2024,"United Nations Population Division",780,"Trinidad and Tobago","TT","TTO",59,"2008",4,"Median",2,"Female",67,15,19,"15-19",100,"Married or in a union women",1,"Model-based Estimates",2,"Interpolation",4.88
44,"Currently married by age of woman (Percent)","Currently married by age of woman (Percent)","Estimates and Projections of Women of Reproductive Age Who Are Married or in a Union 2024",2024,"United Nations Population Division",780,"Trinidad and Tobago","TT","TTO",60,"2009",4,"Median",2,"Female",67,15,19,"15-19",100,"Married or in a union women",1,"Model-based Estimates",2,"Interpolation",4.7
44,"Currently married by age of woman (Percent)","Currently married by age of woman (Percent)","Estimates and Projections of Women of Reproductive Age Who Are Married or in a Union 2024",2024,"United Nations Population Division",780,"Trinidad and Tobago","TT","TTO",61,"2010",4,"Median",2,"Female",67,15,19,"15-19",100,"Married or in a union women",1,"Model-based Estimates",2,"Interpolation",4.53
44,"Currently married by age of woman (Percent)","Currently married by age of woman (Percent)","Estimates and Projections of Women of Reproductive Age Who Are Married or in a Union 2024",2024,"United Nations Population Division",780,"Trinidad and Tobago","TT","TTO",62,"2011",4,"Median",2,"Female",67,15,19,"15-19",100,"Married or in a union women",1,"Model-based Estimates",2,"Interpolation",4.35
44,"Currently married by age of woman (Percent)","Currently married by age of woman (Percent)","Estimates and Projections of Women of Reproductive Age Who Are Married or in a Union 2024",2024,"United Nations Population Division",780,"Trinidad and Tobago","TT","TTO",63,"2012",4,"Median",2,"Female",67,15,19,"15-19",100,"Married or in a union women",1,"Model-based Estimates",2,"Interpolation",4.17
44,"Currently married by age of woman (Percent)","Currently married by age of woman (Percent)","Estimates and Projections of Women of Reproductive Age Who Are Married or in a Union 2024",2024,"United Nations Population Division",780,"Trinidad and Tobago","TT","TTO",64,"2013",4,"Median",2,"Female",67,15,19,"15-19",100,"Married or in a union women",1,"Model-based Estimates",2,"Interpolation",3.99
44,"Currently married by age of woman (Percent)","Currently married by age of woman (Percent)","Estimates and Projections of Women of Reproductive Age Who Are Married or in a Union 2024",2024,"United Nations Population Division",780,"Trinidad and Tobago","TT","TTO",65,"2014",4,"Median",2,"Female",67,15,19,"15-19",100,"Married or in a union women",1,"Model-based Estimates",2,"Interpolation",3.82
44,"Currently married by age of woman (Percent)","Currently married by age of woman (Percent)","Estimates and Projections of Women of Reproductive Age Who Are Married or in a Union 2024",2024,"United Nations Population Division",780,"Trinidad and Tobago","TT","TTO",66,"2015",4,"Median",2,"Female",67,15,19,"15-19",100,"Married or in a union women",1,"Model-based Estimates",2,"Interpolation",3.64
44,"Currently married by age of woman (Percent)","Currently married by age of woman (Percent)","Estimates and Projections of Women of Reproductive Age Who Are Married or in a Union 2024",2024,"United Nations Population Division",780,"Trinidad and Tobago","TT","TTO",67,"2016",4,"Median",2,"Female",67,15,19,"15-19",100,"Married or in a union women",1,"Model-based Estimates",2,"Interpolation",3.46
44,"Currently married by age of woman (Percent)","Currently married by age of woman (Percent)","Estimates and Projections of Women of Reproductive Age Who Are Married or in a Union 2024",2024,"United Nations Population Division",780,"Trinidad and Tobago","TT","TTO",68,"2017",4,"Median",2,"Female",67,15,19,"15-19",100,"Married or in a union women",1,"Model-based Estimates",2,"Interpolation",3.29
44,"Currently married by age of woman (Percent)","Currently married by age of woman (Percent)","Estimates and Projections of Women of Reproductive Age Who Are Married or in a Union 2024",2024,"United Nations Population Division",780,"Trinidad and Tobago","TT","TTO",69,"2018",4,"Median",2,"Female",67,15,19,"15-19",100,"Married or in a union women",1,"Model-based Estimates",2,"Interpolation",3.11
44,"Currently married by age of woman (Percent)","Currently married by age of woman (Percent)","Estimates and Projections of Women of Reproductive Age Who Are Married or in a Union 2024",2024,"United Nations Population Division",780,"Trinidad and Tobago","TT","TTO",70,"2019",4,"Median",2,"Female",67,15,19,"15-19",100,"Married or in a union women",1,"Model-based Estimates",2,"Interpolation",2.93
44,"Currently married by age of woman (Percent)","Currently married by age of woman (Percent)","Estimates and Projections of Women of Reproductive Age Who Are Married or in a Union 2024",2024,"United Nations Population Division",780,"Trinidad and Tobago","TT","TTO",71,"2020",4,"Median",2,"Female",67,15,19,"15-19",100,"Married or in a union women",1,"Model-based Estimates",2,"Interpolation",2.75
44,"Currently married by age of woman (Percent)","Currently married by age of woman (Percent)","Estimates and Projections of Women of Reproductive Age Who Are Married or in a Union 2024",2024,"United Nations Population Division",780,"Trinidad and Tobago","TT","TTO",72,"2021",4,"Median",2,"Female",67,15,19,"15-19",100,"Married or in a union women",1,"Model-based Estimates",2,"Interpolation",2.58
44,"Currently married by age of woman (Percent)","Currently married by age of woman (Percent)","Estimates and Projections of Women of Reproductive Age Who Are Married or in a Union 2024",2024,"United Nations Population Division",780,"Trinidad and Tobago","TT","TTO",73,"2022",4,"Median",2,"Female",67,15,19,"15-19",100,"Married or in a union women",1,"Model-based Estimates",2,"Interpolation",2.4
44,"Currently married by age of woman (Percent)","Currently married by age of woman (Percent)","Estimates and Projections of Women of Reproductive Age Who Are Married or in a Union 2024",2024,"United Nations Population Division",796,"Turks and Caicos Islands","TC","TCA",59,"2008",4,"Median",2,"Female",67,15,19,"15-19",100,"Married or in a union women",1,"Model-based Estimates",2,"Interpolation",29.11
44,"Currently married by age of woman (Percent)","Currently married by age of woman (Percent)","Estimates and Projections of Women of Reproductive Age Who Are Married or in a Union 2024",2024,"United Nations Population Division",796,"Turks and Caicos Islands","TC","TCA",60,"2009",4,"Median",2,"Female",67,15,19,"15-19",100,"Married or in a union women",1,"Model-based Estimates",2,"Interpolation",29.11
44,"Currently married by age of woman (Percent)","Currently married by age of woman (Percent)","Estimates and Projections of Women of Reproductive Age Who Are Married or in a Union 2024",2024,"United Nations Population Division",796,"Turks and Caicos Islands","TC","TCA",61,"2010",4,"Median",2,"Female",67,15,19,"15-19",100,"Married or in a union women",1,"Model-based Estimates",2,"Interpolation",29.11
44,"Currently married by age of woman (Percent)","Currently married by age of woman (Percent)","Estimates and Projections of Women of Reproductive Age Who Are Married or in a Union 2024",2024,"United Nations Population Division",796,"Turks and Caicos Islands","TC","TCA",62,"2011",4,"Median",2,"Female",67,15,19,"15-19",100,"Married or in a union women",1,"Model-based Estimates",2,"Interpolation",29.11
44,"Currently married by age of woman (Percent)","Currently married by age of woman (Percent)","Estimates and Projections of Women of Reproductive Age Who Are Married or in a Union 2024",2024,"United Nations Population Division",796,"Turks and Caicos Islands","TC","TCA",63,"2012",4,"Median",2,"Female",67,15,19,"15-19",100,"Married or in a union women",1,"Model-based Estimates",2,"Interpolation",29.11
44,"Currently married by age of woman (Percent)","Currently married by age of woman (Percent)","Estimates and Projections of Women of Reproductive Age Who Are Married or in a Union 2024",2024,"United Nations Population Division",796,"Turks and Caicos Islands","TC","TCA",64,"2013",4,"Median",2,"Female",67,15,19,"15-19",100,"Married or in a union women",1,"Model-based Estimates",2,"Interpolation",29.11
44,"Currently married by age of woman (Percent)","Currently married by age of woman (Percent)","Estimates and Projections of Women of Reproductive Age Who Are Married or in a Union 2024",2024,"United Nations Population Division",796,"Turks and Caicos Islands","TC","TCA",65,"2014",4,"Median",2,"Female",67,15,19,"15-19",100,"Married or in a union women",1,"Model-based Estimates",2,"Interpolation",29.11
44,"Currently married by age of woman (Percent)","Currently married by age of woman (Percent)","Estimates and Projections of Women of Reproductive Age Who Are Married or in a Union 2024",2024,"United Nations Population Division",796,"Turks and Caicos Islands","TC","TCA",66,"2015",4,"Median",2,"Female",67,15,19,"15-19",100,"Married or in a union women",1,"Model-based Estimates",2,"Interpolation",29.11
44,"Currently married by age of woman (Percent)","Currently married by age of woman (Percent)","Estimates and Projections of Women of Reproductive Age Who Are Married or in a Union 2024",2024,"United Nations Population Division",796,"Turks and Caicos Islands","TC","TCA",67,"2016",4,"Median",2,"Female",67,15,19,"15-19",100,"Married or in a union women",1,"Model-based Estimates",2,"Interpolation",29.11
44,"Currently married by age of woman (Percent)","Currently married by age of woman (Percent)","Estimates and Projections of Women of Reproductive Age Who Are Married or in a Union 2024",2024,"United Nations Population Division",796,"Turks and Caicos Islands","TC","TCA",68,"2017",4,"Median",2,"Female",67,15,19,"15-19",100,"Married or in a union women",1,"Model-based Estimates",2,"Interpolation",29.11
44,"Currently married by age of woman (Percent)","Currently married by age of woman (Percent)","Estimates and Projections of Women of Reproductive Age Who Are Married or in a Union 2024",2024,"United Nations Population Division",796,"Turks and Caicos Islands","TC","TCA",69,"2018",4,"Median",2,"Female",67,15,19,"15-19",100,"Married or in a union women",1,"Model-based Estimates",2,"Interpolation",29.11
44,"Currently married by age of woman (Percent)","Currently married by age of woman (Percent)","Estimates and Projections of Women of Reproductive Age Who Are Married or in a Union 2024",2024,"United Nations Population Division",796,"Turks and Caicos Islands","TC","TCA",70,"2019",4,"Median",2,"Female",67,15,19,"15-19",100,"Married or in a union women",1,"Model-based Estimates",2,"Interpolation",29.11
44,"Currently married by age of woman (Percent)","Currently married by age of woman (Percent)","Estimates and Projections of Women of Reproductive Age Who Are Married or in a Union 2024",2024,"United Nations Population Division",796,"Turks and Caicos Islands","TC","TCA",71,"2020",4,"Median",2,"Female",67,15,19,"15-19",100,"Married or in a union women",1,"Model-based Estimates",2,"Interpolation",29.11
44,"Currently married by age of woman (Percent)","Currently married by age of woman (Percent)","Estimates and Projections of Women of Reproductive Age Who Are Married or in a Union 2024",2024,"United Nations Population Division",796,"Turks and Caicos Islands","TC","TCA",72,"2021",4,"Median",2,"Female",67,15,19,"15-19",100,"Married or in a union women",1,"Model-based Estimates",3,"Projection",28.06
44,"Currently married by age of woman (Percent)","Currently married by age of woman (Percent)","Estimates and Projections of Women of Reproductive Age Who Are Married or in a Union 2024",2024,"United Nations Population Division",796,"Turks and Caicos Islands","TC","TCA",73,"2022",4,"Median",2,"Female",67,15,19,"15-19",100,"Married or in a union women",1,"Model-based Estimates",3,"Projection",27.03
44,"Currently married by age of woman (Percent)","Currently married by age of woman (Percent)","Estimates and Projections of Women of Reproductive Age Who Are Married or in a Union 2024",2024,"United Nations Population Division",840,"United States of America","US","USA",59,"2008",4,"Median",2,"Female",67,15,19,"15-19",100,"Married or in a union women",1,"Model-based Estimates",2,"Interpolation",5.59
44,"Currently married by age of woman (Percent)","Currently married by age of woman (Percent)","Estimates and Projections of Women of Reproductive Age Who Are Married or in a Union 2024",2024,"United Nations Population Division",840,"United States of America","US","USA",60,"2009",4,"Median",2,"Female",67,15,19,"15-19",100,"Married or in a union women",1,"Model-based Estimates",2,"Interpolation",5.38
44,"Currently married by age of woman (Percent)","Currently married by age of woman (Percent)","Estimates and Projections of Women of Reproductive Age Who Are Married or in a Union 2024",2024,"United Nations Population Division",840,"United States of America","US","USA",61,"2010",4,"Median",2,"Female",67,15,19,"15-19",100,"Married or in a union women",1,"Model-based Estimates",2,"Interpolation",5.17
44,"Currently married by age of woman (Percent)","Currently married by age of woman (Percent)","Estimates and Projections of Women of Reproductive Age Who Are Married or in a Union 2024",2024,"United Nations Population Division",840,"United States of America","US","USA",62,"2011",4,"Median",2,"Female",67,15,19,"15-19",100,"Married or in a union women",1,"Model-based Estimates",2,"Interpolation",4.96
44,"Currently married by age of woman (Percent)","Currently married by age of woman (Percent)","Estimates and Projections of Women of Reproductive Age Who Are Married or in a Union 2024",2024,"United Nations Population Division",840,"United States of America","US","USA",63,"2012",4,"Median",2,"Female",67,15,19,"15-19",100,"Married or in a union women",1,"Model-based Estimates",2,"Interpolation",4.75
44,"Currently married by age of woman (Percent)","Currently married by age of woman (Percent)","Estimates and Projections of Women of Reproductive Age Who Are Married or in a Union 2024",2024,"United Nations Population Division",840,"United States of America","US","USA",64,"2013",4,"Median",2,"Female",67,15,19,"15-19",100,"Married or in a union women",1,"Model-based Estimates",2,"Interpolation",4.54
44,"Currently married by age of woman (Percent)","Currently married by age of woman (Percent)","Estimates and Projections of Women of Reproductive Age Who Are Married or in a Union 2024",2024,"United Nations Population Division",840,"United States of America","US","USA",65,"2014",4,"Median",2,"Female",67,15,19,"15-19",100,"Married or in a union women",1,"Model-based Estimates",2,"Interpolation",4.33
44,"Currently married by age of woman (Percent)","Currently married by age of woman (Percent)","Estimates and Projections of Women of Reproductive Age Who Are Married or in a Union 2024",2024,"United Nations Population Division",840,"United States of America","US","USA",66,"2015",4,"Median",2,"Female",67,15,19,"15-19",100,"Married or in a union women",1,"Model-based Estimates",2,"Interpolation",4.12
44,"Currently married by age of woman (Percent)","Currently married by age of woman (Percent)","Estimates and Projections of Women of Reproductive Age Who Are Married or in a Union 2024",2024,"United Nations Population Division",840,"United States of America","US","USA",67,"2016",4,"Median",2,"Female",67,15,19,"15-19",100,"Married or in a union women",1,"Model-based Estimates",2,"Interpolation",3.91
44,"Currently married by age of woman (Percent)","Currently married by age of woman (Percent)","Estimates and Projections of Women of Reproductive Age Who Are Married or in a Union 2024",2024,"United Nations Population Division",840,"United States of America","US","USA",68,"2017",4,"Median",2,"Female",67,15,19,"15-19",100,"Married or in a union women",1,"Model-based Estimates",2,"Interpolation",3.7
44,"Currently married by age of woman (Percent)","Currently married by age of woman (Percent)","Estimates and Projections of Women of Reproductive Age Who Are Married or in a Union 2024",2024,"United Nations Population Division",840,"United States of America","US","USA",69,"2018",4,"Median",2,"Female",67,15,19,"15-19",100,"Married or in a union women",1,"Model-based Estimates",2,"Interpolation",3.54
44,"Currently married by age of woman (Percent)","Currently married by age of woman (Percent)","Estimates and Projections of Women of Reproductive Age Who Are Married or in a Union 2024",2024,"United Nations Population Division",840,"United States of America","US","USA",70,"2019",4,"Median",2,"Female",67,15,19,"15-19",100,"Married or in a union women",1,"Model-based Estimates",2,"Interpolation",3.4
44,"Currently married by age of woman (Percent)","Currently married by age of woman (Percent)","Estimates and Projections of Women of Reproductive Age Who Are Married or in a Union 2024",2024,"United Nations Population Division",840,"United States of America","US","USA",71,"2020",4,"Median",2,"Female",67,15,19,"15-19",100,"Married or in a union women",1,"Model-based Estimates",2,"Interpolation",3.27
44,"Currently married by age of woman (Percent)","Currently married by age of woman (Percent)","Estimates and Projections of Women of Reproductive Age Who Are Married or in a Union 2024",2024,"United Nations Population Division",840,"United States of America","US","USA",72,"2021",4,"Median",2,"Female",67,15,19,"15-19",100,"Married or in a union women",1,"Model-based Estimates",2,"Interpolation",3.15
44,"Currently married by age of woman (Percent)","Currently married by age of woman (Percent)","Estimates and Projections of Women of Reproductive Age Who Are Married or in a Union 2024",2024,"United Nations Population Division",840,"United States of America","US","USA",73,"2022",4,"Median",2,"Female",67,15,19,"15-19",100,"Married or in a union women",1,"Model-based Estimates",2,"Interpolation",3.04
44,"Currently married by age of woman (Percent)","Currently married by age of woman (Percent)","Estimates and Projections of Women of Reproductive Age Who Are Married or in a Union 2024",2024,"United Nations Population Division",850,"United States Virgin Islands","VI","VIR",59,"2008",4,"Median",2,"Female",67,15,19,"15-19",100,"Married or in a union women",1,"Model-based Estimates",2,"Interpolation",3.32
44,"Currently married by age of woman (Percent)","Currently married by age of woman (Percent)","Estimates and Projections of Women of Reproductive Age Who Are Married or in a Union 2024",2024,"United Nations Population Division",850,"United States Virgin Islands","VI","VIR",60,"2009",4,"Median",2,"Female",67,15,19,"15-19",100,"Married or in a union women",1,"Model-based Estimates",2,"Interpolation",3.35
44,"Currently married by age of woman (Percent)","Currently married by age of woman (Percent)","Estimates and Projections of Women of Reproductive Age Who Are Married or in a Union 2024",2024,"United Nations Population Division",850,"United States Virgin Islands","VI","VIR",61,"2010",4,"Median",2,"Female",67,15,19,"15-19",100,"Married or in a union women",1,"Model-based Estimates",2,"Interpolation",3.38
44,"Currently married by age of woman (Percent)","Currently married by age of woman (Percent)","Estimates and Projections of Women of Reproductive Age Who Are Married or in a Union 2024",2024,"United Nations Population Division",850,"United States Virgin Islands","VI","VIR",62,"2011",4,"Median",2,"Female",67,15,19,"15-19",100,"Married or in a union women",1,"Model-based Estimates",2,"Interpolation",3.4
44,"Currently married by age of woman (Percent)","Currently married by age of woman (Percent)","Estimates and Projections of Women of Reproductive Age Who Are Married or in a Union 2024",2024,"United Nations Population Division",850,"United States Virgin Islands","VI","VIR",63,"2012",4,"Median",2,"Female",67,15,19,"15-19",100,"Married or in a union women",1,"Model-based Estimates",2,"Interpolation",3.43
44,"Currently married by age of woman (Percent)","Currently married by age of woman (Percent)","Estimates and Projections of Women of Reproductive Age Who Are Married or in a Union 2024",2024,"United Nations Population Division",850,"United States Virgin Islands","VI","VIR",64,"2013",4,"Median",2,"Female",67,15,19,"15-19",100,"Married or in a union women",1,"Model-based Estimates",2,"Interpolation",3.46
44,"Currently married by age of woman (Percent)","Currently married by age of woman (Percent)","Estimates and Projections of Women of Reproductive Age Who Are Married or in a Union 2024",2024,"United Nations Population Division",850,"United States Virgin Islands","VI","VIR",65,"2014",4,"Median",2,"Female",67,15,19,"15-19",100,"Married or in a union women",1,"Model-based Estimates",2,"Interpolation",3.48
44,"Currently married by age of woman (Percent)","Currently married by age of woman (Percent)","Estimates and Projections of Women of Reproductive Age Who Are Married or in a Union 2024",2024,"United Nations Population Division",850,"United States Virgin Islands","VI","VIR",66,"2015",4,"Median",2,"Female",67,15,19,"15-19",100,"Married or in a union women",1,"Model-based Estimates",2,"Interpolation",3.51
44,"Currently married by age of woman (Percent)","Currently married by age of woman (Percent)","Estimates and Projections of Women of Reproductive Age Who Are Married or in a Union 2024",2024,"United Nations Population Division",850,"United States Virgin Islands","VI","VIR",67,"2016",4,"Median",2,"Female",67,15,19,"15-19",100,"Married or in a union women",1,"Model-based Estimates",2,"Interpolation",3.54
44,"Currently married by age of woman (Percent)","Currently married by age of woman (Percent)","Estimates and Projections of Women of Reproductive Age Who Are Married or in a Union 2024",2024,"United Nations Population Division",850,"United States Virgin Islands","VI","VIR",68,"2017",4,"Median",2,"Female",67,15,19,"15-19",100,"Married or in a union women",1,"Model-based Estimates",2,"Interpolation",3.57
44,"Currently married by age of woman (Percent)","Currently married by age of woman (Percent)","Estimates and Projections of Women of Reproductive Age Who Are Married or in a Union 2024",2024,"United Nations Population Division",850,"United States Virgin Islands","VI","VIR",69,"2018",4,"Median",2,"Female",67,15,19,"15-19",100,"Married or in a union women",1,"Model-based Estimates",2,"Interpolation",3.6
44,"Currently married by age of woman (Percent)","Currently married by age of woman (Percent)","Estimates and Projections of Women of Reproductive Age Who Are Married or in a Union 2024",2024,"United Nations Population Division",850,"United States Virgin Islands","VI","VIR",70,"2019",4,"Median",2,"Female",67,15,19,"15-19",100,"Married or in a union women",1,"Model-based Estimates",2,"Interpolation",3.62
44,"Currently married by age of woman (Percent)","Currently married by age of woman (Percent)","Estimates and Projections of Women of Reproductive Age Who Are Married or in a Union 2024",2024,"United Nations Population Division",850,"United States Virgin Islands","VI","VIR",71,"2020",4,"Median",2,"Female",67,15,19,"15-19",100,"Married or in a union women",1,"Model-based Estimates",2,"Interpolation",3.65
44,"Currently married by age of woman (Percent)","Currently married by age of woman (Percent)","Estimates and Projections of Women of Reproductive Age Who Are Married or in a Union 2024",2024,"United Nations Population Division",850,"United States Virgin Islands","VI","VIR",72,"2021",4,"Median",2,"Female",67,15,19,"15-19",100,"Married or in a union women",1,"Model-based Estimates",3,"Projection",3.68
44,"Currently married by age of woman (Percent)","Currently married by age of woman (Percent)","Estimates and Projections of Women of Reproductive Age Who Are Married or in a Union 2024",2024,"United Nations Population Division",850,"United States Virgin Islands","VI","VIR",73,"2022",4,"Median",2,"Female",67,15,19,"15-19",100,"Married or in a union women",1,"Model-based Estimates",3,"Projection",3.71
44,"Currently married by age of woman (Percent)","Currently married by age of woman (Percent)","Estimates and Projections of Women of Reproductive Age Who Are Married or in a Union 2024",2024,"United Nations Population Division",858,"Uruguay","UY","URY",59,"2008",4,"Median",2,"Female",67,15,19,"15-19",100,"Married or in a union women",1,"Model-based Estimates",2,"Interpolation",11.16
44,"Currently married by age of woman (Percent)","Currently married by age of woman (Percent)","Estimates and Projections of Women of Reproductive Age Who Are Married or in a Union 2024",2024,"United Nations Population Division",858,"Uruguay","UY","URY",60,"2009",4,"Median",2,"Female",67,15,19,"15-19",100,"Married or in a union women",1,"Model-based Estimates",2,"Interpolation",11.14
44,"Currently married by age of woman (Percent)","Currently married by age of woman (Percent)","Estimates and Projections of Women of Reproductive Age Who Are Married or in a Union 2024",2024,"United Nations Population Division",858,"Uruguay","UY","URY",61,"2010",4,"Median",2,"Female",67,15,19,"15-19",100,"Married or in a union women",1,"Model-based Estimates",2,"Interpolation",11.12
44,"Currently married by age of woman (Percent)","Currently married by age of woman (Percent)","Estimates and Projections of Women of Reproductive Age Who Are Married or in a Union 2024",2024,"United Nations Population Division",858,"Uruguay","UY","URY",62,"2011",4,"Median",2,"Female",67,15,19,"15-19",100,"Married or in a union women",1,"Model-based Estimates",2,"Interpolation",11.09
44,"Currently married by age of woman (Percent)","Currently married by age of woman (Percent)","Estimates and Projections of Women of Reproductive Age Who Are Married or in a Union 2024",2024,"United Nations Population Division",858,"Uruguay","UY","URY",63,"2012",4,"Median",2,"Female",67,15,19,"15-19",100,"Married or in a union women",1,"Model-based Estimates",2,"Interpolation",11.06
44,"Currently married by age of woman (Percent)","Currently married by age of woman (Percent)","Estimates and Projections of Women of Reproductive Age Who Are Married or in a Union 2024",2024,"United Nations Population Division",858,"Uruguay","UY","URY",64,"2013",4,"Median",2,"Female",67,15,19,"15-19",100,"Married or in a union women",1,"Model-based Estimates",2,"Interpolation",11.03
44,"Currently married by age of woman (Percent)","Currently married by age of woman (Percent)","Estimates and Projections of Women of Reproductive Age Who Are Married or in a Union 2024",2024,"United Nations Population Division",858,"Uruguay","UY","URY",65,"2014",4,"Median",2,"Female",67,15,19,"15-19",100,"Married or in a union women",1,"Model-based Estimates",3,"Projection",10.99
44,"Currently married by age of woman (Percent)","Currently married by age of woman (Percent)","Estimates and Projections of Women of Reproductive Age Who Are Married or in a Union 2024",2024,"United Nations Population Division",858,"Uruguay","UY","URY",66,"2015",4,"Median",2,"Female",67,15,19,"15-19",100,"Married or in a union women",1,"Model-based Estimates",3,"Projection",10.95
44,"Currently married by age of woman (Percent)","Currently married by age of woman (Percent)","Estimates and Projections of Women of Reproductive Age Who Are Married or in a Union 2024",2024,"United Nations Population Division",858,"Uruguay","UY","URY",67,"2016",4,"Median",2,"Female",67,15,19,"15-19",100,"Married or in a union women",1,"Model-based Estimates",3,"Projection",10.9
44,"Currently married by age of woman (Percent)","Currently married by age of woman (Percent)","Estimates and Projections of Women of Reproductive Age Who Are Married or in a Union 2024",2024,"United Nations Population Division",858,"Uruguay","UY","URY",68,"2017",4,"Median",2,"Female",67,15,19,"15-19",100,"Married or in a union women",1,"Model-based Estimates",3,"Projection",10.84
44,"Currently married by age of woman (Percent)","Currently married by age of woman (Percent)","Estimates and Projections of Women of Reproductive Age Who Are Married or in a Union 2024",2024,"United Nations Population Division",858,"Uruguay","UY","URY",69,"2018",4,"Median",2,"Female",67,15,19,"15-19",100,"Married or in a union women",1,"Model-based Estimates",3,"Projection",10.78
44,"Currently married by age of woman (Percent)","Currently married by age of woman (Percent)","Estimates and Projections of Women of Reproductive Age Who Are Married or in a Union 2024",2024,"United Nations Population Division",858,"Uruguay","UY","URY",70,"2019",4,"Median",2,"Female",67,15,19,"15-19",100,"Married or in a union women",1,"Model-based Estimates",3,"Projection",10.71
44,"Currently married by age of woman (Percent)","Currently married by age of woman (Percent)","Estimates and Projections of Women of Reproductive Age Who Are Married or in a Union 2024",2024,"United Nations Population Division",858,"Uruguay","UY","URY",71,"2020",4,"Median",2,"Female",67,15,19,"15-19",100,"Married or in a union women",1,"Model-based Estimates",3,"Projection",10.64
44,"Currently married by age of woman (Percent)","Currently married by age of woman (Percent)","Estimates and Projections of Women of Reproductive Age Who Are Married or in a Union 2024",2024,"United Nations Population Division",858,"Uruguay","UY","URY",72,"2021",4,"Median",2,"Female",67,15,19,"15-19",100,"Married or in a union women",1,"Model-based Estimates",3,"Projection",10.56
44,"Currently married by age of woman (Percent)","Currently married by age of woman (Percent)","Estimates and Projections of Women of Reproductive Age Who Are Married or in a Union 2024",2024,"United Nations Population Division",858,"Uruguay","UY","URY",73,"2022",4,"Median",2,"Female",67,15,19,"15-19",100,"Married or in a union women",1,"Model-based Estimates",3,"Projection",10.47
44,"Currently married by age of woman (Percent)","Currently married by age of woman (Percent)","Estimates and Projections of Women of Reproductive Age Who Are Married or in a Union 2024",2024,"United Nations Population Division",862,"Venezuela (Bolivarian Republic of)","VE","VEN",59,"2008",4,"Median",2,"Female",67,15,19,"15-19",100,"Married or in a union women",1,"Model-based Estimates",2,"Interpolation",15.69
44,"Currently married by age of woman (Percent)","Currently married by age of woman (Percent)","Estimates and Projections of Women of Reproductive Age Who Are Married or in a Union 2024",2024,"United Nations Population Division",862,"Venezuela (Bolivarian Republic of)","VE","VEN",60,"2009",4,"Median",2,"Female",67,15,19,"15-19",100,"Married or in a union women",1,"Model-based Estimates",2,"Interpolation",15.66
44,"Currently married by age of woman (Percent)","Currently married by age of woman (Percent)","Estimates and Projections of Women of Reproductive Age Who Are Married or in a Union 2024",2024,"United Nations Population Division",862,"Venezuela (Bolivarian Republic of)","VE","VEN",61,"2010",4,"Median",2,"Female",67,15,19,"15-19",100,"Married or in a union women",1,"Model-based Estimates",2,"Interpolation",15.63
44,"Currently married by age of woman (Percent)","Currently married by age of woman (Percent)","Estimates and Projections of Women of Reproductive Age Who Are Married or in a Union 2024",2024,"United Nations Population Division",862,"Venezuela (Bolivarian Republic of)","VE","VEN",62,"2011",4,"Median",2,"Female",67,15,19,"15-19",100,"Married or in a union women",1,"Model-based Estimates",2,"Interpolation",15.6
44,"Currently married by age of woman (Percent)","Currently married by age of woman (Percent)","Estimates and Projections of Women of Reproductive Age Who Are Married or in a Union 2024",2024,"United Nations Population Division",862,"Venezuela (Bolivarian Republic of)","VE","VEN",63,"2012",4,"Median",2,"Female",67,15,19,"15-19",100,"Married or in a union women",1,"Model-based Estimates",3,"Projection",15.56
44,"Currently married by age of woman (Percent)","Currently married by age of woman (Percent)","Estimates and Projections of Women of Reproductive Age Who Are Married or in a Union 2024",2024,"United Nations Population Division",862,"Venezuela (Bolivarian Republic of)","VE","VEN",64,"2013",4,"Median",2,"Female",67,15,19,"15-19",100,"Married or in a union women",1,"Model-based Estimates",3,"Projection",15.52
44,"Currently married by age of woman (Percent)","Currently married by age of woman (Percent)","Estimates and Projections of Women of Reproductive Age Who Are Married or in a Union 2024",2024,"United Nations Population Division",862,"Venezuela (Bolivarian Republic of)","VE","VEN",65,"2014",4,"Median",2,"Female",67,15,19,"15-19",100,"Married or in a union women",1,"Model-based Estimates",3,"Projection",15.45
44,"Currently married by age of woman (Percent)","Currently married by age of woman (Percent)","Estimates and Projections of Women of Reproductive Age Who Are Married or in a Union 2024",2024,"United Nations Population Division",862,"Venezuela (Bolivarian Republic of)","VE","VEN",66,"2015",4,"Median",2,"Female",67,15,19,"15-19",100,"Married or in a union women",1,"Model-based Estimates",3,"Projection",15.38
44,"Currently married by age of woman (Percent)","Currently married by age of woman (Percent)","Estimates and Projections of Women of Reproductive Age Who Are Married or in a Union 2024",2024,"United Nations Population Division",862,"Venezuela (Bolivarian Republic of)","VE","VEN",67,"2016",4,"Median",2,"Female",67,15,19,"15-19",100,"Married or in a union women",1,"Model-based Estimates",3,"Projection",15.3
44,"Currently married by age of woman (Percent)","Currently married by age of woman (Percent)","Estimates and Projections of Women of Reproductive Age Who Are Married or in a Union 2024",2024,"United Nations Population Division",862,"Venezuela (Bolivarian Republic of)","VE","VEN",68,"2017",4,"Median",2,"Female",67,15,19,"15-19",100,"Married or in a union women",1,"Model-based Estimates",3,"Projection",15.2
44,"Currently married by age of woman (Percent)","Currently married by age of woman (Percent)","Estimates and Projections of Women of Reproductive Age Who Are Married or in a Union 2024",2024,"United Nations Population Division",862,"Venezuela (Bolivarian Republic of)","VE","VEN",69,"2018",4,"Median",2,"Female",67,15,19,"15-19",100,"Married or in a union women",1,"Model-based Estimates",3,"Projection",15.09
44,"Currently married by age of woman (Percent)","Currently married by age of woman (Percent)","Estimates and Projections of Women of Reproductive Age Who Are Married or in a Union 2024",2024,"United Nations Population Division",862,"Venezuela (Bolivarian Republic of)","VE","VEN",70,"2019",4,"Median",2,"Female",67,15,19,"15-19",100,"Married or in a union women",1,"Model-based Estimates",3,"Projection",14.97
44,"Currently married by age of woman (Percent)","Currently married by age of woman (Percent)","Estimates and Projections of Women of Reproductive Age Who Are Married or in a Union 2024",2024,"United Nations Population Division",862,"Venezuela (Bolivarian Republic of)","VE","VEN",71,"2020",4,"Median",2,"Female",67,15,19,"15-19",100,"Married or in a union women",1,"Model-based Estimates",3,"Projection",14.84
44,"Currently married by age of woman (Percent)","Currently married by age of woman (Percent)","Estimates and Projections of Women of Reproductive Age Who Are Married or in a Union 2024",2024,"United Nations Population Division",862,"Venezuela (Bolivarian Republic of)","VE","VEN",72,"2021",4,"Median",2,"Female",67,15,19,"15-19",100,"Married or in a union women",1,"Model-based Estimates",3,"Projection",14.7
44,"Currently married by age of woman (Percent)","Currently married by age of woman (Percent)","Estimates and Projections of Women of Reproductive Age Who Are Married or in a Union 2024",2024,"United Nations Population Division",862,"Venezuela (Bolivarian Republic of)","VE","VEN",73,"2022",4,"Median",2,"Female",67,15,19,"15-19",100,"Married or in a union women",1,"Model-based Estimates",3,"Projection",14.54
