IndicatorId,IndicatorName,IndicatorShortName,Source,SourceYear,Author,LocationId,Location,Iso2,Iso3,TimeId,Time,VariantId,Variant,SexId,Sex,AgeId,AgeStart,AgeEnd,Age,CategoryId,Category,EstimateTypeId,EstimateType,EstimateMethodId,EstimateMethod,Value
44,"Currently married by age of woman (Percent)","Currently married by age of woman (Percent)","Estimates and Projections of Women of Reproductive Age Who Are Married or in a Union 2024",2024,"United Nations Population Division",12,"Algeria","DZ","DZA",59,"2008",4,"Median",2,"Female",67,15,19,"15-19",100,"Married or in a union women",1,"Model-based Estimates",2,"Interpolation",8.33
44,"Currently married by age of woman (Percent)","Currently married by age of woman (Percent)","Estimates and Projections of Women of Reproductive Age Who Are Married or in a Union 2024",2024,"United Nations Population Division",12,"Algeria","DZ","DZA",60,"2009",4,"Median",2,"Female",67,15,19,"15-19",100,"Married or in a union women",1,"Model-based Estimates",2,"Interpolation",7.87
44,"Currently married by age of woman (Percent)","Currently married by age of woman (Percent)","Estimates and Projections of Women of Reproductive Age Who Are Married or in a Union 2024",2024,"United Nations Population Division",12,"Algeria","DZ","DZA",61,"2010",4,"Median",2,"Female",67,15,19,"15-19",100,"Married or in a union women",1,"Model-based Estimates",2,"Interpolation",7.42
44,"Currently married by age of woman (Percent)","Currently married by age of woman (Percent)","Estimates and Projections of Women of Reproductive Age Who Are Married or in a Union 2024",2024,"United Nations Population Division",12,"Algeria","DZ","DZA",62,"2011",4,"Median",2,"Female",67,15,19,"15-19",100,"Married or in a union women",1,"Model-based Estimates",2,"Interpolation",6.96
44,"Currently married by age of woman (Percent)","Currently married by age of woman (Percent)","Estimates and Projections of Women of Reproductive Age Who Are Married or in a Union 2024",2024,"United Nations Population Division",12,"Algeria","DZ","DZA",63,"2012",4,"Median",2,"Female",67,15,19,"15-19",100,"Married or in a union women",1,"Model-based Estimates",2,"Interpolation",6.5
44,"Currently married by age of woman (Percent)","Currently married by age of woman (Percent)","Estimates and Projections of Women of Reproductive Age Who Are Married or in a Union 2024",2024,"United Nations Population Division",12,"Algeria","DZ","DZA",64,"2013",4,"Median",2,"Female",67,15,19,"15-19",100,"Married or in a union women",1,"Model-based Estimates",2,"Interpolation",6.05
44,"Currently married by age of woman (Percent)","Currently married by age of woman (Percent)","Estimates and Projections of Women of Reproductive Age Who Are Married or in a Union 2024",2024,"United Nations Population Division",12,"Algeria","DZ","DZA",65,"2014",4,"Median",2,"Female",67,15,19,"15-19",100,"Married or in a union women",1,"Model-based Estimates",2,"Interpolation",5.59
44,"Currently married by age of woman (Percent)","Currently married by age of woman (Percent)","Estimates and Projections of Women of Reproductive Age Who Are Married or in a Union 2024",2024,"United Nations Population Division",12,"Algeria","DZ","DZA",66,"2015",4,"Median",2,"Female",67,15,19,"15-19",100,"Married or in a union women",1,"Model-based Estimates",2,"Interpolation",5.13
44,"Currently married by age of woman (Percent)","Currently married by age of woman (Percent)","Estimates and Projections of Women of Reproductive Age Who Are Married or in a Union 2024",2024,"United Nations Population Division",12,"Algeria","DZ","DZA",67,"2016",4,"Median",2,"Female",67,15,19,"15-19",100,"Married or in a union women",1,"Model-based Estimates",2,"Interpolation",4.67
44,"Currently married by age of woman (Percent)","Currently married by age of woman (Percent)","Estimates and Projections of Women of Reproductive Age Who Are Married or in a Union 2024",2024,"United Nations Population Division",12,"Algeria","DZ","DZA",68,"2017",4,"Median",2,"Female",67,15,19,"15-19",100,"Married or in a union women",1,"Model-based Estimates",2,"Interpolation",4.22
44,"Currently married by age of woman (Percent)","Currently married by age of woman (Percent)","Estimates and Projections of Women of Reproductive Age Who Are Married or in a Union 2024",2024,"United Nations Population Division",12,"Algeria","DZ","DZA",69,"2018",4,"Median",2,"Female",67,15,19,"15-19",100,"Married or in a union women",1,"Model-based Estimates",2,"Interpolation",3.76
44,"Currently married by age of woman (Percent)","Currently married by age of woman (Percent)","Estimates and Projections of Women of Reproductive Age Who Are Married or in a Union 2024",2024,"United Nations Population Division",12,"Algeria","DZ","DZA",70,"2019",4,"Median",2,"Female",67,15,19,"15-19",100,"Married or in a union women",1,"Model-based Estimates",2,"Interpolation",3.3
44,"Currently married by age of woman (Percent)","Currently married by age of woman (Percent)","Estimates and Projections of Women of Reproductive Age Who Are Married or in a Union 2024",2024,"United Nations Population Division",12,"Algeria","DZ","DZA",71,"2020",4,"Median",2,"Female",67,15,19,"15-19",100,"Married or in a union women",1,"Model-based Estimates",3,"Projection",3.15
44,"Currently married by age of woman (Percent)","Currently married by age of woman (Percent)","Estimates and Projections of Women of Reproductive Age Who Are Married or in a Union 2024",2024,"United Nations Population Division",12,"Algeria","DZ","DZA",72,"2021",4,"Median",2,"Female",67,15,19,"15-19",100,"Married or in a union women",1,"Model-based Estimates",3,"Projection",3.01
44,"Currently married by age of woman (Percent)","Currently married by age of woman (Percent)","Estimates and Projections of Women of Reproductive Age Who Are Married or in a Union 2024",2024,"United Nations Population Division",12,"Algeria","DZ","DZA",73,"2022",4,"Median",2,"Female",67,15,19,"15-19",100,"Married or in a union women",1,"Model-based Estimates",3,"Projection",2.89
44,"Currently married by age of woman (Percent)","Currently married by age of woman (Percent)","Estimates and Projections of Women of Reproductive Age Who Are Married or in a Union 2024",2024,"United Nations Population Division",24,"Angola","AO","AGO",59,"2008",4,"Median",2,"Female",67,15,19,"15-19",100,"Married or in a union women",1,"Model-based Estimates",2,"Interpolation",20.44
44,"Currently married by age of woman (Percent)","Currently married by age of woman (Percent)","Estimates and Projections of Women of Reproductive Age Who Are Married or in a Union 2024",2024,"United Nations Population Division",24,"Angola","AO","AGO",60,"2009",4,"Median",2,"Female",67,15,19,"15-19",100,"Married or in a union women",1,"Model-based Estimates",2,"Interpolation",20.16
44,"Currently married by age of woman (Percent)","Currently married by age of woman (Percent)","Estimates and Projections of Women of Reproductive Age Who Are Married or in a Union 2024",2024,"United Nations Population Division",24,"Angola","AO","AGO",61,"2010",4,"Median",2,"Female",67,15,19,"15-19",100,"Married or in a union women",1,"Model-based Estimates",2,"Interpolation",19.88
44,"Currently married by age of woman (Percent)","Currently married by age of woman (Percent)","Estimates and Projections of Women of Reproductive Age Who Are Married or in a Union 2024",2024,"United Nations Population Division",24,"Angola","AO","AGO",62,"2011",4,"Median",2,"Female",67,15,19,"15-19",100,"Married or in a union women",1,"Model-based Estimates",2,"Interpolation",19.6
44,"Currently married by age of woman (Percent)","Currently married by age of woman (Percent)","Estimates and Projections of Women of Reproductive Age Who Are Married or in a Union 2024",2024,"United Nations Population Division",24,"Angola","AO","AGO",63,"2012",4,"Median",2,"Female",67,15,19,"15-19",100,"Married or in a union women",1,"Model-based Estimates",2,"Interpolation",19.32
44,"Currently married by age of woman (Percent)","Currently married by age of woman (Percent)","Estimates and Projections of Women of Reproductive Age Who Are Married or in a Union 2024",2024,"United Nations Population Division",24,"Angola","AO","AGO",64,"2013",4,"Median",2,"Female",67,15,19,"15-19",100,"Married or in a union women",1,"Model-based Estimates",2,"Interpolation",19.04
44,"Currently married by age of woman (Percent)","Currently married by age of woman (Percent)","Estimates and Projections of Women of Reproductive Age Who Are Married or in a Union 2024",2024,"United Nations Population Division",24,"Angola","AO","AGO",65,"2014",4,"Median",2,"Female",67,15,19,"15-19",100,"Married or in a union women",1,"Model-based Estimates",2,"Interpolation",18.76
44,"Currently married by age of woman (Percent)","Currently married by age of woman (Percent)","Estimates and Projections of Women of Reproductive Age Who Are Married or in a Union 2024",2024,"United Nations Population Division",24,"Angola","AO","AGO",66,"2015",4,"Median",2,"Female",67,15,19,"15-19",100,"Married or in a union women",1,"Model-based Estimates",2,"Interpolation",18.48
44,"Currently married by age of woman (Percent)","Currently married by age of woman (Percent)","Estimates and Projections of Women of Reproductive Age Who Are Married or in a Union 2024",2024,"United Nations Population Division",24,"Angola","AO","AGO",67,"2016",4,"Median",2,"Female",67,15,19,"15-19",100,"Married or in a union women",1,"Model-based Estimates",2,"Interpolation",18.2
44,"Currently married by age of woman (Percent)","Currently married by age of woman (Percent)","Estimates and Projections of Women of Reproductive Age Who Are Married or in a Union 2024",2024,"United Nations Population Division",24,"Angola","AO","AGO",68,"2017",4,"Median",2,"Female",67,15,19,"15-19",100,"Married or in a union women",1,"Model-based Estimates",3,"Projection",17.94
44,"Currently married by age of woman (Percent)","Currently married by age of woman (Percent)","Estimates and Projections of Women of Reproductive Age Who Are Married or in a Union 2024",2024,"United Nations Population Division",24,"Angola","AO","AGO",69,"2018",4,"Median",2,"Female",67,15,19,"15-19",100,"Married or in a union women",1,"Model-based Estimates",3,"Projection",17.67
44,"Currently married by age of woman (Percent)","Currently married by age of woman (Percent)","Estimates and Projections of Women of Reproductive Age Who Are Married or in a Union 2024",2024,"United Nations Population Division",24,"Angola","AO","AGO",70,"2019",4,"Median",2,"Female",67,15,19,"15-19",100,"Married or in a union women",1,"Model-based Estimates",3,"Projection",17.39
44,"Currently married by age of woman (Percent)","Currently married by age of woman (Percent)","Estimates and Projections of Women of Reproductive Age Who Are Married or in a Union 2024",2024,"United Nations Population Division",24,"Angola","AO","AGO",71,"2020",4,"Median",2,"Female",67,15,19,"15-19",100,"Married or in a union women",1,"Model-based Estimates",3,"Projection",17.11
44,"Currently married by age of woman (Percent)","Currently married by age of woman (Percent)","Estimates and Projections of Women of Reproductive Age Who Are Married or in a Union 2024",2024,"United Nations Population Division",24,"Angola","AO","AGO",72,"2021",4,"Median",2,"Female",67,15,19,"15-19",100,"Married or in a union women",1,"Model-based Estimates",3,"Projection",16.82
44,"Currently married by age of woman (Percent)","Currently married by age of woman (Percent)","Estimates and Projections of Women of Reproductive Age Who Are Married or in a Union 2024",2024,"United Nations Population Division",24,"Angola","AO","AGO",73,"2022",4,"Median",2,"Female",67,15,19,"15-19",100,"Married or in a union women",1,"Model-based Estimates",3,"Projection",16.53
44,"Currently married by age of woman (Percent)","Currently married by age of woman (Percent)","Estimates and Projections of Women of Reproductive Age Who Are Married or in a Union 2024",2024,"United Nations Population Division",72,"Botswana","BW","BWA",59,"2008",4,"Median",2,"Female",67,15,19,"15-19",100,"Married or in a union women",1,"Model-based Estimates",2,"Interpolation",4.79
44,"Currently married by age of woman (Percent)","Currently married by age of woman (Percent)","Estimates and Projections of Women of Reproductive Age Who Are Married or in a Union 2024",2024,"United Nations Population Division",72,"Botswana","BW","BWA",60,"2009",4,"Median",2,"Female",67,15,19,"15-19",100,"Married or in a union women",1,"Model-based Estimates",2,"Interpolation",4.71
44,"Currently married by age of woman (Percent)","Currently married by age of woman (Percent)","Estimates and Projections of Women of Reproductive Age Who Are Married or in a Union 2024",2024,"United Nations Population Division",72,"Botswana","BW","BWA",61,"2010",4,"Median",2,"Female",67,15,19,"15-19",100,"Married or in a union women",1,"Model-based Estimates",2,"Interpolation",4.63
44,"Currently married by age of woman (Percent)","Currently married by age of woman (Percent)","Estimates and Projections of Women of Reproductive Age Who Are Married or in a Union 2024",2024,"United Nations Population Division",72,"Botswana","BW","BWA",62,"2011",4,"Median",2,"Female",67,15,19,"15-19",100,"Married or in a union women",1,"Model-based Estimates",2,"Interpolation",4.56
44,"Currently married by age of woman (Percent)","Currently married by age of woman (Percent)","Estimates and Projections of Women of Reproductive Age Who Are Married or in a Union 2024",2024,"United Nations Population Division",72,"Botswana","BW","BWA",63,"2012",4,"Median",2,"Female",67,15,19,"15-19",100,"Married or in a union women",1,"Model-based Estimates",2,"Interpolation",4.48
44,"Currently married by age of woman (Percent)","Currently married by age of woman (Percent)","Estimates and Projections of Women of Reproductive Age Who Are Married or in a Union 2024",2024,"United Nations Population Division",72,"Botswana","BW","BWA",64,"2013",4,"Median",2,"Female",67,15,19,"15-19",100,"Married or in a union women",1,"Model-based Estimates",2,"Interpolation",4.41
44,"Currently married by age of woman (Percent)","Currently married by age of woman (Percent)","Estimates and Projections of Women of Reproductive Age Who Are Married or in a Union 2024",2024,"United Nations Population Division",72,"Botswana","BW","BWA",65,"2014",4,"Median",2,"Female",67,15,19,"15-19",100,"Married or in a union women",1,"Model-based Estimates",2,"Interpolation",4.33
44,"Currently married by age of woman (Percent)","Currently married by age of woman (Percent)","Estimates and Projections of Women of Reproductive Age Who Are Married or in a Union 2024",2024,"United Nations Population Division",72,"Botswana","BW","BWA",66,"2015",4,"Median",2,"Female",67,15,19,"15-19",100,"Married or in a union women",1,"Model-based Estimates",2,"Interpolation",4.25
44,"Currently married by age of woman (Percent)","Currently married by age of woman (Percent)","Estimates and Projections of Women of Reproductive Age Who Are Married or in a Union 2024",2024,"United Nations Population Division",72,"Botswana","BW","BWA",67,"2016",4,"Median",2,"Female",67,15,19,"15-19",100,"Married or in a union women",1,"Model-based Estimates",2,"Interpolation",4.18
44,"Currently married by age of woman (Percent)","Currently married by age of woman (Percent)","Estimates and Projections of Women of Reproductive Age Who Are Married or in a Union 2024",2024,"United Nations Population Division",72,"Botswana","BW","BWA",68,"2017",4,"Median",2,"Female",67,15,19,"15-19",100,"Married or in a union women",1,"Model-based Estimates",2,"Interpolation",4.1
44,"Currently married by age of woman (Percent)","Currently married by age of woman (Percent)","Estimates and Projections of Women of Reproductive Age Who Are Married or in a Union 2024",2024,"United Nations Population Division",72,"Botswana","BW","BWA",69,"2018",4,"Median",2,"Female",67,15,19,"15-19",100,"Married or in a union women",1,"Model-based Estimates",3,"Projection",4.04
44,"Currently married by age of woman (Percent)","Currently married by age of woman (Percent)","Estimates and Projections of Women of Reproductive Age Who Are Married or in a Union 2024",2024,"United Nations Population Division",72,"Botswana","BW","BWA",70,"2019",4,"Median",2,"Female",67,15,19,"15-19",100,"Married or in a union women",1,"Model-based Estimates",3,"Projection",3.98
44,"Currently married by age of woman (Percent)","Currently married by age of woman (Percent)","Estimates and Projections of Women of Reproductive Age Who Are Married or in a Union 2024",2024,"United Nations Population Division",72,"Botswana","BW","BWA",71,"2020",4,"Median",2,"Female",67,15,19,"15-19",100,"Married or in a union women",1,"Model-based Estimates",3,"Projection",3.92
44,"Currently married by age of woman (Percent)","Currently married by age of woman (Percent)","Estimates and Projections of Women of Reproductive Age Who Are Married or in a Union 2024",2024,"United Nations Population Division",72,"Botswana","BW","BWA",72,"2021",4,"Median",2,"Female",67,15,19,"15-19",100,"Married or in a union women",1,"Model-based Estimates",3,"Projection",3.87
44,"Currently married by age of woman (Percent)","Currently married by age of woman (Percent)","Estimates and Projections of Women of Reproductive Age Who Are Married or in a Union 2024",2024,"United Nations Population Division",72,"Botswana","BW","BWA",73,"2022",4,"Median",2,"Female",67,15,19,"15-19",100,"Married or in a union women",1,"Model-based Estimates",3,"Projection",3.82
44,"Currently married by age of woman (Percent)","Currently married by age of woman (Percent)","Estimates and Projections of Women of Reproductive Age Who Are Married or in a Union 2024",2024,"United Nations Population Division",108,"Burundi","BI","BDI",59,"2008",4,"Median",2,"Female",67,15,19,"15-19",100,"Married or in a union women",1,"Model-based Estimates",2,"Interpolation",8.92
44,"Currently married by age of woman (Percent)","Currently married by age of woman (Percent)","Estimates and Projections of Women of Reproductive Age Who Are Married or in a Union 2024",2024,"United Nations Population Division",108,"Burundi","BI","BDI",60,"2009",4,"Median",2,"Female",67,15,19,"15-19",100,"Married or in a union women",1,"Model-based Estimates",2,"Interpolation",8.58
44,"Currently married by age of woman (Percent)","Currently married by age of woman (Percent)","Estimates and Projections of Women of Reproductive Age Who Are Married or in a Union 2024",2024,"United Nations Population Division",108,"Burundi","BI","BDI",61,"2010",4,"Median",2,"Female",67,15,19,"15-19",100,"Married or in a union women",1,"Model-based Estimates",2,"Interpolation",8.25
44,"Currently married by age of woman (Percent)","Currently married by age of woman (Percent)","Estimates and Projections of Women of Reproductive Age Who Are Married or in a Union 2024",2024,"United Nations Population Division",108,"Burundi","BI","BDI",62,"2011",4,"Median",2,"Female",67,15,19,"15-19",100,"Married or in a union women",1,"Model-based Estimates",2,"Interpolation",7.91
44,"Currently married by age of woman (Percent)","Currently married by age of woman (Percent)","Estimates and Projections of Women of Reproductive Age Who Are Married or in a Union 2024",2024,"United Nations Population Division",108,"Burundi","BI","BDI",63,"2012",4,"Median",2,"Female",67,15,19,"15-19",100,"Married or in a union women",1,"Model-based Estimates",2,"Interpolation",7.58
44,"Currently married by age of woman (Percent)","Currently married by age of woman (Percent)","Estimates and Projections of Women of Reproductive Age Who Are Married or in a Union 2024",2024,"United Nations Population Division",108,"Burundi","BI","BDI",64,"2013",4,"Median",2,"Female",67,15,19,"15-19",100,"Married or in a union women",1,"Model-based Estimates",2,"Interpolation",7.24
44,"Currently married by age of woman (Percent)","Currently married by age of woman (Percent)","Estimates and Projections of Women of Reproductive Age Who Are Married or in a Union 2024",2024,"United Nations Population Division",108,"Burundi","BI","BDI",65,"2014",4,"Median",2,"Female",67,15,19,"15-19",100,"Married or in a union women",1,"Model-based Estimates",2,"Interpolation",6.91
44,"Currently married by age of woman (Percent)","Currently married by age of woman (Percent)","Estimates and Projections of Women of Reproductive Age Who Are Married or in a Union 2024",2024,"United Nations Population Division",108,"Burundi","BI","BDI",66,"2015",4,"Median",2,"Female",67,15,19,"15-19",100,"Married or in a union women",1,"Model-based Estimates",2,"Interpolation",6.57
44,"Currently married by age of woman (Percent)","Currently married by age of woman (Percent)","Estimates and Projections of Women of Reproductive Age Who Are Married or in a Union 2024",2024,"United Nations Population Division",108,"Burundi","BI","BDI",67,"2016",4,"Median",2,"Female",67,15,19,"15-19",100,"Married or in a union women",1,"Model-based Estimates",2,"Interpolation",6.24
44,"Currently married by age of woman (Percent)","Currently married by age of woman (Percent)","Estimates and Projections of Women of Reproductive Age Who Are Married or in a Union 2024",2024,"United Nations Population Division",108,"Burundi","BI","BDI",68,"2017",4,"Median",2,"Female",67,15,19,"15-19",100,"Married or in a union women",1,"Model-based Estimates",2,"Interpolation",5.9
44,"Currently married by age of woman (Percent)","Currently married by age of woman (Percent)","Estimates and Projections of Women of Reproductive Age Who Are Married or in a Union 2024",2024,"United Nations Population Division",108,"Burundi","BI","BDI",69,"2018",4,"Median",2,"Female",67,15,19,"15-19",100,"Married or in a union women",1,"Model-based Estimates",3,"Projection",5.72
44,"Currently married by age of woman (Percent)","Currently married by age of woman (Percent)","Estimates and Projections of Women of Reproductive Age Who Are Married or in a Union 2024",2024,"United Nations Population Division",108,"Burundi","BI","BDI",70,"2019",4,"Median",2,"Female",67,15,19,"15-19",100,"Married or in a union women",1,"Model-based Estimates",3,"Projection",5.55
44,"Currently married by age of woman (Percent)","Currently married by age of woman (Percent)","Estimates and Projections of Women of Reproductive Age Who Are Married or in a Union 2024",2024,"United Nations Population Division",108,"Burundi","BI","BDI",71,"2020",4,"Median",2,"Female",67,15,19,"15-19",100,"Married or in a union women",1,"Model-based Estimates",3,"Projection",5.39
44,"Currently married by age of woman (Percent)","Currently married by age of woman (Percent)","Estimates and Projections of Women of Reproductive Age Who Are Married or in a Union 2024",2024,"United Nations Population Division",108,"Burundi","BI","BDI",72,"2021",4,"Median",2,"Female",67,15,19,"15-19",100,"Married or in a union women",1,"Model-based Estimates",3,"Projection",5.24
44,"Currently married by age of woman (Percent)","Currently married by age of woman (Percent)","Estimates and Projections of Women of Reproductive Age Who Are Married or in a Union 2024",2024,"United Nations Population Division",108,"Burundi","BI","BDI",73,"2022",4,"Median",2,"Female",67,15,19,"15-19",100,"Married or in a union women",1,"Model-based Estimates",3,"Projection",5.11
44,"Currently married by age of woman (Percent)","Currently married by age of woman (Percent)","Estimates and Projections of Women of Reproductive Age Who Are Married or in a Union 2024",2024,"United Nations Population Division",120,"Cameroon","CM","CMR",59,"2008",4,"Median",2,"Female",67,15,19,"15-19",100,"Married or in a union women",1,"Model-based Estimates",2,"Interpolation",27.32
44,"Currently married by age of woman (Percent)","Currently married by age of woman (Percent)","Estimates and Projections of Women of Reproductive Age Who Are Married or in a Union 2024",2024,"United Nations Population Division",120,"Cameroon","CM","CMR",60,"2009",4,"Median",2,"Female",67,15,19,"15-19",100,"Married or in a union women",1,"Model-based Estimates",2,"Interpolation",26.45
44,"Currently married by age of woman (Percent)","Currently married by age of woman (Percent)","Estimates and Projections of Women of Reproductive Age Who Are Married or in a Union 2024",2024,"United Nations Population Division",120,"Cameroon","CM","CMR",61,"2010",4,"Median",2,"Female",67,15,19,"15-19",100,"Married or in a union women",1,"Model-based Estimates",2,"Interpolation",25.58
44,"Currently married by age of woman (Percent)","Currently married by age of woman (Percent)","Estimates and Projections of Women of Reproductive Age Who Are Married or in a Union 2024",2024,"United Nations Population Division",120,"Cameroon","CM","CMR",62,"2011",4,"Median",2,"Female",67,15,19,"15-19",100,"Married or in a union women",1,"Model-based Estimates",2,"Interpolation",24.71
44,"Currently married by age of woman (Percent)","Currently married by age of woman (Percent)","Estimates and Projections of Women of Reproductive Age Who Are Married or in a Union 2024",2024,"United Nations Population Division",120,"Cameroon","CM","CMR",63,"2012",4,"Median",2,"Female",67,15,19,"15-19",100,"Married or in a union women",1,"Model-based Estimates",2,"Interpolation",23.84
44,"Currently married by age of woman (Percent)","Currently married by age of woman (Percent)","Estimates and Projections of Women of Reproductive Age Who Are Married or in a Union 2024",2024,"United Nations Population Division",120,"Cameroon","CM","CMR",64,"2013",4,"Median",2,"Female",67,15,19,"15-19",100,"Married or in a union women",1,"Model-based Estimates",2,"Interpolation",22.97
44,"Currently married by age of woman (Percent)","Currently married by age of woman (Percent)","Estimates and Projections of Women of Reproductive Age Who Are Married or in a Union 2024",2024,"United Nations Population Division",120,"Cameroon","CM","CMR",65,"2014",4,"Median",2,"Female",67,15,19,"15-19",100,"Married or in a union women",1,"Model-based Estimates",2,"Interpolation",22.09
44,"Currently married by age of woman (Percent)","Currently married by age of woman (Percent)","Estimates and Projections of Women of Reproductive Age Who Are Married or in a Union 2024",2024,"United Nations Population Division",120,"Cameroon","CM","CMR",66,"2015",4,"Median",2,"Female",67,15,19,"15-19",100,"Married or in a union women",1,"Model-based Estimates",2,"Interpolation",21.22
44,"Currently married by age of woman (Percent)","Currently married by age of woman (Percent)","Estimates and Projections of Women of Reproductive Age Who Are Married or in a Union 2024",2024,"United Nations Population Division",120,"Cameroon","CM","CMR",67,"2016",4,"Median",2,"Female",67,15,19,"15-19",100,"Married or in a union women",1,"Model-based Estimates",2,"Interpolation",20.35
44,"Currently married by age of woman (Percent)","Currently married by age of woman (Percent)","Estimates and Projections of Women of Reproductive Age Who Are Married or in a Union 2024",2024,"United Nations Population Division",120,"Cameroon","CM","CMR",68,"2017",4,"Median",2,"Female",67,15,19,"15-19",100,"Married or in a union women",1,"Model-based Estimates",2,"Interpolation",19.48
44,"Currently married by age of woman (Percent)","Currently married by age of woman (Percent)","Estimates and Projections of Women of Reproductive Age Who Are Married or in a Union 2024",2024,"United Nations Population Division",120,"Cameroon","CM","CMR",69,"2018",4,"Median",2,"Female",67,15,19,"15-19",100,"Married or in a union women",1,"Model-based Estimates",2,"Interpolation",18.61
44,"Currently married by age of woman (Percent)","Currently married by age of woman (Percent)","Estimates and Projections of Women of Reproductive Age Who Are Married or in a Union 2024",2024,"United Nations Population Division",120,"Cameroon","CM","CMR",70,"2019",4,"Median",2,"Female",67,15,19,"15-19",100,"Married or in a union women",1,"Model-based Estimates",3,"Projection",17.91
44,"Currently married by age of woman (Percent)","Currently married by age of woman (Percent)","Estimates and Projections of Women of Reproductive Age Who Are Married or in a Union 2024",2024,"United Nations Population Division",120,"Cameroon","CM","CMR",71,"2020",4,"Median",2,"Female",67,15,19,"15-19",100,"Married or in a union women",1,"Model-based Estimates",3,"Projection",17.23
44,"Currently married by age of woman (Percent)","Currently married by age of woman (Percent)","Estimates and Projections of Women of Reproductive Age Who Are Married or in a Union 2024",2024,"United Nations Population Division",120,"Cameroon","CM","CMR",72,"2021",4,"Median",2,"Female",67,15,19,"15-19",100,"Married or in a union women",1,"Model-based Estimates",3,"Projection",16.58
44,"Currently married by age of woman (Percent)","Currently married by age of woman (Percent)","Estimates and Projections of Women of Reproductive Age Who Are Married or in a Union 2024",2024,"United Nations Population Division",120,"Cameroon","CM","CMR",73,"2022",4,"Median",2,"Female",67,15,19,"15-19",100,"Married or in a union women",1,"Model-based Estimates",3,"Projection",15.97
44,"Currently married by age of woman (Percent)","Currently married by age of woman (Percent)","Estimates and Projections of Women of Reproductive Age Who Are Married or in a Union 2024",2024,"United Nations Population Division",132,"Cabo Verde","CV","CPV",59,"2008",4,"Median",2,"Female",67,15,19,"15-19",100,"Married or in a union women",1,"Model-based Estimates",2,"Interpolation",8.03
44,"Currently married by age of woman (Percent)","Currently married by age of woman (Percent)","Estimates and Projections of Women of Reproductive Age Who Are Married or in a Union 2024",2024,"United Nations Population Division",132,"Cabo Verde","CV","CPV",60,"2009",4,"Median",2,"Female",67,15,19,"15-19",100,"Married or in a union women",1,"Model-based Estimates",2,"Interpolation",8.01
44,"Currently married by age of woman (Percent)","Currently married by age of woman (Percent)","Estimates and Projections of Women of Reproductive Age Who Are Married or in a Union 2024",2024,"United Nations Population Division",132,"Cabo Verde","CV","CPV",61,"2010",4,"Median",2,"Female",67,15,19,"15-19",100,"Married or in a union women",1,"Model-based Estimates",2,"Interpolation",7.98
44,"Currently married by age of woman (Percent)","Currently married by age of woman (Percent)","Estimates and Projections of Women of Reproductive Age Who Are Married or in a Union 2024",2024,"United Nations Population Division",132,"Cabo Verde","CV","CPV",62,"2011",4,"Median",2,"Female",67,15,19,"15-19",100,"Married or in a union women",1,"Model-based Estimates",2,"Interpolation",7.96
44,"Currently married by age of woman (Percent)","Currently married by age of woman (Percent)","Estimates and Projections of Women of Reproductive Age Who Are Married or in a Union 2024",2024,"United Nations Population Division",132,"Cabo Verde","CV","CPV",63,"2012",4,"Median",2,"Female",67,15,19,"15-19",100,"Married or in a union women",1,"Model-based Estimates",2,"Interpolation",7.93
44,"Currently married by age of woman (Percent)","Currently married by age of woman (Percent)","Estimates and Projections of Women of Reproductive Age Who Are Married or in a Union 2024",2024,"United Nations Population Division",132,"Cabo Verde","CV","CPV",64,"2013",4,"Median",2,"Female",67,15,19,"15-19",100,"Married or in a union women",1,"Model-based Estimates",2,"Interpolation",7.91
44,"Currently married by age of woman (Percent)","Currently married by age of woman (Percent)","Estimates and Projections of Women of Reproductive Age Who Are Married or in a Union 2024",2024,"United Nations Population Division",132,"Cabo Verde","CV","CPV",65,"2014",4,"Median",2,"Female",67,15,19,"15-19",100,"Married or in a union women",1,"Model-based Estimates",2,"Interpolation",7.88
44,"Currently married by age of woman (Percent)","Currently married by age of woman (Percent)","Estimates and Projections of Women of Reproductive Age Who Are Married or in a Union 2024",2024,"United Nations Population Division",132,"Cabo Verde","CV","CPV",66,"2015",4,"Median",2,"Female",67,15,19,"15-19",100,"Married or in a union women",1,"Model-based Estimates",2,"Interpolation",7.86
44,"Currently married by age of woman (Percent)","Currently married by age of woman (Percent)","Estimates and Projections of Women of Reproductive Age Who Are Married or in a Union 2024",2024,"United Nations Population Division",132,"Cabo Verde","CV","CPV",67,"2016",4,"Median",2,"Female",67,15,19,"15-19",100,"Married or in a union women",1,"Model-based Estimates",2,"Interpolation",7.83
44,"Currently married by age of woman (Percent)","Currently married by age of woman (Percent)","Estimates and Projections of Women of Reproductive Age Who Are Married or in a Union 2024",2024,"United Nations Population Division",132,"Cabo Verde","CV","CPV",68,"2017",4,"Median",2,"Female",67,15,19,"15-19",100,"Married or in a union women",1,"Model-based Estimates",2,"Interpolation",7.81
44,"Currently married by age of woman (Percent)","Currently married by age of woman (Percent)","Estimates and Projections of Women of Reproductive Age Who Are Married or in a Union 2024",2024,"United Nations Population Division",132,"Cabo Verde","CV","CPV",69,"2018",4,"Median",2,"Female",67,15,19,"15-19",100,"Married or in a union women",1,"Model-based Estimates",2,"Interpolation",7.78
44,"Currently married by age of woman (Percent)","Currently married by age of woman (Percent)","Estimates and Projections of Women of Reproductive Age Who Are Married or in a Union 2024",2024,"United Nations Population Division",132,"Cabo Verde","CV","CPV",70,"2019",4,"Median",2,"Female",67,15,19,"15-19",100,"Married or in a union women",1,"Model-based Estimates",2,"Interpolation",7.76
44,"Currently married by age of woman (Percent)","Currently married by age of woman (Percent)","Estimates and Projections of Women of Reproductive Age Who Are Married or in a Union 2024",2024,"United Nations Population Division",132,"Cabo Verde","CV","CPV",71,"2020",4,"Median",2,"Female",67,15,19,"15-19",100,"Married or in a union women",1,"Model-based Estimates",2,"Interpolation",7.74
44,"Currently married by age of woman (Percent)","Currently married by age of woman (Percent)","Estimates and Projections of Women of Reproductive Age Who Are Married or in a Union 2024",2024,"United Nations Population Division",132,"Cabo Verde","CV","CPV",72,"2021",4,"Median",2,"Female",67,15,19,"15-19",100,"Married or in a union women",1,"Model-based Estimates",2,"Interpolation",7.71
44,"Currently married by age of woman (Percent)","Currently married by age of woman (Percent)","Estimates and Projections of Women of Reproductive Age Who Are Married or in a Union 2024",2024,"United Nations Population Division",132,"Cabo Verde","CV","CPV",73,"2022",4,"Median",2,"Female",67,15,19,"15-19",100,"Married or in a union women",1,"Model-based Estimates",3,"Projection",7.68
44,"Currently married by age of woman (Percent)","Currently married by age of woman (Percent)","Estimates and Projections of Women of Reproductive Age Who Are Married or in a Union 2024",2024,"United Nations Population Division",140,"Central African Republic","CF","CAF",59,"2008",4,"Median",2,"Female",67,15,19,"15-19",100,"Married or in a union women",1,"Model-based Estimates",2,"Interpolation",37.44
44,"Currently married by age of woman (Percent)","Currently married by age of woman (Percent)","Estimates and Projections of Women of Reproductive Age Who Are Married or in a Union 2024",2024,"United Nations Population Division",140,"Central African Republic","CF","CAF",60,"2009",4,"Median",2,"Female",67,15,19,"15-19",100,"Married or in a union women",1,"Model-based Estimates",2,"Interpolation",37.32
44,"Currently married by age of woman (Percent)","Currently married by age of woman (Percent)","Estimates and Projections of Women of Reproductive Age Who Are Married or in a Union 2024",2024,"United Nations Population Division",140,"Central African Republic","CF","CAF",61,"2010",4,"Median",2,"Female",67,15,19,"15-19",100,"Married or in a union women",1,"Model-based Estimates",2,"Interpolation",37.2
44,"Currently married by age of woman (Percent)","Currently married by age of woman (Percent)","Estimates and Projections of Women of Reproductive Age Who Are Married or in a Union 2024",2024,"United Nations Population Division",140,"Central African Republic","CF","CAF",62,"2011",4,"Median",2,"Female",67,15,19,"15-19",100,"Married or in a union women",1,"Model-based Estimates",2,"Interpolation",37.08
44,"Currently married by age of woman (Percent)","Currently married by age of woman (Percent)","Estimates and Projections of Women of Reproductive Age Who Are Married or in a Union 2024",2024,"United Nations Population Division",140,"Central African Republic","CF","CAF",63,"2012",4,"Median",2,"Female",67,15,19,"15-19",100,"Married or in a union women",1,"Model-based Estimates",2,"Interpolation",36.96
44,"Currently married by age of woman (Percent)","Currently married by age of woman (Percent)","Estimates and Projections of Women of Reproductive Age Who Are Married or in a Union 2024",2024,"United Nations Population Division",140,"Central African Republic","CF","CAF",64,"2013",4,"Median",2,"Female",67,15,19,"15-19",100,"Married or in a union women",1,"Model-based Estimates",2,"Interpolation",36.85
44,"Currently married by age of woman (Percent)","Currently married by age of woman (Percent)","Estimates and Projections of Women of Reproductive Age Who Are Married or in a Union 2024",2024,"United Nations Population Division",140,"Central African Republic","CF","CAF",65,"2014",4,"Median",2,"Female",67,15,19,"15-19",100,"Married or in a union women",1,"Model-based Estimates",2,"Interpolation",36.73
44,"Currently married by age of woman (Percent)","Currently married by age of woman (Percent)","Estimates and Projections of Women of Reproductive Age Who Are Married or in a Union 2024",2024,"United Nations Population Division",140,"Central African Republic","CF","CAF",66,"2015",4,"Median",2,"Female",67,15,19,"15-19",100,"Married or in a union women",1,"Model-based Estimates",2,"Interpolation",36.61
44,"Currently married by age of woman (Percent)","Currently married by age of woman (Percent)","Estimates and Projections of Women of Reproductive Age Who Are Married or in a Union 2024",2024,"United Nations Population Division",140,"Central African Republic","CF","CAF",67,"2016",4,"Median",2,"Female",67,15,19,"15-19",100,"Married or in a union women",1,"Model-based Estimates",2,"Interpolation",36.49
44,"Currently married by age of woman (Percent)","Currently married by age of woman (Percent)","Estimates and Projections of Women of Reproductive Age Who Are Married or in a Union 2024",2024,"United Nations Population Division",140,"Central African Republic","CF","CAF",68,"2017",4,"Median",2,"Female",67,15,19,"15-19",100,"Married or in a union women",1,"Model-based Estimates",2,"Interpolation",36.37
44,"Currently married by age of woman (Percent)","Currently married by age of woman (Percent)","Estimates and Projections of Women of Reproductive Age Who Are Married or in a Union 2024",2024,"United Nations Population Division",140,"Central African Republic","CF","CAF",69,"2018",4,"Median",2,"Female",67,15,19,"15-19",100,"Married or in a union women",1,"Model-based Estimates",2,"Interpolation",36.25
44,"Currently married by age of woman (Percent)","Currently married by age of woman (Percent)","Estimates and Projections of Women of Reproductive Age Who Are Married or in a Union 2024",2024,"United Nations Population Division",140,"Central African Republic","CF","CAF",70,"2019",4,"Median",2,"Female",67,15,19,"15-19",100,"Married or in a union women",1,"Model-based Estimates",2,"Interpolation",36.13
44,"Currently married by age of woman (Percent)","Currently married by age of woman (Percent)","Estimates and Projections of Women of Reproductive Age Who Are Married or in a Union 2024",2024,"United Nations Population Division",140,"Central African Republic","CF","CAF",71,"2020",4,"Median",2,"Female",67,15,19,"15-19",100,"Married or in a union women",1,"Model-based Estimates",3,"Projection",35.99
44,"Currently married by age of woman (Percent)","Currently married by age of woman (Percent)","Estimates and Projections of Women of Reproductive Age Who Are Married or in a Union 2024",2024,"United Nations Population Division",140,"Central African Republic","CF","CAF",72,"2021",4,"Median",2,"Female",67,15,19,"15-19",100,"Married or in a union women",1,"Model-based Estimates",3,"Projection",35.78
44,"Currently married by age of woman (Percent)","Currently married by age of woman (Percent)","Estimates and Projections of Women of Reproductive Age Who Are Married or in a Union 2024",2024,"United Nations Population Division",140,"Central African Republic","CF","CAF",73,"2022",4,"Median",2,"Female",67,15,19,"15-19",100,"Married or in a union women",1,"Model-based Estimates",3,"Projection",35.52
44,"Currently married by age of woman (Percent)","Currently married by age of woman (Percent)","Estimates and Projections of Women of Reproductive Age Who Are Married or in a Union 2024",2024,"United Nations Population Division",148,"Chad","TD","TCD",59,"2008",4,"Median",2,"Female",67,15,19,"15-19",100,"Married or in a union women",1,"Model-based Estimates",2,"Interpolation",40.64
44,"Currently married by age of woman (Percent)","Currently married by age of woman (Percent)","Estimates and Projections of Women of Reproductive Age Who Are Married or in a Union 2024",2024,"United Nations Population Division",148,"Chad","TD","TCD",60,"2009",4,"Median",2,"Female",67,15,19,"15-19",100,"Married or in a union women",1,"Model-based Estimates",2,"Interpolation",40.3
44,"Currently married by age of woman (Percent)","Currently married by age of woman (Percent)","Estimates and Projections of Women of Reproductive Age Who Are Married or in a Union 2024",2024,"United Nations Population Division",148,"Chad","TD","TCD",61,"2010",4,"Median",2,"Female",67,15,19,"15-19",100,"Married or in a union women",1,"Model-based Estimates",2,"Interpolation",39.96
44,"Currently married by age of woman (Percent)","Currently married by age of woman (Percent)","Estimates and Projections of Women of Reproductive Age Who Are Married or in a Union 2024",2024,"United Nations Population Division",148,"Chad","TD","TCD",62,"2011",4,"Median",2,"Female",67,15,19,"15-19",100,"Married or in a union women",1,"Model-based Estimates",2,"Interpolation",39.63
44,"Currently married by age of woman (Percent)","Currently married by age of woman (Percent)","Estimates and Projections of Women of Reproductive Age Who Are Married or in a Union 2024",2024,"United Nations Population Division",148,"Chad","TD","TCD",63,"2012",4,"Median",2,"Female",67,15,19,"15-19",100,"Married or in a union women",1,"Model-based Estimates",2,"Interpolation",39.29
44,"Currently married by age of woman (Percent)","Currently married by age of woman (Percent)","Estimates and Projections of Women of Reproductive Age Who Are Married or in a Union 2024",2024,"United Nations Population Division",148,"Chad","TD","TCD",64,"2013",4,"Median",2,"Female",67,15,19,"15-19",100,"Married or in a union women",1,"Model-based Estimates",2,"Interpolation",38.95
44,"Currently married by age of woman (Percent)","Currently married by age of woman (Percent)","Estimates and Projections of Women of Reproductive Age Who Are Married or in a Union 2024",2024,"United Nations Population Division",148,"Chad","TD","TCD",65,"2014",4,"Median",2,"Female",67,15,19,"15-19",100,"Married or in a union women",1,"Model-based Estimates",2,"Interpolation",38.61
44,"Currently married by age of woman (Percent)","Currently married by age of woman (Percent)","Estimates and Projections of Women of Reproductive Age Who Are Married or in a Union 2024",2024,"United Nations Population Division",148,"Chad","TD","TCD",66,"2015",4,"Median",2,"Female",67,15,19,"15-19",100,"Married or in a union women",1,"Model-based Estimates",2,"Interpolation",38.27
44,"Currently married by age of woman (Percent)","Currently married by age of woman (Percent)","Estimates and Projections of Women of Reproductive Age Who Are Married or in a Union 2024",2024,"United Nations Population Division",148,"Chad","TD","TCD",67,"2016",4,"Median",2,"Female",67,15,19,"15-19",100,"Married or in a union women",1,"Model-based Estimates",2,"Interpolation",37.91
44,"Currently married by age of woman (Percent)","Currently married by age of woman (Percent)","Estimates and Projections of Women of Reproductive Age Who Are Married or in a Union 2024",2024,"United Nations Population Division",148,"Chad","TD","TCD",68,"2017",4,"Median",2,"Female",67,15,19,"15-19",100,"Married or in a union women",1,"Model-based Estimates",2,"Interpolation",37.52
44,"Currently married by age of woman (Percent)","Currently married by age of woman (Percent)","Estimates and Projections of Women of Reproductive Age Who Are Married or in a Union 2024",2024,"United Nations Population Division",148,"Chad","TD","TCD",69,"2018",4,"Median",2,"Female",67,15,19,"15-19",100,"Married or in a union women",1,"Model-based Estimates",2,"Interpolation",37.08
44,"Currently married by age of woman (Percent)","Currently married by age of woman (Percent)","Estimates and Projections of Women of Reproductive Age Who Are Married or in a Union 2024",2024,"United Nations Population Division",148,"Chad","TD","TCD",70,"2019",4,"Median",2,"Female",67,15,19,"15-19",100,"Married or in a union women",1,"Model-based Estimates",2,"Interpolation",36.61
44,"Currently married by age of woman (Percent)","Currently married by age of woman (Percent)","Estimates and Projections of Women of Reproductive Age Who Are Married or in a Union 2024",2024,"United Nations Population Division",148,"Chad","TD","TCD",71,"2020",4,"Median",2,"Female",67,15,19,"15-19",100,"Married or in a union women",1,"Model-based Estimates",3,"Projection",36.09
44,"Currently married by age of woman (Percent)","Currently married by age of woman (Percent)","Estimates and Projections of Women of Reproductive Age Who Are Married or in a Union 2024",2024,"United Nations Population Division",148,"Chad","TD","TCD",72,"2021",4,"Median",2,"Female",67,15,19,"15-19",100,"Married or in a union women",1,"Model-based Estimates",3,"Projection",35.54
44,"Currently married by age of woman (Percent)","Currently married by age of woman (Percent)","Estimates and Projections of Women of Reproductive Age Who Are Married or in a Union 2024",2024,"United Nations Population Division",148,"Chad","TD","TCD",73,"2022",4,"Median",2,"Female",67,15,19,"15-19",100,"Married or in a union women",1,"Model-based Estimates",3,"Projection",34.95
44,"Currently married by age of woman (Percent)","Currently married by age of woman (Percent)","Estimates and Projections of Women of Reproductive Age Who Are Married or in a Union 2024",2024,"United Nations Population Division",174,"Comoros","KM","COM",59,"2008",4,"Median",2,"Female",67,15,19,"15-19",100,"Married or in a union women",1,"Model-based Estimates",2,"Interpolation",17.89
44,"Currently married by age of woman (Percent)","Currently married by age of woman (Percent)","Estimates and Projections of Women of Reproductive Age Who Are Married or in a Union 2024",2024,"United Nations Population Division",174,"Comoros","KM","COM",60,"2009",4,"Median",2,"Female",67,15,19,"15-19",100,"Married or in a union women",1,"Model-based Estimates",2,"Interpolation",17.53
44,"Currently married by age of woman (Percent)","Currently married by age of woman (Percent)","Estimates and Projections of Women of Reproductive Age Who Are Married or in a Union 2024",2024,"United Nations Population Division",174,"Comoros","KM","COM",61,"2010",4,"Median",2,"Female",67,15,19,"15-19",100,"Married or in a union women",1,"Model-based Estimates",2,"Interpolation",17.17
44,"Currently married by age of woman (Percent)","Currently married by age of woman (Percent)","Estimates and Projections of Women of Reproductive Age Who Are Married or in a Union 2024",2024,"United Nations Population Division",174,"Comoros","KM","COM",62,"2011",4,"Median",2,"Female",67,15,19,"15-19",100,"Married or in a union women",1,"Model-based Estimates",2,"Interpolation",16.81
44,"Currently married by age of woman (Percent)","Currently married by age of woman (Percent)","Estimates and Projections of Women of Reproductive Age Who Are Married or in a Union 2024",2024,"United Nations Population Division",174,"Comoros","KM","COM",63,"2012",4,"Median",2,"Female",67,15,19,"15-19",100,"Married or in a union women",1,"Model-based Estimates",2,"Interpolation",16.45
44,"Currently married by age of woman (Percent)","Currently married by age of woman (Percent)","Estimates and Projections of Women of Reproductive Age Who Are Married or in a Union 2024",2024,"United Nations Population Division",174,"Comoros","KM","COM",64,"2013",4,"Median",2,"Female",67,15,19,"15-19",100,"Married or in a union women",1,"Model-based Estimates",2,"Interpolation",16.09
44,"Currently married by age of woman (Percent)","Currently married by age of woman (Percent)","Estimates and Projections of Women of Reproductive Age Who Are Married or in a Union 2024",2024,"United Nations Population Division",174,"Comoros","KM","COM",65,"2014",4,"Median",2,"Female",67,15,19,"15-19",100,"Married or in a union women",1,"Model-based Estimates",2,"Interpolation",15.74
44,"Currently married by age of woman (Percent)","Currently married by age of woman (Percent)","Estimates and Projections of Women of Reproductive Age Who Are Married or in a Union 2024",2024,"United Nations Population Division",174,"Comoros","KM","COM",66,"2015",4,"Median",2,"Female",67,15,19,"15-19",100,"Married or in a union women",1,"Model-based Estimates",2,"Interpolation",15.38
44,"Currently married by age of woman (Percent)","Currently married by age of woman (Percent)","Estimates and Projections of Women of Reproductive Age Who Are Married or in a Union 2024",2024,"United Nations Population Division",174,"Comoros","KM","COM",67,"2016",4,"Median",2,"Female",67,15,19,"15-19",100,"Married or in a union women",1,"Model-based Estimates",2,"Interpolation",15.02
44,"Currently married by age of woman (Percent)","Currently married by age of woman (Percent)","Estimates and Projections of Women of Reproductive Age Who Are Married or in a Union 2024",2024,"United Nations Population Division",174,"Comoros","KM","COM",68,"2017",4,"Median",2,"Female",67,15,19,"15-19",100,"Married or in a union women",1,"Model-based Estimates",2,"Interpolation",14.66
44,"Currently married by age of woman (Percent)","Currently married by age of woman (Percent)","Estimates and Projections of Women of Reproductive Age Who Are Married or in a Union 2024",2024,"United Nations Population Division",174,"Comoros","KM","COM",69,"2018",4,"Median",2,"Female",67,15,19,"15-19",100,"Married or in a union women",1,"Model-based Estimates",2,"Interpolation",14.3
44,"Currently married by age of woman (Percent)","Currently married by age of woman (Percent)","Estimates and Projections of Women of Reproductive Age Who Are Married or in a Union 2024",2024,"United Nations Population Division",174,"Comoros","KM","COM",70,"2019",4,"Median",2,"Female",67,15,19,"15-19",100,"Married or in a union women",1,"Model-based Estimates",2,"Interpolation",13.94
44,"Currently married by age of woman (Percent)","Currently married by age of woman (Percent)","Estimates and Projections of Women of Reproductive Age Who Are Married or in a Union 2024",2024,"United Nations Population Division",174,"Comoros","KM","COM",71,"2020",4,"Median",2,"Female",67,15,19,"15-19",100,"Married or in a union women",1,"Model-based Estimates",2,"Interpolation",13.58
44,"Currently married by age of woman (Percent)","Currently married by age of woman (Percent)","Estimates and Projections of Women of Reproductive Age Who Are Married or in a Union 2024",2024,"United Nations Population Division",174,"Comoros","KM","COM",72,"2021",4,"Median",2,"Female",67,15,19,"15-19",100,"Married or in a union women",1,"Model-based Estimates",2,"Interpolation",13.22
44,"Currently married by age of woman (Percent)","Currently married by age of woman (Percent)","Estimates and Projections of Women of Reproductive Age Who Are Married or in a Union 2024",2024,"United Nations Population Division",174,"Comoros","KM","COM",73,"2022",4,"Median",2,"Female",67,15,19,"15-19",100,"Married or in a union women",1,"Model-based Estimates",2,"Interpolation",12.87
44,"Currently married by age of woman (Percent)","Currently married by age of woman (Percent)","Estimates and Projections of Women of Reproductive Age Who Are Married or in a Union 2024",2024,"United Nations Population Division",175,"Mayotte","YT","MYT",59,"2008",4,"Median",2,"Female",67,15,19,"15-19",100,"Married or in a union women",1,"Model-based Estimates",2,"Interpolation",14.09
44,"Currently married by age of woman (Percent)","Currently married by age of woman (Percent)","Estimates and Projections of Women of Reproductive Age Who Are Married or in a Union 2024",2024,"United Nations Population Division",175,"Mayotte","YT","MYT",60,"2009",4,"Median",2,"Female",67,15,19,"15-19",100,"Married or in a union women",1,"Model-based Estimates",2,"Interpolation",13.89
44,"Currently married by age of woman (Percent)","Currently married by age of woman (Percent)","Estimates and Projections of Women of Reproductive Age Who Are Married or in a Union 2024",2024,"United Nations Population Division",175,"Mayotte","YT","MYT",61,"2010",4,"Median",2,"Female",67,15,19,"15-19",100,"Married or in a union women",1,"Model-based Estimates",2,"Interpolation",13.7
44,"Currently married by age of woman (Percent)","Currently married by age of woman (Percent)","Estimates and Projections of Women of Reproductive Age Who Are Married or in a Union 2024",2024,"United Nations Population Division",175,"Mayotte","YT","MYT",62,"2011",4,"Median",2,"Female",67,15,19,"15-19",100,"Married or in a union women",1,"Model-based Estimates",2,"Interpolation",13.51
44,"Currently married by age of woman (Percent)","Currently married by age of woman (Percent)","Estimates and Projections of Women of Reproductive Age Who Are Married or in a Union 2024",2024,"United Nations Population Division",175,"Mayotte","YT","MYT",63,"2012",4,"Median",2,"Female",67,15,19,"15-19",100,"Married or in a union women",1,"Model-based Estimates",2,"Interpolation",13.31
44,"Currently married by age of woman (Percent)","Currently married by age of woman (Percent)","Estimates and Projections of Women of Reproductive Age Who Are Married or in a Union 2024",2024,"United Nations Population Division",175,"Mayotte","YT","MYT",64,"2013",4,"Median",2,"Female",67,15,19,"15-19",100,"Married or in a union women",1,"Model-based Estimates",2,"Interpolation",13.12
44,"Currently married by age of woman (Percent)","Currently married by age of woman (Percent)","Estimates and Projections of Women of Reproductive Age Who Are Married or in a Union 2024",2024,"United Nations Population Division",175,"Mayotte","YT","MYT",65,"2014",4,"Median",2,"Female",67,15,19,"15-19",100,"Married or in a union women",1,"Model-based Estimates",2,"Interpolation",12.93
44,"Currently married by age of woman (Percent)","Currently married by age of woman (Percent)","Estimates and Projections of Women of Reproductive Age Who Are Married or in a Union 2024",2024,"United Nations Population Division",175,"Mayotte","YT","MYT",66,"2015",4,"Median",2,"Female",67,15,19,"15-19",100,"Married or in a union women",1,"Model-based Estimates",2,"Interpolation",12.74
44,"Currently married by age of woman (Percent)","Currently married by age of woman (Percent)","Estimates and Projections of Women of Reproductive Age Who Are Married or in a Union 2024",2024,"United Nations Population Division",175,"Mayotte","YT","MYT",67,"2016",4,"Median",2,"Female",67,15,19,"15-19",100,"Married or in a union women",1,"Model-based Estimates",2,"Interpolation",12.54
44,"Currently married by age of woman (Percent)","Currently married by age of woman (Percent)","Estimates and Projections of Women of Reproductive Age Who Are Married or in a Union 2024",2024,"United Nations Population Division",175,"Mayotte","YT","MYT",68,"2017",4,"Median",2,"Female",67,15,19,"15-19",100,"Married or in a union women",1,"Model-based Estimates",2,"Interpolation",12.35
44,"Currently married by age of woman (Percent)","Currently married by age of woman (Percent)","Estimates and Projections of Women of Reproductive Age Who Are Married or in a Union 2024",2024,"United Nations Population Division",175,"Mayotte","YT","MYT",69,"2018",4,"Median",2,"Female",67,15,19,"15-19",100,"Married or in a union women",1,"Model-based Estimates",3,"Projection",12.17
44,"Currently married by age of woman (Percent)","Currently married by age of woman (Percent)","Estimates and Projections of Women of Reproductive Age Who Are Married or in a Union 2024",2024,"United Nations Population Division",175,"Mayotte","YT","MYT",70,"2019",4,"Median",2,"Female",67,15,19,"15-19",100,"Married or in a union women",1,"Model-based Estimates",3,"Projection",11.99
44,"Currently married by age of woman (Percent)","Currently married by age of woman (Percent)","Estimates and Projections of Women of Reproductive Age Who Are Married or in a Union 2024",2024,"United Nations Population Division",175,"Mayotte","YT","MYT",71,"2020",4,"Median",2,"Female",67,15,19,"15-19",100,"Married or in a union women",1,"Model-based Estimates",3,"Projection",11.8
44,"Currently married by age of woman (Percent)","Currently married by age of woman (Percent)","Estimates and Projections of Women of Reproductive Age Who Are Married or in a Union 2024",2024,"United Nations Population Division",175,"Mayotte","YT","MYT",72,"2021",4,"Median",2,"Female",67,15,19,"15-19",100,"Married or in a union women",1,"Model-based Estimates",3,"Projection",11.62
44,"Currently married by age of woman (Percent)","Currently married by age of woman (Percent)","Estimates and Projections of Women of Reproductive Age Who Are Married or in a Union 2024",2024,"United Nations Population Division",175,"Mayotte","YT","MYT",73,"2022",4,"Median",2,"Female",67,15,19,"15-19",100,"Married or in a union women",1,"Model-based Estimates",3,"Projection",11.43
44,"Currently married by age of woman (Percent)","Currently married by age of woman (Percent)","Estimates and Projections of Women of Reproductive Age Who Are Married or in a Union 2024",2024,"United Nations Population Division",178,"Congo","CG","COG",59,"2008",4,"Median",2,"Female",67,15,19,"15-19",100,"Married or in a union women",1,"Model-based Estimates",2,"Interpolation",16.31
44,"Currently married by age of woman (Percent)","Currently married by age of woman (Percent)","Estimates and Projections of Women of Reproductive Age Who Are Married or in a Union 2024",2024,"United Nations Population Division",178,"Congo","CG","COG",60,"2009",4,"Median",2,"Female",67,15,19,"15-19",100,"Married or in a union women",1,"Model-based Estimates",2,"Interpolation",16.28
44,"Currently married by age of woman (Percent)","Currently married by age of woman (Percent)","Estimates and Projections of Women of Reproductive Age Who Are Married or in a Union 2024",2024,"United Nations Population Division",178,"Congo","CG","COG",61,"2010",4,"Median",2,"Female",67,15,19,"15-19",100,"Married or in a union women",1,"Model-based Estimates",2,"Interpolation",16.25
44,"Currently married by age of woman (Percent)","Currently married by age of woman (Percent)","Estimates and Projections of Women of Reproductive Age Who Are Married or in a Union 2024",2024,"United Nations Population Division",178,"Congo","CG","COG",62,"2011",4,"Median",2,"Female",67,15,19,"15-19",100,"Married or in a union women",1,"Model-based Estimates",2,"Interpolation",16.23
44,"Currently married by age of woman (Percent)","Currently married by age of woman (Percent)","Estimates and Projections of Women of Reproductive Age Who Are Married or in a Union 2024",2024,"United Nations Population Division",178,"Congo","CG","COG",63,"2012",4,"Median",2,"Female",67,15,19,"15-19",100,"Married or in a union women",1,"Model-based Estimates",2,"Interpolation",16.2
44,"Currently married by age of woman (Percent)","Currently married by age of woman (Percent)","Estimates and Projections of Women of Reproductive Age Who Are Married or in a Union 2024",2024,"United Nations Population Division",178,"Congo","CG","COG",64,"2013",4,"Median",2,"Female",67,15,19,"15-19",100,"Married or in a union women",1,"Model-based Estimates",2,"Interpolation",16.17
44,"Currently married by age of woman (Percent)","Currently married by age of woman (Percent)","Estimates and Projections of Women of Reproductive Age Who Are Married or in a Union 2024",2024,"United Nations Population Division",178,"Congo","CG","COG",65,"2014",4,"Median",2,"Female",67,15,19,"15-19",100,"Married or in a union women",1,"Model-based Estimates",2,"Interpolation",16.14
44,"Currently married by age of woman (Percent)","Currently married by age of woman (Percent)","Estimates and Projections of Women of Reproductive Age Who Are Married or in a Union 2024",2024,"United Nations Population Division",178,"Congo","CG","COG",66,"2015",4,"Median",2,"Female",67,15,19,"15-19",100,"Married or in a union women",1,"Model-based Estimates",2,"Interpolation",16.11
44,"Currently married by age of woman (Percent)","Currently married by age of woman (Percent)","Estimates and Projections of Women of Reproductive Age Who Are Married or in a Union 2024",2024,"United Nations Population Division",178,"Congo","CG","COG",67,"2016",4,"Median",2,"Female",67,15,19,"15-19",100,"Married or in a union women",1,"Model-based Estimates",3,"Projection",16.07
44,"Currently married by age of woman (Percent)","Currently married by age of woman (Percent)","Estimates and Projections of Women of Reproductive Age Who Are Married or in a Union 2024",2024,"United Nations Population Division",178,"Congo","CG","COG",68,"2017",4,"Median",2,"Female",67,15,19,"15-19",100,"Married or in a union women",1,"Model-based Estimates",3,"Projection",16.02
44,"Currently married by age of woman (Percent)","Currently married by age of woman (Percent)","Estimates and Projections of Women of Reproductive Age Who Are Married or in a Union 2024",2024,"United Nations Population Division",178,"Congo","CG","COG",69,"2018",4,"Median",2,"Female",67,15,19,"15-19",100,"Married or in a union women",1,"Model-based Estimates",3,"Projection",15.95
44,"Currently married by age of woman (Percent)","Currently married by age of woman (Percent)","Estimates and Projections of Women of Reproductive Age Who Are Married or in a Union 2024",2024,"United Nations Population Division",178,"Congo","CG","COG",70,"2019",4,"Median",2,"Female",67,15,19,"15-19",100,"Married or in a union women",1,"Model-based Estimates",3,"Projection",15.87
44,"Currently married by age of woman (Percent)","Currently married by age of woman (Percent)","Estimates and Projections of Women of Reproductive Age Who Are Married or in a Union 2024",2024,"United Nations Population Division",178,"Congo","CG","COG",71,"2020",4,"Median",2,"Female",67,15,19,"15-19",100,"Married or in a union women",1,"Model-based Estimates",3,"Projection",15.77
44,"Currently married by age of woman (Percent)","Currently married by age of woman (Percent)","Estimates and Projections of Women of Reproductive Age Who Are Married or in a Union 2024",2024,"United Nations Population Division",178,"Congo","CG","COG",72,"2021",4,"Median",2,"Female",67,15,19,"15-19",100,"Married or in a union women",1,"Model-based Estimates",3,"Projection",15.65
44,"Currently married by age of woman (Percent)","Currently married by age of woman (Percent)","Estimates and Projections of Women of Reproductive Age Who Are Married or in a Union 2024",2024,"United Nations Population Division",178,"Congo","CG","COG",73,"2022",4,"Median",2,"Female",67,15,19,"15-19",100,"Married or in a union women",1,"Model-based Estimates",3,"Projection",15.52
44,"Currently married by age of woman (Percent)","Currently married by age of woman (Percent)","Estimates and Projections of Women of Reproductive Age Who Are Married or in a Union 2024",2024,"United Nations Population Division",180,"Dem. Rep. of the Congo","CD","COD",59,"2008",4,"Median",2,"Female",67,15,19,"15-19",100,"Married or in a union women",1,"Model-based Estimates",2,"Interpolation",22.09
44,"Currently married by age of woman (Percent)","Currently married by age of woman (Percent)","Estimates and Projections of Women of Reproductive Age Who Are Married or in a Union 2024",2024,"United Nations Population Division",180,"Dem. Rep. of the Congo","CD","COD",60,"2009",4,"Median",2,"Female",67,15,19,"15-19",100,"Married or in a union women",1,"Model-based Estimates",2,"Interpolation",21.68
44,"Currently married by age of woman (Percent)","Currently married by age of woman (Percent)","Estimates and Projections of Women of Reproductive Age Who Are Married or in a Union 2024",2024,"United Nations Population Division",180,"Dem. Rep. of the Congo","CD","COD",61,"2010",4,"Median",2,"Female",67,15,19,"15-19",100,"Married or in a union women",1,"Model-based Estimates",2,"Interpolation",21.27
44,"Currently married by age of woman (Percent)","Currently married by age of woman (Percent)","Estimates and Projections of Women of Reproductive Age Who Are Married or in a Union 2024",2024,"United Nations Population Division",180,"Dem. Rep. of the Congo","CD","COD",62,"2011",4,"Median",2,"Female",67,15,19,"15-19",100,"Married or in a union women",1,"Model-based Estimates",2,"Interpolation",20.87
44,"Currently married by age of woman (Percent)","Currently married by age of woman (Percent)","Estimates and Projections of Women of Reproductive Age Who Are Married or in a Union 2024",2024,"United Nations Population Division",180,"Dem. Rep. of the Congo","CD","COD",63,"2012",4,"Median",2,"Female",67,15,19,"15-19",100,"Married or in a union women",1,"Model-based Estimates",2,"Interpolation",20.46
44,"Currently married by age of woman (Percent)","Currently married by age of woman (Percent)","Estimates and Projections of Women of Reproductive Age Who Are Married or in a Union 2024",2024,"United Nations Population Division",180,"Dem. Rep. of the Congo","CD","COD",64,"2013",4,"Median",2,"Female",67,15,19,"15-19",100,"Married or in a union women",1,"Model-based Estimates",2,"Interpolation",20.05
44,"Currently married by age of woman (Percent)","Currently married by age of woman (Percent)","Estimates and Projections of Women of Reproductive Age Who Are Married or in a Union 2024",2024,"United Nations Population Division",180,"Dem. Rep. of the Congo","CD","COD",65,"2014",4,"Median",2,"Female",67,15,19,"15-19",100,"Married or in a union women",1,"Model-based Estimates",2,"Interpolation",19.64
44,"Currently married by age of woman (Percent)","Currently married by age of woman (Percent)","Estimates and Projections of Women of Reproductive Age Who Are Married or in a Union 2024",2024,"United Nations Population Division",180,"Dem. Rep. of the Congo","CD","COD",66,"2015",4,"Median",2,"Female",67,15,19,"15-19",100,"Married or in a union women",1,"Model-based Estimates",2,"Interpolation",19.23
44,"Currently married by age of woman (Percent)","Currently married by age of woman (Percent)","Estimates and Projections of Women of Reproductive Age Who Are Married or in a Union 2024",2024,"United Nations Population Division",180,"Dem. Rep. of the Congo","CD","COD",67,"2016",4,"Median",2,"Female",67,15,19,"15-19",100,"Married or in a union women",1,"Model-based Estimates",2,"Interpolation",18.82
44,"Currently married by age of woman (Percent)","Currently married by age of woman (Percent)","Estimates and Projections of Women of Reproductive Age Who Are Married or in a Union 2024",2024,"United Nations Population Division",180,"Dem. Rep. of the Congo","CD","COD",68,"2017",4,"Median",2,"Female",67,15,19,"15-19",100,"Married or in a union women",1,"Model-based Estimates",2,"Interpolation",18.41
44,"Currently married by age of woman (Percent)","Currently married by age of woman (Percent)","Estimates and Projections of Women of Reproductive Age Who Are Married or in a Union 2024",2024,"United Nations Population Division",180,"Dem. Rep. of the Congo","CD","COD",69,"2018",4,"Median",2,"Female",67,15,19,"15-19",100,"Married or in a union women",1,"Model-based Estimates",2,"Interpolation",18.01
44,"Currently married by age of woman (Percent)","Currently married by age of woman (Percent)","Estimates and Projections of Women of Reproductive Age Who Are Married or in a Union 2024",2024,"United Nations Population Division",180,"Dem. Rep. of the Congo","CD","COD",70,"2019",4,"Median",2,"Female",67,15,19,"15-19",100,"Married or in a union women",1,"Model-based Estimates",3,"Projection",17.63
44,"Currently married by age of woman (Percent)","Currently married by age of woman (Percent)","Estimates and Projections of Women of Reproductive Age Who Are Married or in a Union 2024",2024,"United Nations Population Division",180,"Dem. Rep. of the Congo","CD","COD",71,"2020",4,"Median",2,"Female",67,15,19,"15-19",100,"Married or in a union women",1,"Model-based Estimates",3,"Projection",17.26
44,"Currently married by age of woman (Percent)","Currently married by age of woman (Percent)","Estimates and Projections of Women of Reproductive Age Who Are Married or in a Union 2024",2024,"United Nations Population Division",180,"Dem. Rep. of the Congo","CD","COD",72,"2021",4,"Median",2,"Female",67,15,19,"15-19",100,"Married or in a union women",1,"Model-based Estimates",3,"Projection",16.88
44,"Currently married by age of woman (Percent)","Currently married by age of woman (Percent)","Estimates and Projections of Women of Reproductive Age Who Are Married or in a Union 2024",2024,"United Nations Population Division",180,"Dem. Rep. of the Congo","CD","COD",73,"2022",4,"Median",2,"Female",67,15,19,"15-19",100,"Married or in a union women",1,"Model-based Estimates",3,"Projection",16.51
44,"Currently married by age of woman (Percent)","Currently married by age of woman (Percent)","Estimates and Projections of Women of Reproductive Age Who Are Married or in a Union 2024",2024,"United Nations Population Division",204,"Benin","BJ","BEN",59,"2008",4,"Median",2,"Female",67,15,19,"15-19",100,"Married or in a union women",1,"Model-based Estimates",2,"Interpolation",19.77
44,"Currently married by age of woman (Percent)","Currently married by age of woman (Percent)","Estimates and Projections of Women of Reproductive Age Who Are Married or in a Union 2024",2024,"United Nations Population Division",204,"Benin","BJ","BEN",60,"2009",4,"Median",2,"Female",67,15,19,"15-19",100,"Married or in a union women",1,"Model-based Estimates",2,"Interpolation",19.26
44,"Currently married by age of woman (Percent)","Currently married by age of woman (Percent)","Estimates and Projections of Women of Reproductive Age Who Are Married or in a Union 2024",2024,"United Nations Population Division",204,"Benin","BJ","BEN",61,"2010",4,"Median",2,"Female",67,15,19,"15-19",100,"Married or in a union women",1,"Model-based Estimates",2,"Interpolation",18.76
44,"Currently married by age of woman (Percent)","Currently married by age of woman (Percent)","Estimates and Projections of Women of Reproductive Age Who Are Married or in a Union 2024",2024,"United Nations Population Division",204,"Benin","BJ","BEN",62,"2011",4,"Median",2,"Female",67,15,19,"15-19",100,"Married or in a union women",1,"Model-based Estimates",2,"Interpolation",18.25
44,"Currently married by age of woman (Percent)","Currently married by age of woman (Percent)","Estimates and Projections of Women of Reproductive Age Who Are Married or in a Union 2024",2024,"United Nations Population Division",204,"Benin","BJ","BEN",63,"2012",4,"Median",2,"Female",67,15,19,"15-19",100,"Married or in a union women",1,"Model-based Estimates",2,"Interpolation",17.75
44,"Currently married by age of woman (Percent)","Currently married by age of woman (Percent)","Estimates and Projections of Women of Reproductive Age Who Are Married or in a Union 2024",2024,"United Nations Population Division",204,"Benin","BJ","BEN",64,"2013",4,"Median",2,"Female",67,15,19,"15-19",100,"Married or in a union women",1,"Model-based Estimates",2,"Interpolation",17.24
44,"Currently married by age of woman (Percent)","Currently married by age of woman (Percent)","Estimates and Projections of Women of Reproductive Age Who Are Married or in a Union 2024",2024,"United Nations Population Division",204,"Benin","BJ","BEN",65,"2014",4,"Median",2,"Female",67,15,19,"15-19",100,"Married or in a union women",1,"Model-based Estimates",2,"Interpolation",16.74
44,"Currently married by age of woman (Percent)","Currently married by age of woman (Percent)","Estimates and Projections of Women of Reproductive Age Who Are Married or in a Union 2024",2024,"United Nations Population Division",204,"Benin","BJ","BEN",66,"2015",4,"Median",2,"Female",67,15,19,"15-19",100,"Married or in a union women",1,"Model-based Estimates",2,"Interpolation",16.23
44,"Currently married by age of woman (Percent)","Currently married by age of woman (Percent)","Estimates and Projections of Women of Reproductive Age Who Are Married or in a Union 2024",2024,"United Nations Population Division",204,"Benin","BJ","BEN",67,"2016",4,"Median",2,"Female",67,15,19,"15-19",100,"Married or in a union women",1,"Model-based Estimates",2,"Interpolation",15.73
44,"Currently married by age of woman (Percent)","Currently married by age of woman (Percent)","Estimates and Projections of Women of Reproductive Age Who Are Married or in a Union 2024",2024,"United Nations Population Division",204,"Benin","BJ","BEN",68,"2017",4,"Median",2,"Female",67,15,19,"15-19",100,"Married or in a union women",1,"Model-based Estimates",2,"Interpolation",15.22
44,"Currently married by age of woman (Percent)","Currently married by age of woman (Percent)","Estimates and Projections of Women of Reproductive Age Who Are Married or in a Union 2024",2024,"United Nations Population Division",204,"Benin","BJ","BEN",69,"2018",4,"Median",2,"Female",67,15,19,"15-19",100,"Married or in a union women",1,"Model-based Estimates",2,"Interpolation",14.72
44,"Currently married by age of woman (Percent)","Currently married by age of woman (Percent)","Estimates and Projections of Women of Reproductive Age Who Are Married or in a Union 2024",2024,"United Nations Population Division",204,"Benin","BJ","BEN",70,"2019",4,"Median",2,"Female",67,15,19,"15-19",100,"Married or in a union women",1,"Model-based Estimates",2,"Interpolation",14.21
44,"Currently married by age of woman (Percent)","Currently married by age of woman (Percent)","Estimates and Projections of Women of Reproductive Age Who Are Married or in a Union 2024",2024,"United Nations Population Division",204,"Benin","BJ","BEN",71,"2020",4,"Median",2,"Female",67,15,19,"15-19",100,"Married or in a union women",1,"Model-based Estimates",2,"Interpolation",13.71
44,"Currently married by age of woman (Percent)","Currently married by age of woman (Percent)","Estimates and Projections of Women of Reproductive Age Who Are Married or in a Union 2024",2024,"United Nations Population Division",204,"Benin","BJ","BEN",72,"2021",4,"Median",2,"Female",67,15,19,"15-19",100,"Married or in a union women",1,"Model-based Estimates",2,"Interpolation",13.2
44,"Currently married by age of woman (Percent)","Currently married by age of woman (Percent)","Estimates and Projections of Women of Reproductive Age Who Are Married or in a Union 2024",2024,"United Nations Population Division",204,"Benin","BJ","BEN",73,"2022",4,"Median",2,"Female",67,15,19,"15-19",100,"Married or in a union women",1,"Model-based Estimates",2,"Interpolation",12.7
44,"Currently married by age of woman (Percent)","Currently married by age of woman (Percent)","Estimates and Projections of Women of Reproductive Age Who Are Married or in a Union 2024",2024,"United Nations Population Division",226,"Equatorial Guinea","GQ","GNQ",59,"2008",4,"Median",2,"Female",67,15,19,"15-19",100,"Married or in a union women",1,"Model-based Estimates",2,"Interpolation",22.36
44,"Currently married by age of woman (Percent)","Currently married by age of woman (Percent)","Estimates and Projections of Women of Reproductive Age Who Are Married or in a Union 2024",2024,"United Nations Population Division",226,"Equatorial Guinea","GQ","GNQ",60,"2009",4,"Median",2,"Female",67,15,19,"15-19",100,"Married or in a union women",1,"Model-based Estimates",2,"Interpolation",22.24
44,"Currently married by age of woman (Percent)","Currently married by age of woman (Percent)","Estimates and Projections of Women of Reproductive Age Who Are Married or in a Union 2024",2024,"United Nations Population Division",226,"Equatorial Guinea","GQ","GNQ",61,"2010",4,"Median",2,"Female",67,15,19,"15-19",100,"Married or in a union women",1,"Model-based Estimates",2,"Interpolation",22.12
44,"Currently married by age of woman (Percent)","Currently married by age of woman (Percent)","Estimates and Projections of Women of Reproductive Age Who Are Married or in a Union 2024",2024,"United Nations Population Division",226,"Equatorial Guinea","GQ","GNQ",62,"2011",4,"Median",2,"Female",67,15,19,"15-19",100,"Married or in a union women",1,"Model-based Estimates",2,"Interpolation",22
44,"Currently married by age of woman (Percent)","Currently married by age of woman (Percent)","Estimates and Projections of Women of Reproductive Age Who Are Married or in a Union 2024",2024,"United Nations Population Division",226,"Equatorial Guinea","GQ","GNQ",63,"2012",4,"Median",2,"Female",67,15,19,"15-19",100,"Married or in a union women",1,"Model-based Estimates",3,"Projection",21.88
44,"Currently married by age of woman (Percent)","Currently married by age of woman (Percent)","Estimates and Projections of Women of Reproductive Age Who Are Married or in a Union 2024",2024,"United Nations Population Division",226,"Equatorial Guinea","GQ","GNQ",64,"2013",4,"Median",2,"Female",67,15,19,"15-19",100,"Married or in a union women",1,"Model-based Estimates",3,"Projection",21.73
44,"Currently married by age of woman (Percent)","Currently married by age of woman (Percent)","Estimates and Projections of Women of Reproductive Age Who Are Married or in a Union 2024",2024,"United Nations Population Division",226,"Equatorial Guinea","GQ","GNQ",65,"2014",4,"Median",2,"Female",67,15,19,"15-19",100,"Married or in a union women",1,"Model-based Estimates",3,"Projection",21.57
44,"Currently married by age of woman (Percent)","Currently married by age of woman (Percent)","Estimates and Projections of Women of Reproductive Age Who Are Married or in a Union 2024",2024,"United Nations Population Division",226,"Equatorial Guinea","GQ","GNQ",66,"2015",4,"Median",2,"Female",67,15,19,"15-19",100,"Married or in a union women",1,"Model-based Estimates",3,"Projection",21.4
44,"Currently married by age of woman (Percent)","Currently married by age of woman (Percent)","Estimates and Projections of Women of Reproductive Age Who Are Married or in a Union 2024",2024,"United Nations Population Division",226,"Equatorial Guinea","GQ","GNQ",67,"2016",4,"Median",2,"Female",67,15,19,"15-19",100,"Married or in a union women",1,"Model-based Estimates",3,"Projection",21.2
44,"Currently married by age of woman (Percent)","Currently married by age of woman (Percent)","Estimates and Projections of Women of Reproductive Age Who Are Married or in a Union 2024",2024,"United Nations Population Division",226,"Equatorial Guinea","GQ","GNQ",68,"2017",4,"Median",2,"Female",67,15,19,"15-19",100,"Married or in a union women",1,"Model-based Estimates",3,"Projection",20.99
44,"Currently married by age of woman (Percent)","Currently married by age of woman (Percent)","Estimates and Projections of Women of Reproductive Age Who Are Married or in a Union 2024",2024,"United Nations Population Division",226,"Equatorial Guinea","GQ","GNQ",69,"2018",4,"Median",2,"Female",67,15,19,"15-19",100,"Married or in a union women",1,"Model-based Estimates",3,"Projection",20.76
44,"Currently married by age of woman (Percent)","Currently married by age of woman (Percent)","Estimates and Projections of Women of Reproductive Age Who Are Married or in a Union 2024",2024,"United Nations Population Division",226,"Equatorial Guinea","GQ","GNQ",70,"2019",4,"Median",2,"Female",67,15,19,"15-19",100,"Married or in a union women",1,"Model-based Estimates",3,"Projection",20.51
44,"Currently married by age of woman (Percent)","Currently married by age of woman (Percent)","Estimates and Projections of Women of Reproductive Age Who Are Married or in a Union 2024",2024,"United Nations Population Division",226,"Equatorial Guinea","GQ","GNQ",71,"2020",4,"Median",2,"Female",67,15,19,"15-19",100,"Married or in a union women",1,"Model-based Estimates",3,"Projection",20.25
44,"Currently married by age of woman (Percent)","Currently married by age of woman (Percent)","Estimates and Projections of Women of Reproductive Age Who Are Married or in a Union 2024",2024,"United Nations Population Division",226,"Equatorial Guinea","GQ","GNQ",72,"2021",4,"Median",2,"Female",67,15,19,"15-19",100,"Married or in a union women",1,"Model-based Estimates",3,"Projection",19.97
44,"Currently married by age of woman (Percent)","Currently married by age of woman (Percent)","Estimates and Projections of Women of Reproductive Age Who Are Married or in a Union 2024",2024,"United Nations Population Division",226,"Equatorial Guinea","GQ","GNQ",73,"2022",4,"Median",2,"Female",67,15,19,"15-19",100,"Married or in a union women",1,"Model-based Estimates",3,"Projection",19.67
44,"Currently married by age of woman (Percent)","Currently married by age of woman (Percent)","Estimates and Projections of Women of Reproductive Age Who Are Married or in a Union 2024",2024,"United Nations Population Division",231,"Ethiopia","ET","ETH",59,"2008",4,"Median",2,"Female",67,15,19,"15-19",100,"Married or in a union women",1,"Model-based Estimates",2,"Interpolation",21.71
44,"Currently married by age of woman (Percent)","Currently married by age of woman (Percent)","Estimates and Projections of Women of Reproductive Age Who Are Married or in a Union 2024",2024,"United Nations Population Division",231,"Ethiopia","ET","ETH",60,"2009",4,"Median",2,"Female",67,15,19,"15-19",100,"Married or in a union women",1,"Model-based Estimates",2,"Interpolation",21.69
44,"Currently married by age of woman (Percent)","Currently married by age of woman (Percent)","Estimates and Projections of Women of Reproductive Age Who Are Married or in a Union 2024",2024,"United Nations Population Division",231,"Ethiopia","ET","ETH",61,"2010",4,"Median",2,"Female",67,15,19,"15-19",100,"Married or in a union women",1,"Model-based Estimates",2,"Interpolation",21.67
44,"Currently married by age of woman (Percent)","Currently married by age of woman (Percent)","Estimates and Projections of Women of Reproductive Age Who Are Married or in a Union 2024",2024,"United Nations Population Division",231,"Ethiopia","ET","ETH",62,"2011",4,"Median",2,"Female",67,15,19,"15-19",100,"Married or in a union women",1,"Model-based Estimates",2,"Interpolation",21.65
44,"Currently married by age of woman (Percent)","Currently married by age of woman (Percent)","Estimates and Projections of Women of Reproductive Age Who Are Married or in a Union 2024",2024,"United Nations Population Division",231,"Ethiopia","ET","ETH",63,"2012",4,"Median",2,"Female",67,15,19,"15-19",100,"Married or in a union women",1,"Model-based Estimates",2,"Interpolation",21.63
44,"Currently married by age of woman (Percent)","Currently married by age of woman (Percent)","Estimates and Projections of Women of Reproductive Age Who Are Married or in a Union 2024",2024,"United Nations Population Division",231,"Ethiopia","ET","ETH",64,"2013",4,"Median",2,"Female",67,15,19,"15-19",100,"Married or in a union women",1,"Model-based Estimates",2,"Interpolation",21.62
44,"Currently married by age of woman (Percent)","Currently married by age of woman (Percent)","Estimates and Projections of Women of Reproductive Age Who Are Married or in a Union 2024",2024,"United Nations Population Division",231,"Ethiopia","ET","ETH",65,"2014",4,"Median",2,"Female",67,15,19,"15-19",100,"Married or in a union women",1,"Model-based Estimates",2,"Interpolation",21.6
44,"Currently married by age of woman (Percent)","Currently married by age of woman (Percent)","Estimates and Projections of Women of Reproductive Age Who Are Married or in a Union 2024",2024,"United Nations Population Division",231,"Ethiopia","ET","ETH",66,"2015",4,"Median",2,"Female",67,15,19,"15-19",100,"Married or in a union women",1,"Model-based Estimates",2,"Interpolation",21.58
44,"Currently married by age of woman (Percent)","Currently married by age of woman (Percent)","Estimates and Projections of Women of Reproductive Age Who Are Married or in a Union 2024",2024,"United Nations Population Division",231,"Ethiopia","ET","ETH",67,"2016",4,"Median",2,"Female",67,15,19,"15-19",100,"Married or in a union women",1,"Model-based Estimates",2,"Interpolation",21.56
44,"Currently married by age of woman (Percent)","Currently married by age of woman (Percent)","Estimates and Projections of Women of Reproductive Age Who Are Married or in a Union 2024",2024,"United Nations Population Division",231,"Ethiopia","ET","ETH",68,"2017",4,"Median",2,"Female",67,15,19,"15-19",100,"Married or in a union women",1,"Model-based Estimates",2,"Interpolation",21.54
44,"Currently married by age of woman (Percent)","Currently married by age of woman (Percent)","Estimates and Projections of Women of Reproductive Age Who Are Married or in a Union 2024",2024,"United Nations Population Division",231,"Ethiopia","ET","ETH",69,"2018",4,"Median",2,"Female",67,15,19,"15-19",100,"Married or in a union women",1,"Model-based Estimates",2,"Interpolation",21.52
44,"Currently married by age of woman (Percent)","Currently married by age of woman (Percent)","Estimates and Projections of Women of Reproductive Age Who Are Married or in a Union 2024",2024,"United Nations Population Division",231,"Ethiopia","ET","ETH",70,"2019",4,"Median",2,"Female",67,15,19,"15-19",100,"Married or in a union women",1,"Model-based Estimates",2,"Interpolation",21.5
44,"Currently married by age of woman (Percent)","Currently married by age of woman (Percent)","Estimates and Projections of Women of Reproductive Age Who Are Married or in a Union 2024",2024,"United Nations Population Division",231,"Ethiopia","ET","ETH",71,"2020",4,"Median",2,"Female",67,15,19,"15-19",100,"Married or in a union women",1,"Model-based Estimates",3,"Projection",21.47
44,"Currently married by age of woman (Percent)","Currently married by age of woman (Percent)","Estimates and Projections of Women of Reproductive Age Who Are Married or in a Union 2024",2024,"United Nations Population Division",231,"Ethiopia","ET","ETH",72,"2021",4,"Median",2,"Female",67,15,19,"15-19",100,"Married or in a union women",1,"Model-based Estimates",3,"Projection",21.4
44,"Currently married by age of woman (Percent)","Currently married by age of woman (Percent)","Estimates and Projections of Women of Reproductive Age Who Are Married or in a Union 2024",2024,"United Nations Population Division",231,"Ethiopia","ET","ETH",73,"2022",4,"Median",2,"Female",67,15,19,"15-19",100,"Married or in a union women",1,"Model-based Estimates",3,"Projection",21.3
44,"Currently married by age of woman (Percent)","Currently married by age of woman (Percent)","Estimates and Projections of Women of Reproductive Age Who Are Married or in a Union 2024",2024,"United Nations Population Division",232,"Eritrea","ER","ERI",59,"2008",4,"Median",2,"Female",67,15,19,"15-19",100,"Married or in a union women",1,"Model-based Estimates",2,"Interpolation",19.48
44,"Currently married by age of woman (Percent)","Currently married by age of woman (Percent)","Estimates and Projections of Women of Reproductive Age Who Are Married or in a Union 2024",2024,"United Nations Population Division",232,"Eritrea","ER","ERI",60,"2009",4,"Median",2,"Female",67,15,19,"15-19",100,"Married or in a union women",1,"Model-based Estimates",2,"Interpolation",18.47
44,"Currently married by age of woman (Percent)","Currently married by age of woman (Percent)","Estimates and Projections of Women of Reproductive Age Who Are Married or in a Union 2024",2024,"United Nations Population Division",232,"Eritrea","ER","ERI",61,"2010",4,"Median",2,"Female",67,15,19,"15-19",100,"Married or in a union women",1,"Model-based Estimates",2,"Interpolation",17.47
44,"Currently married by age of woman (Percent)","Currently married by age of woman (Percent)","Estimates and Projections of Women of Reproductive Age Who Are Married or in a Union 2024",2024,"United Nations Population Division",232,"Eritrea","ER","ERI",62,"2011",4,"Median",2,"Female",67,15,19,"15-19",100,"Married or in a union women",1,"Model-based Estimates",3,"Projection",16.7
44,"Currently married by age of woman (Percent)","Currently married by age of woman (Percent)","Estimates and Projections of Women of Reproductive Age Who Are Married or in a Union 2024",2024,"United Nations Population Division",232,"Eritrea","ER","ERI",63,"2012",4,"Median",2,"Female",67,15,19,"15-19",100,"Married or in a union women",1,"Model-based Estimates",3,"Projection",15.98
44,"Currently married by age of woman (Percent)","Currently married by age of woman (Percent)","Estimates and Projections of Women of Reproductive Age Who Are Married or in a Union 2024",2024,"United Nations Population Division",232,"Eritrea","ER","ERI",64,"2013",4,"Median",2,"Female",67,15,19,"15-19",100,"Married or in a union women",1,"Model-based Estimates",3,"Projection",15.29
44,"Currently married by age of woman (Percent)","Currently married by age of woman (Percent)","Estimates and Projections of Women of Reproductive Age Who Are Married or in a Union 2024",2024,"United Nations Population Division",232,"Eritrea","ER","ERI",65,"2014",4,"Median",2,"Female",67,15,19,"15-19",100,"Married or in a union women",1,"Model-based Estimates",3,"Projection",14.64
44,"Currently married by age of woman (Percent)","Currently married by age of woman (Percent)","Estimates and Projections of Women of Reproductive Age Who Are Married or in a Union 2024",2024,"United Nations Population Division",232,"Eritrea","ER","ERI",66,"2015",4,"Median",2,"Female",67,15,19,"15-19",100,"Married or in a union women",1,"Model-based Estimates",3,"Projection",14.03
44,"Currently married by age of woman (Percent)","Currently married by age of woman (Percent)","Estimates and Projections of Women of Reproductive Age Who Are Married or in a Union 2024",2024,"United Nations Population Division",232,"Eritrea","ER","ERI",67,"2016",4,"Median",2,"Female",67,15,19,"15-19",100,"Married or in a union women",1,"Model-based Estimates",3,"Projection",13.45
44,"Currently married by age of woman (Percent)","Currently married by age of woman (Percent)","Estimates and Projections of Women of Reproductive Age Who Are Married or in a Union 2024",2024,"United Nations Population Division",232,"Eritrea","ER","ERI",68,"2017",4,"Median",2,"Female",67,15,19,"15-19",100,"Married or in a union women",1,"Model-based Estimates",3,"Projection",12.9
44,"Currently married by age of woman (Percent)","Currently married by age of woman (Percent)","Estimates and Projections of Women of Reproductive Age Who Are Married or in a Union 2024",2024,"United Nations Population Division",232,"Eritrea","ER","ERI",69,"2018",4,"Median",2,"Female",67,15,19,"15-19",100,"Married or in a union women",1,"Model-based Estimates",3,"Projection",12.39
44,"Currently married by age of woman (Percent)","Currently married by age of woman (Percent)","Estimates and Projections of Women of Reproductive Age Who Are Married or in a Union 2024",2024,"United Nations Population Division",232,"Eritrea","ER","ERI",70,"2019",4,"Median",2,"Female",67,15,19,"15-19",100,"Married or in a union women",1,"Model-based Estimates",3,"Projection",11.9
44,"Currently married by age of woman (Percent)","Currently married by age of woman (Percent)","Estimates and Projections of Women of Reproductive Age Who Are Married or in a Union 2024",2024,"United Nations Population Division",232,"Eritrea","ER","ERI",71,"2020",4,"Median",2,"Female",67,15,19,"15-19",100,"Married or in a union women",1,"Model-based Estimates",3,"Projection",11.44
44,"Currently married by age of woman (Percent)","Currently married by age of woman (Percent)","Estimates and Projections of Women of Reproductive Age Who Are Married or in a Union 2024",2024,"United Nations Population Division",232,"Eritrea","ER","ERI",72,"2021",4,"Median",2,"Female",67,15,19,"15-19",100,"Married or in a union women",1,"Model-based Estimates",3,"Projection",11.01
44,"Currently married by age of woman (Percent)","Currently married by age of woman (Percent)","Estimates and Projections of Women of Reproductive Age Who Are Married or in a Union 2024",2024,"United Nations Population Division",232,"Eritrea","ER","ERI",73,"2022",4,"Median",2,"Female",67,15,19,"15-19",100,"Married or in a union women",1,"Model-based Estimates",3,"Projection",10.6
44,"Currently married by age of woman (Percent)","Currently married by age of woman (Percent)","Estimates and Projections of Women of Reproductive Age Who Are Married or in a Union 2024",2024,"United Nations Population Division",262,"Djibouti","DJ","DJI",59,"2008",4,"Median",2,"Female",67,15,19,"15-19",100,"Married or in a union women",1,"Model-based Estimates",2,"Interpolation",5.8
44,"Currently married by age of woman (Percent)","Currently married by age of woman (Percent)","Estimates and Projections of Women of Reproductive Age Who Are Married or in a Union 2024",2024,"United Nations Population Division",262,"Djibouti","DJ","DJI",60,"2009",4,"Median",2,"Female",67,15,19,"15-19",100,"Married or in a union women",1,"Model-based Estimates",2,"Interpolation",5.7
44,"Currently married by age of woman (Percent)","Currently married by age of woman (Percent)","Estimates and Projections of Women of Reproductive Age Who Are Married or in a Union 2024",2024,"United Nations Population Division",262,"Djibouti","DJ","DJI",61,"2010",4,"Median",2,"Female",67,15,19,"15-19",100,"Married or in a union women",1,"Model-based Estimates",2,"Interpolation",5.6
44,"Currently married by age of woman (Percent)","Currently married by age of woman (Percent)","Estimates and Projections of Women of Reproductive Age Who Are Married or in a Union 2024",2024,"United Nations Population Division",262,"Djibouti","DJ","DJI",62,"2011",4,"Median",2,"Female",67,15,19,"15-19",100,"Married or in a union women",1,"Model-based Estimates",2,"Interpolation",5.5
44,"Currently married by age of woman (Percent)","Currently married by age of woman (Percent)","Estimates and Projections of Women of Reproductive Age Who Are Married or in a Union 2024",2024,"United Nations Population Division",262,"Djibouti","DJ","DJI",63,"2012",4,"Median",2,"Female",67,15,19,"15-19",100,"Married or in a union women",1,"Model-based Estimates",2,"Interpolation",5.4
44,"Currently married by age of woman (Percent)","Currently married by age of woman (Percent)","Estimates and Projections of Women of Reproductive Age Who Are Married or in a Union 2024",2024,"United Nations Population Division",262,"Djibouti","DJ","DJI",64,"2013",4,"Median",2,"Female",67,15,19,"15-19",100,"Married or in a union women",1,"Model-based Estimates",2,"Interpolation",5.3
44,"Currently married by age of woman (Percent)","Currently married by age of woman (Percent)","Estimates and Projections of Women of Reproductive Age Who Are Married or in a Union 2024",2024,"United Nations Population Division",262,"Djibouti","DJ","DJI",65,"2014",4,"Median",2,"Female",67,15,19,"15-19",100,"Married or in a union women",1,"Model-based Estimates",2,"Interpolation",5.2
44,"Currently married by age of woman (Percent)","Currently married by age of woman (Percent)","Estimates and Projections of Women of Reproductive Age Who Are Married or in a Union 2024",2024,"United Nations Population Division",262,"Djibouti","DJ","DJI",66,"2015",4,"Median",2,"Female",67,15,19,"15-19",100,"Married or in a union women",1,"Model-based Estimates",2,"Interpolation",5.1
44,"Currently married by age of woman (Percent)","Currently married by age of woman (Percent)","Estimates and Projections of Women of Reproductive Age Who Are Married or in a Union 2024",2024,"United Nations Population Division",262,"Djibouti","DJ","DJI",67,"2016",4,"Median",2,"Female",67,15,19,"15-19",100,"Married or in a union women",1,"Model-based Estimates",2,"Interpolation",5
44,"Currently married by age of woman (Percent)","Currently married by age of woman (Percent)","Estimates and Projections of Women of Reproductive Age Who Are Married or in a Union 2024",2024,"United Nations Population Division",262,"Djibouti","DJ","DJI",68,"2017",4,"Median",2,"Female",67,15,19,"15-19",100,"Married or in a union women",1,"Model-based Estimates",2,"Interpolation",4.9
44,"Currently married by age of woman (Percent)","Currently married by age of woman (Percent)","Estimates and Projections of Women of Reproductive Age Who Are Married or in a Union 2024",2024,"United Nations Population Division",262,"Djibouti","DJ","DJI",69,"2018",4,"Median",2,"Female",67,15,19,"15-19",100,"Married or in a union women",1,"Model-based Estimates",3,"Projection",4.82
44,"Currently married by age of woman (Percent)","Currently married by age of woman (Percent)","Estimates and Projections of Women of Reproductive Age Who Are Married or in a Union 2024",2024,"United Nations Population Division",262,"Djibouti","DJ","DJI",70,"2019",4,"Median",2,"Female",67,15,19,"15-19",100,"Married or in a union women",1,"Model-based Estimates",3,"Projection",4.75
44,"Currently married by age of woman (Percent)","Currently married by age of woman (Percent)","Estimates and Projections of Women of Reproductive Age Who Are Married or in a Union 2024",2024,"United Nations Population Division",262,"Djibouti","DJ","DJI",71,"2020",4,"Median",2,"Female",67,15,19,"15-19",100,"Married or in a union women",1,"Model-based Estimates",3,"Projection",4.68
44,"Currently married by age of woman (Percent)","Currently married by age of woman (Percent)","Estimates and Projections of Women of Reproductive Age Who Are Married or in a Union 2024",2024,"United Nations Population Division",262,"Djibouti","DJ","DJI",72,"2021",4,"Median",2,"Female",67,15,19,"15-19",100,"Married or in a union women",1,"Model-based Estimates",3,"Projection",4.61
44,"Currently married by age of woman (Percent)","Currently married by age of woman (Percent)","Estimates and Projections of Women of Reproductive Age Who Are Married or in a Union 2024",2024,"United Nations Population Division",262,"Djibouti","DJ","DJI",73,"2022",4,"Median",2,"Female",67,15,19,"15-19",100,"Married or in a union women",1,"Model-based Estimates",3,"Projection",4.55
44,"Currently married by age of woman (Percent)","Currently married by age of woman (Percent)","Estimates and Projections of Women of Reproductive Age Who Are Married or in a Union 2024",2024,"United Nations Population Division",266,"Gabon","GA","GAB",59,"2008",4,"Median",2,"Female",67,15,19,"15-19",100,"Married or in a union women",1,"Model-based Estimates",2,"Interpolation",14.5
44,"Currently married by age of woman (Percent)","Currently married by age of woman (Percent)","Estimates and Projections of Women of Reproductive Age Who Are Married or in a Union 2024",2024,"United Nations Population Division",266,"Gabon","GA","GAB",60,"2009",4,"Median",2,"Female",67,15,19,"15-19",100,"Married or in a union women",1,"Model-based Estimates",2,"Interpolation",14.05
44,"Currently married by age of woman (Percent)","Currently married by age of woman (Percent)","Estimates and Projections of Women of Reproductive Age Who Are Married or in a Union 2024",2024,"United Nations Population Division",266,"Gabon","GA","GAB",61,"2010",4,"Median",2,"Female",67,15,19,"15-19",100,"Married or in a union women",1,"Model-based Estimates",2,"Interpolation",13.6
44,"Currently married by age of woman (Percent)","Currently married by age of woman (Percent)","Estimates and Projections of Women of Reproductive Age Who Are Married or in a Union 2024",2024,"United Nations Population Division",266,"Gabon","GA","GAB",62,"2011",4,"Median",2,"Female",67,15,19,"15-19",100,"Married or in a union women",1,"Model-based Estimates",2,"Interpolation",13.15
44,"Currently married by age of woman (Percent)","Currently married by age of woman (Percent)","Estimates and Projections of Women of Reproductive Age Who Are Married or in a Union 2024",2024,"United Nations Population Division",266,"Gabon","GA","GAB",63,"2012",4,"Median",2,"Female",67,15,19,"15-19",100,"Married or in a union women",1,"Model-based Estimates",2,"Interpolation",12.7
44,"Currently married by age of woman (Percent)","Currently married by age of woman (Percent)","Estimates and Projections of Women of Reproductive Age Who Are Married or in a Union 2024",2024,"United Nations Population Division",266,"Gabon","GA","GAB",64,"2013",4,"Median",2,"Female",67,15,19,"15-19",100,"Married or in a union women",1,"Model-based Estimates",2,"Interpolation",12.25
44,"Currently married by age of woman (Percent)","Currently married by age of woman (Percent)","Estimates and Projections of Women of Reproductive Age Who Are Married or in a Union 2024",2024,"United Nations Population Division",266,"Gabon","GA","GAB",65,"2014",4,"Median",2,"Female",67,15,19,"15-19",100,"Married or in a union women",1,"Model-based Estimates",2,"Interpolation",11.8
44,"Currently married by age of woman (Percent)","Currently married by age of woman (Percent)","Estimates and Projections of Women of Reproductive Age Who Are Married or in a Union 2024",2024,"United Nations Population Division",266,"Gabon","GA","GAB",66,"2015",4,"Median",2,"Female",67,15,19,"15-19",100,"Married or in a union women",1,"Model-based Estimates",2,"Interpolation",11.35
44,"Currently married by age of woman (Percent)","Currently married by age of woman (Percent)","Estimates and Projections of Women of Reproductive Age Who Are Married or in a Union 2024",2024,"United Nations Population Division",266,"Gabon","GA","GAB",67,"2016",4,"Median",2,"Female",67,15,19,"15-19",100,"Married or in a union women",1,"Model-based Estimates",2,"Interpolation",10.9
44,"Currently married by age of woman (Percent)","Currently married by age of woman (Percent)","Estimates and Projections of Women of Reproductive Age Who Are Married or in a Union 2024",2024,"United Nations Population Division",266,"Gabon","GA","GAB",68,"2017",4,"Median",2,"Female",67,15,19,"15-19",100,"Married or in a union women",1,"Model-based Estimates",2,"Interpolation",10.45
44,"Currently married by age of woman (Percent)","Currently married by age of woman (Percent)","Estimates and Projections of Women of Reproductive Age Who Are Married or in a Union 2024",2024,"United Nations Population Division",266,"Gabon","GA","GAB",69,"2018",4,"Median",2,"Female",67,15,19,"15-19",100,"Married or in a union women",1,"Model-based Estimates",2,"Interpolation",10
44,"Currently married by age of woman (Percent)","Currently married by age of woman (Percent)","Estimates and Projections of Women of Reproductive Age Who Are Married or in a Union 2024",2024,"United Nations Population Division",266,"Gabon","GA","GAB",70,"2019",4,"Median",2,"Female",67,15,19,"15-19",100,"Married or in a union women",1,"Model-based Estimates",2,"Interpolation",9.55
44,"Currently married by age of woman (Percent)","Currently married by age of woman (Percent)","Estimates and Projections of Women of Reproductive Age Who Are Married or in a Union 2024",2024,"United Nations Population Division",266,"Gabon","GA","GAB",71,"2020",4,"Median",2,"Female",67,15,19,"15-19",100,"Married or in a union women",1,"Model-based Estimates",2,"Interpolation",9.1
44,"Currently married by age of woman (Percent)","Currently married by age of woman (Percent)","Estimates and Projections of Women of Reproductive Age Who Are Married or in a Union 2024",2024,"United Nations Population Division",266,"Gabon","GA","GAB",72,"2021",4,"Median",2,"Female",67,15,19,"15-19",100,"Married or in a union women",1,"Model-based Estimates",3,"Projection",8.78
44,"Currently married by age of woman (Percent)","Currently married by age of woman (Percent)","Estimates and Projections of Women of Reproductive Age Who Are Married or in a Union 2024",2024,"United Nations Population Division",266,"Gabon","GA","GAB",73,"2022",4,"Median",2,"Female",67,15,19,"15-19",100,"Married or in a union women",1,"Model-based Estimates",3,"Projection",8.48
44,"Currently married by age of woman (Percent)","Currently married by age of woman (Percent)","Estimates and Projections of Women of Reproductive Age Who Are Married or in a Union 2024",2024,"United Nations Population Division",270,"Gambia","GM","GMB",59,"2008",4,"Median",2,"Female",67,15,19,"15-19",100,"Married or in a union women",1,"Model-based Estimates",2,"Interpolation",28.7
44,"Currently married by age of woman (Percent)","Currently married by age of woman (Percent)","Estimates and Projections of Women of Reproductive Age Who Are Married or in a Union 2024",2024,"United Nations Population Division",270,"Gambia","GM","GMB",60,"2009",4,"Median",2,"Female",67,15,19,"15-19",100,"Married or in a union women",1,"Model-based Estimates",2,"Interpolation",27.72
44,"Currently married by age of woman (Percent)","Currently married by age of woman (Percent)","Estimates and Projections of Women of Reproductive Age Who Are Married or in a Union 2024",2024,"United Nations Population Division",270,"Gambia","GM","GMB",61,"2010",4,"Median",2,"Female",67,15,19,"15-19",100,"Married or in a union women",1,"Model-based Estimates",2,"Interpolation",26.74
44,"Currently married by age of woman (Percent)","Currently married by age of woman (Percent)","Estimates and Projections of Women of Reproductive Age Who Are Married or in a Union 2024",2024,"United Nations Population Division",270,"Gambia","GM","GMB",62,"2011",4,"Median",2,"Female",67,15,19,"15-19",100,"Married or in a union women",1,"Model-based Estimates",2,"Interpolation",25.76
44,"Currently married by age of woman (Percent)","Currently married by age of woman (Percent)","Estimates and Projections of Women of Reproductive Age Who Are Married or in a Union 2024",2024,"United Nations Population Division",270,"Gambia","GM","GMB",63,"2012",4,"Median",2,"Female",67,15,19,"15-19",100,"Married or in a union women",1,"Model-based Estimates",2,"Interpolation",24.78
44,"Currently married by age of woman (Percent)","Currently married by age of woman (Percent)","Estimates and Projections of Women of Reproductive Age Who Are Married or in a Union 2024",2024,"United Nations Population Division",270,"Gambia","GM","GMB",64,"2013",4,"Median",2,"Female",67,15,19,"15-19",100,"Married or in a union women",1,"Model-based Estimates",2,"Interpolation",23.8
44,"Currently married by age of woman (Percent)","Currently married by age of woman (Percent)","Estimates and Projections of Women of Reproductive Age Who Are Married or in a Union 2024",2024,"United Nations Population Division",270,"Gambia","GM","GMB",65,"2014",4,"Median",2,"Female",67,15,19,"15-19",100,"Married or in a union women",1,"Model-based Estimates",2,"Interpolation",23.1
44,"Currently married by age of woman (Percent)","Currently married by age of woman (Percent)","Estimates and Projections of Women of Reproductive Age Who Are Married or in a Union 2024",2024,"United Nations Population Division",270,"Gambia","GM","GMB",66,"2015",4,"Median",2,"Female",67,15,19,"15-19",100,"Married or in a union women",1,"Model-based Estimates",2,"Interpolation",22.39
44,"Currently married by age of woman (Percent)","Currently married by age of woman (Percent)","Estimates and Projections of Women of Reproductive Age Who Are Married or in a Union 2024",2024,"United Nations Population Division",270,"Gambia","GM","GMB",67,"2016",4,"Median",2,"Female",67,15,19,"15-19",100,"Married or in a union women",1,"Model-based Estimates",2,"Interpolation",21.69
44,"Currently married by age of woman (Percent)","Currently married by age of woman (Percent)","Estimates and Projections of Women of Reproductive Age Who Are Married or in a Union 2024",2024,"United Nations Population Division",270,"Gambia","GM","GMB",68,"2017",4,"Median",2,"Female",67,15,19,"15-19",100,"Married or in a union women",1,"Model-based Estimates",2,"Interpolation",20.99
44,"Currently married by age of woman (Percent)","Currently married by age of woman (Percent)","Estimates and Projections of Women of Reproductive Age Who Are Married or in a Union 2024",2024,"United Nations Population Division",270,"Gambia","GM","GMB",69,"2018",4,"Median",2,"Female",67,15,19,"15-19",100,"Married or in a union women",1,"Model-based Estimates",2,"Interpolation",20.29
44,"Currently married by age of woman (Percent)","Currently married by age of woman (Percent)","Estimates and Projections of Women of Reproductive Age Who Are Married or in a Union 2024",2024,"United Nations Population Division",270,"Gambia","GM","GMB",70,"2019",4,"Median",2,"Female",67,15,19,"15-19",100,"Married or in a union women",1,"Model-based Estimates",2,"Interpolation",19.58
44,"Currently married by age of woman (Percent)","Currently married by age of woman (Percent)","Estimates and Projections of Women of Reproductive Age Who Are Married or in a Union 2024",2024,"United Nations Population Division",270,"Gambia","GM","GMB",71,"2020",4,"Median",2,"Female",67,15,19,"15-19",100,"Married or in a union women",1,"Model-based Estimates",2,"Interpolation",18.88
44,"Currently married by age of woman (Percent)","Currently married by age of woman (Percent)","Estimates and Projections of Women of Reproductive Age Who Are Married or in a Union 2024",2024,"United Nations Population Division",270,"Gambia","GM","GMB",72,"2021",4,"Median",2,"Female",67,15,19,"15-19",100,"Married or in a union women",1,"Model-based Estimates",3,"Projection",18.25
44,"Currently married by age of woman (Percent)","Currently married by age of woman (Percent)","Estimates and Projections of Women of Reproductive Age Who Are Married or in a Union 2024",2024,"United Nations Population Division",270,"Gambia","GM","GMB",73,"2022",4,"Median",2,"Female",67,15,19,"15-19",100,"Married or in a union women",1,"Model-based Estimates",3,"Projection",17.63
44,"Currently married by age of woman (Percent)","Currently married by age of woman (Percent)","Estimates and Projections of Women of Reproductive Age Who Are Married or in a Union 2024",2024,"United Nations Population Division",288,"Ghana","GH","GHA",59,"2008",4,"Median",2,"Female",67,15,19,"15-19",100,"Married or in a union women",1,"Model-based Estimates",2,"Interpolation",8.76
44,"Currently married by age of woman (Percent)","Currently married by age of woman (Percent)","Estimates and Projections of Women of Reproductive Age Who Are Married or in a Union 2024",2024,"United Nations Population Division",288,"Ghana","GH","GHA",60,"2009",4,"Median",2,"Female",67,15,19,"15-19",100,"Married or in a union women",1,"Model-based Estimates",2,"Interpolation",8.17
44,"Currently married by age of woman (Percent)","Currently married by age of woman (Percent)","Estimates and Projections of Women of Reproductive Age Who Are Married or in a Union 2024",2024,"United Nations Population Division",288,"Ghana","GH","GHA",61,"2010",4,"Median",2,"Female",67,15,19,"15-19",100,"Married or in a union women",1,"Model-based Estimates",2,"Interpolation",7.59
44,"Currently married by age of woman (Percent)","Currently married by age of woman (Percent)","Estimates and Projections of Women of Reproductive Age Who Are Married or in a Union 2024",2024,"United Nations Population Division",288,"Ghana","GH","GHA",62,"2011",4,"Median",2,"Female",67,15,19,"15-19",100,"Married or in a union women",1,"Model-based Estimates",2,"Interpolation",7
44,"Currently married by age of woman (Percent)","Currently married by age of woman (Percent)","Estimates and Projections of Women of Reproductive Age Who Are Married or in a Union 2024",2024,"United Nations Population Division",288,"Ghana","GH","GHA",63,"2012",4,"Median",2,"Female",67,15,19,"15-19",100,"Married or in a union women",1,"Model-based Estimates",2,"Interpolation",7.02
44,"Currently married by age of woman (Percent)","Currently married by age of woman (Percent)","Estimates and Projections of Women of Reproductive Age Who Are Married or in a Union 2024",2024,"United Nations Population Division",288,"Ghana","GH","GHA",64,"2013",4,"Median",2,"Female",67,15,19,"15-19",100,"Married or in a union women",1,"Model-based Estimates",2,"Interpolation",7.04
44,"Currently married by age of woman (Percent)","Currently married by age of woman (Percent)","Estimates and Projections of Women of Reproductive Age Who Are Married or in a Union 2024",2024,"United Nations Population Division",288,"Ghana","GH","GHA",65,"2014",4,"Median",2,"Female",67,15,19,"15-19",100,"Married or in a union women",1,"Model-based Estimates",2,"Interpolation",7.05
44,"Currently married by age of woman (Percent)","Currently married by age of woman (Percent)","Estimates and Projections of Women of Reproductive Age Who Are Married or in a Union 2024",2024,"United Nations Population Division",288,"Ghana","GH","GHA",66,"2015",4,"Median",2,"Female",67,15,19,"15-19",100,"Married or in a union women",1,"Model-based Estimates",2,"Interpolation",7.07
44,"Currently married by age of woman (Percent)","Currently married by age of woman (Percent)","Estimates and Projections of Women of Reproductive Age Who Are Married or in a Union 2024",2024,"United Nations Population Division",288,"Ghana","GH","GHA",67,"2016",4,"Median",2,"Female",67,15,19,"15-19",100,"Married or in a union women",1,"Model-based Estimates",2,"Interpolation",7.09
44,"Currently married by age of woman (Percent)","Currently married by age of woman (Percent)","Estimates and Projections of Women of Reproductive Age Who Are Married or in a Union 2024",2024,"United Nations Population Division",288,"Ghana","GH","GHA",68,"2017",4,"Median",2,"Female",67,15,19,"15-19",100,"Married or in a union women",1,"Model-based Estimates",2,"Interpolation",7.11
44,"Currently married by age of woman (Percent)","Currently married by age of woman (Percent)","Estimates and Projections of Women of Reproductive Age Who Are Married or in a Union 2024",2024,"United Nations Population Division",288,"Ghana","GH","GHA",69,"2018",4,"Median",2,"Female",67,15,19,"15-19",100,"Married or in a union women",1,"Model-based Estimates",2,"Interpolation",7.13
44,"Currently married by age of woman (Percent)","Currently married by age of woman (Percent)","Estimates and Projections of Women of Reproductive Age Who Are Married or in a Union 2024",2024,"United Nations Population Division",288,"Ghana","GH","GHA",70,"2019",4,"Median",2,"Female",67,15,19,"15-19",100,"Married or in a union women",1,"Model-based Estimates",2,"Interpolation",7.15
44,"Currently married by age of woman (Percent)","Currently married by age of woman (Percent)","Estimates and Projections of Women of Reproductive Age Who Are Married or in a Union 2024",2024,"United Nations Population Division",288,"Ghana","GH","GHA",71,"2020",4,"Median",2,"Female",67,15,19,"15-19",100,"Married or in a union women",1,"Model-based Estimates",2,"Interpolation",7.16
44,"Currently married by age of woman (Percent)","Currently married by age of woman (Percent)","Estimates and Projections of Women of Reproductive Age Who Are Married or in a Union 2024",2024,"United Nations Population Division",288,"Ghana","GH","GHA",72,"2021",4,"Median",2,"Female",67,15,19,"15-19",100,"Married or in a union women",1,"Model-based Estimates",2,"Interpolation",7.18
44,"Currently married by age of woman (Percent)","Currently married by age of woman (Percent)","Estimates and Projections of Women of Reproductive Age Who Are Married or in a Union 2024",2024,"United Nations Population Division",288,"Ghana","GH","GHA",73,"2022",4,"Median",2,"Female",67,15,19,"15-19",100,"Married or in a union women",1,"Model-based Estimates",2,"Interpolation",7.2
44,"Currently married by age of woman (Percent)","Currently married by age of woman (Percent)","Estimates and Projections of Women of Reproductive Age Who Are Married or in a Union 2024",2024,"United Nations Population Division",324,"Guinea","GN","GIN",59,"2008",4,"Median",2,"Female",67,15,19,"15-19",100,"Married or in a union women",1,"Model-based Estimates",2,"Interpolation",36.38
44,"Currently married by age of woman (Percent)","Currently married by age of woman (Percent)","Estimates and Projections of Women of Reproductive Age Who Are Married or in a Union 2024",2024,"United Nations Population Division",324,"Guinea","GN","GIN",60,"2009",4,"Median",2,"Female",67,15,19,"15-19",100,"Married or in a union women",1,"Model-based Estimates",2,"Interpolation",35.55
44,"Currently married by age of woman (Percent)","Currently married by age of woman (Percent)","Estimates and Projections of Women of Reproductive Age Who Are Married or in a Union 2024",2024,"United Nations Population Division",324,"Guinea","GN","GIN",61,"2010",4,"Median",2,"Female",67,15,19,"15-19",100,"Married or in a union women",1,"Model-based Estimates",2,"Interpolation",34.73
44,"Currently married by age of woman (Percent)","Currently married by age of woman (Percent)","Estimates and Projections of Women of Reproductive Age Who Are Married or in a Union 2024",2024,"United Nations Population Division",324,"Guinea","GN","GIN",62,"2011",4,"Median",2,"Female",67,15,19,"15-19",100,"Married or in a union women",1,"Model-based Estimates",2,"Interpolation",33.9
44,"Currently married by age of woman (Percent)","Currently married by age of woman (Percent)","Estimates and Projections of Women of Reproductive Age Who Are Married or in a Union 2024",2024,"United Nations Population Division",324,"Guinea","GN","GIN",63,"2012",4,"Median",2,"Female",67,15,19,"15-19",100,"Married or in a union women",1,"Model-based Estimates",2,"Interpolation",33.08
44,"Currently married by age of woman (Percent)","Currently married by age of woman (Percent)","Estimates and Projections of Women of Reproductive Age Who Are Married or in a Union 2024",2024,"United Nations Population Division",324,"Guinea","GN","GIN",64,"2013",4,"Median",2,"Female",67,15,19,"15-19",100,"Married or in a union women",1,"Model-based Estimates",2,"Interpolation",32.26
44,"Currently married by age of woman (Percent)","Currently married by age of woman (Percent)","Estimates and Projections of Women of Reproductive Age Who Are Married or in a Union 2024",2024,"United Nations Population Division",324,"Guinea","GN","GIN",65,"2014",4,"Median",2,"Female",67,15,19,"15-19",100,"Married or in a union women",1,"Model-based Estimates",2,"Interpolation",31.43
44,"Currently married by age of woman (Percent)","Currently married by age of woman (Percent)","Estimates and Projections of Women of Reproductive Age Who Are Married or in a Union 2024",2024,"United Nations Population Division",324,"Guinea","GN","GIN",66,"2015",4,"Median",2,"Female",67,15,19,"15-19",100,"Married or in a union women",1,"Model-based Estimates",2,"Interpolation",30.61
44,"Currently married by age of woman (Percent)","Currently married by age of woman (Percent)","Estimates and Projections of Women of Reproductive Age Who Are Married or in a Union 2024",2024,"United Nations Population Division",324,"Guinea","GN","GIN",67,"2016",4,"Median",2,"Female",67,15,19,"15-19",100,"Married or in a union women",1,"Model-based Estimates",2,"Interpolation",29.78
44,"Currently married by age of woman (Percent)","Currently married by age of woman (Percent)","Estimates and Projections of Women of Reproductive Age Who Are Married or in a Union 2024",2024,"United Nations Population Division",324,"Guinea","GN","GIN",68,"2017",4,"Median",2,"Female",67,15,19,"15-19",100,"Married or in a union women",1,"Model-based Estimates",2,"Interpolation",28.96
44,"Currently married by age of woman (Percent)","Currently married by age of woman (Percent)","Estimates and Projections of Women of Reproductive Age Who Are Married or in a Union 2024",2024,"United Nations Population Division",324,"Guinea","GN","GIN",69,"2018",4,"Median",2,"Female",67,15,19,"15-19",100,"Married or in a union women",1,"Model-based Estimates",2,"Interpolation",28.13
44,"Currently married by age of woman (Percent)","Currently married by age of woman (Percent)","Estimates and Projections of Women of Reproductive Age Who Are Married or in a Union 2024",2024,"United Nations Population Division",324,"Guinea","GN","GIN",70,"2019",4,"Median",2,"Female",67,15,19,"15-19",100,"Married or in a union women",1,"Model-based Estimates",3,"Projection",27.4
44,"Currently married by age of woman (Percent)","Currently married by age of woman (Percent)","Estimates and Projections of Women of Reproductive Age Who Are Married or in a Union 2024",2024,"United Nations Population Division",324,"Guinea","GN","GIN",71,"2020",4,"Median",2,"Female",67,15,19,"15-19",100,"Married or in a union women",1,"Model-based Estimates",3,"Projection",26.67
44,"Currently married by age of woman (Percent)","Currently married by age of woman (Percent)","Estimates and Projections of Women of Reproductive Age Who Are Married or in a Union 2024",2024,"United Nations Population Division",324,"Guinea","GN","GIN",72,"2021",4,"Median",2,"Female",67,15,19,"15-19",100,"Married or in a union women",1,"Model-based Estimates",3,"Projection",25.94
44,"Currently married by age of woman (Percent)","Currently married by age of woman (Percent)","Estimates and Projections of Women of Reproductive Age Who Are Married or in a Union 2024",2024,"United Nations Population Division",324,"Guinea","GN","GIN",73,"2022",4,"Median",2,"Female",67,15,19,"15-19",100,"Married or in a union women",1,"Model-based Estimates",3,"Projection",25.21
44,"Currently married by age of woman (Percent)","Currently married by age of woman (Percent)","Estimates and Projections of Women of Reproductive Age Who Are Married or in a Union 2024",2024,"United Nations Population Division",384,"Côte d'Ivoire","CI","CIV",59,"2008",4,"Median",2,"Female",67,15,19,"15-19",100,"Married or in a union women",1,"Model-based Estimates",2,"Interpolation",19.64
44,"Currently married by age of woman (Percent)","Currently married by age of woman (Percent)","Estimates and Projections of Women of Reproductive Age Who Are Married or in a Union 2024",2024,"United Nations Population Division",384,"Côte d'Ivoire","CI","CIV",60,"2009",4,"Median",2,"Female",67,15,19,"15-19",100,"Married or in a union women",1,"Model-based Estimates",2,"Interpolation",19.21
44,"Currently married by age of woman (Percent)","Currently married by age of woman (Percent)","Estimates and Projections of Women of Reproductive Age Who Are Married or in a Union 2024",2024,"United Nations Population Division",384,"Côte d'Ivoire","CI","CIV",61,"2010",4,"Median",2,"Female",67,15,19,"15-19",100,"Married or in a union women",1,"Model-based Estimates",2,"Interpolation",18.79
44,"Currently married by age of woman (Percent)","Currently married by age of woman (Percent)","Estimates and Projections of Women of Reproductive Age Who Are Married or in a Union 2024",2024,"United Nations Population Division",384,"Côte d'Ivoire","CI","CIV",62,"2011",4,"Median",2,"Female",67,15,19,"15-19",100,"Married or in a union women",1,"Model-based Estimates",2,"Interpolation",18.36
44,"Currently married by age of woman (Percent)","Currently married by age of woman (Percent)","Estimates and Projections of Women of Reproductive Age Who Are Married or in a Union 2024",2024,"United Nations Population Division",384,"Côte d'Ivoire","CI","CIV",63,"2012",4,"Median",2,"Female",67,15,19,"15-19",100,"Married or in a union women",1,"Model-based Estimates",2,"Interpolation",17.93
44,"Currently married by age of woman (Percent)","Currently married by age of woman (Percent)","Estimates and Projections of Women of Reproductive Age Who Are Married or in a Union 2024",2024,"United Nations Population Division",384,"Côte d'Ivoire","CI","CIV",64,"2013",4,"Median",2,"Female",67,15,19,"15-19",100,"Married or in a union women",1,"Model-based Estimates",2,"Interpolation",17.51
44,"Currently married by age of woman (Percent)","Currently married by age of woman (Percent)","Estimates and Projections of Women of Reproductive Age Who Are Married or in a Union 2024",2024,"United Nations Population Division",384,"Côte d'Ivoire","CI","CIV",65,"2014",4,"Median",2,"Female",67,15,19,"15-19",100,"Married or in a union women",1,"Model-based Estimates",2,"Interpolation",17.08
44,"Currently married by age of woman (Percent)","Currently married by age of woman (Percent)","Estimates and Projections of Women of Reproductive Age Who Are Married or in a Union 2024",2024,"United Nations Population Division",384,"Côte d'Ivoire","CI","CIV",66,"2015",4,"Median",2,"Female",67,15,19,"15-19",100,"Married or in a union women",1,"Model-based Estimates",2,"Interpolation",16.66
44,"Currently married by age of woman (Percent)","Currently married by age of woman (Percent)","Estimates and Projections of Women of Reproductive Age Who Are Married or in a Union 2024",2024,"United Nations Population Division",384,"Côte d'Ivoire","CI","CIV",67,"2016",4,"Median",2,"Female",67,15,19,"15-19",100,"Married or in a union women",1,"Model-based Estimates",2,"Interpolation",16.23
44,"Currently married by age of woman (Percent)","Currently married by age of woman (Percent)","Estimates and Projections of Women of Reproductive Age Who Are Married or in a Union 2024",2024,"United Nations Population Division",384,"Côte d'Ivoire","CI","CIV",68,"2017",4,"Median",2,"Female",67,15,19,"15-19",100,"Married or in a union women",1,"Model-based Estimates",2,"Interpolation",15.8
44,"Currently married by age of woman (Percent)","Currently married by age of woman (Percent)","Estimates and Projections of Women of Reproductive Age Who Are Married or in a Union 2024",2024,"United Nations Population Division",384,"Côte d'Ivoire","CI","CIV",69,"2018",4,"Median",2,"Female",67,15,19,"15-19",100,"Married or in a union women",1,"Model-based Estimates",2,"Interpolation",15.38
44,"Currently married by age of woman (Percent)","Currently married by age of woman (Percent)","Estimates and Projections of Women of Reproductive Age Who Are Married or in a Union 2024",2024,"United Nations Population Division",384,"Côte d'Ivoire","CI","CIV",70,"2019",4,"Median",2,"Female",67,15,19,"15-19",100,"Married or in a union women",1,"Model-based Estimates",2,"Interpolation",14.95
44,"Currently married by age of woman (Percent)","Currently married by age of woman (Percent)","Estimates and Projections of Women of Reproductive Age Who Are Married or in a Union 2024",2024,"United Nations Population Division",384,"Côte d'Ivoire","CI","CIV",71,"2020",4,"Median",2,"Female",67,15,19,"15-19",100,"Married or in a union women",1,"Model-based Estimates",2,"Interpolation",14.53
44,"Currently married by age of woman (Percent)","Currently married by age of woman (Percent)","Estimates and Projections of Women of Reproductive Age Who Are Married or in a Union 2024",2024,"United Nations Population Division",384,"Côte d'Ivoire","CI","CIV",72,"2021",4,"Median",2,"Female",67,15,19,"15-19",100,"Married or in a union women",1,"Model-based Estimates",2,"Interpolation",14.1
44,"Currently married by age of woman (Percent)","Currently married by age of woman (Percent)","Estimates and Projections of Women of Reproductive Age Who Are Married or in a Union 2024",2024,"United Nations Population Division",384,"Côte d'Ivoire","CI","CIV",73,"2022",4,"Median",2,"Female",67,15,19,"15-19",100,"Married or in a union women",1,"Model-based Estimates",3,"Projection",13.76
44,"Currently married by age of woman (Percent)","Currently married by age of woman (Percent)","Estimates and Projections of Women of Reproductive Age Who Are Married or in a Union 2024",2024,"United Nations Population Division",404,"Kenya","KE","KEN",59,"2008",4,"Median",2,"Female",67,15,19,"15-19",100,"Married or in a union women",1,"Model-based Estimates",2,"Interpolation",12.1
44,"Currently married by age of woman (Percent)","Currently married by age of woman (Percent)","Estimates and Projections of Women of Reproductive Age Who Are Married or in a Union 2024",2024,"United Nations Population Division",404,"Kenya","KE","KEN",60,"2009",4,"Median",2,"Female",67,15,19,"15-19",100,"Married or in a union women",1,"Model-based Estimates",2,"Interpolation",11.78
44,"Currently married by age of woman (Percent)","Currently married by age of woman (Percent)","Estimates and Projections of Women of Reproductive Age Who Are Married or in a Union 2024",2024,"United Nations Population Division",404,"Kenya","KE","KEN",61,"2010",4,"Median",2,"Female",67,15,19,"15-19",100,"Married or in a union women",1,"Model-based Estimates",2,"Interpolation",11.46
44,"Currently married by age of woman (Percent)","Currently married by age of woman (Percent)","Estimates and Projections of Women of Reproductive Age Who Are Married or in a Union 2024",2024,"United Nations Population Division",404,"Kenya","KE","KEN",62,"2011",4,"Median",2,"Female",67,15,19,"15-19",100,"Married or in a union women",1,"Model-based Estimates",2,"Interpolation",11.14
44,"Currently married by age of woman (Percent)","Currently married by age of woman (Percent)","Estimates and Projections of Women of Reproductive Age Who Are Married or in a Union 2024",2024,"United Nations Population Division",404,"Kenya","KE","KEN",63,"2012",4,"Median",2,"Female",67,15,19,"15-19",100,"Married or in a union women",1,"Model-based Estimates",2,"Interpolation",10.81
44,"Currently married by age of woman (Percent)","Currently married by age of woman (Percent)","Estimates and Projections of Women of Reproductive Age Who Are Married or in a Union 2024",2024,"United Nations Population Division",404,"Kenya","KE","KEN",64,"2013",4,"Median",2,"Female",67,15,19,"15-19",100,"Married or in a union women",1,"Model-based Estimates",2,"Interpolation",10.49
44,"Currently married by age of woman (Percent)","Currently married by age of woman (Percent)","Estimates and Projections of Women of Reproductive Age Who Are Married or in a Union 2024",2024,"United Nations Population Division",404,"Kenya","KE","KEN",65,"2014",4,"Median",2,"Female",67,15,19,"15-19",100,"Married or in a union women",1,"Model-based Estimates",2,"Interpolation",10.17
44,"Currently married by age of woman (Percent)","Currently married by age of woman (Percent)","Estimates and Projections of Women of Reproductive Age Who Are Married or in a Union 2024",2024,"United Nations Population Division",404,"Kenya","KE","KEN",66,"2015",4,"Median",2,"Female",67,15,19,"15-19",100,"Married or in a union women",1,"Model-based Estimates",2,"Interpolation",9.85
44,"Currently married by age of woman (Percent)","Currently married by age of woman (Percent)","Estimates and Projections of Women of Reproductive Age Who Are Married or in a Union 2024",2024,"United Nations Population Division",404,"Kenya","KE","KEN",67,"2016",4,"Median",2,"Female",67,15,19,"15-19",100,"Married or in a union women",1,"Model-based Estimates",2,"Interpolation",9.53
44,"Currently married by age of woman (Percent)","Currently married by age of woman (Percent)","Estimates and Projections of Women of Reproductive Age Who Are Married or in a Union 2024",2024,"United Nations Population Division",404,"Kenya","KE","KEN",68,"2017",4,"Median",2,"Female",67,15,19,"15-19",100,"Married or in a union women",1,"Model-based Estimates",2,"Interpolation",9.21
44,"Currently married by age of woman (Percent)","Currently married by age of woman (Percent)","Estimates and Projections of Women of Reproductive Age Who Are Married or in a Union 2024",2024,"United Nations Population Division",404,"Kenya","KE","KEN",69,"2018",4,"Median",2,"Female",67,15,19,"15-19",100,"Married or in a union women",1,"Model-based Estimates",2,"Interpolation",8.89
44,"Currently married by age of woman (Percent)","Currently married by age of woman (Percent)","Estimates and Projections of Women of Reproductive Age Who Are Married or in a Union 2024",2024,"United Nations Population Division",404,"Kenya","KE","KEN",70,"2019",4,"Median",2,"Female",67,15,19,"15-19",100,"Married or in a union women",1,"Model-based Estimates",2,"Interpolation",8.56
44,"Currently married by age of woman (Percent)","Currently married by age of woman (Percent)","Estimates and Projections of Women of Reproductive Age Who Are Married or in a Union 2024",2024,"United Nations Population Division",404,"Kenya","KE","KEN",71,"2020",4,"Median",2,"Female",67,15,19,"15-19",100,"Married or in a union women",1,"Model-based Estimates",2,"Interpolation",8.24
44,"Currently married by age of woman (Percent)","Currently married by age of woman (Percent)","Estimates and Projections of Women of Reproductive Age Who Are Married or in a Union 2024",2024,"United Nations Population Division",404,"Kenya","KE","KEN",72,"2021",4,"Median",2,"Female",67,15,19,"15-19",100,"Married or in a union women",1,"Model-based Estimates",2,"Interpolation",7.92
44,"Currently married by age of woman (Percent)","Currently married by age of woman (Percent)","Estimates and Projections of Women of Reproductive Age Who Are Married or in a Union 2024",2024,"United Nations Population Division",404,"Kenya","KE","KEN",73,"2022",4,"Median",2,"Female",67,15,19,"15-19",100,"Married or in a union women",1,"Model-based Estimates",2,"Interpolation",7.6
44,"Currently married by age of woman (Percent)","Currently married by age of woman (Percent)","Estimates and Projections of Women of Reproductive Age Who Are Married or in a Union 2024",2024,"United Nations Population Division",426,"Lesotho","LS","LSO",59,"2008",4,"Median",2,"Female",67,15,19,"15-19",100,"Married or in a union women",1,"Model-based Estimates",2,"Interpolation",16.69
44,"Currently married by age of woman (Percent)","Currently married by age of woman (Percent)","Estimates and Projections of Women of Reproductive Age Who Are Married or in a Union 2024",2024,"United Nations Population Division",426,"Lesotho","LS","LSO",60,"2009",4,"Median",2,"Female",67,15,19,"15-19",100,"Married or in a union women",1,"Model-based Estimates",2,"Interpolation",16.3
44,"Currently married by age of woman (Percent)","Currently married by age of woman (Percent)","Estimates and Projections of Women of Reproductive Age Who Are Married or in a Union 2024",2024,"United Nations Population Division",426,"Lesotho","LS","LSO",61,"2010",4,"Median",2,"Female",67,15,19,"15-19",100,"Married or in a union women",1,"Model-based Estimates",2,"Interpolation",15.74
44,"Currently married by age of woman (Percent)","Currently married by age of woman (Percent)","Estimates and Projections of Women of Reproductive Age Who Are Married or in a Union 2024",2024,"United Nations Population Division",426,"Lesotho","LS","LSO",62,"2011",4,"Median",2,"Female",67,15,19,"15-19",100,"Married or in a union women",1,"Model-based Estimates",2,"Interpolation",15.18
44,"Currently married by age of woman (Percent)","Currently married by age of woman (Percent)","Estimates and Projections of Women of Reproductive Age Who Are Married or in a Union 2024",2024,"United Nations Population Division",426,"Lesotho","LS","LSO",63,"2012",4,"Median",2,"Female",67,15,19,"15-19",100,"Married or in a union women",1,"Model-based Estimates",2,"Interpolation",14.63
44,"Currently married by age of woman (Percent)","Currently married by age of woman (Percent)","Estimates and Projections of Women of Reproductive Age Who Are Married or in a Union 2024",2024,"United Nations Population Division",426,"Lesotho","LS","LSO",64,"2013",4,"Median",2,"Female",67,15,19,"15-19",100,"Married or in a union women",1,"Model-based Estimates",2,"Interpolation",14.07
44,"Currently married by age of woman (Percent)","Currently married by age of woman (Percent)","Estimates and Projections of Women of Reproductive Age Who Are Married or in a Union 2024",2024,"United Nations Population Division",426,"Lesotho","LS","LSO",65,"2014",4,"Median",2,"Female",67,15,19,"15-19",100,"Married or in a union women",1,"Model-based Estimates",2,"Interpolation",13.51
44,"Currently married by age of woman (Percent)","Currently married by age of woman (Percent)","Estimates and Projections of Women of Reproductive Age Who Are Married or in a Union 2024",2024,"United Nations Population Division",426,"Lesotho","LS","LSO",66,"2015",4,"Median",2,"Female",67,15,19,"15-19",100,"Married or in a union women",1,"Model-based Estimates",2,"Interpolation",12.95
44,"Currently married by age of woman (Percent)","Currently married by age of woman (Percent)","Estimates and Projections of Women of Reproductive Age Who Are Married or in a Union 2024",2024,"United Nations Population Division",426,"Lesotho","LS","LSO",67,"2016",4,"Median",2,"Female",67,15,19,"15-19",100,"Married or in a union women",1,"Model-based Estimates",2,"Interpolation",12.39
44,"Currently married by age of woman (Percent)","Currently married by age of woman (Percent)","Estimates and Projections of Women of Reproductive Age Who Are Married or in a Union 2024",2024,"United Nations Population Division",426,"Lesotho","LS","LSO",68,"2017",4,"Median",2,"Female",67,15,19,"15-19",100,"Married or in a union women",1,"Model-based Estimates",2,"Interpolation",11.83
44,"Currently married by age of woman (Percent)","Currently married by age of woman (Percent)","Estimates and Projections of Women of Reproductive Age Who Are Married or in a Union 2024",2024,"United Nations Population Division",426,"Lesotho","LS","LSO",69,"2018",4,"Median",2,"Female",67,15,19,"15-19",100,"Married or in a union women",1,"Model-based Estimates",2,"Interpolation",11.27
44,"Currently married by age of woman (Percent)","Currently married by age of woman (Percent)","Estimates and Projections of Women of Reproductive Age Who Are Married or in a Union 2024",2024,"United Nations Population Division",426,"Lesotho","LS","LSO",70,"2019",4,"Median",2,"Female",67,15,19,"15-19",100,"Married or in a union women",1,"Model-based Estimates",2,"Interpolation",10.72
44,"Currently married by age of woman (Percent)","Currently married by age of woman (Percent)","Estimates and Projections of Women of Reproductive Age Who Are Married or in a Union 2024",2024,"United Nations Population Division",426,"Lesotho","LS","LSO",71,"2020",4,"Median",2,"Female",67,15,19,"15-19",100,"Married or in a union women",1,"Model-based Estimates",2,"Interpolation",10.16
44,"Currently married by age of woman (Percent)","Currently married by age of woman (Percent)","Estimates and Projections of Women of Reproductive Age Who Are Married or in a Union 2024",2024,"United Nations Population Division",426,"Lesotho","LS","LSO",72,"2021",4,"Median",2,"Female",67,15,19,"15-19",100,"Married or in a union women",1,"Model-based Estimates",2,"Interpolation",9.6
44,"Currently married by age of woman (Percent)","Currently married by age of woman (Percent)","Estimates and Projections of Women of Reproductive Age Who Are Married or in a Union 2024",2024,"United Nations Population Division",426,"Lesotho","LS","LSO",73,"2022",4,"Median",2,"Female",67,15,19,"15-19",100,"Married or in a union women",1,"Model-based Estimates",3,"Projection",9.18
44,"Currently married by age of woman (Percent)","Currently married by age of woman (Percent)","Estimates and Projections of Women of Reproductive Age Who Are Married or in a Union 2024",2024,"United Nations Population Division",430,"Liberia","LR","LBR",59,"2008",4,"Median",2,"Female",67,15,19,"15-19",100,"Married or in a union women",1,"Model-based Estimates",2,"Interpolation",19.41
44,"Currently married by age of woman (Percent)","Currently married by age of woman (Percent)","Estimates and Projections of Women of Reproductive Age Who Are Married or in a Union 2024",2024,"United Nations Population Division",430,"Liberia","LR","LBR",60,"2009",4,"Median",2,"Female",67,15,19,"15-19",100,"Married or in a union women",1,"Model-based Estimates",2,"Interpolation",18.82
44,"Currently married by age of woman (Percent)","Currently married by age of woman (Percent)","Estimates and Projections of Women of Reproductive Age Who Are Married or in a Union 2024",2024,"United Nations Population Division",430,"Liberia","LR","LBR",61,"2010",4,"Median",2,"Female",67,15,19,"15-19",100,"Married or in a union women",1,"Model-based Estimates",2,"Interpolation",18.23
44,"Currently married by age of woman (Percent)","Currently married by age of woman (Percent)","Estimates and Projections of Women of Reproductive Age Who Are Married or in a Union 2024",2024,"United Nations Population Division",430,"Liberia","LR","LBR",62,"2011",4,"Median",2,"Female",67,15,19,"15-19",100,"Married or in a union women",1,"Model-based Estimates",2,"Interpolation",17.64
44,"Currently married by age of woman (Percent)","Currently married by age of woman (Percent)","Estimates and Projections of Women of Reproductive Age Who Are Married or in a Union 2024",2024,"United Nations Population Division",430,"Liberia","LR","LBR",63,"2012",4,"Median",2,"Female",67,15,19,"15-19",100,"Married or in a union women",1,"Model-based Estimates",2,"Interpolation",17.05
44,"Currently married by age of woman (Percent)","Currently married by age of woman (Percent)","Estimates and Projections of Women of Reproductive Age Who Are Married or in a Union 2024",2024,"United Nations Population Division",430,"Liberia","LR","LBR",64,"2013",4,"Median",2,"Female",67,15,19,"15-19",100,"Married or in a union women",1,"Model-based Estimates",2,"Interpolation",16.46
44,"Currently married by age of woman (Percent)","Currently married by age of woman (Percent)","Estimates and Projections of Women of Reproductive Age Who Are Married or in a Union 2024",2024,"United Nations Population Division",430,"Liberia","LR","LBR",65,"2014",4,"Median",2,"Female",67,15,19,"15-19",100,"Married or in a union women",1,"Model-based Estimates",2,"Interpolation",15.87
44,"Currently married by age of woman (Percent)","Currently married by age of woman (Percent)","Estimates and Projections of Women of Reproductive Age Who Are Married or in a Union 2024",2024,"United Nations Population Division",430,"Liberia","LR","LBR",66,"2015",4,"Median",2,"Female",67,15,19,"15-19",100,"Married or in a union women",1,"Model-based Estimates",2,"Interpolation",15.28
44,"Currently married by age of woman (Percent)","Currently married by age of woman (Percent)","Estimates and Projections of Women of Reproductive Age Who Are Married or in a Union 2024",2024,"United Nations Population Division",430,"Liberia","LR","LBR",67,"2016",4,"Median",2,"Female",67,15,19,"15-19",100,"Married or in a union women",1,"Model-based Estimates",2,"Interpolation",14.69
44,"Currently married by age of woman (Percent)","Currently married by age of woman (Percent)","Estimates and Projections of Women of Reproductive Age Who Are Married or in a Union 2024",2024,"United Nations Population Division",430,"Liberia","LR","LBR",68,"2017",4,"Median",2,"Female",67,15,19,"15-19",100,"Married or in a union women",1,"Model-based Estimates",2,"Interpolation",14.1
44,"Currently married by age of woman (Percent)","Currently married by age of woman (Percent)","Estimates and Projections of Women of Reproductive Age Who Are Married or in a Union 2024",2024,"United Nations Population Division",430,"Liberia","LR","LBR",69,"2018",4,"Median",2,"Female",67,15,19,"15-19",100,"Married or in a union women",1,"Model-based Estimates",2,"Interpolation",13.51
44,"Currently married by age of woman (Percent)","Currently married by age of woman (Percent)","Estimates and Projections of Women of Reproductive Age Who Are Married or in a Union 2024",2024,"United Nations Population Division",430,"Liberia","LR","LBR",70,"2019",4,"Median",2,"Female",67,15,19,"15-19",100,"Married or in a union women",1,"Model-based Estimates",2,"Interpolation",12.92
44,"Currently married by age of woman (Percent)","Currently married by age of woman (Percent)","Estimates and Projections of Women of Reproductive Age Who Are Married or in a Union 2024",2024,"United Nations Population Division",430,"Liberia","LR","LBR",71,"2020",4,"Median",2,"Female",67,15,19,"15-19",100,"Married or in a union women",1,"Model-based Estimates",2,"Interpolation",12.33
44,"Currently married by age of woman (Percent)","Currently married by age of woman (Percent)","Estimates and Projections of Women of Reproductive Age Who Are Married or in a Union 2024",2024,"United Nations Population Division",430,"Liberia","LR","LBR",72,"2021",4,"Median",2,"Female",67,15,19,"15-19",100,"Married or in a union women",1,"Model-based Estimates",3,"Projection",11.86
44,"Currently married by age of woman (Percent)","Currently married by age of woman (Percent)","Estimates and Projections of Women of Reproductive Age Who Are Married or in a Union 2024",2024,"United Nations Population Division",430,"Liberia","LR","LBR",73,"2022",4,"Median",2,"Female",67,15,19,"15-19",100,"Married or in a union women",1,"Model-based Estimates",3,"Projection",11.42
44,"Currently married by age of woman (Percent)","Currently married by age of woman (Percent)","Estimates and Projections of Women of Reproductive Age Who Are Married or in a Union 2024",2024,"United Nations Population Division",434,"Libya","LY","LBY",59,"2008",4,"Median",2,"Female",67,15,19,"15-19",100,"Married or in a union women",1,"Model-based Estimates",2,"Interpolation",3.09
44,"Currently married by age of woman (Percent)","Currently married by age of woman (Percent)","Estimates and Projections of Women of Reproductive Age Who Are Married or in a Union 2024",2024,"United Nations Population Division",434,"Libya","LY","LBY",60,"2009",4,"Median",2,"Female",67,15,19,"15-19",100,"Married or in a union women",1,"Model-based Estimates",2,"Interpolation",2.86
44,"Currently married by age of woman (Percent)","Currently married by age of woman (Percent)","Estimates and Projections of Women of Reproductive Age Who Are Married or in a Union 2024",2024,"United Nations Population Division",434,"Libya","LY","LBY",61,"2010",4,"Median",2,"Female",67,15,19,"15-19",100,"Married or in a union women",1,"Model-based Estimates",2,"Interpolation",2.63
44,"Currently married by age of woman (Percent)","Currently married by age of woman (Percent)","Estimates and Projections of Women of Reproductive Age Who Are Married or in a Union 2024",2024,"United Nations Population Division",434,"Libya","LY","LBY",62,"2011",4,"Median",2,"Female",67,15,19,"15-19",100,"Married or in a union women",1,"Model-based Estimates",2,"Interpolation",2.4
44,"Currently married by age of woman (Percent)","Currently married by age of woman (Percent)","Estimates and Projections of Women of Reproductive Age Who Are Married or in a Union 2024",2024,"United Nations Population Division",434,"Libya","LY","LBY",63,"2012",4,"Median",2,"Female",67,15,19,"15-19",100,"Married or in a union women",1,"Model-based Estimates",2,"Interpolation",2.16
44,"Currently married by age of woman (Percent)","Currently married by age of woman (Percent)","Estimates and Projections of Women of Reproductive Age Who Are Married or in a Union 2024",2024,"United Nations Population Division",434,"Libya","LY","LBY",64,"2013",4,"Median",2,"Female",67,15,19,"15-19",100,"Married or in a union women",1,"Model-based Estimates",2,"Interpolation",1.93
44,"Currently married by age of woman (Percent)","Currently married by age of woman (Percent)","Estimates and Projections of Women of Reproductive Age Who Are Married or in a Union 2024",2024,"United Nations Population Division",434,"Libya","LY","LBY",65,"2014",4,"Median",2,"Female",67,15,19,"15-19",100,"Married or in a union women",1,"Model-based Estimates",2,"Interpolation",1.7
44,"Currently married by age of woman (Percent)","Currently married by age of woman (Percent)","Estimates and Projections of Women of Reproductive Age Who Are Married or in a Union 2024",2024,"United Nations Population Division",434,"Libya","LY","LBY",66,"2015",4,"Median",2,"Female",67,15,19,"15-19",100,"Married or in a union women",1,"Model-based Estimates",3,"Projection",1.61
44,"Currently married by age of woman (Percent)","Currently married by age of woman (Percent)","Estimates and Projections of Women of Reproductive Age Who Are Married or in a Union 2024",2024,"United Nations Population Division",434,"Libya","LY","LBY",67,"2016",4,"Median",2,"Female",67,15,19,"15-19",100,"Married or in a union women",1,"Model-based Estimates",3,"Projection",1.53
44,"Currently married by age of woman (Percent)","Currently married by age of woman (Percent)","Estimates and Projections of Women of Reproductive Age Who Are Married or in a Union 2024",2024,"United Nations Population Division",434,"Libya","LY","LBY",68,"2017",4,"Median",2,"Female",67,15,19,"15-19",100,"Married or in a union women",1,"Model-based Estimates",3,"Projection",1.46
44,"Currently married by age of woman (Percent)","Currently married by age of woman (Percent)","Estimates and Projections of Women of Reproductive Age Who Are Married or in a Union 2024",2024,"United Nations Population Division",434,"Libya","LY","LBY",69,"2018",4,"Median",2,"Female",67,15,19,"15-19",100,"Married or in a union women",1,"Model-based Estimates",3,"Projection",1.4
44,"Currently married by age of woman (Percent)","Currently married by age of woman (Percent)","Estimates and Projections of Women of Reproductive Age Who Are Married or in a Union 2024",2024,"United Nations Population Division",434,"Libya","LY","LBY",70,"2019",4,"Median",2,"Female",67,15,19,"15-19",100,"Married or in a union women",1,"Model-based Estimates",3,"Projection",1.34
44,"Currently married by age of woman (Percent)","Currently married by age of woman (Percent)","Estimates and Projections of Women of Reproductive Age Who Are Married or in a Union 2024",2024,"United Nations Population Division",434,"Libya","LY","LBY",71,"2020",4,"Median",2,"Female",67,15,19,"15-19",100,"Married or in a union women",1,"Model-based Estimates",3,"Projection",1.29
44,"Currently married by age of woman (Percent)","Currently married by age of woman (Percent)","Estimates and Projections of Women of Reproductive Age Who Are Married or in a Union 2024",2024,"United Nations Population Division",434,"Libya","LY","LBY",72,"2021",4,"Median",2,"Female",67,15,19,"15-19",100,"Married or in a union women",1,"Model-based Estimates",3,"Projection",1.25
44,"Currently married by age of woman (Percent)","Currently married by age of woman (Percent)","Estimates and Projections of Women of Reproductive Age Who Are Married or in a Union 2024",2024,"United Nations Population Division",434,"Libya","LY","LBY",73,"2022",4,"Median",2,"Female",67,15,19,"15-19",100,"Married or in a union women",1,"Model-based Estimates",3,"Projection",1.21
44,"Currently married by age of woman (Percent)","Currently married by age of woman (Percent)","Estimates and Projections of Women of Reproductive Age Who Are Married or in a Union 2024",2024,"United Nations Population Division",450,"Madagascar","MG","MDG",59,"2008",4,"Median",2,"Female",67,15,19,"15-19",100,"Married or in a union women",1,"Model-based Estimates",2,"Interpolation",33.7
44,"Currently married by age of woman (Percent)","Currently married by age of woman (Percent)","Estimates and Projections of Women of Reproductive Age Who Are Married or in a Union 2024",2024,"United Nations Population Division",450,"Madagascar","MG","MDG",60,"2009",4,"Median",2,"Female",67,15,19,"15-19",100,"Married or in a union women",1,"Model-based Estimates",2,"Interpolation",32.95
44,"Currently married by age of woman (Percent)","Currently married by age of woman (Percent)","Estimates and Projections of Women of Reproductive Age Who Are Married or in a Union 2024",2024,"United Nations Population Division",450,"Madagascar","MG","MDG",61,"2010",4,"Median",2,"Female",67,15,19,"15-19",100,"Married or in a union women",1,"Model-based Estimates",2,"Interpolation",32.21
44,"Currently married by age of woman (Percent)","Currently married by age of woman (Percent)","Estimates and Projections of Women of Reproductive Age Who Are Married or in a Union 2024",2024,"United Nations Population Division",450,"Madagascar","MG","MDG",62,"2011",4,"Median",2,"Female",67,15,19,"15-19",100,"Married or in a union women",1,"Model-based Estimates",2,"Interpolation",31.46
44,"Currently married by age of woman (Percent)","Currently married by age of woman (Percent)","Estimates and Projections of Women of Reproductive Age Who Are Married or in a Union 2024",2024,"United Nations Population Division",450,"Madagascar","MG","MDG",63,"2012",4,"Median",2,"Female",67,15,19,"15-19",100,"Married or in a union women",1,"Model-based Estimates",2,"Interpolation",30.72
44,"Currently married by age of woman (Percent)","Currently married by age of woman (Percent)","Estimates and Projections of Women of Reproductive Age Who Are Married or in a Union 2024",2024,"United Nations Population Division",450,"Madagascar","MG","MDG",64,"2013",4,"Median",2,"Female",67,15,19,"15-19",100,"Married or in a union women",1,"Model-based Estimates",2,"Interpolation",29.97
44,"Currently married by age of woman (Percent)","Currently married by age of woman (Percent)","Estimates and Projections of Women of Reproductive Age Who Are Married or in a Union 2024",2024,"United Nations Population Division",450,"Madagascar","MG","MDG",65,"2014",4,"Median",2,"Female",67,15,19,"15-19",100,"Married or in a union women",1,"Model-based Estimates",2,"Interpolation",29.22
44,"Currently married by age of woman (Percent)","Currently married by age of woman (Percent)","Estimates and Projections of Women of Reproductive Age Who Are Married or in a Union 2024",2024,"United Nations Population Division",450,"Madagascar","MG","MDG",66,"2015",4,"Median",2,"Female",67,15,19,"15-19",100,"Married or in a union women",1,"Model-based Estimates",2,"Interpolation",28.48
44,"Currently married by age of woman (Percent)","Currently married by age of woman (Percent)","Estimates and Projections of Women of Reproductive Age Who Are Married or in a Union 2024",2024,"United Nations Population Division",450,"Madagascar","MG","MDG",67,"2016",4,"Median",2,"Female",67,15,19,"15-19",100,"Married or in a union women",1,"Model-based Estimates",2,"Interpolation",27.73
44,"Currently married by age of woman (Percent)","Currently married by age of woman (Percent)","Estimates and Projections of Women of Reproductive Age Who Are Married or in a Union 2024",2024,"United Nations Population Division",450,"Madagascar","MG","MDG",68,"2017",4,"Median",2,"Female",67,15,19,"15-19",100,"Married or in a union women",1,"Model-based Estimates",2,"Interpolation",26.98
44,"Currently married by age of woman (Percent)","Currently married by age of woman (Percent)","Estimates and Projections of Women of Reproductive Age Who Are Married or in a Union 2024",2024,"United Nations Population Division",450,"Madagascar","MG","MDG",69,"2018",4,"Median",2,"Female",67,15,19,"15-19",100,"Married or in a union women",1,"Model-based Estimates",2,"Interpolation",26.24
44,"Currently married by age of woman (Percent)","Currently married by age of woman (Percent)","Estimates and Projections of Women of Reproductive Age Who Are Married or in a Union 2024",2024,"United Nations Population Division",450,"Madagascar","MG","MDG",70,"2019",4,"Median",2,"Female",67,15,19,"15-19",100,"Married or in a union women",1,"Model-based Estimates",2,"Interpolation",25.49
44,"Currently married by age of woman (Percent)","Currently married by age of woman (Percent)","Estimates and Projections of Women of Reproductive Age Who Are Married or in a Union 2024",2024,"United Nations Population Division",450,"Madagascar","MG","MDG",71,"2020",4,"Median",2,"Female",67,15,19,"15-19",100,"Married or in a union women",1,"Model-based Estimates",2,"Interpolation",24.75
44,"Currently married by age of woman (Percent)","Currently married by age of woman (Percent)","Estimates and Projections of Women of Reproductive Age Who Are Married or in a Union 2024",2024,"United Nations Population Division",450,"Madagascar","MG","MDG",72,"2021",4,"Median",2,"Female",67,15,19,"15-19",100,"Married or in a union women",1,"Model-based Estimates",2,"Interpolation",24
44,"Currently married by age of woman (Percent)","Currently married by age of woman (Percent)","Estimates and Projections of Women of Reproductive Age Who Are Married or in a Union 2024",2024,"United Nations Population Division",450,"Madagascar","MG","MDG",73,"2022",4,"Median",2,"Female",67,15,19,"15-19",100,"Married or in a union women",1,"Model-based Estimates",3,"Projection",23.33
44,"Currently married by age of woman (Percent)","Currently married by age of woman (Percent)","Estimates and Projections of Women of Reproductive Age Who Are Married or in a Union 2024",2024,"United Nations Population Division",454,"Malawi","MW","MWI",59,"2008",4,"Median",2,"Female",67,15,19,"15-19",100,"Married or in a union women",1,"Model-based Estimates",2,"Interpolation",24.81
44,"Currently married by age of woman (Percent)","Currently married by age of woman (Percent)","Estimates and Projections of Women of Reproductive Age Who Are Married or in a Union 2024",2024,"United Nations Population Division",454,"Malawi","MW","MWI",60,"2009",4,"Median",2,"Female",67,15,19,"15-19",100,"Married or in a union women",1,"Model-based Estimates",2,"Interpolation",24.1
44,"Currently married by age of woman (Percent)","Currently married by age of woman (Percent)","Estimates and Projections of Women of Reproductive Age Who Are Married or in a Union 2024",2024,"United Nations Population Division",454,"Malawi","MW","MWI",61,"2010",4,"Median",2,"Female",67,15,19,"15-19",100,"Married or in a union women",1,"Model-based Estimates",2,"Interpolation",23.4
44,"Currently married by age of woman (Percent)","Currently married by age of woman (Percent)","Estimates and Projections of Women of Reproductive Age Who Are Married or in a Union 2024",2024,"United Nations Population Division",454,"Malawi","MW","MWI",62,"2011",4,"Median",2,"Female",67,15,19,"15-19",100,"Married or in a union women",1,"Model-based Estimates",2,"Interpolation",23.15
44,"Currently married by age of woman (Percent)","Currently married by age of woman (Percent)","Estimates and Projections of Women of Reproductive Age Who Are Married or in a Union 2024",2024,"United Nations Population Division",454,"Malawi","MW","MWI",63,"2012",4,"Median",2,"Female",67,15,19,"15-19",100,"Married or in a union women",1,"Model-based Estimates",2,"Interpolation",22.9
44,"Currently married by age of woman (Percent)","Currently married by age of woman (Percent)","Estimates and Projections of Women of Reproductive Age Who Are Married or in a Union 2024",2024,"United Nations Population Division",454,"Malawi","MW","MWI",64,"2013",4,"Median",2,"Female",67,15,19,"15-19",100,"Married or in a union women",1,"Model-based Estimates",2,"Interpolation",22.65
44,"Currently married by age of woman (Percent)","Currently married by age of woman (Percent)","Estimates and Projections of Women of Reproductive Age Who Are Married or in a Union 2024",2024,"United Nations Population Division",454,"Malawi","MW","MWI",65,"2014",4,"Median",2,"Female",67,15,19,"15-19",100,"Married or in a union women",1,"Model-based Estimates",2,"Interpolation",22.4
44,"Currently married by age of woman (Percent)","Currently married by age of woman (Percent)","Estimates and Projections of Women of Reproductive Age Who Are Married or in a Union 2024",2024,"United Nations Population Division",454,"Malawi","MW","MWI",66,"2015",4,"Median",2,"Female",67,15,19,"15-19",100,"Married or in a union women",1,"Model-based Estimates",2,"Interpolation",22.14
44,"Currently married by age of woman (Percent)","Currently married by age of woman (Percent)","Estimates and Projections of Women of Reproductive Age Who Are Married or in a Union 2024",2024,"United Nations Population Division",454,"Malawi","MW","MWI",67,"2016",4,"Median",2,"Female",67,15,19,"15-19",100,"Married or in a union women",1,"Model-based Estimates",2,"Interpolation",21.89
44,"Currently married by age of woman (Percent)","Currently married by age of woman (Percent)","Estimates and Projections of Women of Reproductive Age Who Are Married or in a Union 2024",2024,"United Nations Population Division",454,"Malawi","MW","MWI",68,"2017",4,"Median",2,"Female",67,15,19,"15-19",100,"Married or in a union women",1,"Model-based Estimates",2,"Interpolation",21.64
44,"Currently married by age of woman (Percent)","Currently married by age of woman (Percent)","Estimates and Projections of Women of Reproductive Age Who Are Married or in a Union 2024",2024,"United Nations Population Division",454,"Malawi","MW","MWI",69,"2018",4,"Median",2,"Female",67,15,19,"15-19",100,"Married or in a union women",1,"Model-based Estimates",2,"Interpolation",21.39
44,"Currently married by age of woman (Percent)","Currently married by age of woman (Percent)","Estimates and Projections of Women of Reproductive Age Who Are Married or in a Union 2024",2024,"United Nations Population Division",454,"Malawi","MW","MWI",70,"2019",4,"Median",2,"Female",67,15,19,"15-19",100,"Married or in a union women",1,"Model-based Estimates",2,"Interpolation",21.14
44,"Currently married by age of woman (Percent)","Currently married by age of woman (Percent)","Estimates and Projections of Women of Reproductive Age Who Are Married or in a Union 2024",2024,"United Nations Population Division",454,"Malawi","MW","MWI",71,"2020",4,"Median",2,"Female",67,15,19,"15-19",100,"Married or in a union women",1,"Model-based Estimates",2,"Interpolation",20.89
44,"Currently married by age of woman (Percent)","Currently married by age of woman (Percent)","Estimates and Projections of Women of Reproductive Age Who Are Married or in a Union 2024",2024,"United Nations Population Division",454,"Malawi","MW","MWI",72,"2021",4,"Median",2,"Female",67,15,19,"15-19",100,"Married or in a union women",1,"Model-based Estimates",3,"Projection",20.64
44,"Currently married by age of woman (Percent)","Currently married by age of woman (Percent)","Estimates and Projections of Women of Reproductive Age Who Are Married or in a Union 2024",2024,"United Nations Population Division",454,"Malawi","MW","MWI",73,"2022",4,"Median",2,"Female",67,15,19,"15-19",100,"Married or in a union women",1,"Model-based Estimates",3,"Projection",20.37
44,"Currently married by age of woman (Percent)","Currently married by age of woman (Percent)","Estimates and Projections of Women of Reproductive Age Who Are Married or in a Union 2024",2024,"United Nations Population Division",466,"Mali","ML","MLI",59,"2008",4,"Median",2,"Female",67,15,19,"15-19",100,"Married or in a union women",1,"Model-based Estimates",2,"Interpolation",44.11
44,"Currently married by age of woman (Percent)","Currently married by age of woman (Percent)","Estimates and Projections of Women of Reproductive Age Who Are Married or in a Union 2024",2024,"United Nations Population Division",466,"Mali","ML","MLI",60,"2009",4,"Median",2,"Female",67,15,19,"15-19",100,"Married or in a union women",1,"Model-based Estimates",2,"Interpolation",43.92
44,"Currently married by age of woman (Percent)","Currently married by age of woman (Percent)","Estimates and Projections of Women of Reproductive Age Who Are Married or in a Union 2024",2024,"United Nations Population Division",466,"Mali","ML","MLI",61,"2010",4,"Median",2,"Female",67,15,19,"15-19",100,"Married or in a union women",1,"Model-based Estimates",2,"Interpolation",43.73
44,"Currently married by age of woman (Percent)","Currently married by age of woman (Percent)","Estimates and Projections of Women of Reproductive Age Who Are Married or in a Union 2024",2024,"United Nations Population Division",466,"Mali","ML","MLI",62,"2011",4,"Median",2,"Female",67,15,19,"15-19",100,"Married or in a union women",1,"Model-based Estimates",2,"Interpolation",43.54
44,"Currently married by age of woman (Percent)","Currently married by age of woman (Percent)","Estimates and Projections of Women of Reproductive Age Who Are Married or in a Union 2024",2024,"United Nations Population Division",466,"Mali","ML","MLI",63,"2012",4,"Median",2,"Female",67,15,19,"15-19",100,"Married or in a union women",1,"Model-based Estimates",2,"Interpolation",43.35
44,"Currently married by age of woman (Percent)","Currently married by age of woman (Percent)","Estimates and Projections of Women of Reproductive Age Who Are Married or in a Union 2024",2024,"United Nations Population Division",466,"Mali","ML","MLI",64,"2013",4,"Median",2,"Female",67,15,19,"15-19",100,"Married or in a union women",1,"Model-based Estimates",2,"Interpolation",43.16
44,"Currently married by age of woman (Percent)","Currently married by age of woman (Percent)","Estimates and Projections of Women of Reproductive Age Who Are Married or in a Union 2024",2024,"United Nations Population Division",466,"Mali","ML","MLI",65,"2014",4,"Median",2,"Female",67,15,19,"15-19",100,"Married or in a union women",1,"Model-based Estimates",2,"Interpolation",42.96
44,"Currently married by age of woman (Percent)","Currently married by age of woman (Percent)","Estimates and Projections of Women of Reproductive Age Who Are Married or in a Union 2024",2024,"United Nations Population Division",466,"Mali","ML","MLI",66,"2015",4,"Median",2,"Female",67,15,19,"15-19",100,"Married or in a union women",1,"Model-based Estimates",2,"Interpolation",42.77
44,"Currently married by age of woman (Percent)","Currently married by age of woman (Percent)","Estimates and Projections of Women of Reproductive Age Who Are Married or in a Union 2024",2024,"United Nations Population Division",466,"Mali","ML","MLI",67,"2016",4,"Median",2,"Female",67,15,19,"15-19",100,"Married or in a union women",1,"Model-based Estimates",2,"Interpolation",42.58
44,"Currently married by age of woman (Percent)","Currently married by age of woman (Percent)","Estimates and Projections of Women of Reproductive Age Who Are Married or in a Union 2024",2024,"United Nations Population Division",466,"Mali","ML","MLI",68,"2017",4,"Median",2,"Female",67,15,19,"15-19",100,"Married or in a union women",1,"Model-based Estimates",2,"Interpolation",42.39
44,"Currently married by age of woman (Percent)","Currently married by age of woman (Percent)","Estimates and Projections of Women of Reproductive Age Who Are Married or in a Union 2024",2024,"United Nations Population Division",466,"Mali","ML","MLI",69,"2018",4,"Median",2,"Female",67,15,19,"15-19",100,"Married or in a union women",1,"Model-based Estimates",2,"Interpolation",42.2
44,"Currently married by age of woman (Percent)","Currently married by age of woman (Percent)","Estimates and Projections of Women of Reproductive Age Who Are Married or in a Union 2024",2024,"United Nations Population Division",466,"Mali","ML","MLI",70,"2019",4,"Median",2,"Female",67,15,19,"15-19",100,"Married or in a union women",1,"Model-based Estimates",3,"Projection",41.98
44,"Currently married by age of woman (Percent)","Currently married by age of woman (Percent)","Estimates and Projections of Women of Reproductive Age Who Are Married or in a Union 2024",2024,"United Nations Population Division",466,"Mali","ML","MLI",71,"2020",4,"Median",2,"Female",67,15,19,"15-19",100,"Married or in a union women",1,"Model-based Estimates",3,"Projection",41.7
44,"Currently married by age of woman (Percent)","Currently married by age of woman (Percent)","Estimates and Projections of Women of Reproductive Age Who Are Married or in a Union 2024",2024,"United Nations Population Division",466,"Mali","ML","MLI",72,"2021",4,"Median",2,"Female",67,15,19,"15-19",100,"Married or in a union women",1,"Model-based Estimates",3,"Projection",41.35
44,"Currently married by age of woman (Percent)","Currently married by age of woman (Percent)","Estimates and Projections of Women of Reproductive Age Who Are Married or in a Union 2024",2024,"United Nations Population Division",466,"Mali","ML","MLI",73,"2022",4,"Median",2,"Female",67,15,19,"15-19",100,"Married or in a union women",1,"Model-based Estimates",3,"Projection",40.94
44,"Currently married by age of woman (Percent)","Currently married by age of woman (Percent)","Estimates and Projections of Women of Reproductive Age Who Are Married or in a Union 2024",2024,"United Nations Population Division",478,"Mauritania","MR","MRT",59,"2008",4,"Median",2,"Female",67,15,19,"15-19",100,"Married or in a union women",1,"Model-based Estimates",2,"Interpolation",33.05
44,"Currently married by age of woman (Percent)","Currently married by age of woman (Percent)","Estimates and Projections of Women of Reproductive Age Who Are Married or in a Union 2024",2024,"United Nations Population Division",478,"Mauritania","MR","MRT",60,"2009",4,"Median",2,"Female",67,15,19,"15-19",100,"Married or in a union women",1,"Model-based Estimates",2,"Interpolation",32.93
44,"Currently married by age of woman (Percent)","Currently married by age of woman (Percent)","Estimates and Projections of Women of Reproductive Age Who Are Married or in a Union 2024",2024,"United Nations Population Division",478,"Mauritania","MR","MRT",61,"2010",4,"Median",2,"Female",67,15,19,"15-19",100,"Married or in a union women",1,"Model-based Estimates",2,"Interpolation",32.81
44,"Currently married by age of woman (Percent)","Currently married by age of woman (Percent)","Estimates and Projections of Women of Reproductive Age Who Are Married or in a Union 2024",2024,"United Nations Population Division",478,"Mauritania","MR","MRT",62,"2011",4,"Median",2,"Female",67,15,19,"15-19",100,"Married or in a union women",1,"Model-based Estimates",2,"Interpolation",32.68
44,"Currently married by age of woman (Percent)","Currently married by age of woman (Percent)","Estimates and Projections of Women of Reproductive Age Who Are Married or in a Union 2024",2024,"United Nations Population Division",478,"Mauritania","MR","MRT",63,"2012",4,"Median",2,"Female",67,15,19,"15-19",100,"Married or in a union women",1,"Model-based Estimates",2,"Interpolation",32.56
44,"Currently married by age of woman (Percent)","Currently married by age of woman (Percent)","Estimates and Projections of Women of Reproductive Age Who Are Married or in a Union 2024",2024,"United Nations Population Division",478,"Mauritania","MR","MRT",64,"2013",4,"Median",2,"Female",67,15,19,"15-19",100,"Married or in a union women",1,"Model-based Estimates",2,"Interpolation",32.43
44,"Currently married by age of woman (Percent)","Currently married by age of woman (Percent)","Estimates and Projections of Women of Reproductive Age Who Are Married or in a Union 2024",2024,"United Nations Population Division",478,"Mauritania","MR","MRT",65,"2014",4,"Median",2,"Female",67,15,19,"15-19",100,"Married or in a union women",1,"Model-based Estimates",2,"Interpolation",32.31
44,"Currently married by age of woman (Percent)","Currently married by age of woman (Percent)","Estimates and Projections of Women of Reproductive Age Who Are Married or in a Union 2024",2024,"United Nations Population Division",478,"Mauritania","MR","MRT",66,"2015",4,"Median",2,"Female",67,15,19,"15-19",100,"Married or in a union women",1,"Model-based Estimates",2,"Interpolation",32.18
44,"Currently married by age of woman (Percent)","Currently married by age of woman (Percent)","Estimates and Projections of Women of Reproductive Age Who Are Married or in a Union 2024",2024,"United Nations Population Division",478,"Mauritania","MR","MRT",67,"2016",4,"Median",2,"Female",67,15,19,"15-19",100,"Married or in a union women",1,"Model-based Estimates",2,"Interpolation",32.06
44,"Currently married by age of woman (Percent)","Currently married by age of woman (Percent)","Estimates and Projections of Women of Reproductive Age Who Are Married or in a Union 2024",2024,"United Nations Population Division",478,"Mauritania","MR","MRT",68,"2017",4,"Median",2,"Female",67,15,19,"15-19",100,"Married or in a union women",1,"Model-based Estimates",2,"Interpolation",31.94
44,"Currently married by age of woman (Percent)","Currently married by age of woman (Percent)","Estimates and Projections of Women of Reproductive Age Who Are Married or in a Union 2024",2024,"United Nations Population Division",478,"Mauritania","MR","MRT",69,"2018",4,"Median",2,"Female",67,15,19,"15-19",100,"Married or in a union women",1,"Model-based Estimates",2,"Interpolation",31.81
44,"Currently married by age of woman (Percent)","Currently married by age of woman (Percent)","Estimates and Projections of Women of Reproductive Age Who Are Married or in a Union 2024",2024,"United Nations Population Division",478,"Mauritania","MR","MRT",70,"2019",4,"Median",2,"Female",67,15,19,"15-19",100,"Married or in a union women",1,"Model-based Estimates",2,"Interpolation",31.69
44,"Currently married by age of woman (Percent)","Currently married by age of woman (Percent)","Estimates and Projections of Women of Reproductive Age Who Are Married or in a Union 2024",2024,"United Nations Population Division",478,"Mauritania","MR","MRT",71,"2020",4,"Median",2,"Female",67,15,19,"15-19",100,"Married or in a union women",1,"Model-based Estimates",2,"Interpolation",31.56
44,"Currently married by age of woman (Percent)","Currently married by age of woman (Percent)","Estimates and Projections of Women of Reproductive Age Who Are Married or in a Union 2024",2024,"United Nations Population Division",478,"Mauritania","MR","MRT",72,"2021",4,"Median",2,"Female",67,15,19,"15-19",100,"Married or in a union women",1,"Model-based Estimates",3,"Projection",31.42
44,"Currently married by age of woman (Percent)","Currently married by age of woman (Percent)","Estimates and Projections of Women of Reproductive Age Who Are Married or in a Union 2024",2024,"United Nations Population Division",478,"Mauritania","MR","MRT",73,"2022",4,"Median",2,"Female",67,15,19,"15-19",100,"Married or in a union women",1,"Model-based Estimates",3,"Projection",31.22
44,"Currently married by age of woman (Percent)","Currently married by age of woman (Percent)","Estimates and Projections of Women of Reproductive Age Who Are Married or in a Union 2024",2024,"United Nations Population Division",480,"Mauritius","MU","MUS",59,"2008",4,"Median",2,"Female",67,15,19,"15-19",100,"Married or in a union women",1,"Model-based Estimates",2,"Interpolation",7.11
44,"Currently married by age of woman (Percent)","Currently married by age of woman (Percent)","Estimates and Projections of Women of Reproductive Age Who Are Married or in a Union 2024",2024,"United Nations Population Division",480,"Mauritius","MU","MUS",60,"2009",4,"Median",2,"Female",67,15,19,"15-19",100,"Married or in a union women",1,"Model-based Estimates",2,"Interpolation",6.8
44,"Currently married by age of woman (Percent)","Currently married by age of woman (Percent)","Estimates and Projections of Women of Reproductive Age Who Are Married or in a Union 2024",2024,"United Nations Population Division",480,"Mauritius","MU","MUS",61,"2010",4,"Median",2,"Female",67,15,19,"15-19",100,"Married or in a union women",1,"Model-based Estimates",2,"Interpolation",6.49
44,"Currently married by age of woman (Percent)","Currently married by age of woman (Percent)","Estimates and Projections of Women of Reproductive Age Who Are Married or in a Union 2024",2024,"United Nations Population Division",480,"Mauritius","MU","MUS",62,"2011",4,"Median",2,"Female",67,15,19,"15-19",100,"Married or in a union women",1,"Model-based Estimates",2,"Interpolation",6.18
44,"Currently married by age of woman (Percent)","Currently married by age of woman (Percent)","Estimates and Projections of Women of Reproductive Age Who Are Married or in a Union 2024",2024,"United Nations Population Division",480,"Mauritius","MU","MUS",63,"2012",4,"Median",2,"Female",67,15,19,"15-19",100,"Married or in a union women",1,"Model-based Estimates",2,"Interpolation",5.88
44,"Currently married by age of woman (Percent)","Currently married by age of woman (Percent)","Estimates and Projections of Women of Reproductive Age Who Are Married or in a Union 2024",2024,"United Nations Population Division",480,"Mauritius","MU","MUS",64,"2013",4,"Median",2,"Female",67,15,19,"15-19",100,"Married or in a union women",1,"Model-based Estimates",2,"Interpolation",5.57
44,"Currently married by age of woman (Percent)","Currently married by age of woman (Percent)","Estimates and Projections of Women of Reproductive Age Who Are Married or in a Union 2024",2024,"United Nations Population Division",480,"Mauritius","MU","MUS",65,"2014",4,"Median",2,"Female",67,15,19,"15-19",100,"Married or in a union women",1,"Model-based Estimates",2,"Interpolation",5.26
44,"Currently married by age of woman (Percent)","Currently married by age of woman (Percent)","Estimates and Projections of Women of Reproductive Age Who Are Married or in a Union 2024",2024,"United Nations Population Division",480,"Mauritius","MU","MUS",66,"2015",4,"Median",2,"Female",67,15,19,"15-19",100,"Married or in a union women",1,"Model-based Estimates",2,"Interpolation",4.95
44,"Currently married by age of woman (Percent)","Currently married by age of woman (Percent)","Estimates and Projections of Women of Reproductive Age Who Are Married or in a Union 2024",2024,"United Nations Population Division",480,"Mauritius","MU","MUS",67,"2016",4,"Median",2,"Female",67,15,19,"15-19",100,"Married or in a union women",1,"Model-based Estimates",2,"Interpolation",4.65
44,"Currently married by age of woman (Percent)","Currently married by age of woman (Percent)","Estimates and Projections of Women of Reproductive Age Who Are Married or in a Union 2024",2024,"United Nations Population Division",480,"Mauritius","MU","MUS",68,"2017",4,"Median",2,"Female",67,15,19,"15-19",100,"Married or in a union women",1,"Model-based Estimates",2,"Interpolation",4.34
44,"Currently married by age of woman (Percent)","Currently married by age of woman (Percent)","Estimates and Projections of Women of Reproductive Age Who Are Married or in a Union 2024",2024,"United Nations Population Division",480,"Mauritius","MU","MUS",69,"2018",4,"Median",2,"Female",67,15,19,"15-19",100,"Married or in a union women",1,"Model-based Estimates",2,"Interpolation",4.03
44,"Currently married by age of woman (Percent)","Currently married by age of woman (Percent)","Estimates and Projections of Women of Reproductive Age Who Are Married or in a Union 2024",2024,"United Nations Population Division",480,"Mauritius","MU","MUS",70,"2019",4,"Median",2,"Female",67,15,19,"15-19",100,"Married or in a union women",1,"Model-based Estimates",2,"Interpolation",3.72
44,"Currently married by age of woman (Percent)","Currently married by age of woman (Percent)","Estimates and Projections of Women of Reproductive Age Who Are Married or in a Union 2024",2024,"United Nations Population Division",480,"Mauritius","MU","MUS",71,"2020",4,"Median",2,"Female",67,15,19,"15-19",100,"Married or in a union women",1,"Model-based Estimates",2,"Interpolation",3.42
44,"Currently married by age of woman (Percent)","Currently married by age of woman (Percent)","Estimates and Projections of Women of Reproductive Age Who Are Married or in a Union 2024",2024,"United Nations Population Division",480,"Mauritius","MU","MUS",72,"2021",4,"Median",2,"Female",67,15,19,"15-19",100,"Married or in a union women",1,"Model-based Estimates",2,"Interpolation",3.11
44,"Currently married by age of woman (Percent)","Currently married by age of woman (Percent)","Estimates and Projections of Women of Reproductive Age Who Are Married or in a Union 2024",2024,"United Nations Population Division",480,"Mauritius","MU","MUS",73,"2022",4,"Median",2,"Female",67,15,19,"15-19",100,"Married or in a union women",1,"Model-based Estimates",2,"Interpolation",2.8
44,"Currently married by age of woman (Percent)","Currently married by age of woman (Percent)","Estimates and Projections of Women of Reproductive Age Who Are Married or in a Union 2024",2024,"United Nations Population Division",504,"Morocco","MA","MAR",59,"2008",4,"Median",2,"Female",67,15,19,"15-19",100,"Married or in a union women",1,"Model-based Estimates",2,"Interpolation",13.51
44,"Currently married by age of woman (Percent)","Currently married by age of woman (Percent)","Estimates and Projections of Women of Reproductive Age Who Are Married or in a Union 2024",2024,"United Nations Population Division",504,"Morocco","MA","MAR",60,"2009",4,"Median",2,"Female",67,15,19,"15-19",100,"Married or in a union women",1,"Model-based Estimates",2,"Interpolation",13.04
44,"Currently married by age of woman (Percent)","Currently married by age of woman (Percent)","Estimates and Projections of Women of Reproductive Age Who Are Married or in a Union 2024",2024,"United Nations Population Division",504,"Morocco","MA","MAR",61,"2010",4,"Median",2,"Female",67,15,19,"15-19",100,"Married or in a union women",1,"Model-based Estimates",2,"Interpolation",12.57
44,"Currently married by age of woman (Percent)","Currently married by age of woman (Percent)","Estimates and Projections of Women of Reproductive Age Who Are Married or in a Union 2024",2024,"United Nations Population Division",504,"Morocco","MA","MAR",62,"2011",4,"Median",2,"Female",67,15,19,"15-19",100,"Married or in a union women",1,"Model-based Estimates",2,"Interpolation",12.1
44,"Currently married by age of woman (Percent)","Currently married by age of woman (Percent)","Estimates and Projections of Women of Reproductive Age Who Are Married or in a Union 2024",2024,"United Nations Population Division",504,"Morocco","MA","MAR",63,"2012",4,"Median",2,"Female",67,15,19,"15-19",100,"Married or in a union women",1,"Model-based Estimates",2,"Interpolation",11.63
44,"Currently married by age of woman (Percent)","Currently married by age of woman (Percent)","Estimates and Projections of Women of Reproductive Age Who Are Married or in a Union 2024",2024,"United Nations Population Division",504,"Morocco","MA","MAR",64,"2013",4,"Median",2,"Female",67,15,19,"15-19",100,"Married or in a union women",1,"Model-based Estimates",2,"Interpolation",11.15
44,"Currently married by age of woman (Percent)","Currently married by age of woman (Percent)","Estimates and Projections of Women of Reproductive Age Who Are Married or in a Union 2024",2024,"United Nations Population Division",504,"Morocco","MA","MAR",65,"2014",4,"Median",2,"Female",67,15,19,"15-19",100,"Married or in a union women",1,"Model-based Estimates",2,"Interpolation",10.68
44,"Currently married by age of woman (Percent)","Currently married by age of woman (Percent)","Estimates and Projections of Women of Reproductive Age Who Are Married or in a Union 2024",2024,"United Nations Population Division",504,"Morocco","MA","MAR",66,"2015",4,"Median",2,"Female",67,15,19,"15-19",100,"Married or in a union women",1,"Model-based Estimates",2,"Interpolation",10.21
44,"Currently married by age of woman (Percent)","Currently married by age of woman (Percent)","Estimates and Projections of Women of Reproductive Age Who Are Married or in a Union 2024",2024,"United Nations Population Division",504,"Morocco","MA","MAR",67,"2016",4,"Median",2,"Female",67,15,19,"15-19",100,"Married or in a union women",1,"Model-based Estimates",2,"Interpolation",9.74
44,"Currently married by age of woman (Percent)","Currently married by age of woman (Percent)","Estimates and Projections of Women of Reproductive Age Who Are Married or in a Union 2024",2024,"United Nations Population Division",504,"Morocco","MA","MAR",68,"2017",4,"Median",2,"Female",67,15,19,"15-19",100,"Married or in a union women",1,"Model-based Estimates",2,"Interpolation",9.27
44,"Currently married by age of woman (Percent)","Currently married by age of woman (Percent)","Estimates and Projections of Women of Reproductive Age Who Are Married or in a Union 2024",2024,"United Nations Population Division",504,"Morocco","MA","MAR",69,"2018",4,"Median",2,"Female",67,15,19,"15-19",100,"Married or in a union women",1,"Model-based Estimates",2,"Interpolation",8.8
44,"Currently married by age of woman (Percent)","Currently married by age of woman (Percent)","Estimates and Projections of Women of Reproductive Age Who Are Married or in a Union 2024",2024,"United Nations Population Division",504,"Morocco","MA","MAR",70,"2019",4,"Median",2,"Female",67,15,19,"15-19",100,"Married or in a union women",1,"Model-based Estimates",3,"Projection",8.54
44,"Currently married by age of woman (Percent)","Currently married by age of woman (Percent)","Estimates and Projections of Women of Reproductive Age Who Are Married or in a Union 2024",2024,"United Nations Population Division",504,"Morocco","MA","MAR",71,"2020",4,"Median",2,"Female",67,15,19,"15-19",100,"Married or in a union women",1,"Model-based Estimates",3,"Projection",8.3
44,"Currently married by age of woman (Percent)","Currently married by age of woman (Percent)","Estimates and Projections of Women of Reproductive Age Who Are Married or in a Union 2024",2024,"United Nations Population Division",504,"Morocco","MA","MAR",72,"2021",4,"Median",2,"Female",67,15,19,"15-19",100,"Married or in a union women",1,"Model-based Estimates",3,"Projection",8.07
44,"Currently married by age of woman (Percent)","Currently married by age of woman (Percent)","Estimates and Projections of Women of Reproductive Age Who Are Married or in a Union 2024",2024,"United Nations Population Division",504,"Morocco","MA","MAR",73,"2022",4,"Median",2,"Female",67,15,19,"15-19",100,"Married or in a union women",1,"Model-based Estimates",3,"Projection",7.86
44,"Currently married by age of woman (Percent)","Currently married by age of woman (Percent)","Estimates and Projections of Women of Reproductive Age Who Are Married or in a Union 2024",2024,"United Nations Population Division",508,"Mozambique","MZ","MOZ",59,"2008",4,"Median",2,"Female",67,15,19,"15-19",100,"Married or in a union women",1,"Model-based Estimates",2,"Interpolation",41
44,"Currently married by age of woman (Percent)","Currently married by age of woman (Percent)","Estimates and Projections of Women of Reproductive Age Who Are Married or in a Union 2024",2024,"United Nations Population Division",508,"Mozambique","MZ","MOZ",60,"2009",4,"Median",2,"Female",67,15,19,"15-19",100,"Married or in a union women",1,"Model-based Estimates",2,"Interpolation",40.34
44,"Currently married by age of woman (Percent)","Currently married by age of woman (Percent)","Estimates and Projections of Women of Reproductive Age Who Are Married or in a Union 2024",2024,"United Nations Population Division",508,"Mozambique","MZ","MOZ",61,"2010",4,"Median",2,"Female",67,15,19,"15-19",100,"Married or in a union women",1,"Model-based Estimates",2,"Interpolation",39.69
44,"Currently married by age of woman (Percent)","Currently married by age of woman (Percent)","Estimates and Projections of Women of Reproductive Age Who Are Married or in a Union 2024",2024,"United Nations Population Division",508,"Mozambique","MZ","MOZ",62,"2011",4,"Median",2,"Female",67,15,19,"15-19",100,"Married or in a union women",1,"Model-based Estimates",2,"Interpolation",39.04
44,"Currently married by age of woman (Percent)","Currently married by age of woman (Percent)","Estimates and Projections of Women of Reproductive Age Who Are Married or in a Union 2024",2024,"United Nations Population Division",508,"Mozambique","MZ","MOZ",63,"2012",4,"Median",2,"Female",67,15,19,"15-19",100,"Married or in a union women",1,"Model-based Estimates",2,"Interpolation",38.38
44,"Currently married by age of woman (Percent)","Currently married by age of woman (Percent)","Estimates and Projections of Women of Reproductive Age Who Are Married or in a Union 2024",2024,"United Nations Population Division",508,"Mozambique","MZ","MOZ",64,"2013",4,"Median",2,"Female",67,15,19,"15-19",100,"Married or in a union women",1,"Model-based Estimates",2,"Interpolation",37.73
44,"Currently married by age of woman (Percent)","Currently married by age of woman (Percent)","Estimates and Projections of Women of Reproductive Age Who Are Married or in a Union 2024",2024,"United Nations Population Division",508,"Mozambique","MZ","MOZ",65,"2014",4,"Median",2,"Female",67,15,19,"15-19",100,"Married or in a union women",1,"Model-based Estimates",2,"Interpolation",37.08
44,"Currently married by age of woman (Percent)","Currently married by age of woman (Percent)","Estimates and Projections of Women of Reproductive Age Who Are Married or in a Union 2024",2024,"United Nations Population Division",508,"Mozambique","MZ","MOZ",66,"2015",4,"Median",2,"Female",67,15,19,"15-19",100,"Married or in a union women",1,"Model-based Estimates",2,"Interpolation",36.42
44,"Currently married by age of woman (Percent)","Currently married by age of woman (Percent)","Estimates and Projections of Women of Reproductive Age Who Are Married or in a Union 2024",2024,"United Nations Population Division",508,"Mozambique","MZ","MOZ",67,"2016",4,"Median",2,"Female",67,15,19,"15-19",100,"Married or in a union women",1,"Model-based Estimates",2,"Interpolation",35.77
44,"Currently married by age of woman (Percent)","Currently married by age of woman (Percent)","Estimates and Projections of Women of Reproductive Age Who Are Married or in a Union 2024",2024,"United Nations Population Division",508,"Mozambique","MZ","MOZ",68,"2017",4,"Median",2,"Female",67,15,19,"15-19",100,"Married or in a union women",1,"Model-based Estimates",2,"Interpolation",35.12
44,"Currently married by age of woman (Percent)","Currently married by age of woman (Percent)","Estimates and Projections of Women of Reproductive Age Who Are Married or in a Union 2024",2024,"United Nations Population Division",508,"Mozambique","MZ","MOZ",69,"2018",4,"Median",2,"Female",67,15,19,"15-19",100,"Married or in a union women",1,"Model-based Estimates",2,"Interpolation",34.47
44,"Currently married by age of woman (Percent)","Currently married by age of woman (Percent)","Estimates and Projections of Women of Reproductive Age Who Are Married or in a Union 2024",2024,"United Nations Population Division",508,"Mozambique","MZ","MOZ",70,"2019",4,"Median",2,"Female",67,15,19,"15-19",100,"Married or in a union women",1,"Model-based Estimates",2,"Interpolation",33.81
44,"Currently married by age of woman (Percent)","Currently married by age of woman (Percent)","Estimates and Projections of Women of Reproductive Age Who Are Married or in a Union 2024",2024,"United Nations Population Division",508,"Mozambique","MZ","MOZ",71,"2020",4,"Median",2,"Female",67,15,19,"15-19",100,"Married or in a union women",1,"Model-based Estimates",2,"Interpolation",33.16
44,"Currently married by age of woman (Percent)","Currently married by age of woman (Percent)","Estimates and Projections of Women of Reproductive Age Who Are Married or in a Union 2024",2024,"United Nations Population Division",508,"Mozambique","MZ","MOZ",72,"2021",4,"Median",2,"Female",67,15,19,"15-19",100,"Married or in a union women",1,"Model-based Estimates",2,"Interpolation",32.51
44,"Currently married by age of woman (Percent)","Currently married by age of woman (Percent)","Estimates and Projections of Women of Reproductive Age Who Are Married or in a Union 2024",2024,"United Nations Population Division",508,"Mozambique","MZ","MOZ",73,"2022",4,"Median",2,"Female",67,15,19,"15-19",100,"Married or in a union women",1,"Model-based Estimates",2,"Interpolation",31.85
44,"Currently married by age of woman (Percent)","Currently married by age of woman (Percent)","Estimates and Projections of Women of Reproductive Age Who Are Married or in a Union 2024",2024,"United Nations Population Division",516,"Namibia","NA","NAM",59,"2008",4,"Median",2,"Female",67,15,19,"15-19",100,"Married or in a union women",1,"Model-based Estimates",2,"Interpolation",4.12
44,"Currently married by age of woman (Percent)","Currently married by age of woman (Percent)","Estimates and Projections of Women of Reproductive Age Who Are Married or in a Union 2024",2024,"United Nations Population Division",516,"Namibia","NA","NAM",60,"2009",4,"Median",2,"Female",67,15,19,"15-19",100,"Married or in a union women",1,"Model-based Estimates",2,"Interpolation",4.05
44,"Currently married by age of woman (Percent)","Currently married by age of woman (Percent)","Estimates and Projections of Women of Reproductive Age Who Are Married or in a Union 2024",2024,"United Nations Population Division",516,"Namibia","NA","NAM",61,"2010",4,"Median",2,"Female",67,15,19,"15-19",100,"Married or in a union women",1,"Model-based Estimates",2,"Interpolation",3.97
44,"Currently married by age of woman (Percent)","Currently married by age of woman (Percent)","Estimates and Projections of Women of Reproductive Age Who Are Married or in a Union 2024",2024,"United Nations Population Division",516,"Namibia","NA","NAM",62,"2011",4,"Median",2,"Female",67,15,19,"15-19",100,"Married or in a union women",1,"Model-based Estimates",2,"Interpolation",3.91
44,"Currently married by age of woman (Percent)","Currently married by age of woman (Percent)","Estimates and Projections of Women of Reproductive Age Who Are Married or in a Union 2024",2024,"United Nations Population Division",516,"Namibia","NA","NAM",63,"2012",4,"Median",2,"Female",67,15,19,"15-19",100,"Married or in a union women",1,"Model-based Estimates",2,"Interpolation",3.84
44,"Currently married by age of woman (Percent)","Currently married by age of woman (Percent)","Estimates and Projections of Women of Reproductive Age Who Are Married or in a Union 2024",2024,"United Nations Population Division",516,"Namibia","NA","NAM",64,"2013",4,"Median",2,"Female",67,15,19,"15-19",100,"Married or in a union women",1,"Model-based Estimates",2,"Interpolation",3.78
44,"Currently married by age of woman (Percent)","Currently married by age of woman (Percent)","Estimates and Projections of Women of Reproductive Age Who Are Married or in a Union 2024",2024,"United Nations Population Division",516,"Namibia","NA","NAM",65,"2014",4,"Median",2,"Female",67,15,19,"15-19",100,"Married or in a union women",1,"Model-based Estimates",2,"Interpolation",3.73
44,"Currently married by age of woman (Percent)","Currently married by age of woman (Percent)","Estimates and Projections of Women of Reproductive Age Who Are Married or in a Union 2024",2024,"United Nations Population Division",516,"Namibia","NA","NAM",66,"2015",4,"Median",2,"Female",67,15,19,"15-19",100,"Married or in a union women",1,"Model-based Estimates",2,"Interpolation",3.68
44,"Currently married by age of woman (Percent)","Currently married by age of woman (Percent)","Estimates and Projections of Women of Reproductive Age Who Are Married or in a Union 2024",2024,"United Nations Population Division",516,"Namibia","NA","NAM",67,"2016",4,"Median",2,"Female",67,15,19,"15-19",100,"Married or in a union women",1,"Model-based Estimates",2,"Interpolation",3.63
44,"Currently married by age of woman (Percent)","Currently married by age of woman (Percent)","Estimates and Projections of Women of Reproductive Age Who Are Married or in a Union 2024",2024,"United Nations Population Division",516,"Namibia","NA","NAM",68,"2017",4,"Median",2,"Female",67,15,19,"15-19",100,"Married or in a union women",1,"Model-based Estimates",2,"Interpolation",3.59
44,"Currently married by age of woman (Percent)","Currently married by age of woman (Percent)","Estimates and Projections of Women of Reproductive Age Who Are Married or in a Union 2024",2024,"United Nations Population Division",516,"Namibia","NA","NAM",69,"2018",4,"Median",2,"Female",67,15,19,"15-19",100,"Married or in a union women",1,"Model-based Estimates",2,"Interpolation",3.55
44,"Currently married by age of woman (Percent)","Currently married by age of woman (Percent)","Estimates and Projections of Women of Reproductive Age Who Are Married or in a Union 2024",2024,"United Nations Population Division",516,"Namibia","NA","NAM",70,"2019",4,"Median",2,"Female",67,15,19,"15-19",100,"Married or in a union women",1,"Model-based Estimates",3,"Projection",3.51
44,"Currently married by age of woman (Percent)","Currently married by age of woman (Percent)","Estimates and Projections of Women of Reproductive Age Who Are Married or in a Union 2024",2024,"United Nations Population Division",516,"Namibia","NA","NAM",71,"2020",4,"Median",2,"Female",67,15,19,"15-19",100,"Married or in a union women",1,"Model-based Estimates",3,"Projection",3.48
44,"Currently married by age of woman (Percent)","Currently married by age of woman (Percent)","Estimates and Projections of Women of Reproductive Age Who Are Married or in a Union 2024",2024,"United Nations Population Division",516,"Namibia","NA","NAM",72,"2021",4,"Median",2,"Female",67,15,19,"15-19",100,"Married or in a union women",1,"Model-based Estimates",3,"Projection",3.45
44,"Currently married by age of woman (Percent)","Currently married by age of woman (Percent)","Estimates and Projections of Women of Reproductive Age Who Are Married or in a Union 2024",2024,"United Nations Population Division",516,"Namibia","NA","NAM",73,"2022",4,"Median",2,"Female",67,15,19,"15-19",100,"Married or in a union women",1,"Model-based Estimates",3,"Projection",3.42
44,"Currently married by age of woman (Percent)","Currently married by age of woman (Percent)","Estimates and Projections of Women of Reproductive Age Who Are Married or in a Union 2024",2024,"United Nations Population Division",562,"Niger","NE","NER",59,"2008",4,"Median",2,"Female",67,15,19,"15-19",100,"Married or in a union women",1,"Model-based Estimates",2,"Interpolation",62.89
44,"Currently married by age of woman (Percent)","Currently married by age of woman (Percent)","Estimates and Projections of Women of Reproductive Age Who Are Married or in a Union 2024",2024,"United Nations Population Division",562,"Niger","NE","NER",60,"2009",4,"Median",2,"Female",67,15,19,"15-19",100,"Married or in a union women",1,"Model-based Estimates",2,"Interpolation",62.42
44,"Currently married by age of woman (Percent)","Currently married by age of woman (Percent)","Estimates and Projections of Women of Reproductive Age Who Are Married or in a Union 2024",2024,"United Nations Population Division",562,"Niger","NE","NER",61,"2010",4,"Median",2,"Female",67,15,19,"15-19",100,"Married or in a union women",1,"Model-based Estimates",2,"Interpolation",61.95
44,"Currently married by age of woman (Percent)","Currently married by age of woman (Percent)","Estimates and Projections of Women of Reproductive Age Who Are Married or in a Union 2024",2024,"United Nations Population Division",562,"Niger","NE","NER",62,"2011",4,"Median",2,"Female",67,15,19,"15-19",100,"Married or in a union women",1,"Model-based Estimates",2,"Interpolation",61.47
44,"Currently married by age of woman (Percent)","Currently married by age of woman (Percent)","Estimates and Projections of Women of Reproductive Age Who Are Married or in a Union 2024",2024,"United Nations Population Division",562,"Niger","NE","NER",63,"2012",4,"Median",2,"Female",67,15,19,"15-19",100,"Married or in a union women",1,"Model-based Estimates",2,"Interpolation",61
44,"Currently married by age of woman (Percent)","Currently married by age of woman (Percent)","Estimates and Projections of Women of Reproductive Age Who Are Married or in a Union 2024",2024,"United Nations Population Division",562,"Niger","NE","NER",64,"2013",4,"Median",2,"Female",67,15,19,"15-19",100,"Married or in a union women",1,"Model-based Estimates",2,"Interpolation",59.92
44,"Currently married by age of woman (Percent)","Currently married by age of woman (Percent)","Estimates and Projections of Women of Reproductive Age Who Are Married or in a Union 2024",2024,"United Nations Population Division",562,"Niger","NE","NER",65,"2014",4,"Median",2,"Female",67,15,19,"15-19",100,"Married or in a union women",1,"Model-based Estimates",2,"Interpolation",58.84
44,"Currently married by age of woman (Percent)","Currently married by age of woman (Percent)","Estimates and Projections of Women of Reproductive Age Who Are Married or in a Union 2024",2024,"United Nations Population Division",562,"Niger","NE","NER",66,"2015",4,"Median",2,"Female",67,15,19,"15-19",100,"Married or in a union women",1,"Model-based Estimates",2,"Interpolation",57.77
44,"Currently married by age of woman (Percent)","Currently married by age of woman (Percent)","Estimates and Projections of Women of Reproductive Age Who Are Married or in a Union 2024",2024,"United Nations Population Division",562,"Niger","NE","NER",67,"2016",4,"Median",2,"Female",67,15,19,"15-19",100,"Married or in a union women",1,"Model-based Estimates",2,"Interpolation",56.69
44,"Currently married by age of woman (Percent)","Currently married by age of woman (Percent)","Estimates and Projections of Women of Reproductive Age Who Are Married or in a Union 2024",2024,"United Nations Population Division",562,"Niger","NE","NER",68,"2017",4,"Median",2,"Female",67,15,19,"15-19",100,"Married or in a union women",1,"Model-based Estimates",2,"Interpolation",55.61
44,"Currently married by age of woman (Percent)","Currently married by age of woman (Percent)","Estimates and Projections of Women of Reproductive Age Who Are Married or in a Union 2024",2024,"United Nations Population Division",562,"Niger","NE","NER",69,"2018",4,"Median",2,"Female",67,15,19,"15-19",100,"Married or in a union women",1,"Model-based Estimates",2,"Interpolation",54.53
44,"Currently married by age of woman (Percent)","Currently married by age of woman (Percent)","Estimates and Projections of Women of Reproductive Age Who Are Married or in a Union 2024",2024,"United Nations Population Division",562,"Niger","NE","NER",70,"2019",4,"Median",2,"Female",67,15,19,"15-19",100,"Married or in a union women",1,"Model-based Estimates",2,"Interpolation",53.45
44,"Currently married by age of woman (Percent)","Currently married by age of woman (Percent)","Estimates and Projections of Women of Reproductive Age Who Are Married or in a Union 2024",2024,"United Nations Population Division",562,"Niger","NE","NER",71,"2020",4,"Median",2,"Female",67,15,19,"15-19",100,"Married or in a union women",1,"Model-based Estimates",2,"Interpolation",52.37
44,"Currently married by age of woman (Percent)","Currently married by age of woman (Percent)","Estimates and Projections of Women of Reproductive Age Who Are Married or in a Union 2024",2024,"United Nations Population Division",562,"Niger","NE","NER",72,"2021",4,"Median",2,"Female",67,15,19,"15-19",100,"Married or in a union women",1,"Model-based Estimates",2,"Interpolation",51.3
44,"Currently married by age of woman (Percent)","Currently married by age of woman (Percent)","Estimates and Projections of Women of Reproductive Age Who Are Married or in a Union 2024",2024,"United Nations Population Division",562,"Niger","NE","NER",73,"2022",4,"Median",2,"Female",67,15,19,"15-19",100,"Married or in a union women",1,"Model-based Estimates",3,"Projection",50.18
44,"Currently married by age of woman (Percent)","Currently married by age of woman (Percent)","Estimates and Projections of Women of Reproductive Age Who Are Married or in a Union 2024",2024,"United Nations Population Division",566,"Nigeria","NG","NGA",59,"2008",4,"Median",2,"Female",67,15,19,"15-19",100,"Married or in a union women",1,"Model-based Estimates",2,"Interpolation",28.7
44,"Currently married by age of woman (Percent)","Currently married by age of woman (Percent)","Estimates and Projections of Women of Reproductive Age Who Are Married or in a Union 2024",2024,"United Nations Population Division",566,"Nigeria","NG","NGA",60,"2009",4,"Median",2,"Female",67,15,19,"15-19",100,"Married or in a union women",1,"Model-based Estimates",2,"Interpolation",28.11
44,"Currently married by age of woman (Percent)","Currently married by age of woman (Percent)","Estimates and Projections of Women of Reproductive Age Who Are Married or in a Union 2024",2024,"United Nations Population Division",566,"Nigeria","NG","NGA",61,"2010",4,"Median",2,"Female",67,15,19,"15-19",100,"Married or in a union women",1,"Model-based Estimates",2,"Interpolation",27.52
44,"Currently married by age of woman (Percent)","Currently married by age of woman (Percent)","Estimates and Projections of Women of Reproductive Age Who Are Married or in a Union 2024",2024,"United Nations Population Division",566,"Nigeria","NG","NGA",62,"2011",4,"Median",2,"Female",67,15,19,"15-19",100,"Married or in a union women",1,"Model-based Estimates",2,"Interpolation",26.93
44,"Currently married by age of woman (Percent)","Currently married by age of woman (Percent)","Estimates and Projections of Women of Reproductive Age Who Are Married or in a Union 2024",2024,"United Nations Population Division",566,"Nigeria","NG","NGA",63,"2012",4,"Median",2,"Female",67,15,19,"15-19",100,"Married or in a union women",1,"Model-based Estimates",2,"Interpolation",26.34
44,"Currently married by age of woman (Percent)","Currently married by age of woman (Percent)","Estimates and Projections of Women of Reproductive Age Who Are Married or in a Union 2024",2024,"United Nations Population Division",566,"Nigeria","NG","NGA",64,"2013",4,"Median",2,"Female",67,15,19,"15-19",100,"Married or in a union women",1,"Model-based Estimates",2,"Interpolation",25.75
44,"Currently married by age of woman (Percent)","Currently married by age of woman (Percent)","Estimates and Projections of Women of Reproductive Age Who Are Married or in a Union 2024",2024,"United Nations Population Division",566,"Nigeria","NG","NGA",65,"2014",4,"Median",2,"Female",67,15,19,"15-19",100,"Married or in a union women",1,"Model-based Estimates",2,"Interpolation",25.16
44,"Currently married by age of woman (Percent)","Currently married by age of woman (Percent)","Estimates and Projections of Women of Reproductive Age Who Are Married or in a Union 2024",2024,"United Nations Population Division",566,"Nigeria","NG","NGA",66,"2015",4,"Median",2,"Female",67,15,19,"15-19",100,"Married or in a union women",1,"Model-based Estimates",2,"Interpolation",24.57
44,"Currently married by age of woman (Percent)","Currently married by age of woman (Percent)","Estimates and Projections of Women of Reproductive Age Who Are Married or in a Union 2024",2024,"United Nations Population Division",566,"Nigeria","NG","NGA",67,"2016",4,"Median",2,"Female",67,15,19,"15-19",100,"Married or in a union women",1,"Model-based Estimates",2,"Interpolation",23.98
44,"Currently married by age of woman (Percent)","Currently married by age of woman (Percent)","Estimates and Projections of Women of Reproductive Age Who Are Married or in a Union 2024",2024,"United Nations Population Division",566,"Nigeria","NG","NGA",68,"2017",4,"Median",2,"Female",67,15,19,"15-19",100,"Married or in a union women",1,"Model-based Estimates",2,"Interpolation",23.39
44,"Currently married by age of woman (Percent)","Currently married by age of woman (Percent)","Estimates and Projections of Women of Reproductive Age Who Are Married or in a Union 2024",2024,"United Nations Population Division",566,"Nigeria","NG","NGA",69,"2018",4,"Median",2,"Female",67,15,19,"15-19",100,"Married or in a union women",1,"Model-based Estimates",2,"Interpolation",22.8
44,"Currently married by age of woman (Percent)","Currently married by age of woman (Percent)","Estimates and Projections of Women of Reproductive Age Who Are Married or in a Union 2024",2024,"United Nations Population Division",566,"Nigeria","NG","NGA",70,"2019",4,"Median",2,"Female",67,15,19,"15-19",100,"Married or in a union women",1,"Model-based Estimates",3,"Projection",22.26
44,"Currently married by age of woman (Percent)","Currently married by age of woman (Percent)","Estimates and Projections of Women of Reproductive Age Who Are Married or in a Union 2024",2024,"United Nations Population Division",566,"Nigeria","NG","NGA",71,"2020",4,"Median",2,"Female",67,15,19,"15-19",100,"Married or in a union women",1,"Model-based Estimates",3,"Projection",21.71
44,"Currently married by age of woman (Percent)","Currently married by age of woman (Percent)","Estimates and Projections of Women of Reproductive Age Who Are Married or in a Union 2024",2024,"United Nations Population Division",566,"Nigeria","NG","NGA",72,"2021",4,"Median",2,"Female",67,15,19,"15-19",100,"Married or in a union women",1,"Model-based Estimates",3,"Projection",21.17
44,"Currently married by age of woman (Percent)","Currently married by age of woman (Percent)","Estimates and Projections of Women of Reproductive Age Who Are Married or in a Union 2024",2024,"United Nations Population Division",566,"Nigeria","NG","NGA",73,"2022",4,"Median",2,"Female",67,15,19,"15-19",100,"Married or in a union women",1,"Model-based Estimates",3,"Projection",20.63
44,"Currently married by age of woman (Percent)","Currently married by age of woman (Percent)","Estimates and Projections of Women of Reproductive Age Who Are Married or in a Union 2024",2024,"United Nations Population Division",624,"Guinea-Bissau","GW","GNB",59,"2008",4,"Median",2,"Female",67,15,19,"15-19",100,"Married or in a union women",1,"Model-based Estimates",2,"Interpolation",20.8
44,"Currently married by age of woman (Percent)","Currently married by age of woman (Percent)","Estimates and Projections of Women of Reproductive Age Who Are Married or in a Union 2024",2024,"United Nations Population Division",624,"Guinea-Bissau","GW","GNB",60,"2009",4,"Median",2,"Female",67,15,19,"15-19",100,"Married or in a union women",1,"Model-based Estimates",2,"Interpolation",20.34
44,"Currently married by age of woman (Percent)","Currently married by age of woman (Percent)","Estimates and Projections of Women of Reproductive Age Who Are Married or in a Union 2024",2024,"United Nations Population Division",624,"Guinea-Bissau","GW","GNB",61,"2010",4,"Median",2,"Female",67,15,19,"15-19",100,"Married or in a union women",1,"Model-based Estimates",2,"Interpolation",19.88
44,"Currently married by age of woman (Percent)","Currently married by age of woman (Percent)","Estimates and Projections of Women of Reproductive Age Who Are Married or in a Union 2024",2024,"United Nations Population Division",624,"Guinea-Bissau","GW","GNB",62,"2011",4,"Median",2,"Female",67,15,19,"15-19",100,"Married or in a union women",1,"Model-based Estimates",2,"Interpolation",19.42
44,"Currently married by age of woman (Percent)","Currently married by age of woman (Percent)","Estimates and Projections of Women of Reproductive Age Who Are Married or in a Union 2024",2024,"United Nations Population Division",624,"Guinea-Bissau","GW","GNB",63,"2012",4,"Median",2,"Female",67,15,19,"15-19",100,"Married or in a union women",1,"Model-based Estimates",2,"Interpolation",18.97
44,"Currently married by age of woman (Percent)","Currently married by age of woman (Percent)","Estimates and Projections of Women of Reproductive Age Who Are Married or in a Union 2024",2024,"United Nations Population Division",624,"Guinea-Bissau","GW","GNB",64,"2013",4,"Median",2,"Female",67,15,19,"15-19",100,"Married or in a union women",1,"Model-based Estimates",2,"Interpolation",18.51
44,"Currently married by age of woman (Percent)","Currently married by age of woman (Percent)","Estimates and Projections of Women of Reproductive Age Who Are Married or in a Union 2024",2024,"United Nations Population Division",624,"Guinea-Bissau","GW","GNB",65,"2014",4,"Median",2,"Female",67,15,19,"15-19",100,"Married or in a union women",1,"Model-based Estimates",2,"Interpolation",18.05
44,"Currently married by age of woman (Percent)","Currently married by age of woman (Percent)","Estimates and Projections of Women of Reproductive Age Who Are Married or in a Union 2024",2024,"United Nations Population Division",624,"Guinea-Bissau","GW","GNB",66,"2015",4,"Median",2,"Female",67,15,19,"15-19",100,"Married or in a union women",1,"Model-based Estimates",2,"Interpolation",17.6
44,"Currently married by age of woman (Percent)","Currently married by age of woman (Percent)","Estimates and Projections of Women of Reproductive Age Who Are Married or in a Union 2024",2024,"United Nations Population Division",624,"Guinea-Bissau","GW","GNB",67,"2016",4,"Median",2,"Female",67,15,19,"15-19",100,"Married or in a union women",1,"Model-based Estimates",2,"Interpolation",17.14
44,"Currently married by age of woman (Percent)","Currently married by age of woman (Percent)","Estimates and Projections of Women of Reproductive Age Who Are Married or in a Union 2024",2024,"United Nations Population Division",624,"Guinea-Bissau","GW","GNB",68,"2017",4,"Median",2,"Female",67,15,19,"15-19",100,"Married or in a union women",1,"Model-based Estimates",2,"Interpolation",16.68
44,"Currently married by age of woman (Percent)","Currently married by age of woman (Percent)","Estimates and Projections of Women of Reproductive Age Who Are Married or in a Union 2024",2024,"United Nations Population Division",624,"Guinea-Bissau","GW","GNB",69,"2018",4,"Median",2,"Female",67,15,19,"15-19",100,"Married or in a union women",1,"Model-based Estimates",2,"Interpolation",16.23
44,"Currently married by age of woman (Percent)","Currently married by age of woman (Percent)","Estimates and Projections of Women of Reproductive Age Who Are Married or in a Union 2024",2024,"United Nations Population Division",624,"Guinea-Bissau","GW","GNB",70,"2019",4,"Median",2,"Female",67,15,19,"15-19",100,"Married or in a union women",1,"Model-based Estimates",2,"Interpolation",15.77
44,"Currently married by age of woman (Percent)","Currently married by age of woman (Percent)","Estimates and Projections of Women of Reproductive Age Who Are Married or in a Union 2024",2024,"United Nations Population Division",624,"Guinea-Bissau","GW","GNB",71,"2020",4,"Median",2,"Female",67,15,19,"15-19",100,"Married or in a union women",1,"Model-based Estimates",3,"Projection",15.37
44,"Currently married by age of woman (Percent)","Currently married by age of woman (Percent)","Estimates and Projections of Women of Reproductive Age Who Are Married or in a Union 2024",2024,"United Nations Population Division",624,"Guinea-Bissau","GW","GNB",72,"2021",4,"Median",2,"Female",67,15,19,"15-19",100,"Married or in a union women",1,"Model-based Estimates",3,"Projection",14.98
44,"Currently married by age of woman (Percent)","Currently married by age of woman (Percent)","Estimates and Projections of Women of Reproductive Age Who Are Married or in a Union 2024",2024,"United Nations Population Division",624,"Guinea-Bissau","GW","GNB",73,"2022",4,"Median",2,"Female",67,15,19,"15-19",100,"Married or in a union women",1,"Model-based Estimates",3,"Projection",14.6
44,"Currently married by age of woman (Percent)","Currently married by age of woman (Percent)","Estimates and Projections of Women of Reproductive Age Who Are Married or in a Union 2024",2024,"United Nations Population Division",638,"Réunion","RE","REU",59,"2008",4,"Median",2,"Female",67,15,19,"15-19",100,"Married or in a union women",1,"Model-based Estimates",2,"Interpolation",3.72
44,"Currently married by age of woman (Percent)","Currently married by age of woman (Percent)","Estimates and Projections of Women of Reproductive Age Who Are Married or in a Union 2024",2024,"United Nations Population Division",638,"Réunion","RE","REU",60,"2009",4,"Median",2,"Female",67,15,19,"15-19",100,"Married or in a union women",1,"Model-based Estimates",2,"Interpolation",3.58
44,"Currently married by age of woman (Percent)","Currently married by age of woman (Percent)","Estimates and Projections of Women of Reproductive Age Who Are Married or in a Union 2024",2024,"United Nations Population Division",638,"Réunion","RE","REU",61,"2010",4,"Median",2,"Female",67,15,19,"15-19",100,"Married or in a union women",1,"Model-based Estimates",2,"Interpolation",3.44
44,"Currently married by age of woman (Percent)","Currently married by age of woman (Percent)","Estimates and Projections of Women of Reproductive Age Who Are Married or in a Union 2024",2024,"United Nations Population Division",638,"Réunion","RE","REU",62,"2011",4,"Median",2,"Female",67,15,19,"15-19",100,"Married or in a union women",1,"Model-based Estimates",2,"Interpolation",3.29
44,"Currently married by age of woman (Percent)","Currently married by age of woman (Percent)","Estimates and Projections of Women of Reproductive Age Who Are Married or in a Union 2024",2024,"United Nations Population Division",638,"Réunion","RE","REU",63,"2012",4,"Median",2,"Female",67,15,19,"15-19",100,"Married or in a union women",1,"Model-based Estimates",2,"Interpolation",3.15
44,"Currently married by age of woman (Percent)","Currently married by age of woman (Percent)","Estimates and Projections of Women of Reproductive Age Who Are Married or in a Union 2024",2024,"United Nations Population Division",638,"Réunion","RE","REU",64,"2013",4,"Median",2,"Female",67,15,19,"15-19",100,"Married or in a union women",1,"Model-based Estimates",2,"Interpolation",3.01
44,"Currently married by age of woman (Percent)","Currently married by age of woman (Percent)","Estimates and Projections of Women of Reproductive Age Who Are Married or in a Union 2024",2024,"United Nations Population Division",638,"Réunion","RE","REU",65,"2014",4,"Median",2,"Female",67,15,19,"15-19",100,"Married or in a union women",1,"Model-based Estimates",2,"Interpolation",2.86
44,"Currently married by age of woman (Percent)","Currently married by age of woman (Percent)","Estimates and Projections of Women of Reproductive Age Who Are Married or in a Union 2024",2024,"United Nations Population Division",638,"Réunion","RE","REU",66,"2015",4,"Median",2,"Female",67,15,19,"15-19",100,"Married or in a union women",1,"Model-based Estimates",2,"Interpolation",2.72
44,"Currently married by age of woman (Percent)","Currently married by age of woman (Percent)","Estimates and Projections of Women of Reproductive Age Who Are Married or in a Union 2024",2024,"United Nations Population Division",638,"Réunion","RE","REU",67,"2016",4,"Median",2,"Female",67,15,19,"15-19",100,"Married or in a union women",1,"Model-based Estimates",2,"Interpolation",2.57
44,"Currently married by age of woman (Percent)","Currently married by age of woman (Percent)","Estimates and Projections of Women of Reproductive Age Who Are Married or in a Union 2024",2024,"United Nations Population Division",638,"Réunion","RE","REU",68,"2017",4,"Median",2,"Female",67,15,19,"15-19",100,"Married or in a union women",1,"Model-based Estimates",2,"Interpolation",2.43
44,"Currently married by age of woman (Percent)","Currently married by age of woman (Percent)","Estimates and Projections of Women of Reproductive Age Who Are Married or in a Union 2024",2024,"United Nations Population Division",638,"Réunion","RE","REU",69,"2018",4,"Median",2,"Female",67,15,19,"15-19",100,"Married or in a union women",1,"Model-based Estimates",2,"Interpolation",2.29
44,"Currently married by age of woman (Percent)","Currently married by age of woman (Percent)","Estimates and Projections of Women of Reproductive Age Who Are Married or in a Union 2024",2024,"United Nations Population Division",638,"Réunion","RE","REU",70,"2019",4,"Median",2,"Female",67,15,19,"15-19",100,"Married or in a union women",1,"Model-based Estimates",2,"Interpolation",2.14
44,"Currently married by age of woman (Percent)","Currently married by age of woman (Percent)","Estimates and Projections of Women of Reproductive Age Who Are Married or in a Union 2024",2024,"United Nations Population Division",638,"Réunion","RE","REU",71,"2020",4,"Median",2,"Female",67,15,19,"15-19",100,"Married or in a union women",1,"Model-based Estimates",2,"Interpolation",2
44,"Currently married by age of woman (Percent)","Currently married by age of woman (Percent)","Estimates and Projections of Women of Reproductive Age Who Are Married or in a Union 2024",2024,"United Nations Population Division",638,"Réunion","RE","REU",72,"2021",4,"Median",2,"Female",67,15,19,"15-19",100,"Married or in a union women",1,"Model-based Estimates",3,"Projection",1.94
44,"Currently married by age of woman (Percent)","Currently married by age of woman (Percent)","Estimates and Projections of Women of Reproductive Age Who Are Married or in a Union 2024",2024,"United Nations Population Division",638,"Réunion","RE","REU",73,"2022",4,"Median",2,"Female",67,15,19,"15-19",100,"Married or in a union women",1,"Model-based Estimates",3,"Projection",1.88
44,"Currently married by age of woman (Percent)","Currently married by age of woman (Percent)","Estimates and Projections of Women of Reproductive Age Who Are Married or in a Union 2024",2024,"United Nations Population Division",646,"Rwanda","RW","RWA",59,"2008",4,"Median",2,"Female",67,15,19,"15-19",100,"Married or in a union women",1,"Model-based Estimates",2,"Interpolation",4.86
44,"Currently married by age of woman (Percent)","Currently married by age of woman (Percent)","Estimates and Projections of Women of Reproductive Age Who Are Married or in a Union 2024",2024,"United Nations Population Division",646,"Rwanda","RW","RWA",60,"2009",4,"Median",2,"Female",67,15,19,"15-19",100,"Married or in a union women",1,"Model-based Estimates",2,"Interpolation",4.64
44,"Currently married by age of woman (Percent)","Currently married by age of woman (Percent)","Estimates and Projections of Women of Reproductive Age Who Are Married or in a Union 2024",2024,"United Nations Population Division",646,"Rwanda","RW","RWA",61,"2010",4,"Median",2,"Female",67,15,19,"15-19",100,"Married or in a union women",1,"Model-based Estimates",2,"Interpolation",4.43
44,"Currently married by age of woman (Percent)","Currently married by age of woman (Percent)","Estimates and Projections of Women of Reproductive Age Who Are Married or in a Union 2024",2024,"United Nations Population Division",646,"Rwanda","RW","RWA",62,"2011",4,"Median",2,"Female",67,15,19,"15-19",100,"Married or in a union women",1,"Model-based Estimates",2,"Interpolation",4.21
44,"Currently married by age of woman (Percent)","Currently married by age of woman (Percent)","Estimates and Projections of Women of Reproductive Age Who Are Married or in a Union 2024",2024,"United Nations Population Division",646,"Rwanda","RW","RWA",63,"2012",4,"Median",2,"Female",67,15,19,"15-19",100,"Married or in a union women",1,"Model-based Estimates",2,"Interpolation",3.99
44,"Currently married by age of woman (Percent)","Currently married by age of woman (Percent)","Estimates and Projections of Women of Reproductive Age Who Are Married or in a Union 2024",2024,"United Nations Population Division",646,"Rwanda","RW","RWA",64,"2013",4,"Median",2,"Female",67,15,19,"15-19",100,"Married or in a union women",1,"Model-based Estimates",2,"Interpolation",3.77
44,"Currently married by age of woman (Percent)","Currently married by age of woman (Percent)","Estimates and Projections of Women of Reproductive Age Who Are Married or in a Union 2024",2024,"United Nations Population Division",646,"Rwanda","RW","RWA",65,"2014",4,"Median",2,"Female",67,15,19,"15-19",100,"Married or in a union women",1,"Model-based Estimates",2,"Interpolation",3.56
44,"Currently married by age of woman (Percent)","Currently married by age of woman (Percent)","Estimates and Projections of Women of Reproductive Age Who Are Married or in a Union 2024",2024,"United Nations Population Division",646,"Rwanda","RW","RWA",66,"2015",4,"Median",2,"Female",67,15,19,"15-19",100,"Married or in a union women",1,"Model-based Estimates",2,"Interpolation",3.34
44,"Currently married by age of woman (Percent)","Currently married by age of woman (Percent)","Estimates and Projections of Women of Reproductive Age Who Are Married or in a Union 2024",2024,"United Nations Population Division",646,"Rwanda","RW","RWA",67,"2016",4,"Median",2,"Female",67,15,19,"15-19",100,"Married or in a union women",1,"Model-based Estimates",2,"Interpolation",3.12
44,"Currently married by age of woman (Percent)","Currently married by age of woman (Percent)","Estimates and Projections of Women of Reproductive Age Who Are Married or in a Union 2024",2024,"United Nations Population Division",646,"Rwanda","RW","RWA",68,"2017",4,"Median",2,"Female",67,15,19,"15-19",100,"Married or in a union women",1,"Model-based Estimates",2,"Interpolation",2.9
44,"Currently married by age of woman (Percent)","Currently married by age of woman (Percent)","Estimates and Projections of Women of Reproductive Age Who Are Married or in a Union 2024",2024,"United Nations Population Division",646,"Rwanda","RW","RWA",69,"2018",4,"Median",2,"Female",67,15,19,"15-19",100,"Married or in a union women",1,"Model-based Estimates",2,"Interpolation",2.69
44,"Currently married by age of woman (Percent)","Currently married by age of woman (Percent)","Estimates and Projections of Women of Reproductive Age Who Are Married or in a Union 2024",2024,"United Nations Population Division",646,"Rwanda","RW","RWA",70,"2019",4,"Median",2,"Female",67,15,19,"15-19",100,"Married or in a union women",1,"Model-based Estimates",2,"Interpolation",2.47
44,"Currently married by age of woman (Percent)","Currently married by age of woman (Percent)","Estimates and Projections of Women of Reproductive Age Who Are Married or in a Union 2024",2024,"United Nations Population Division",646,"Rwanda","RW","RWA",71,"2020",4,"Median",2,"Female",67,15,19,"15-19",100,"Married or in a union women",1,"Model-based Estimates",2,"Interpolation",2.25
44,"Currently married by age of woman (Percent)","Currently married by age of woman (Percent)","Estimates and Projections of Women of Reproductive Age Who Are Married or in a Union 2024",2024,"United Nations Population Division",646,"Rwanda","RW","RWA",72,"2021",4,"Median",2,"Female",67,15,19,"15-19",100,"Married or in a union women",1,"Model-based Estimates",2,"Interpolation",2.14
44,"Currently married by age of woman (Percent)","Currently married by age of woman (Percent)","Estimates and Projections of Women of Reproductive Age Who Are Married or in a Union 2024",2024,"United Nations Population Division",646,"Rwanda","RW","RWA",73,"2022",4,"Median",2,"Female",67,15,19,"15-19",100,"Married or in a union women",1,"Model-based Estimates",2,"Interpolation",2.03
44,"Currently married by age of woman (Percent)","Currently married by age of woman (Percent)","Estimates and Projections of Women of Reproductive Age Who Are Married or in a Union 2024",2024,"United Nations Population Division",678,"Sao Tome and Principe","ST","STP",59,"2008",4,"Median",2,"Female",67,15,19,"15-19",100,"Married or in a union women",1,"Model-based Estimates",2,"Interpolation",15.45
44,"Currently married by age of woman (Percent)","Currently married by age of woman (Percent)","Estimates and Projections of Women of Reproductive Age Who Are Married or in a Union 2024",2024,"United Nations Population Division",678,"Sao Tome and Principe","ST","STP",60,"2009",4,"Median",2,"Female",67,15,19,"15-19",100,"Married or in a union women",1,"Model-based Estimates",2,"Interpolation",15.13
44,"Currently married by age of woman (Percent)","Currently married by age of woman (Percent)","Estimates and Projections of Women of Reproductive Age Who Are Married or in a Union 2024",2024,"United Nations Population Division",678,"Sao Tome and Principe","ST","STP",61,"2010",4,"Median",2,"Female",67,15,19,"15-19",100,"Married or in a union women",1,"Model-based Estimates",2,"Interpolation",14.81
44,"Currently married by age of woman (Percent)","Currently married by age of woman (Percent)","Estimates and Projections of Women of Reproductive Age Who Are Married or in a Union 2024",2024,"United Nations Population Division",678,"Sao Tome and Principe","ST","STP",62,"2011",4,"Median",2,"Female",67,15,19,"15-19",100,"Married or in a union women",1,"Model-based Estimates",2,"Interpolation",14.49
44,"Currently married by age of woman (Percent)","Currently married by age of woman (Percent)","Estimates and Projections of Women of Reproductive Age Who Are Married or in a Union 2024",2024,"United Nations Population Division",678,"Sao Tome and Principe","ST","STP",63,"2012",4,"Median",2,"Female",67,15,19,"15-19",100,"Married or in a union women",1,"Model-based Estimates",2,"Interpolation",14.17
44,"Currently married by age of woman (Percent)","Currently married by age of woman (Percent)","Estimates and Projections of Women of Reproductive Age Who Are Married or in a Union 2024",2024,"United Nations Population Division",678,"Sao Tome and Principe","ST","STP",64,"2013",4,"Median",2,"Female",67,15,19,"15-19",100,"Married or in a union women",1,"Model-based Estimates",2,"Interpolation",13.85
44,"Currently married by age of woman (Percent)","Currently married by age of woman (Percent)","Estimates and Projections of Women of Reproductive Age Who Are Married or in a Union 2024",2024,"United Nations Population Division",678,"Sao Tome and Principe","ST","STP",65,"2014",4,"Median",2,"Female",67,15,19,"15-19",100,"Married or in a union women",1,"Model-based Estimates",2,"Interpolation",13.53
44,"Currently married by age of woman (Percent)","Currently married by age of woman (Percent)","Estimates and Projections of Women of Reproductive Age Who Are Married or in a Union 2024",2024,"United Nations Population Division",678,"Sao Tome and Principe","ST","STP",66,"2015",4,"Median",2,"Female",67,15,19,"15-19",100,"Married or in a union women",1,"Model-based Estimates",2,"Interpolation",13.21
44,"Currently married by age of woman (Percent)","Currently married by age of woman (Percent)","Estimates and Projections of Women of Reproductive Age Who Are Married or in a Union 2024",2024,"United Nations Population Division",678,"Sao Tome and Principe","ST","STP",67,"2016",4,"Median",2,"Female",67,15,19,"15-19",100,"Married or in a union women",1,"Model-based Estimates",2,"Interpolation",12.89
44,"Currently married by age of woman (Percent)","Currently married by age of woman (Percent)","Estimates and Projections of Women of Reproductive Age Who Are Married or in a Union 2024",2024,"United Nations Population Division",678,"Sao Tome and Principe","ST","STP",68,"2017",4,"Median",2,"Female",67,15,19,"15-19",100,"Married or in a union women",1,"Model-based Estimates",2,"Interpolation",12.57
44,"Currently married by age of woman (Percent)","Currently married by age of woman (Percent)","Estimates and Projections of Women of Reproductive Age Who Are Married or in a Union 2024",2024,"United Nations Population Division",678,"Sao Tome and Principe","ST","STP",69,"2018",4,"Median",2,"Female",67,15,19,"15-19",100,"Married or in a union women",1,"Model-based Estimates",2,"Interpolation",12.25
44,"Currently married by age of woman (Percent)","Currently married by age of woman (Percent)","Estimates and Projections of Women of Reproductive Age Who Are Married or in a Union 2024",2024,"United Nations Population Division",678,"Sao Tome and Principe","ST","STP",70,"2019",4,"Median",2,"Female",67,15,19,"15-19",100,"Married or in a union women",1,"Model-based Estimates",2,"Interpolation",11.92
44,"Currently married by age of woman (Percent)","Currently married by age of woman (Percent)","Estimates and Projections of Women of Reproductive Age Who Are Married or in a Union 2024",2024,"United Nations Population Division",678,"Sao Tome and Principe","ST","STP",71,"2020",4,"Median",2,"Female",67,15,19,"15-19",100,"Married or in a union women",1,"Model-based Estimates",3,"Projection",11.69
44,"Currently married by age of woman (Percent)","Currently married by age of woman (Percent)","Estimates and Projections of Women of Reproductive Age Who Are Married or in a Union 2024",2024,"United Nations Population Division",678,"Sao Tome and Principe","ST","STP",72,"2021",4,"Median",2,"Female",67,15,19,"15-19",100,"Married or in a union women",1,"Model-based Estimates",3,"Projection",11.46
44,"Currently married by age of woman (Percent)","Currently married by age of woman (Percent)","Estimates and Projections of Women of Reproductive Age Who Are Married or in a Union 2024",2024,"United Nations Population Division",678,"Sao Tome and Principe","ST","STP",73,"2022",4,"Median",2,"Female",67,15,19,"15-19",100,"Married or in a union women",1,"Model-based Estimates",3,"Projection",11.23
44,"Currently married by age of woman (Percent)","Currently married by age of woman (Percent)","Estimates and Projections of Women of Reproductive Age Who Are Married or in a Union 2024",2024,"United Nations Population Division",686,"Senegal","SN","SEN",59,"2008",4,"Median",2,"Female",67,15,19,"15-19",100,"Married or in a union women",1,"Model-based Estimates",2,"Interpolation",25.06
44,"Currently married by age of woman (Percent)","Currently married by age of woman (Percent)","Estimates and Projections of Women of Reproductive Age Who Are Married or in a Union 2024",2024,"United Nations Population Division",686,"Senegal","SN","SEN",60,"2009",4,"Median",2,"Female",67,15,19,"15-19",100,"Married or in a union women",1,"Model-based Estimates",2,"Interpolation",24.68
44,"Currently married by age of woman (Percent)","Currently married by age of woman (Percent)","Estimates and Projections of Women of Reproductive Age Who Are Married or in a Union 2024",2024,"United Nations Population Division",686,"Senegal","SN","SEN",61,"2010",4,"Median",2,"Female",67,15,19,"15-19",100,"Married or in a union women",1,"Model-based Estimates",2,"Interpolation",24.3
44,"Currently married by age of woman (Percent)","Currently married by age of woman (Percent)","Estimates and Projections of Women of Reproductive Age Who Are Married or in a Union 2024",2024,"United Nations Population Division",686,"Senegal","SN","SEN",62,"2011",4,"Median",2,"Female",67,15,19,"15-19",100,"Married or in a union women",1,"Model-based Estimates",2,"Interpolation",23.88
44,"Currently married by age of woman (Percent)","Currently married by age of woman (Percent)","Estimates and Projections of Women of Reproductive Age Who Are Married or in a Union 2024",2024,"United Nations Population Division",686,"Senegal","SN","SEN",63,"2012",4,"Median",2,"Female",67,15,19,"15-19",100,"Married or in a union women",1,"Model-based Estimates",2,"Interpolation",23.45
44,"Currently married by age of woman (Percent)","Currently married by age of woman (Percent)","Estimates and Projections of Women of Reproductive Age Who Are Married or in a Union 2024",2024,"United Nations Population Division",686,"Senegal","SN","SEN",64,"2013",4,"Median",2,"Female",67,15,19,"15-19",100,"Married or in a union women",1,"Model-based Estimates",2,"Interpolation",23.03
44,"Currently married by age of woman (Percent)","Currently married by age of woman (Percent)","Estimates and Projections of Women of Reproductive Age Who Are Married or in a Union 2024",2024,"United Nations Population Division",686,"Senegal","SN","SEN",65,"2014",4,"Median",2,"Female",67,15,19,"15-19",100,"Married or in a union women",1,"Model-based Estimates",2,"Interpolation",22.61
44,"Currently married by age of woman (Percent)","Currently married by age of woman (Percent)","Estimates and Projections of Women of Reproductive Age Who Are Married or in a Union 2024",2024,"United Nations Population Division",686,"Senegal","SN","SEN",66,"2015",4,"Median",2,"Female",67,15,19,"15-19",100,"Married or in a union women",1,"Model-based Estimates",2,"Interpolation",22.18
44,"Currently married by age of woman (Percent)","Currently married by age of woman (Percent)","Estimates and Projections of Women of Reproductive Age Who Are Married or in a Union 2024",2024,"United Nations Population Division",686,"Senegal","SN","SEN",67,"2016",4,"Median",2,"Female",67,15,19,"15-19",100,"Married or in a union women",1,"Model-based Estimates",2,"Interpolation",21.76
44,"Currently married by age of woman (Percent)","Currently married by age of woman (Percent)","Estimates and Projections of Women of Reproductive Age Who Are Married or in a Union 2024",2024,"United Nations Population Division",686,"Senegal","SN","SEN",68,"2017",4,"Median",2,"Female",67,15,19,"15-19",100,"Married or in a union women",1,"Model-based Estimates",2,"Interpolation",21.34
44,"Currently married by age of woman (Percent)","Currently married by age of woman (Percent)","Estimates and Projections of Women of Reproductive Age Who Are Married or in a Union 2024",2024,"United Nations Population Division",686,"Senegal","SN","SEN",69,"2018",4,"Median",2,"Female",67,15,19,"15-19",100,"Married or in a union women",1,"Model-based Estimates",2,"Interpolation",20.92
44,"Currently married by age of woman (Percent)","Currently married by age of woman (Percent)","Estimates and Projections of Women of Reproductive Age Who Are Married or in a Union 2024",2024,"United Nations Population Division",686,"Senegal","SN","SEN",70,"2019",4,"Median",2,"Female",67,15,19,"15-19",100,"Married or in a union women",1,"Model-based Estimates",2,"Interpolation",20.49
44,"Currently married by age of woman (Percent)","Currently married by age of woman (Percent)","Estimates and Projections of Women of Reproductive Age Who Are Married or in a Union 2024",2024,"United Nations Population Division",686,"Senegal","SN","SEN",71,"2020",4,"Median",2,"Female",67,15,19,"15-19",100,"Married or in a union women",1,"Model-based Estimates",2,"Interpolation",20.07
44,"Currently married by age of woman (Percent)","Currently married by age of woman (Percent)","Estimates and Projections of Women of Reproductive Age Who Are Married or in a Union 2024",2024,"United Nations Population Division",686,"Senegal","SN","SEN",72,"2021",4,"Median",2,"Female",67,15,19,"15-19",100,"Married or in a union women",1,"Model-based Estimates",2,"Interpolation",19.65
44,"Currently married by age of woman (Percent)","Currently married by age of woman (Percent)","Estimates and Projections of Women of Reproductive Age Who Are Married or in a Union 2024",2024,"United Nations Population Division",686,"Senegal","SN","SEN",73,"2022",4,"Median",2,"Female",67,15,19,"15-19",100,"Married or in a union women",1,"Model-based Estimates",2,"Interpolation",19.22
44,"Currently married by age of woman (Percent)","Currently married by age of woman (Percent)","Estimates and Projections of Women of Reproductive Age Who Are Married or in a Union 2024",2024,"United Nations Population Division",690,"Seychelles","SC","SYC",59,"2008",4,"Median",2,"Female",67,15,19,"15-19",100,"Married or in a union women",1,"Model-based Estimates",2,"Interpolation",5.98
44,"Currently married by age of woman (Percent)","Currently married by age of woman (Percent)","Estimates and Projections of Women of Reproductive Age Who Are Married or in a Union 2024",2024,"United Nations Population Division",690,"Seychelles","SC","SYC",60,"2009",4,"Median",2,"Female",67,15,19,"15-19",100,"Married or in a union women",1,"Model-based Estimates",2,"Interpolation",5.92
44,"Currently married by age of woman (Percent)","Currently married by age of woman (Percent)","Estimates and Projections of Women of Reproductive Age Who Are Married or in a Union 2024",2024,"United Nations Population Division",690,"Seychelles","SC","SYC",61,"2010",4,"Median",2,"Female",67,15,19,"15-19",100,"Married or in a union women",1,"Model-based Estimates",2,"Interpolation",5.87
44,"Currently married by age of woman (Percent)","Currently married by age of woman (Percent)","Estimates and Projections of Women of Reproductive Age Who Are Married or in a Union 2024",2024,"United Nations Population Division",690,"Seychelles","SC","SYC",62,"2011",4,"Median",2,"Female",67,15,19,"15-19",100,"Married or in a union women",1,"Model-based Estimates",2,"Interpolation",5.81
44,"Currently married by age of woman (Percent)","Currently married by age of woman (Percent)","Estimates and Projections of Women of Reproductive Age Who Are Married or in a Union 2024",2024,"United Nations Population Division",690,"Seychelles","SC","SYC",63,"2012",4,"Median",2,"Female",67,15,19,"15-19",100,"Married or in a union women",1,"Model-based Estimates",2,"Interpolation",5.76
44,"Currently married by age of woman (Percent)","Currently married by age of woman (Percent)","Estimates and Projections of Women of Reproductive Age Who Are Married or in a Union 2024",2024,"United Nations Population Division",690,"Seychelles","SC","SYC",64,"2013",4,"Median",2,"Female",67,15,19,"15-19",100,"Married or in a union women",1,"Model-based Estimates",2,"Interpolation",5.7
44,"Currently married by age of woman (Percent)","Currently married by age of woman (Percent)","Estimates and Projections of Women of Reproductive Age Who Are Married or in a Union 2024",2024,"United Nations Population Division",690,"Seychelles","SC","SYC",65,"2014",4,"Median",2,"Female",67,15,19,"15-19",100,"Married or in a union women",1,"Model-based Estimates",2,"Interpolation",5.64
44,"Currently married by age of woman (Percent)","Currently married by age of woman (Percent)","Estimates and Projections of Women of Reproductive Age Who Are Married or in a Union 2024",2024,"United Nations Population Division",690,"Seychelles","SC","SYC",66,"2015",4,"Median",2,"Female",67,15,19,"15-19",100,"Married or in a union women",1,"Model-based Estimates",2,"Interpolation",5.59
44,"Currently married by age of woman (Percent)","Currently married by age of woman (Percent)","Estimates and Projections of Women of Reproductive Age Who Are Married or in a Union 2024",2024,"United Nations Population Division",690,"Seychelles","SC","SYC",67,"2016",4,"Median",2,"Female",67,15,19,"15-19",100,"Married or in a union women",1,"Model-based Estimates",2,"Interpolation",5.53
44,"Currently married by age of woman (Percent)","Currently married by age of woman (Percent)","Estimates and Projections of Women of Reproductive Age Who Are Married or in a Union 2024",2024,"United Nations Population Division",690,"Seychelles","SC","SYC",68,"2017",4,"Median",2,"Female",67,15,19,"15-19",100,"Married or in a union women",1,"Model-based Estimates",2,"Interpolation",5.48
44,"Currently married by age of woman (Percent)","Currently married by age of woman (Percent)","Estimates and Projections of Women of Reproductive Age Who Are Married or in a Union 2024",2024,"United Nations Population Division",690,"Seychelles","SC","SYC",69,"2018",4,"Median",2,"Female",67,15,19,"15-19",100,"Married or in a union women",1,"Model-based Estimates",2,"Interpolation",5.42
44,"Currently married by age of woman (Percent)","Currently married by age of woman (Percent)","Estimates and Projections of Women of Reproductive Age Who Are Married or in a Union 2024",2024,"United Nations Population Division",690,"Seychelles","SC","SYC",70,"2019",4,"Median",2,"Female",67,15,19,"15-19",100,"Married or in a union women",1,"Model-based Estimates",2,"Interpolation",5.37
44,"Currently married by age of woman (Percent)","Currently married by age of woman (Percent)","Estimates and Projections of Women of Reproductive Age Who Are Married or in a Union 2024",2024,"United Nations Population Division",690,"Seychelles","SC","SYC",71,"2020",4,"Median",2,"Female",67,15,19,"15-19",100,"Married or in a union women",1,"Model-based Estimates",2,"Interpolation",5.31
44,"Currently married by age of woman (Percent)","Currently married by age of woman (Percent)","Estimates and Projections of Women of Reproductive Age Who Are Married or in a Union 2024",2024,"United Nations Population Division",690,"Seychelles","SC","SYC",72,"2021",4,"Median",2,"Female",67,15,19,"15-19",100,"Married or in a union women",1,"Model-based Estimates",2,"Interpolation",5.26
44,"Currently married by age of woman (Percent)","Currently married by age of woman (Percent)","Estimates and Projections of Women of Reproductive Age Who Are Married or in a Union 2024",2024,"United Nations Population Division",690,"Seychelles","SC","SYC",73,"2022",4,"Median",2,"Female",67,15,19,"15-19",100,"Married or in a union women",1,"Model-based Estimates",2,"Interpolation",5.2
44,"Currently married by age of woman (Percent)","Currently married by age of woman (Percent)","Estimates and Projections of Women of Reproductive Age Who Are Married or in a Union 2024",2024,"United Nations Population Division",694,"Sierra Leone","SL","SLE",59,"2008",4,"Median",2,"Female",67,15,19,"15-19",100,"Married or in a union women",1,"Model-based Estimates",2,"Interpolation",29.9
44,"Currently married by age of woman (Percent)","Currently married by age of woman (Percent)","Estimates and Projections of Women of Reproductive Age Who Are Married or in a Union 2024",2024,"United Nations Population Division",694,"Sierra Leone","SL","SLE",60,"2009",4,"Median",2,"Female",67,15,19,"15-19",100,"Married or in a union women",1,"Model-based Estimates",2,"Interpolation",28.45
44,"Currently married by age of woman (Percent)","Currently married by age of woman (Percent)","Estimates and Projections of Women of Reproductive Age Who Are Married or in a Union 2024",2024,"United Nations Population Division",694,"Sierra Leone","SL","SLE",61,"2010",4,"Median",2,"Female",67,15,19,"15-19",100,"Married or in a union women",1,"Model-based Estimates",2,"Interpolation",27
44,"Currently married by age of woman (Percent)","Currently married by age of woman (Percent)","Estimates and Projections of Women of Reproductive Age Who Are Married or in a Union 2024",2024,"United Nations Population Division",694,"Sierra Leone","SL","SLE",62,"2011",4,"Median",2,"Female",67,15,19,"15-19",100,"Married or in a union women",1,"Model-based Estimates",2,"Interpolation",25.55
44,"Currently married by age of woman (Percent)","Currently married by age of woman (Percent)","Estimates and Projections of Women of Reproductive Age Who Are Married or in a Union 2024",2024,"United Nations Population Division",694,"Sierra Leone","SL","SLE",63,"2012",4,"Median",2,"Female",67,15,19,"15-19",100,"Married or in a union women",1,"Model-based Estimates",2,"Interpolation",24.09
44,"Currently married by age of woman (Percent)","Currently married by age of woman (Percent)","Estimates and Projections of Women of Reproductive Age Who Are Married or in a Union 2024",2024,"United Nations Population Division",694,"Sierra Leone","SL","SLE",64,"2013",4,"Median",2,"Female",67,15,19,"15-19",100,"Married or in a union women",1,"Model-based Estimates",2,"Interpolation",22.64
44,"Currently married by age of woman (Percent)","Currently married by age of woman (Percent)","Estimates and Projections of Women of Reproductive Age Who Are Married or in a Union 2024",2024,"United Nations Population Division",694,"Sierra Leone","SL","SLE",65,"2014",4,"Median",2,"Female",67,15,19,"15-19",100,"Married or in a union women",1,"Model-based Estimates",2,"Interpolation",21.19
44,"Currently married by age of woman (Percent)","Currently married by age of woman (Percent)","Estimates and Projections of Women of Reproductive Age Who Are Married or in a Union 2024",2024,"United Nations Population Division",694,"Sierra Leone","SL","SLE",66,"2015",4,"Median",2,"Female",67,15,19,"15-19",100,"Married or in a union women",1,"Model-based Estimates",2,"Interpolation",19.74
44,"Currently married by age of woman (Percent)","Currently married by age of woman (Percent)","Estimates and Projections of Women of Reproductive Age Who Are Married or in a Union 2024",2024,"United Nations Population Division",694,"Sierra Leone","SL","SLE",67,"2016",4,"Median",2,"Female",67,15,19,"15-19",100,"Married or in a union women",1,"Model-based Estimates",2,"Interpolation",18.29
44,"Currently married by age of woman (Percent)","Currently married by age of woman (Percent)","Estimates and Projections of Women of Reproductive Age Who Are Married or in a Union 2024",2024,"United Nations Population Division",694,"Sierra Leone","SL","SLE",68,"2017",4,"Median",2,"Female",67,15,19,"15-19",100,"Married or in a union women",1,"Model-based Estimates",2,"Interpolation",16.84
44,"Currently married by age of woman (Percent)","Currently married by age of woman (Percent)","Estimates and Projections of Women of Reproductive Age Who Are Married or in a Union 2024",2024,"United Nations Population Division",694,"Sierra Leone","SL","SLE",69,"2018",4,"Median",2,"Female",67,15,19,"15-19",100,"Married or in a union women",1,"Model-based Estimates",2,"Interpolation",15.38
44,"Currently married by age of woman (Percent)","Currently married by age of woman (Percent)","Estimates and Projections of Women of Reproductive Age Who Are Married or in a Union 2024",2024,"United Nations Population Division",694,"Sierra Leone","SL","SLE",70,"2019",4,"Median",2,"Female",67,15,19,"15-19",100,"Married or in a union women",1,"Model-based Estimates",2,"Interpolation",13.93
44,"Currently married by age of woman (Percent)","Currently married by age of woman (Percent)","Estimates and Projections of Women of Reproductive Age Who Are Married or in a Union 2024",2024,"United Nations Population Division",694,"Sierra Leone","SL","SLE",71,"2020",4,"Median",2,"Female",67,15,19,"15-19",100,"Married or in a union women",1,"Model-based Estimates",3,"Projection",12.93
44,"Currently married by age of woman (Percent)","Currently married by age of woman (Percent)","Estimates and Projections of Women of Reproductive Age Who Are Married or in a Union 2024",2024,"United Nations Population Division",694,"Sierra Leone","SL","SLE",72,"2021",4,"Median",2,"Female",67,15,19,"15-19",100,"Married or in a union women",1,"Model-based Estimates",3,"Projection",12.01
44,"Currently married by age of woman (Percent)","Currently married by age of woman (Percent)","Estimates and Projections of Women of Reproductive Age Who Are Married or in a Union 2024",2024,"United Nations Population Division",694,"Sierra Leone","SL","SLE",73,"2022",4,"Median",2,"Female",67,15,19,"15-19",100,"Married or in a union women",1,"Model-based Estimates",3,"Projection",11.19
44,"Currently married by age of woman (Percent)","Currently married by age of woman (Percent)","Estimates and Projections of Women of Reproductive Age Who Are Married or in a Union 2024",2024,"United Nations Population Division",706,"Somalia","SO","SOM",59,"2008",4,"Median",2,"Female",67,15,19,"15-19",100,"Married or in a union women",1,"Model-based Estimates",2,"Interpolation",21.8
44,"Currently married by age of woman (Percent)","Currently married by age of woman (Percent)","Estimates and Projections of Women of Reproductive Age Who Are Married or in a Union 2024",2024,"United Nations Population Division",706,"Somalia","SO","SOM",60,"2009",4,"Median",2,"Female",67,15,19,"15-19",100,"Married or in a union women",1,"Model-based Estimates",2,"Interpolation",21.45
44,"Currently married by age of woman (Percent)","Currently married by age of woman (Percent)","Estimates and Projections of Women of Reproductive Age Who Are Married or in a Union 2024",2024,"United Nations Population Division",706,"Somalia","SO","SOM",61,"2010",4,"Median",2,"Female",67,15,19,"15-19",100,"Married or in a union women",1,"Model-based Estimates",2,"Interpolation",21.11
44,"Currently married by age of woman (Percent)","Currently married by age of woman (Percent)","Estimates and Projections of Women of Reproductive Age Who Are Married or in a Union 2024",2024,"United Nations Population Division",706,"Somalia","SO","SOM",62,"2011",4,"Median",2,"Female",67,15,19,"15-19",100,"Married or in a union women",1,"Model-based Estimates",2,"Interpolation",20.76
44,"Currently married by age of woman (Percent)","Currently married by age of woman (Percent)","Estimates and Projections of Women of Reproductive Age Who Are Married or in a Union 2024",2024,"United Nations Population Division",706,"Somalia","SO","SOM",63,"2012",4,"Median",2,"Female",67,15,19,"15-19",100,"Married or in a union women",1,"Model-based Estimates",2,"Interpolation",20.42
44,"Currently married by age of woman (Percent)","Currently married by age of woman (Percent)","Estimates and Projections of Women of Reproductive Age Who Are Married or in a Union 2024",2024,"United Nations Population Division",706,"Somalia","SO","SOM",64,"2013",4,"Median",2,"Female",67,15,19,"15-19",100,"Married or in a union women",1,"Model-based Estimates",2,"Interpolation",20.07
44,"Currently married by age of woman (Percent)","Currently married by age of woman (Percent)","Estimates and Projections of Women of Reproductive Age Who Are Married or in a Union 2024",2024,"United Nations Population Division",706,"Somalia","SO","SOM",65,"2014",4,"Median",2,"Female",67,15,19,"15-19",100,"Married or in a union women",1,"Model-based Estimates",2,"Interpolation",19.73
44,"Currently married by age of woman (Percent)","Currently married by age of woman (Percent)","Estimates and Projections of Women of Reproductive Age Who Are Married or in a Union 2024",2024,"United Nations Population Division",706,"Somalia","SO","SOM",66,"2015",4,"Median",2,"Female",67,15,19,"15-19",100,"Married or in a union women",1,"Model-based Estimates",2,"Interpolation",19.38
44,"Currently married by age of woman (Percent)","Currently married by age of woman (Percent)","Estimates and Projections of Women of Reproductive Age Who Are Married or in a Union 2024",2024,"United Nations Population Division",706,"Somalia","SO","SOM",67,"2016",4,"Median",2,"Female",67,15,19,"15-19",100,"Married or in a union women",1,"Model-based Estimates",2,"Interpolation",19.04
44,"Currently married by age of woman (Percent)","Currently married by age of woman (Percent)","Estimates and Projections of Women of Reproductive Age Who Are Married or in a Union 2024",2024,"United Nations Population Division",706,"Somalia","SO","SOM",68,"2017",4,"Median",2,"Female",67,15,19,"15-19",100,"Married or in a union women",1,"Model-based Estimates",2,"Interpolation",18.69
44,"Currently married by age of woman (Percent)","Currently married by age of woman (Percent)","Estimates and Projections of Women of Reproductive Age Who Are Married or in a Union 2024",2024,"United Nations Population Division",706,"Somalia","SO","SOM",69,"2018",4,"Median",2,"Female",67,15,19,"15-19",100,"Married or in a union women",1,"Model-based Estimates",2,"Interpolation",18.35
44,"Currently married by age of woman (Percent)","Currently married by age of woman (Percent)","Estimates and Projections of Women of Reproductive Age Who Are Married or in a Union 2024",2024,"United Nations Population Division",706,"Somalia","SO","SOM",70,"2019",4,"Median",2,"Female",67,15,19,"15-19",100,"Married or in a union women",1,"Model-based Estimates",2,"Interpolation",18
44,"Currently married by age of woman (Percent)","Currently married by age of woman (Percent)","Estimates and Projections of Women of Reproductive Age Who Are Married or in a Union 2024",2024,"United Nations Population Division",706,"Somalia","SO","SOM",71,"2020",4,"Median",2,"Female",67,15,19,"15-19",100,"Married or in a union women",1,"Model-based Estimates",3,"Projection",17.68
44,"Currently married by age of woman (Percent)","Currently married by age of woman (Percent)","Estimates and Projections of Women of Reproductive Age Who Are Married or in a Union 2024",2024,"United Nations Population Division",706,"Somalia","SO","SOM",72,"2021",4,"Median",2,"Female",67,15,19,"15-19",100,"Married or in a union women",1,"Model-based Estimates",3,"Projection",17.36
44,"Currently married by age of woman (Percent)","Currently married by age of woman (Percent)","Estimates and Projections of Women of Reproductive Age Who Are Married or in a Union 2024",2024,"United Nations Population Division",706,"Somalia","SO","SOM",73,"2022",4,"Median",2,"Female",67,15,19,"15-19",100,"Married or in a union women",1,"Model-based Estimates",3,"Projection",17.03
44,"Currently married by age of woman (Percent)","Currently married by age of woman (Percent)","Estimates and Projections of Women of Reproductive Age Who Are Married or in a Union 2024",2024,"United Nations Population Division",710,"South Africa","ZA","ZAF",59,"2008",4,"Median",2,"Female",67,15,19,"15-19",100,"Married or in a union women",1,"Model-based Estimates",2,"Interpolation",2.81
44,"Currently married by age of woman (Percent)","Currently married by age of woman (Percent)","Estimates and Projections of Women of Reproductive Age Who Are Married or in a Union 2024",2024,"United Nations Population Division",710,"South Africa","ZA","ZAF",60,"2009",4,"Median",2,"Female",67,15,19,"15-19",100,"Married or in a union women",1,"Model-based Estimates",2,"Interpolation",2.65
44,"Currently married by age of woman (Percent)","Currently married by age of woman (Percent)","Estimates and Projections of Women of Reproductive Age Who Are Married or in a Union 2024",2024,"United Nations Population Division",710,"South Africa","ZA","ZAF",61,"2010",4,"Median",2,"Female",67,15,19,"15-19",100,"Married or in a union women",1,"Model-based Estimates",2,"Interpolation",2.49
44,"Currently married by age of woman (Percent)","Currently married by age of woman (Percent)","Estimates and Projections of Women of Reproductive Age Who Are Married or in a Union 2024",2024,"United Nations Population Division",710,"South Africa","ZA","ZAF",62,"2011",4,"Median",2,"Female",67,15,19,"15-19",100,"Married or in a union women",1,"Model-based Estimates",2,"Interpolation",2.33
44,"Currently married by age of woman (Percent)","Currently married by age of woman (Percent)","Estimates and Projections of Women of Reproductive Age Who Are Married or in a Union 2024",2024,"United Nations Population Division",710,"South Africa","ZA","ZAF",63,"2012",4,"Median",2,"Female",67,15,19,"15-19",100,"Married or in a union women",1,"Model-based Estimates",2,"Interpolation",2.17
44,"Currently married by age of woman (Percent)","Currently married by age of woman (Percent)","Estimates and Projections of Women of Reproductive Age Who Are Married or in a Union 2024",2024,"United Nations Population Division",710,"South Africa","ZA","ZAF",64,"2013",4,"Median",2,"Female",67,15,19,"15-19",100,"Married or in a union women",1,"Model-based Estimates",2,"Interpolation",2.01
44,"Currently married by age of woman (Percent)","Currently married by age of woman (Percent)","Estimates and Projections of Women of Reproductive Age Who Are Married or in a Union 2024",2024,"United Nations Population Division",710,"South Africa","ZA","ZAF",65,"2014",4,"Median",2,"Female",67,15,19,"15-19",100,"Married or in a union women",1,"Model-based Estimates",2,"Interpolation",1.85
44,"Currently married by age of woman (Percent)","Currently married by age of woman (Percent)","Estimates and Projections of Women of Reproductive Age Who Are Married or in a Union 2024",2024,"United Nations Population Division",710,"South Africa","ZA","ZAF",66,"2015",4,"Median",2,"Female",67,15,19,"15-19",100,"Married or in a union women",1,"Model-based Estimates",2,"Interpolation",1.69
44,"Currently married by age of woman (Percent)","Currently married by age of woman (Percent)","Estimates and Projections of Women of Reproductive Age Who Are Married or in a Union 2024",2024,"United Nations Population Division",710,"South Africa","ZA","ZAF",67,"2016",4,"Median",2,"Female",67,15,19,"15-19",100,"Married or in a union women",1,"Model-based Estimates",2,"Interpolation",1.54
44,"Currently married by age of woman (Percent)","Currently married by age of woman (Percent)","Estimates and Projections of Women of Reproductive Age Who Are Married or in a Union 2024",2024,"United Nations Population Division",710,"South Africa","ZA","ZAF",68,"2017",4,"Median",2,"Female",67,15,19,"15-19",100,"Married or in a union women",1,"Model-based Estimates",2,"Interpolation",1.38
44,"Currently married by age of woman (Percent)","Currently married by age of woman (Percent)","Estimates and Projections of Women of Reproductive Age Who Are Married or in a Union 2024",2024,"United Nations Population Division",710,"South Africa","ZA","ZAF",69,"2018",4,"Median",2,"Female",67,15,19,"15-19",100,"Married or in a union women",1,"Model-based Estimates",2,"Interpolation",1.22
44,"Currently married by age of woman (Percent)","Currently married by age of woman (Percent)","Estimates and Projections of Women of Reproductive Age Who Are Married or in a Union 2024",2024,"United Nations Population Division",710,"South Africa","ZA","ZAF",70,"2019",4,"Median",2,"Female",67,15,19,"15-19",100,"Married or in a union women",1,"Model-based Estimates",2,"Interpolation",1.06
44,"Currently married by age of woman (Percent)","Currently married by age of woman (Percent)","Estimates and Projections of Women of Reproductive Age Who Are Married or in a Union 2024",2024,"United Nations Population Division",710,"South Africa","ZA","ZAF",71,"2020",4,"Median",2,"Female",67,15,19,"15-19",100,"Married or in a union women",1,"Model-based Estimates",2,"Interpolation",0.9
44,"Currently married by age of woman (Percent)","Currently married by age of woman (Percent)","Estimates and Projections of Women of Reproductive Age Who Are Married or in a Union 2024",2024,"United Nations Population Division",710,"South Africa","ZA","ZAF",72,"2021",4,"Median",2,"Female",67,15,19,"15-19",100,"Married or in a union women",1,"Model-based Estimates",3,"Projection",0.83
44,"Currently married by age of woman (Percent)","Currently married by age of woman (Percent)","Estimates and Projections of Women of Reproductive Age Who Are Married or in a Union 2024",2024,"United Nations Population Division",710,"South Africa","ZA","ZAF",73,"2022",4,"Median",2,"Female",67,15,19,"15-19",100,"Married or in a union women",1,"Model-based Estimates",3,"Projection",0.77
44,"Currently married by age of woman (Percent)","Currently married by age of woman (Percent)","Estimates and Projections of Women of Reproductive Age Who Are Married or in a Union 2024",2024,"United Nations Population Division",716,"Zimbabwe","ZW","ZWE",59,"2008",4,"Median",2,"Female",67,15,19,"15-19",100,"Married or in a union women",1,"Model-based Estimates",2,"Interpolation",23.29
44,"Currently married by age of woman (Percent)","Currently married by age of woman (Percent)","Estimates and Projections of Women of Reproductive Age Who Are Married or in a Union 2024",2024,"United Nations Population Division",716,"Zimbabwe","ZW","ZWE",60,"2009",4,"Median",2,"Female",67,15,19,"15-19",100,"Married or in a union women",1,"Model-based Estimates",2,"Interpolation",23.25
44,"Currently married by age of woman (Percent)","Currently married by age of woman (Percent)","Estimates and Projections of Women of Reproductive Age Who Are Married or in a Union 2024",2024,"United Nations Population Division",716,"Zimbabwe","ZW","ZWE",61,"2010",4,"Median",2,"Female",67,15,19,"15-19",100,"Married or in a union women",1,"Model-based Estimates",2,"Interpolation",23.2
44,"Currently married by age of woman (Percent)","Currently married by age of woman (Percent)","Estimates and Projections of Women of Reproductive Age Who Are Married or in a Union 2024",2024,"United Nations Population Division",716,"Zimbabwe","ZW","ZWE",62,"2011",4,"Median",2,"Female",67,15,19,"15-19",100,"Married or in a union women",1,"Model-based Estimates",2,"Interpolation",23.02
44,"Currently married by age of woman (Percent)","Currently married by age of woman (Percent)","Estimates and Projections of Women of Reproductive Age Who Are Married or in a Union 2024",2024,"United Nations Population Division",716,"Zimbabwe","ZW","ZWE",63,"2012",4,"Median",2,"Female",67,15,19,"15-19",100,"Married or in a union women",1,"Model-based Estimates",2,"Interpolation",22.83
44,"Currently married by age of woman (Percent)","Currently married by age of woman (Percent)","Estimates and Projections of Women of Reproductive Age Who Are Married or in a Union 2024",2024,"United Nations Population Division",716,"Zimbabwe","ZW","ZWE",64,"2013",4,"Median",2,"Female",67,15,19,"15-19",100,"Married or in a union women",1,"Model-based Estimates",2,"Interpolation",22.65
44,"Currently married by age of woman (Percent)","Currently married by age of woman (Percent)","Estimates and Projections of Women of Reproductive Age Who Are Married or in a Union 2024",2024,"United Nations Population Division",716,"Zimbabwe","ZW","ZWE",65,"2014",4,"Median",2,"Female",67,15,19,"15-19",100,"Married or in a union women",1,"Model-based Estimates",2,"Interpolation",22.47
44,"Currently married by age of woman (Percent)","Currently married by age of woman (Percent)","Estimates and Projections of Women of Reproductive Age Who Are Married or in a Union 2024",2024,"United Nations Population Division",716,"Zimbabwe","ZW","ZWE",66,"2015",4,"Median",2,"Female",67,15,19,"15-19",100,"Married or in a union women",1,"Model-based Estimates",2,"Interpolation",22.28
44,"Currently married by age of woman (Percent)","Currently married by age of woman (Percent)","Estimates and Projections of Women of Reproductive Age Who Are Married or in a Union 2024",2024,"United Nations Population Division",716,"Zimbabwe","ZW","ZWE",67,"2016",4,"Median",2,"Female",67,15,19,"15-19",100,"Married or in a union women",1,"Model-based Estimates",2,"Interpolation",22.1
44,"Currently married by age of woman (Percent)","Currently married by age of woman (Percent)","Estimates and Projections of Women of Reproductive Age Who Are Married or in a Union 2024",2024,"United Nations Population Division",716,"Zimbabwe","ZW","ZWE",68,"2017",4,"Median",2,"Female",67,15,19,"15-19",100,"Married or in a union women",1,"Model-based Estimates",2,"Interpolation",21.92
44,"Currently married by age of woman (Percent)","Currently married by age of woman (Percent)","Estimates and Projections of Women of Reproductive Age Who Are Married or in a Union 2024",2024,"United Nations Population Division",716,"Zimbabwe","ZW","ZWE",69,"2018",4,"Median",2,"Female",67,15,19,"15-19",100,"Married or in a union women",1,"Model-based Estimates",2,"Interpolation",21.73
44,"Currently married by age of woman (Percent)","Currently married by age of woman (Percent)","Estimates and Projections of Women of Reproductive Age Who Are Married or in a Union 2024",2024,"United Nations Population Division",716,"Zimbabwe","ZW","ZWE",70,"2019",4,"Median",2,"Female",67,15,19,"15-19",100,"Married or in a union women",1,"Model-based Estimates",2,"Interpolation",21.55
44,"Currently married by age of woman (Percent)","Currently married by age of woman (Percent)","Estimates and Projections of Women of Reproductive Age Who Are Married or in a Union 2024",2024,"United Nations Population Division",716,"Zimbabwe","ZW","ZWE",71,"2020",4,"Median",2,"Female",67,15,19,"15-19",100,"Married or in a union women",1,"Model-based Estimates",2,"Interpolation",21.37
44,"Currently married by age of woman (Percent)","Currently married by age of woman (Percent)","Estimates and Projections of Women of Reproductive Age Who Are Married or in a Union 2024",2024,"United Nations Population Division",716,"Zimbabwe","ZW","ZWE",72,"2021",4,"Median",2,"Female",67,15,19,"15-19",100,"Married or in a union women",1,"Model-based Estimates",2,"Interpolation",21.18
44,"Currently married by age of woman (Percent)","Currently married by age of woman (Percent)","Estimates and Projections of Women of Reproductive Age Who Are Married or in a Union 2024",2024,"United Nations Population Division",716,"Zimbabwe","ZW","ZWE",73,"2022",4,"Median",2,"Female",67,15,19,"15-19",100,"Married or in a union women",1,"Model-based Estimates",2,"Interpolation",21
44,"Currently married by age of woman (Percent)","Currently married by age of woman (Percent)","Estimates and Projections of Women of Reproductive Age Who Are Married or in a Union 2024",2024,"United Nations Population Division",728,"South Sudan","SS","SSD",59,"2008",4,"Median",2,"Female",67,15,19,"15-19",100,"Married or in a union women",1,"Model-based Estimates",2,"Interpolation",40.18
44,"Currently married by age of woman (Percent)","Currently married by age of woman (Percent)","Estimates and Projections of Women of Reproductive Age Who Are Married or in a Union 2024",2024,"United Nations Population Division",728,"South Sudan","SS","SSD",60,"2009",4,"Median",2,"Female",67,15,19,"15-19",100,"Married or in a union women",1,"Model-based Estimates",2,"Interpolation",40.16
44,"Currently married by age of woman (Percent)","Currently married by age of woman (Percent)","Estimates and Projections of Women of Reproductive Age Who Are Married or in a Union 2024",2024,"United Nations Population Division",728,"South Sudan","SS","SSD",61,"2010",4,"Median",2,"Female",67,15,19,"15-19",100,"Married or in a union women",1,"Model-based Estimates",2,"Interpolation",40.13
44,"Currently married by age of woman (Percent)","Currently married by age of woman (Percent)","Estimates and Projections of Women of Reproductive Age Who Are Married or in a Union 2024",2024,"United Nations Population Division",728,"South Sudan","SS","SSD",62,"2011",4,"Median",2,"Female",67,15,19,"15-19",100,"Married or in a union women",1,"Model-based Estimates",3,"Projection",40.09
44,"Currently married by age of woman (Percent)","Currently married by age of woman (Percent)","Estimates and Projections of Women of Reproductive Age Who Are Married or in a Union 2024",2024,"United Nations Population Division",728,"South Sudan","SS","SSD",63,"2012",4,"Median",2,"Female",67,15,19,"15-19",100,"Married or in a union women",1,"Model-based Estimates",3,"Projection",39.99
44,"Currently married by age of woman (Percent)","Currently married by age of woman (Percent)","Estimates and Projections of Women of Reproductive Age Who Are Married or in a Union 2024",2024,"United Nations Population Division",728,"South Sudan","SS","SSD",64,"2013",4,"Median",2,"Female",67,15,19,"15-19",100,"Married or in a union women",1,"Model-based Estimates",3,"Projection",39.85
44,"Currently married by age of woman (Percent)","Currently married by age of woman (Percent)","Estimates and Projections of Women of Reproductive Age Who Are Married or in a Union 2024",2024,"United Nations Population Division",728,"South Sudan","SS","SSD",65,"2014",4,"Median",2,"Female",67,15,19,"15-19",100,"Married or in a union women",1,"Model-based Estimates",3,"Projection",39.66
44,"Currently married by age of woman (Percent)","Currently married by age of woman (Percent)","Estimates and Projections of Women of Reproductive Age Who Are Married or in a Union 2024",2024,"United Nations Population Division",728,"South Sudan","SS","SSD",66,"2015",4,"Median",2,"Female",67,15,19,"15-19",100,"Married or in a union women",1,"Model-based Estimates",3,"Projection",39.42
44,"Currently married by age of woman (Percent)","Currently married by age of woman (Percent)","Estimates and Projections of Women of Reproductive Age Who Are Married or in a Union 2024",2024,"United Nations Population Division",728,"South Sudan","SS","SSD",67,"2016",4,"Median",2,"Female",67,15,19,"15-19",100,"Married or in a union women",1,"Model-based Estimates",3,"Projection",39.13
44,"Currently married by age of woman (Percent)","Currently married by age of woman (Percent)","Estimates and Projections of Women of Reproductive Age Who Are Married or in a Union 2024",2024,"United Nations Population Division",728,"South Sudan","SS","SSD",68,"2017",4,"Median",2,"Female",67,15,19,"15-19",100,"Married or in a union women",1,"Model-based Estimates",3,"Projection",38.8
44,"Currently married by age of woman (Percent)","Currently married by age of woman (Percent)","Estimates and Projections of Women of Reproductive Age Who Are Married or in a Union 2024",2024,"United Nations Population Division",728,"South Sudan","SS","SSD",69,"2018",4,"Median",2,"Female",67,15,19,"15-19",100,"Married or in a union women",1,"Model-based Estimates",3,"Projection",38.42
44,"Currently married by age of woman (Percent)","Currently married by age of woman (Percent)","Estimates and Projections of Women of Reproductive Age Who Are Married or in a Union 2024",2024,"United Nations Population Division",728,"South Sudan","SS","SSD",70,"2019",4,"Median",2,"Female",67,15,19,"15-19",100,"Married or in a union women",1,"Model-based Estimates",3,"Projection",38
44,"Currently married by age of woman (Percent)","Currently married by age of woman (Percent)","Estimates and Projections of Women of Reproductive Age Who Are Married or in a Union 2024",2024,"United Nations Population Division",728,"South Sudan","SS","SSD",71,"2020",4,"Median",2,"Female",67,15,19,"15-19",100,"Married or in a union women",1,"Model-based Estimates",3,"Projection",37.53
44,"Currently married by age of woman (Percent)","Currently married by age of woman (Percent)","Estimates and Projections of Women of Reproductive Age Who Are Married or in a Union 2024",2024,"United Nations Population Division",728,"South Sudan","SS","SSD",72,"2021",4,"Median",2,"Female",67,15,19,"15-19",100,"Married or in a union women",1,"Model-based Estimates",3,"Projection",37.02
44,"Currently married by age of woman (Percent)","Currently married by age of woman (Percent)","Estimates and Projections of Women of Reproductive Age Who Are Married or in a Union 2024",2024,"United Nations Population Division",728,"South Sudan","SS","SSD",73,"2022",4,"Median",2,"Female",67,15,19,"15-19",100,"Married or in a union women",1,"Model-based Estimates",3,"Projection",36.46
44,"Currently married by age of woman (Percent)","Currently married by age of woman (Percent)","Estimates and Projections of Women of Reproductive Age Who Are Married or in a Union 2024",2024,"United Nations Population Division",729,"Sudan","SD","SDN",59,"2008",4,"Median",2,"Female",67,15,19,"15-19",100,"Married or in a union women",1,"Model-based Estimates",2,"Interpolation",23.05
44,"Currently married by age of woman (Percent)","Currently married by age of woman (Percent)","Estimates and Projections of Women of Reproductive Age Who Are Married or in a Union 2024",2024,"United Nations Population Division",729,"Sudan","SD","SDN",60,"2009",4,"Median",2,"Female",67,15,19,"15-19",100,"Married or in a union women",1,"Model-based Estimates",2,"Interpolation",22.54
44,"Currently married by age of woman (Percent)","Currently married by age of woman (Percent)","Estimates and Projections of Women of Reproductive Age Who Are Married or in a Union 2024",2024,"United Nations Population Division",729,"Sudan","SD","SDN",61,"2010",4,"Median",2,"Female",67,15,19,"15-19",100,"Married or in a union women",1,"Model-based Estimates",2,"Interpolation",22.02
44,"Currently married by age of woman (Percent)","Currently married by age of woman (Percent)","Estimates and Projections of Women of Reproductive Age Who Are Married or in a Union 2024",2024,"United Nations Population Division",729,"Sudan","SD","SDN",62,"2011",4,"Median",2,"Female",67,15,19,"15-19",100,"Married or in a union women",1,"Model-based Estimates",2,"Interpolation",21.51
44,"Currently married by age of woman (Percent)","Currently married by age of woman (Percent)","Estimates and Projections of Women of Reproductive Age Who Are Married or in a Union 2024",2024,"United Nations Population Division",729,"Sudan","SD","SDN",63,"2012",4,"Median",2,"Female",67,15,19,"15-19",100,"Married or in a union women",1,"Model-based Estimates",2,"Interpolation",21
44,"Currently married by age of woman (Percent)","Currently married by age of woman (Percent)","Estimates and Projections of Women of Reproductive Age Who Are Married or in a Union 2024",2024,"United Nations Population Division",729,"Sudan","SD","SDN",64,"2013",4,"Median",2,"Female",67,15,19,"15-19",100,"Married or in a union women",1,"Model-based Estimates",2,"Interpolation",20.48
44,"Currently married by age of woman (Percent)","Currently married by age of woman (Percent)","Estimates and Projections of Women of Reproductive Age Who Are Married or in a Union 2024",2024,"United Nations Population Division",729,"Sudan","SD","SDN",65,"2014",4,"Median",2,"Female",67,15,19,"15-19",100,"Married or in a union women",1,"Model-based Estimates",2,"Interpolation",19.97
44,"Currently married by age of woman (Percent)","Currently married by age of woman (Percent)","Estimates and Projections of Women of Reproductive Age Who Are Married or in a Union 2024",2024,"United Nations Population Division",729,"Sudan","SD","SDN",66,"2015",4,"Median",2,"Female",67,15,19,"15-19",100,"Married or in a union women",1,"Model-based Estimates",3,"Projection",19.57
44,"Currently married by age of woman (Percent)","Currently married by age of woman (Percent)","Estimates and Projections of Women of Reproductive Age Who Are Married or in a Union 2024",2024,"United Nations Population Division",729,"Sudan","SD","SDN",67,"2016",4,"Median",2,"Female",67,15,19,"15-19",100,"Married or in a union women",1,"Model-based Estimates",3,"Projection",19.17
44,"Currently married by age of woman (Percent)","Currently married by age of woman (Percent)","Estimates and Projections of Women of Reproductive Age Who Are Married or in a Union 2024",2024,"United Nations Population Division",729,"Sudan","SD","SDN",68,"2017",4,"Median",2,"Female",67,15,19,"15-19",100,"Married or in a union women",1,"Model-based Estimates",3,"Projection",18.77
44,"Currently married by age of woman (Percent)","Currently married by age of woman (Percent)","Estimates and Projections of Women of Reproductive Age Who Are Married or in a Union 2024",2024,"United Nations Population Division",729,"Sudan","SD","SDN",69,"2018",4,"Median",2,"Female",67,15,19,"15-19",100,"Married or in a union women",1,"Model-based Estimates",3,"Projection",18.37
44,"Currently married by age of woman (Percent)","Currently married by age of woman (Percent)","Estimates and Projections of Women of Reproductive Age Who Are Married or in a Union 2024",2024,"United Nations Population Division",729,"Sudan","SD","SDN",70,"2019",4,"Median",2,"Female",67,15,19,"15-19",100,"Married or in a union women",1,"Model-based Estimates",3,"Projection",17.98
44,"Currently married by age of woman (Percent)","Currently married by age of woman (Percent)","Estimates and Projections of Women of Reproductive Age Who Are Married or in a Union 2024",2024,"United Nations Population Division",729,"Sudan","SD","SDN",71,"2020",4,"Median",2,"Female",67,15,19,"15-19",100,"Married or in a union women",1,"Model-based Estimates",3,"Projection",17.58
44,"Currently married by age of woman (Percent)","Currently married by age of woman (Percent)","Estimates and Projections of Women of Reproductive Age Who Are Married or in a Union 2024",2024,"United Nations Population Division",729,"Sudan","SD","SDN",72,"2021",4,"Median",2,"Female",67,15,19,"15-19",100,"Married or in a union women",1,"Model-based Estimates",3,"Projection",17.18
44,"Currently married by age of woman (Percent)","Currently married by age of woman (Percent)","Estimates and Projections of Women of Reproductive Age Who Are Married or in a Union 2024",2024,"United Nations Population Division",729,"Sudan","SD","SDN",73,"2022",4,"Median",2,"Female",67,15,19,"15-19",100,"Married or in a union women",1,"Model-based Estimates",3,"Projection",16.79
44,"Currently married by age of woman (Percent)","Currently married by age of woman (Percent)","Estimates and Projections of Women of Reproductive Age Who Are Married or in a Union 2024",2024,"United Nations Population Division",732,"Western Sahara","EH","ESH",59,"2008",4,"Median",2,"Female",67,15,19,"15-19",100,"Married or in a union women",1,"Model-based Estimates",3,"Projection",26.88
44,"Currently married by age of woman (Percent)","Currently married by age of woman (Percent)","Estimates and Projections of Women of Reproductive Age Who Are Married or in a Union 2024",2024,"United Nations Population Division",732,"Western Sahara","EH","ESH",60,"2009",4,"Median",2,"Female",67,15,19,"15-19",100,"Married or in a union women",1,"Model-based Estimates",3,"Projection",26.15
44,"Currently married by age of woman (Percent)","Currently married by age of woman (Percent)","Estimates and Projections of Women of Reproductive Age Who Are Married or in a Union 2024",2024,"United Nations Population Division",732,"Western Sahara","EH","ESH",61,"2010",4,"Median",2,"Female",67,15,19,"15-19",100,"Married or in a union women",1,"Model-based Estimates",3,"Projection",25.44
44,"Currently married by age of woman (Percent)","Currently married by age of woman (Percent)","Estimates and Projections of Women of Reproductive Age Who Are Married or in a Union 2024",2024,"United Nations Population Division",732,"Western Sahara","EH","ESH",62,"2011",4,"Median",2,"Female",67,15,19,"15-19",100,"Married or in a union women",1,"Model-based Estimates",3,"Projection",24.73
44,"Currently married by age of woman (Percent)","Currently married by age of woman (Percent)","Estimates and Projections of Women of Reproductive Age Who Are Married or in a Union 2024",2024,"United Nations Population Division",732,"Western Sahara","EH","ESH",63,"2012",4,"Median",2,"Female",67,15,19,"15-19",100,"Married or in a union women",1,"Model-based Estimates",3,"Projection",24.04
44,"Currently married by age of woman (Percent)","Currently married by age of woman (Percent)","Estimates and Projections of Women of Reproductive Age Who Are Married or in a Union 2024",2024,"United Nations Population Division",732,"Western Sahara","EH","ESH",64,"2013",4,"Median",2,"Female",67,15,19,"15-19",100,"Married or in a union women",1,"Model-based Estimates",3,"Projection",23.37
44,"Currently married by age of woman (Percent)","Currently married by age of woman (Percent)","Estimates and Projections of Women of Reproductive Age Who Are Married or in a Union 2024",2024,"United Nations Population Division",732,"Western Sahara","EH","ESH",65,"2014",4,"Median",2,"Female",67,15,19,"15-19",100,"Married or in a union women",1,"Model-based Estimates",3,"Projection",22.71
44,"Currently married by age of woman (Percent)","Currently married by age of woman (Percent)","Estimates and Projections of Women of Reproductive Age Who Are Married or in a Union 2024",2024,"United Nations Population Division",732,"Western Sahara","EH","ESH",66,"2015",4,"Median",2,"Female",67,15,19,"15-19",100,"Married or in a union women",1,"Model-based Estimates",3,"Projection",22.06
44,"Currently married by age of woman (Percent)","Currently married by age of woman (Percent)","Estimates and Projections of Women of Reproductive Age Who Are Married or in a Union 2024",2024,"United Nations Population Division",732,"Western Sahara","EH","ESH",67,"2016",4,"Median",2,"Female",67,15,19,"15-19",100,"Married or in a union women",1,"Model-based Estimates",3,"Projection",21.42
44,"Currently married by age of woman (Percent)","Currently married by age of woman (Percent)","Estimates and Projections of Women of Reproductive Age Who Are Married or in a Union 2024",2024,"United Nations Population Division",732,"Western Sahara","EH","ESH",68,"2017",4,"Median",2,"Female",67,15,19,"15-19",100,"Married or in a union women",1,"Model-based Estimates",3,"Projection",20.8
44,"Currently married by age of woman (Percent)","Currently married by age of woman (Percent)","Estimates and Projections of Women of Reproductive Age Who Are Married or in a Union 2024",2024,"United Nations Population Division",732,"Western Sahara","EH","ESH",69,"2018",4,"Median",2,"Female",67,15,19,"15-19",100,"Married or in a union women",1,"Model-based Estimates",3,"Projection",20.19
44,"Currently married by age of woman (Percent)","Currently married by age of woman (Percent)","Estimates and Projections of Women of Reproductive Age Who Are Married or in a Union 2024",2024,"United Nations Population Division",732,"Western Sahara","EH","ESH",70,"2019",4,"Median",2,"Female",67,15,19,"15-19",100,"Married or in a union women",1,"Model-based Estimates",3,"Projection",19.59
44,"Currently married by age of woman (Percent)","Currently married by age of woman (Percent)","Estimates and Projections of Women of Reproductive Age Who Are Married or in a Union 2024",2024,"United Nations Population Division",732,"Western Sahara","EH","ESH",71,"2020",4,"Median",2,"Female",67,15,19,"15-19",100,"Married or in a union women",1,"Model-based Estimates",3,"Projection",19.01
44,"Currently married by age of woman (Percent)","Currently married by age of woman (Percent)","Estimates and Projections of Women of Reproductive Age Who Are Married or in a Union 2024",2024,"United Nations Population Division",732,"Western Sahara","EH","ESH",72,"2021",4,"Median",2,"Female",67,15,19,"15-19",100,"Married or in a union women",1,"Model-based Estimates",3,"Projection",18.44
44,"Currently married by age of woman (Percent)","Currently married by age of woman (Percent)","Estimates and Projections of Women of Reproductive Age Who Are Married or in a Union 2024",2024,"United Nations Population Division",732,"Western Sahara","EH","ESH",73,"2022",4,"Median",2,"Female",67,15,19,"15-19",100,"Married or in a union women",1,"Model-based Estimates",3,"Projection",17.89
44,"Currently married by age of woman (Percent)","Currently married by age of woman (Percent)","Estimates and Projections of Women of Reproductive Age Who Are Married or in a Union 2024",2024,"United Nations Population Division",748,"Eswatini","SZ","SWZ",59,"2008",4,"Median",2,"Female",67,15,19,"15-19",100,"Married or in a union women",1,"Model-based Estimates",2,"Interpolation",6.55
44,"Currently married by age of woman (Percent)","Currently married by age of woman (Percent)","Estimates and Projections of Women of Reproductive Age Who Are Married or in a Union 2024",2024,"United Nations Population Division",748,"Eswatini","SZ","SWZ",60,"2009",4,"Median",2,"Female",67,15,19,"15-19",100,"Married or in a union women",1,"Model-based Estimates",2,"Interpolation",6.31
44,"Currently married by age of woman (Percent)","Currently married by age of woman (Percent)","Estimates and Projections of Women of Reproductive Age Who Are Married or in a Union 2024",2024,"United Nations Population Division",748,"Eswatini","SZ","SWZ",61,"2010",4,"Median",2,"Female",67,15,19,"15-19",100,"Married or in a union women",1,"Model-based Estimates",2,"Interpolation",6.06
44,"Currently married by age of woman (Percent)","Currently married by age of woman (Percent)","Estimates and Projections of Women of Reproductive Age Who Are Married or in a Union 2024",2024,"United Nations Population Division",748,"Eswatini","SZ","SWZ",62,"2011",4,"Median",2,"Female",67,15,19,"15-19",100,"Married or in a union women",1,"Model-based Estimates",2,"Interpolation",5.81
44,"Currently married by age of woman (Percent)","Currently married by age of woman (Percent)","Estimates and Projections of Women of Reproductive Age Who Are Married or in a Union 2024",2024,"United Nations Population Division",748,"Eswatini","SZ","SWZ",63,"2012",4,"Median",2,"Female",67,15,19,"15-19",100,"Married or in a union women",1,"Model-based Estimates",2,"Interpolation",5.57
44,"Currently married by age of woman (Percent)","Currently married by age of woman (Percent)","Estimates and Projections of Women of Reproductive Age Who Are Married or in a Union 2024",2024,"United Nations Population Division",748,"Eswatini","SZ","SWZ",64,"2013",4,"Median",2,"Female",67,15,19,"15-19",100,"Married or in a union women",1,"Model-based Estimates",2,"Interpolation",5.32
44,"Currently married by age of woman (Percent)","Currently married by age of woman (Percent)","Estimates and Projections of Women of Reproductive Age Who Are Married or in a Union 2024",2024,"United Nations Population Division",748,"Eswatini","SZ","SWZ",65,"2014",4,"Median",2,"Female",67,15,19,"15-19",100,"Married or in a union women",1,"Model-based Estimates",2,"Interpolation",5.07
44,"Currently married by age of woman (Percent)","Currently married by age of woman (Percent)","Estimates and Projections of Women of Reproductive Age Who Are Married or in a Union 2024",2024,"United Nations Population Division",748,"Eswatini","SZ","SWZ",66,"2015",4,"Median",2,"Female",67,15,19,"15-19",100,"Married or in a union women",1,"Model-based Estimates",2,"Interpolation",4.83
44,"Currently married by age of woman (Percent)","Currently married by age of woman (Percent)","Estimates and Projections of Women of Reproductive Age Who Are Married or in a Union 2024",2024,"United Nations Population Division",748,"Eswatini","SZ","SWZ",67,"2016",4,"Median",2,"Female",67,15,19,"15-19",100,"Married or in a union women",1,"Model-based Estimates",2,"Interpolation",4.58
44,"Currently married by age of woman (Percent)","Currently married by age of woman (Percent)","Estimates and Projections of Women of Reproductive Age Who Are Married or in a Union 2024",2024,"United Nations Population Division",748,"Eswatini","SZ","SWZ",68,"2017",4,"Median",2,"Female",67,15,19,"15-19",100,"Married or in a union women",1,"Model-based Estimates",2,"Interpolation",4.33
44,"Currently married by age of woman (Percent)","Currently married by age of woman (Percent)","Estimates and Projections of Women of Reproductive Age Who Are Married or in a Union 2024",2024,"United Nations Population Division",748,"Eswatini","SZ","SWZ",69,"2018",4,"Median",2,"Female",67,15,19,"15-19",100,"Married or in a union women",1,"Model-based Estimates",2,"Interpolation",4.09
44,"Currently married by age of woman (Percent)","Currently married by age of woman (Percent)","Estimates and Projections of Women of Reproductive Age Who Are Married or in a Union 2024",2024,"United Nations Population Division",748,"Eswatini","SZ","SWZ",70,"2019",4,"Median",2,"Female",67,15,19,"15-19",100,"Married or in a union women",1,"Model-based Estimates",2,"Interpolation",3.84
44,"Currently married by age of woman (Percent)","Currently married by age of woman (Percent)","Estimates and Projections of Women of Reproductive Age Who Are Married or in a Union 2024",2024,"United Nations Population Division",748,"Eswatini","SZ","SWZ",71,"2020",4,"Median",2,"Female",67,15,19,"15-19",100,"Married or in a union women",1,"Model-based Estimates",2,"Interpolation",3.59
44,"Currently married by age of woman (Percent)","Currently married by age of woman (Percent)","Estimates and Projections of Women of Reproductive Age Who Are Married or in a Union 2024",2024,"United Nations Population Division",748,"Eswatini","SZ","SWZ",72,"2021",4,"Median",2,"Female",67,15,19,"15-19",100,"Married or in a union women",1,"Model-based Estimates",2,"Interpolation",3.35
44,"Currently married by age of woman (Percent)","Currently married by age of woman (Percent)","Estimates and Projections of Women of Reproductive Age Who Are Married or in a Union 2024",2024,"United Nations Population Division",748,"Eswatini","SZ","SWZ",73,"2022",4,"Median",2,"Female",67,15,19,"15-19",100,"Married or in a union women",1,"Model-based Estimates",2,"Interpolation",3.1
44,"Currently married by age of woman (Percent)","Currently married by age of woman (Percent)","Estimates and Projections of Women of Reproductive Age Who Are Married or in a Union 2024",2024,"United Nations Population Division",768,"Togo","TG","TGO",59,"2008",4,"Median",2,"Female",67,15,19,"15-19",100,"Married or in a union women",1,"Model-based Estimates",2,"Interpolation",14.92
44,"Currently married by age of woman (Percent)","Currently married by age of woman (Percent)","Estimates and Projections of Women of Reproductive Age Who Are Married or in a Union 2024",2024,"United Nations Population Division",768,"Togo","TG","TGO",60,"2009",4,"Median",2,"Female",67,15,19,"15-19",100,"Married or in a union women",1,"Model-based Estimates",2,"Interpolation",14.51
44,"Currently married by age of woman (Percent)","Currently married by age of woman (Percent)","Estimates and Projections of Women of Reproductive Age Who Are Married or in a Union 2024",2024,"United Nations Population Division",768,"Togo","TG","TGO",61,"2010",4,"Median",2,"Female",67,15,19,"15-19",100,"Married or in a union women",1,"Model-based Estimates",2,"Interpolation",14.09
44,"Currently married by age of woman (Percent)","Currently married by age of woman (Percent)","Estimates and Projections of Women of Reproductive Age Who Are Married or in a Union 2024",2024,"United Nations Population Division",768,"Togo","TG","TGO",62,"2011",4,"Median",2,"Female",67,15,19,"15-19",100,"Married or in a union women",1,"Model-based Estimates",2,"Interpolation",13.67
44,"Currently married by age of woman (Percent)","Currently married by age of woman (Percent)","Estimates and Projections of Women of Reproductive Age Who Are Married or in a Union 2024",2024,"United Nations Population Division",768,"Togo","TG","TGO",63,"2012",4,"Median",2,"Female",67,15,19,"15-19",100,"Married or in a union women",1,"Model-based Estimates",2,"Interpolation",13.25
44,"Currently married by age of woman (Percent)","Currently married by age of woman (Percent)","Estimates and Projections of Women of Reproductive Age Who Are Married or in a Union 2024",2024,"United Nations Population Division",768,"Togo","TG","TGO",64,"2013",4,"Median",2,"Female",67,15,19,"15-19",100,"Married or in a union women",1,"Model-based Estimates",2,"Interpolation",12.84
44,"Currently married by age of woman (Percent)","Currently married by age of woman (Percent)","Estimates and Projections of Women of Reproductive Age Who Are Married or in a Union 2024",2024,"United Nations Population Division",768,"Togo","TG","TGO",65,"2014",4,"Median",2,"Female",67,15,19,"15-19",100,"Married or in a union women",1,"Model-based Estimates",2,"Interpolation",12.42
44,"Currently married by age of woman (Percent)","Currently married by age of woman (Percent)","Estimates and Projections of Women of Reproductive Age Who Are Married or in a Union 2024",2024,"United Nations Population Division",768,"Togo","TG","TGO",66,"2015",4,"Median",2,"Female",67,15,19,"15-19",100,"Married or in a union women",1,"Model-based Estimates",2,"Interpolation",12
44,"Currently married by age of woman (Percent)","Currently married by age of woman (Percent)","Estimates and Projections of Women of Reproductive Age Who Are Married or in a Union 2024",2024,"United Nations Population Division",768,"Togo","TG","TGO",67,"2016",4,"Median",2,"Female",67,15,19,"15-19",100,"Married or in a union women",1,"Model-based Estimates",2,"Interpolation",11.58
44,"Currently married by age of woman (Percent)","Currently married by age of woman (Percent)","Estimates and Projections of Women of Reproductive Age Who Are Married or in a Union 2024",2024,"United Nations Population Division",768,"Togo","TG","TGO",68,"2017",4,"Median",2,"Female",67,15,19,"15-19",100,"Married or in a union women",1,"Model-based Estimates",2,"Interpolation",11.17
44,"Currently married by age of woman (Percent)","Currently married by age of woman (Percent)","Estimates and Projections of Women of Reproductive Age Who Are Married or in a Union 2024",2024,"United Nations Population Division",768,"Togo","TG","TGO",69,"2018",4,"Median",2,"Female",67,15,19,"15-19",100,"Married or in a union women",1,"Model-based Estimates",3,"Projection",10.84
44,"Currently married by age of woman (Percent)","Currently married by age of woman (Percent)","Estimates and Projections of Women of Reproductive Age Who Are Married or in a Union 2024",2024,"United Nations Population Division",768,"Togo","TG","TGO",70,"2019",4,"Median",2,"Female",67,15,19,"15-19",100,"Married or in a union women",1,"Model-based Estimates",3,"Projection",10.54
44,"Currently married by age of woman (Percent)","Currently married by age of woman (Percent)","Estimates and Projections of Women of Reproductive Age Who Are Married or in a Union 2024",2024,"United Nations Population Division",768,"Togo","TG","TGO",71,"2020",4,"Median",2,"Female",67,15,19,"15-19",100,"Married or in a union women",1,"Model-based Estimates",3,"Projection",10.24
44,"Currently married by age of woman (Percent)","Currently married by age of woman (Percent)","Estimates and Projections of Women of Reproductive Age Who Are Married or in a Union 2024",2024,"United Nations Population Division",768,"Togo","TG","TGO",72,"2021",4,"Median",2,"Female",67,15,19,"15-19",100,"Married or in a union women",1,"Model-based Estimates",3,"Projection",9.96
44,"Currently married by age of woman (Percent)","Currently married by age of woman (Percent)","Estimates and Projections of Women of Reproductive Age Who Are Married or in a Union 2024",2024,"United Nations Population Division",768,"Togo","TG","TGO",73,"2022",4,"Median",2,"Female",67,15,19,"15-19",100,"Married or in a union women",1,"Model-based Estimates",3,"Projection",9.69
44,"Currently married by age of woman (Percent)","Currently married by age of woman (Percent)","Estimates and Projections of Women of Reproductive Age Who Are Married or in a Union 2024",2024,"United Nations Population Division",788,"Tunisia","TN","TUN",59,"2008",4,"Median",2,"Female",67,15,19,"15-19",100,"Married or in a union women",1,"Model-based Estimates",2,"Interpolation",2.01
44,"Currently married by age of woman (Percent)","Currently married by age of woman (Percent)","Estimates and Projections of Women of Reproductive Age Who Are Married or in a Union 2024",2024,"United Nations Population Division",788,"Tunisia","TN","TUN",60,"2009",4,"Median",2,"Female",67,15,19,"15-19",100,"Married or in a union women",1,"Model-based Estimates",2,"Interpolation",1.94
44,"Currently married by age of woman (Percent)","Currently married by age of woman (Percent)","Estimates and Projections of Women of Reproductive Age Who Are Married or in a Union 2024",2024,"United Nations Population Division",788,"Tunisia","TN","TUN",61,"2010",4,"Median",2,"Female",67,15,19,"15-19",100,"Married or in a union women",1,"Model-based Estimates",2,"Interpolation",1.87
44,"Currently married by age of woman (Percent)","Currently married by age of woman (Percent)","Estimates and Projections of Women of Reproductive Age Who Are Married or in a Union 2024",2024,"United Nations Population Division",788,"Tunisia","TN","TUN",62,"2011",4,"Median",2,"Female",67,15,19,"15-19",100,"Married or in a union women",1,"Model-based Estimates",2,"Interpolation",1.81
44,"Currently married by age of woman (Percent)","Currently married by age of woman (Percent)","Estimates and Projections of Women of Reproductive Age Who Are Married or in a Union 2024",2024,"United Nations Population Division",788,"Tunisia","TN","TUN",63,"2012",4,"Median",2,"Female",67,15,19,"15-19",100,"Married or in a union women",1,"Model-based Estimates",2,"Interpolation",1.74
44,"Currently married by age of woman (Percent)","Currently married by age of woman (Percent)","Estimates and Projections of Women of Reproductive Age Who Are Married or in a Union 2024",2024,"United Nations Population Division",788,"Tunisia","TN","TUN",64,"2013",4,"Median",2,"Female",67,15,19,"15-19",100,"Married or in a union women",1,"Model-based Estimates",2,"Interpolation",1.67
44,"Currently married by age of woman (Percent)","Currently married by age of woman (Percent)","Estimates and Projections of Women of Reproductive Age Who Are Married or in a Union 2024",2024,"United Nations Population Division",788,"Tunisia","TN","TUN",65,"2014",4,"Median",2,"Female",67,15,19,"15-19",100,"Married or in a union women",1,"Model-based Estimates",2,"Interpolation",1.61
44,"Currently married by age of woman (Percent)","Currently married by age of woman (Percent)","Estimates and Projections of Women of Reproductive Age Who Are Married or in a Union 2024",2024,"United Nations Population Division",788,"Tunisia","TN","TUN",66,"2015",4,"Median",2,"Female",67,15,19,"15-19",100,"Married or in a union women",1,"Model-based Estimates",2,"Interpolation",1.54
44,"Currently married by age of woman (Percent)","Currently married by age of woman (Percent)","Estimates and Projections of Women of Reproductive Age Who Are Married or in a Union 2024",2024,"United Nations Population Division",788,"Tunisia","TN","TUN",67,"2016",4,"Median",2,"Female",67,15,19,"15-19",100,"Married or in a union women",1,"Model-based Estimates",2,"Interpolation",1.47
44,"Currently married by age of woman (Percent)","Currently married by age of woman (Percent)","Estimates and Projections of Women of Reproductive Age Who Are Married or in a Union 2024",2024,"United Nations Population Division",788,"Tunisia","TN","TUN",68,"2017",4,"Median",2,"Female",67,15,19,"15-19",100,"Married or in a union women",1,"Model-based Estimates",2,"Interpolation",1.4
44,"Currently married by age of woman (Percent)","Currently married by age of woman (Percent)","Estimates and Projections of Women of Reproductive Age Who Are Married or in a Union 2024",2024,"United Nations Population Division",788,"Tunisia","TN","TUN",69,"2018",4,"Median",2,"Female",67,15,19,"15-19",100,"Married or in a union women",1,"Model-based Estimates",2,"Interpolation",1.34
44,"Currently married by age of woman (Percent)","Currently married by age of woman (Percent)","Estimates and Projections of Women of Reproductive Age Who Are Married or in a Union 2024",2024,"United Nations Population Division",788,"Tunisia","TN","TUN",70,"2019",4,"Median",2,"Female",67,15,19,"15-19",100,"Married or in a union women",1,"Model-based Estimates",2,"Interpolation",1.27
44,"Currently married by age of woman (Percent)","Currently married by age of woman (Percent)","Estimates and Projections of Women of Reproductive Age Who Are Married or in a Union 2024",2024,"United Nations Population Division",788,"Tunisia","TN","TUN",71,"2020",4,"Median",2,"Female",67,15,19,"15-19",100,"Married or in a union women",1,"Model-based Estimates",2,"Interpolation",1.2
44,"Currently married by age of woman (Percent)","Currently married by age of woman (Percent)","Estimates and Projections of Women of Reproductive Age Who Are Married or in a Union 2024",2024,"United Nations Population Division",788,"Tunisia","TN","TUN",72,"2021",4,"Median",2,"Female",67,15,19,"15-19",100,"Married or in a union women",1,"Model-based Estimates",2,"Interpolation",1.13
44,"Currently married by age of woman (Percent)","Currently married by age of woman (Percent)","Estimates and Projections of Women of Reproductive Age Who Are Married or in a Union 2024",2024,"United Nations Population Division",788,"Tunisia","TN","TUN",73,"2022",4,"Median",2,"Female",67,15,19,"15-19",100,"Married or in a union women",1,"Model-based Estimates",2,"Interpolation",1.07
44,"Currently married by age of woman (Percent)","Currently married by age of woman (Percent)","Estimates and Projections of Women of Reproductive Age Who Are Married or in a Union 2024",2024,"United Nations Population Division",800,"Uganda","UG","UGA",59,"2008",4,"Median",2,"Female",67,15,19,"15-19",100,"Married or in a union women",1,"Model-based Estimates",2,"Interpolation",21.89
44,"Currently married by age of woman (Percent)","Currently married by age of woman (Percent)","Estimates and Projections of Women of Reproductive Age Who Are Married or in a Union 2024",2024,"United Nations Population Division",800,"Uganda","UG","UGA",60,"2009",4,"Median",2,"Female",67,15,19,"15-19",100,"Married or in a union women",1,"Model-based Estimates",2,"Interpolation",21.16
44,"Currently married by age of woman (Percent)","Currently married by age of woman (Percent)","Estimates and Projections of Women of Reproductive Age Who Are Married or in a Union 2024",2024,"United Nations Population Division",800,"Uganda","UG","UGA",61,"2010",4,"Median",2,"Female",67,15,19,"15-19",100,"Married or in a union women",1,"Model-based Estimates",2,"Interpolation",20.43
44,"Currently married by age of woman (Percent)","Currently married by age of woman (Percent)","Estimates and Projections of Women of Reproductive Age Who Are Married or in a Union 2024",2024,"United Nations Population Division",800,"Uganda","UG","UGA",62,"2011",4,"Median",2,"Female",67,15,19,"15-19",100,"Married or in a union women",1,"Model-based Estimates",2,"Interpolation",19.7
44,"Currently married by age of woman (Percent)","Currently married by age of woman (Percent)","Estimates and Projections of Women of Reproductive Age Who Are Married or in a Union 2024",2024,"United Nations Population Division",800,"Uganda","UG","UGA",63,"2012",4,"Median",2,"Female",67,15,19,"15-19",100,"Married or in a union women",1,"Model-based Estimates",2,"Interpolation",19.57
44,"Currently married by age of woman (Percent)","Currently married by age of woman (Percent)","Estimates and Projections of Women of Reproductive Age Who Are Married or in a Union 2024",2024,"United Nations Population Division",800,"Uganda","UG","UGA",64,"2013",4,"Median",2,"Female",67,15,19,"15-19",100,"Married or in a union women",1,"Model-based Estimates",2,"Interpolation",19.45
44,"Currently married by age of woman (Percent)","Currently married by age of woman (Percent)","Estimates and Projections of Women of Reproductive Age Who Are Married or in a Union 2024",2024,"United Nations Population Division",800,"Uganda","UG","UGA",65,"2014",4,"Median",2,"Female",67,15,19,"15-19",100,"Married or in a union women",1,"Model-based Estimates",2,"Interpolation",19.32
44,"Currently married by age of woman (Percent)","Currently married by age of woman (Percent)","Estimates and Projections of Women of Reproductive Age Who Are Married or in a Union 2024",2024,"United Nations Population Division",800,"Uganda","UG","UGA",66,"2015",4,"Median",2,"Female",67,15,19,"15-19",100,"Married or in a union women",1,"Model-based Estimates",2,"Interpolation",19.19
44,"Currently married by age of woman (Percent)","Currently married by age of woman (Percent)","Estimates and Projections of Women of Reproductive Age Who Are Married or in a Union 2024",2024,"United Nations Population Division",800,"Uganda","UG","UGA",67,"2016",4,"Median",2,"Female",67,15,19,"15-19",100,"Married or in a union women",1,"Model-based Estimates",2,"Interpolation",19.06
44,"Currently married by age of woman (Percent)","Currently married by age of woman (Percent)","Estimates and Projections of Women of Reproductive Age Who Are Married or in a Union 2024",2024,"United Nations Population Division",800,"Uganda","UG","UGA",68,"2017",4,"Median",2,"Female",67,15,19,"15-19",100,"Married or in a union women",1,"Model-based Estimates",2,"Interpolation",18.94
44,"Currently married by age of woman (Percent)","Currently married by age of woman (Percent)","Estimates and Projections of Women of Reproductive Age Who Are Married or in a Union 2024",2024,"United Nations Population Division",800,"Uganda","UG","UGA",69,"2018",4,"Median",2,"Female",67,15,19,"15-19",100,"Married or in a union women",1,"Model-based Estimates",2,"Interpolation",18.81
44,"Currently married by age of woman (Percent)","Currently married by age of woman (Percent)","Estimates and Projections of Women of Reproductive Age Who Are Married or in a Union 2024",2024,"United Nations Population Division",800,"Uganda","UG","UGA",70,"2019",4,"Median",2,"Female",67,15,19,"15-19",100,"Married or in a union women",1,"Model-based Estimates",2,"Interpolation",18.68
44,"Currently married by age of woman (Percent)","Currently married by age of woman (Percent)","Estimates and Projections of Women of Reproductive Age Who Are Married or in a Union 2024",2024,"United Nations Population Division",800,"Uganda","UG","UGA",71,"2020",4,"Median",2,"Female",67,15,19,"15-19",100,"Married or in a union women",1,"Model-based Estimates",2,"Interpolation",18.55
44,"Currently married by age of woman (Percent)","Currently married by age of woman (Percent)","Estimates and Projections of Women of Reproductive Age Who Are Married or in a Union 2024",2024,"United Nations Population Division",800,"Uganda","UG","UGA",72,"2021",4,"Median",2,"Female",67,15,19,"15-19",100,"Married or in a union women",1,"Model-based Estimates",2,"Interpolation",18.43
44,"Currently married by age of woman (Percent)","Currently married by age of woman (Percent)","Estimates and Projections of Women of Reproductive Age Who Are Married or in a Union 2024",2024,"United Nations Population Division",800,"Uganda","UG","UGA",73,"2022",4,"Median",2,"Female",67,15,19,"15-19",100,"Married or in a union women",1,"Model-based Estimates",2,"Interpolation",18.3
44,"Currently married by age of woman (Percent)","Currently married by age of woman (Percent)","Estimates and Projections of Women of Reproductive Age Who Are Married or in a Union 2024",2024,"United Nations Population Division",818,"Egypt","EG","EGY",59,"2008",4,"Median",2,"Female",67,15,19,"15-19",100,"Married or in a union women",1,"Model-based Estimates",2,"Interpolation",10.02
44,"Currently married by age of woman (Percent)","Currently married by age of woman (Percent)","Estimates and Projections of Women of Reproductive Age Who Are Married or in a Union 2024",2024,"United Nations Population Division",818,"Egypt","EG","EGY",60,"2009",4,"Median",2,"Female",67,15,19,"15-19",100,"Married or in a union women",1,"Model-based Estimates",2,"Interpolation",9.83
44,"Currently married by age of woman (Percent)","Currently married by age of woman (Percent)","Estimates and Projections of Women of Reproductive Age Who Are Married or in a Union 2024",2024,"United Nations Population Division",818,"Egypt","EG","EGY",61,"2010",4,"Median",2,"Female",67,15,19,"15-19",100,"Married or in a union women",1,"Model-based Estimates",2,"Interpolation",9.63
44,"Currently married by age of woman (Percent)","Currently married by age of woman (Percent)","Estimates and Projections of Women of Reproductive Age Who Are Married or in a Union 2024",2024,"United Nations Population Division",818,"Egypt","EG","EGY",62,"2011",4,"Median",2,"Female",67,15,19,"15-19",100,"Married or in a union women",1,"Model-based Estimates",2,"Interpolation",9.43
44,"Currently married by age of woman (Percent)","Currently married by age of woman (Percent)","Estimates and Projections of Women of Reproductive Age Who Are Married or in a Union 2024",2024,"United Nations Population Division",818,"Egypt","EG","EGY",63,"2012",4,"Median",2,"Female",67,15,19,"15-19",100,"Married or in a union women",1,"Model-based Estimates",2,"Interpolation",9.23
44,"Currently married by age of woman (Percent)","Currently married by age of woman (Percent)","Estimates and Projections of Women of Reproductive Age Who Are Married or in a Union 2024",2024,"United Nations Population Division",818,"Egypt","EG","EGY",64,"2013",4,"Median",2,"Female",67,15,19,"15-19",100,"Married or in a union women",1,"Model-based Estimates",2,"Interpolation",9.04
44,"Currently married by age of woman (Percent)","Currently married by age of woman (Percent)","Estimates and Projections of Women of Reproductive Age Who Are Married or in a Union 2024",2024,"United Nations Population Division",818,"Egypt","EG","EGY",65,"2014",4,"Median",2,"Female",67,15,19,"15-19",100,"Married or in a union women",1,"Model-based Estimates",2,"Interpolation",8.84
44,"Currently married by age of woman (Percent)","Currently married by age of woman (Percent)","Estimates and Projections of Women of Reproductive Age Who Are Married or in a Union 2024",2024,"United Nations Population Division",818,"Egypt","EG","EGY",66,"2015",4,"Median",2,"Female",67,15,19,"15-19",100,"Married or in a union women",1,"Model-based Estimates",2,"Interpolation",8.64
44,"Currently married by age of woman (Percent)","Currently married by age of woman (Percent)","Estimates and Projections of Women of Reproductive Age Who Are Married or in a Union 2024",2024,"United Nations Population Division",818,"Egypt","EG","EGY",67,"2016",4,"Median",2,"Female",67,15,19,"15-19",100,"Married or in a union women",1,"Model-based Estimates",2,"Interpolation",8.45
44,"Currently married by age of woman (Percent)","Currently married by age of woman (Percent)","Estimates and Projections of Women of Reproductive Age Who Are Married or in a Union 2024",2024,"United Nations Population Division",818,"Egypt","EG","EGY",68,"2017",4,"Median",2,"Female",67,15,19,"15-19",100,"Married or in a union women",1,"Model-based Estimates",2,"Interpolation",8.25
44,"Currently married by age of woman (Percent)","Currently married by age of woman (Percent)","Estimates and Projections of Women of Reproductive Age Who Are Married or in a Union 2024",2024,"United Nations Population Division",818,"Egypt","EG","EGY",69,"2018",4,"Median",2,"Female",67,15,19,"15-19",100,"Married or in a union women",1,"Model-based Estimates",2,"Interpolation",8.05
44,"Currently married by age of woman (Percent)","Currently married by age of woman (Percent)","Estimates and Projections of Women of Reproductive Age Who Are Married or in a Union 2024",2024,"United Nations Population Division",818,"Egypt","EG","EGY",70,"2019",4,"Median",2,"Female",67,15,19,"15-19",100,"Married or in a union women",1,"Model-based Estimates",2,"Interpolation",7.85
44,"Currently married by age of woman (Percent)","Currently married by age of woman (Percent)","Estimates and Projections of Women of Reproductive Age Who Are Married or in a Union 2024",2024,"United Nations Population Division",818,"Egypt","EG","EGY",71,"2020",4,"Median",2,"Female",67,15,19,"15-19",100,"Married or in a union women",1,"Model-based Estimates",2,"Interpolation",7.66
44,"Currently married by age of woman (Percent)","Currently married by age of woman (Percent)","Estimates and Projections of Women of Reproductive Age Who Are Married or in a Union 2024",2024,"United Nations Population Division",818,"Egypt","EG","EGY",72,"2021",4,"Median",2,"Female",67,15,19,"15-19",100,"Married or in a union women",1,"Model-based Estimates",2,"Interpolation",7.46
44,"Currently married by age of woman (Percent)","Currently married by age of woman (Percent)","Estimates and Projections of Women of Reproductive Age Who Are Married or in a Union 2024",2024,"United Nations Population Division",818,"Egypt","EG","EGY",73,"2022",4,"Median",2,"Female",67,15,19,"15-19",100,"Married or in a union women",1,"Model-based Estimates",3,"Projection",7.3
44,"Currently married by age of woman (Percent)","Currently married by age of woman (Percent)","Estimates and Projections of Women of Reproductive Age Who Are Married or in a Union 2024",2024,"United Nations Population Division",834,"United Republic of Tanzania","TZ","TZA",59,"2008",4,"Median",2,"Female",67,15,19,"15-19",100,"Married or in a union women",1,"Model-based Estimates",2,"Interpolation",19.3
44,"Currently married by age of woman (Percent)","Currently married by age of woman (Percent)","Estimates and Projections of Women of Reproductive Age Who Are Married or in a Union 2024",2024,"United Nations Population Division",834,"United Republic of Tanzania","TZ","TZA",60,"2009",4,"Median",2,"Female",67,15,19,"15-19",100,"Married or in a union women",1,"Model-based Estimates",2,"Interpolation",18.85
44,"Currently married by age of woman (Percent)","Currently married by age of woman (Percent)","Estimates and Projections of Women of Reproductive Age Who Are Married or in a Union 2024",2024,"United Nations Population Division",834,"United Republic of Tanzania","TZ","TZA",61,"2010",4,"Median",2,"Female",67,15,19,"15-19",100,"Married or in a union women",1,"Model-based Estimates",2,"Interpolation",18.4
44,"Currently married by age of woman (Percent)","Currently married by age of woman (Percent)","Estimates and Projections of Women of Reproductive Age Who Are Married or in a Union 2024",2024,"United Nations Population Division",834,"United Republic of Tanzania","TZ","TZA",62,"2011",4,"Median",2,"Female",67,15,19,"15-19",100,"Married or in a union women",1,"Model-based Estimates",2,"Interpolation",18.4
44,"Currently married by age of woman (Percent)","Currently married by age of woman (Percent)","Estimates and Projections of Women of Reproductive Age Who Are Married or in a Union 2024",2024,"United Nations Population Division",834,"United Republic of Tanzania","TZ","TZA",63,"2012",4,"Median",2,"Female",67,15,19,"15-19",100,"Married or in a union women",1,"Model-based Estimates",2,"Interpolation",18.4
44,"Currently married by age of woman (Percent)","Currently married by age of woman (Percent)","Estimates and Projections of Women of Reproductive Age Who Are Married or in a Union 2024",2024,"United Nations Population Division",834,"United Republic of Tanzania","TZ","TZA",64,"2013",4,"Median",2,"Female",67,15,19,"15-19",100,"Married or in a union women",1,"Model-based Estimates",2,"Interpolation",18.4
44,"Currently married by age of woman (Percent)","Currently married by age of woman (Percent)","Estimates and Projections of Women of Reproductive Age Who Are Married or in a Union 2024",2024,"United Nations Population Division",834,"United Republic of Tanzania","TZ","TZA",65,"2014",4,"Median",2,"Female",67,15,19,"15-19",100,"Married or in a union women",1,"Model-based Estimates",2,"Interpolation",18.4
44,"Currently married by age of woman (Percent)","Currently married by age of woman (Percent)","Estimates and Projections of Women of Reproductive Age Who Are Married or in a Union 2024",2024,"United Nations Population Division",834,"United Republic of Tanzania","TZ","TZA",66,"2015",4,"Median",2,"Female",67,15,19,"15-19",100,"Married or in a union women",1,"Model-based Estimates",2,"Interpolation",18.4
44,"Currently married by age of woman (Percent)","Currently married by age of woman (Percent)","Estimates and Projections of Women of Reproductive Age Who Are Married or in a Union 2024",2024,"United Nations Population Division",834,"United Republic of Tanzania","TZ","TZA",67,"2016",4,"Median",2,"Female",67,15,19,"15-19",100,"Married or in a union women",1,"Model-based Estimates",2,"Interpolation",18.4
44,"Currently married by age of woman (Percent)","Currently married by age of woman (Percent)","Estimates and Projections of Women of Reproductive Age Who Are Married or in a Union 2024",2024,"United Nations Population Division",834,"United Republic of Tanzania","TZ","TZA",68,"2017",4,"Median",2,"Female",67,15,19,"15-19",100,"Married or in a union women",1,"Model-based Estimates",2,"Interpolation",18.4
44,"Currently married by age of woman (Percent)","Currently married by age of woman (Percent)","Estimates and Projections of Women of Reproductive Age Who Are Married or in a Union 2024",2024,"United Nations Population Division",834,"United Republic of Tanzania","TZ","TZA",69,"2018",4,"Median",2,"Female",67,15,19,"15-19",100,"Married or in a union women",1,"Model-based Estimates",2,"Interpolation",18.4
44,"Currently married by age of woman (Percent)","Currently married by age of woman (Percent)","Estimates and Projections of Women of Reproductive Age Who Are Married or in a Union 2024",2024,"United Nations Population Division",834,"United Republic of Tanzania","TZ","TZA",70,"2019",4,"Median",2,"Female",67,15,19,"15-19",100,"Married or in a union women",1,"Model-based Estimates",2,"Interpolation",18.4
44,"Currently married by age of woman (Percent)","Currently married by age of woman (Percent)","Estimates and Projections of Women of Reproductive Age Who Are Married or in a Union 2024",2024,"United Nations Population Division",834,"United Republic of Tanzania","TZ","TZA",71,"2020",4,"Median",2,"Female",67,15,19,"15-19",100,"Married or in a union women",1,"Model-based Estimates",2,"Interpolation",18.4
44,"Currently married by age of woman (Percent)","Currently married by age of woman (Percent)","Estimates and Projections of Women of Reproductive Age Who Are Married or in a Union 2024",2024,"United Nations Population Division",834,"United Republic of Tanzania","TZ","TZA",72,"2021",4,"Median",2,"Female",67,15,19,"15-19",100,"Married or in a union women",1,"Model-based Estimates",2,"Interpolation",18.4
44,"Currently married by age of woman (Percent)","Currently married by age of woman (Percent)","Estimates and Projections of Women of Reproductive Age Who Are Married or in a Union 2024",2024,"United Nations Population Division",834,"United Republic of Tanzania","TZ","TZA",73,"2022",4,"Median",2,"Female",67,15,19,"15-19",100,"Married or in a union women",1,"Model-based Estimates",2,"Interpolation",18.4
44,"Currently married by age of woman (Percent)","Currently married by age of woman (Percent)","Estimates and Projections of Women of Reproductive Age Who Are Married or in a Union 2024",2024,"United Nations Population Division",854,"Burkina Faso","BF","BFA",59,"2008",4,"Median",2,"Female",67,15,19,"15-19",100,"Married or in a union women",1,"Model-based Estimates",2,"Interpolation",32.75
44,"Currently married by age of woman (Percent)","Currently married by age of woman (Percent)","Estimates and Projections of Women of Reproductive Age Who Are Married or in a Union 2024",2024,"United Nations Population Division",854,"Burkina Faso","BF","BFA",60,"2009",4,"Median",2,"Female",67,15,19,"15-19",100,"Married or in a union women",1,"Model-based Estimates",2,"Interpolation",32.13
44,"Currently married by age of woman (Percent)","Currently married by age of woman (Percent)","Estimates and Projections of Women of Reproductive Age Who Are Married or in a Union 2024",2024,"United Nations Population Division",854,"Burkina Faso","BF","BFA",61,"2010",4,"Median",2,"Female",67,15,19,"15-19",100,"Married or in a union women",1,"Model-based Estimates",2,"Interpolation",31.5
44,"Currently married by age of woman (Percent)","Currently married by age of woman (Percent)","Estimates and Projections of Women of Reproductive Age Who Are Married or in a Union 2024",2024,"United Nations Population Division",854,"Burkina Faso","BF","BFA",62,"2011",4,"Median",2,"Female",67,15,19,"15-19",100,"Married or in a union women",1,"Model-based Estimates",2,"Interpolation",30.92
44,"Currently married by age of woman (Percent)","Currently married by age of woman (Percent)","Estimates and Projections of Women of Reproductive Age Who Are Married or in a Union 2024",2024,"United Nations Population Division",854,"Burkina Faso","BF","BFA",63,"2012",4,"Median",2,"Female",67,15,19,"15-19",100,"Married or in a union women",1,"Model-based Estimates",2,"Interpolation",30.35
44,"Currently married by age of woman (Percent)","Currently married by age of woman (Percent)","Estimates and Projections of Women of Reproductive Age Who Are Married or in a Union 2024",2024,"United Nations Population Division",854,"Burkina Faso","BF","BFA",64,"2013",4,"Median",2,"Female",67,15,19,"15-19",100,"Married or in a union women",1,"Model-based Estimates",2,"Interpolation",29.77
44,"Currently married by age of woman (Percent)","Currently married by age of woman (Percent)","Estimates and Projections of Women of Reproductive Age Who Are Married or in a Union 2024",2024,"United Nations Population Division",854,"Burkina Faso","BF","BFA",65,"2014",4,"Median",2,"Female",67,15,19,"15-19",100,"Married or in a union women",1,"Model-based Estimates",2,"Interpolation",29.2
44,"Currently married by age of woman (Percent)","Currently married by age of woman (Percent)","Estimates and Projections of Women of Reproductive Age Who Are Married or in a Union 2024",2024,"United Nations Population Division",854,"Burkina Faso","BF","BFA",66,"2015",4,"Median",2,"Female",67,15,19,"15-19",100,"Married or in a union women",1,"Model-based Estimates",2,"Interpolation",28.62
44,"Currently married by age of woman (Percent)","Currently married by age of woman (Percent)","Estimates and Projections of Women of Reproductive Age Who Are Married or in a Union 2024",2024,"United Nations Population Division",854,"Burkina Faso","BF","BFA",67,"2016",4,"Median",2,"Female",67,15,19,"15-19",100,"Married or in a union women",1,"Model-based Estimates",2,"Interpolation",28.05
44,"Currently married by age of woman (Percent)","Currently married by age of woman (Percent)","Estimates and Projections of Women of Reproductive Age Who Are Married or in a Union 2024",2024,"United Nations Population Division",854,"Burkina Faso","BF","BFA",68,"2017",4,"Median",2,"Female",67,15,19,"15-19",100,"Married or in a union women",1,"Model-based Estimates",2,"Interpolation",27.47
44,"Currently married by age of woman (Percent)","Currently married by age of woman (Percent)","Estimates and Projections of Women of Reproductive Age Who Are Married or in a Union 2024",2024,"United Nations Population Division",854,"Burkina Faso","BF","BFA",69,"2018",4,"Median",2,"Female",67,15,19,"15-19",100,"Married or in a union women",1,"Model-based Estimates",2,"Interpolation",26.89
44,"Currently married by age of woman (Percent)","Currently married by age of woman (Percent)","Estimates and Projections of Women of Reproductive Age Who Are Married or in a Union 2024",2024,"United Nations Population Division",854,"Burkina Faso","BF","BFA",70,"2019",4,"Median",2,"Female",67,15,19,"15-19",100,"Married or in a union women",1,"Model-based Estimates",2,"Interpolation",26.32
44,"Currently married by age of woman (Percent)","Currently married by age of woman (Percent)","Estimates and Projections of Women of Reproductive Age Who Are Married or in a Union 2024",2024,"United Nations Population Division",854,"Burkina Faso","BF","BFA",71,"2020",4,"Median",2,"Female",67,15,19,"15-19",100,"Married or in a union women",1,"Model-based Estimates",2,"Interpolation",25.74
44,"Currently married by age of woman (Percent)","Currently married by age of woman (Percent)","Estimates and Projections of Women of Reproductive Age Who Are Married or in a Union 2024",2024,"United Nations Population Division",854,"Burkina Faso","BF","BFA",72,"2021",4,"Median",2,"Female",67,15,19,"15-19",100,"Married or in a union women",1,"Model-based Estimates",2,"Interpolation",25.17
44,"Currently married by age of woman (Percent)","Currently married by age of woman (Percent)","Estimates and Projections of Women of Reproductive Age Who Are Married or in a Union 2024",2024,"United Nations Population Division",854,"Burkina Faso","BF","BFA",73,"2022",4,"Median",2,"Female",67,15,19,"15-19",100,"Married or in a union women",1,"Model-based Estimates",3,"Projection",24.63
44,"Currently married by age of woman (Percent)","Currently married by age of woman (Percent)","Estimates and Projections of Women of Reproductive Age Who Are Married or in a Union 2024",2024,"United Nations Population Division",894,"Zambia","ZM","ZMB",59,"2008",4,"Median",2,"Female",67,15,19,"15-19",100,"Married or in a union women",1,"Model-based Estimates",2,"Interpolation",17.51
44,"Currently married by age of woman (Percent)","Currently married by age of woman (Percent)","Estimates and Projections of Women of Reproductive Age Who Are Married or in a Union 2024",2024,"United Nations Population Division",894,"Zambia","ZM","ZMB",60,"2009",4,"Median",2,"Female",67,15,19,"15-19",100,"Married or in a union women",1,"Model-based Estimates",2,"Interpolation",17.21
44,"Currently married by age of woman (Percent)","Currently married by age of woman (Percent)","Estimates and Projections of Women of Reproductive Age Who Are Married or in a Union 2024",2024,"United Nations Population Division",894,"Zambia","ZM","ZMB",61,"2010",4,"Median",2,"Female",67,15,19,"15-19",100,"Married or in a union women",1,"Model-based Estimates",2,"Interpolation",16.92
44,"Currently married by age of woman (Percent)","Currently married by age of woman (Percent)","Estimates and Projections of Women of Reproductive Age Who Are Married or in a Union 2024",2024,"United Nations Population Division",894,"Zambia","ZM","ZMB",62,"2011",4,"Median",2,"Female",67,15,19,"15-19",100,"Married or in a union women",1,"Model-based Estimates",2,"Interpolation",16.63
44,"Currently married by age of woman (Percent)","Currently married by age of woman (Percent)","Estimates and Projections of Women of Reproductive Age Who Are Married or in a Union 2024",2024,"United Nations Population Division",894,"Zambia","ZM","ZMB",63,"2012",4,"Median",2,"Female",67,15,19,"15-19",100,"Married or in a union women",1,"Model-based Estimates",2,"Interpolation",16.34
44,"Currently married by age of woman (Percent)","Currently married by age of woman (Percent)","Estimates and Projections of Women of Reproductive Age Who Are Married or in a Union 2024",2024,"United Nations Population Division",894,"Zambia","ZM","ZMB",64,"2013",4,"Median",2,"Female",67,15,19,"15-19",100,"Married or in a union women",1,"Model-based Estimates",2,"Interpolation",16.04
44,"Currently married by age of woman (Percent)","Currently married by age of woman (Percent)","Estimates and Projections of Women of Reproductive Age Who Are Married or in a Union 2024",2024,"United Nations Population Division",894,"Zambia","ZM","ZMB",65,"2014",4,"Median",2,"Female",67,15,19,"15-19",100,"Married or in a union women",1,"Model-based Estimates",2,"Interpolation",15.75
44,"Currently married by age of woman (Percent)","Currently married by age of woman (Percent)","Estimates and Projections of Women of Reproductive Age Who Are Married or in a Union 2024",2024,"United Nations Population Division",894,"Zambia","ZM","ZMB",66,"2015",4,"Median",2,"Female",67,15,19,"15-19",100,"Married or in a union women",1,"Model-based Estimates",2,"Interpolation",15.46
44,"Currently married by age of woman (Percent)","Currently married by age of woman (Percent)","Estimates and Projections of Women of Reproductive Age Who Are Married or in a Union 2024",2024,"United Nations Population Division",894,"Zambia","ZM","ZMB",67,"2016",4,"Median",2,"Female",67,15,19,"15-19",100,"Married or in a union women",1,"Model-based Estimates",2,"Interpolation",15.17
44,"Currently married by age of woman (Percent)","Currently married by age of woman (Percent)","Estimates and Projections of Women of Reproductive Age Who Are Married or in a Union 2024",2024,"United Nations Population Division",894,"Zambia","ZM","ZMB",68,"2017",4,"Median",2,"Female",67,15,19,"15-19",100,"Married or in a union women",1,"Model-based Estimates",2,"Interpolation",14.87
44,"Currently married by age of woman (Percent)","Currently married by age of woman (Percent)","Estimates and Projections of Women of Reproductive Age Who Are Married or in a Union 2024",2024,"United Nations Population Division",894,"Zambia","ZM","ZMB",69,"2018",4,"Median",2,"Female",67,15,19,"15-19",100,"Married or in a union women",1,"Model-based Estimates",2,"Interpolation",14.58
44,"Currently married by age of woman (Percent)","Currently married by age of woman (Percent)","Estimates and Projections of Women of Reproductive Age Who Are Married or in a Union 2024",2024,"United Nations Population Division",894,"Zambia","ZM","ZMB",70,"2019",4,"Median",2,"Female",67,15,19,"15-19",100,"Married or in a union women",1,"Model-based Estimates",3,"Projection",14.31
44,"Currently married by age of woman (Percent)","Currently married by age of woman (Percent)","Estimates and Projections of Women of Reproductive Age Who Are Married or in a Union 2024",2024,"United Nations Population Division",894,"Zambia","ZM","ZMB",71,"2020",4,"Median",2,"Female",67,15,19,"15-19",100,"Married or in a union women",1,"Model-based Estimates",3,"Projection",14.04
44,"Currently married by age of woman (Percent)","Currently married by age of woman (Percent)","Estimates and Projections of Women of Reproductive Age Who Are Married or in a Union 2024",2024,"United Nations Population Division",894,"Zambia","ZM","ZMB",72,"2021",4,"Median",2,"Female",67,15,19,"15-19",100,"Married or in a union women",1,"Model-based Estimates",3,"Projection",13.77
44,"Currently married by age of woman (Percent)","Currently married by age of woman (Percent)","Estimates and Projections of Women of Reproductive Age Who Are Married or in a Union 2024",2024,"United Nations Population Division",894,"Zambia","ZM","ZMB",73,"2022",4,"Median",2,"Female",67,15,19,"15-19",100,"Married or in a union women",1,"Model-based Estimates",3,"Projection",13.51
