IndicatorId,IndicatorName,IndicatorShortName,Source,SourceYear,Author,LocationId,Location,Iso2,Iso3,TimeId,Time,VariantId,Variant,SexId,Sex,AgeId,AgeStart,AgeEnd,Age,CategoryId,Category,EstimateTypeId,EstimateType,EstimateMethodId,EstimateMethod,Value
4,"Unmet need for family planning: Any method (Percent)","Unmet need","Estimates and Projections of Family Planning Indicators",2024,"United Nations Population Division",12,"Algeria","DZ","DZA",59,"2008",4,"Median",2,"Female",31,15,49,"15-49",99,"All women",1,"Model-based Estimates",2,"Interpolation",6.2
4,"Unmet need for family planning: Any method (Percent)","Unmet need","Estimates and Projections of Family Planning Indicators",2024,"United Nations Population Division",12,"Algeria","DZ","DZA",60,"2009",4,"Median",2,"Female",31,15,49,"15-49",99,"All women",1,"Model-based Estimates",2,"Interpolation",6.2
4,"Unmet need for family planning: Any method (Percent)","Unmet need","Estimates and Projections of Family Planning Indicators",2024,"United Nations Population Division",12,"Algeria","DZ","DZA",61,"2010",4,"Median",2,"Female",31,15,49,"15-49",99,"All women",1,"Model-based Estimates",2,"Interpolation",6.2
4,"Unmet need for family planning: Any method (Percent)","Unmet need","Estimates and Projections of Family Planning Indicators",2024,"United Nations Population Division",12,"Algeria","DZ","DZA",62,"2011",4,"Median",2,"Female",31,15,49,"15-49",99,"All women",1,"Model-based Estimates",2,"Interpolation",6.2
4,"Unmet need for family planning: Any method (Percent)","Unmet need","Estimates and Projections of Family Planning Indicators",2024,"United Nations Population Division",12,"Algeria","DZ","DZA",63,"2012",4,"Median",2,"Female",31,15,49,"15-49",99,"All women",1,"Model-based Estimates",2,"Interpolation",6.3
4,"Unmet need for family planning: Any method (Percent)","Unmet need","Estimates and Projections of Family Planning Indicators",2024,"United Nations Population Division",12,"Algeria","DZ","DZA",64,"2013",4,"Median",2,"Female",31,15,49,"15-49",99,"All women",1,"Model-based Estimates",2,"Interpolation",6.4
4,"Unmet need for family planning: Any method (Percent)","Unmet need","Estimates and Projections of Family Planning Indicators",2024,"United Nations Population Division",12,"Algeria","DZ","DZA",65,"2014",4,"Median",2,"Female",31,15,49,"15-49",99,"All women",1,"Model-based Estimates",2,"Interpolation",6.5
4,"Unmet need for family planning: Any method (Percent)","Unmet need","Estimates and Projections of Family Planning Indicators",2024,"United Nations Population Division",12,"Algeria","DZ","DZA",66,"2015",4,"Median",2,"Female",31,15,49,"15-49",99,"All women",1,"Model-based Estimates",2,"Interpolation",6.6
4,"Unmet need for family planning: Any method (Percent)","Unmet need","Estimates and Projections of Family Planning Indicators",2024,"United Nations Population Division",12,"Algeria","DZ","DZA",67,"2016",4,"Median",2,"Female",31,15,49,"15-49",99,"All women",1,"Model-based Estimates",2,"Interpolation",6.7
4,"Unmet need for family planning: Any method (Percent)","Unmet need","Estimates and Projections of Family Planning Indicators",2024,"United Nations Population Division",12,"Algeria","DZ","DZA",68,"2017",4,"Median",2,"Female",31,15,49,"15-49",99,"All women",1,"Model-based Estimates",2,"Interpolation",6.8
4,"Unmet need for family planning: Any method (Percent)","Unmet need","Estimates and Projections of Family Planning Indicators",2024,"United Nations Population Division",12,"Algeria","DZ","DZA",69,"2018",4,"Median",2,"Female",31,15,49,"15-49",99,"All women",1,"Model-based Estimates",2,"Interpolation",6.9
4,"Unmet need for family planning: Any method (Percent)","Unmet need","Estimates and Projections of Family Planning Indicators",2024,"United Nations Population Division",12,"Algeria","DZ","DZA",70,"2019",4,"Median",2,"Female",31,15,49,"15-49",99,"All women",1,"Model-based Estimates",2,"Interpolation",6.9
4,"Unmet need for family planning: Any method (Percent)","Unmet need","Estimates and Projections of Family Planning Indicators",2024,"United Nations Population Division",12,"Algeria","DZ","DZA",71,"2020",4,"Median",2,"Female",31,15,49,"15-49",99,"All women",1,"Model-based Estimates",3,"Projection",6.9
4,"Unmet need for family planning: Any method (Percent)","Unmet need","Estimates and Projections of Family Planning Indicators",2024,"United Nations Population Division",12,"Algeria","DZ","DZA",72,"2021",4,"Median",2,"Female",31,15,49,"15-49",99,"All women",1,"Model-based Estimates",3,"Projection",6.8
4,"Unmet need for family planning: Any method (Percent)","Unmet need","Estimates and Projections of Family Planning Indicators",2024,"United Nations Population Division",12,"Algeria","DZ","DZA",73,"2022",4,"Median",2,"Female",31,15,49,"15-49",99,"All women",1,"Model-based Estimates",3,"Projection",6.8
4,"Unmet need for family planning: Any method (Percent)","Unmet need","Estimates and Projections of Family Planning Indicators",2024,"United Nations Population Division",24,"Angola","AO","AGO",59,"2008",4,"Median",2,"Female",31,15,49,"15-49",99,"All women",1,"Model-based Estimates",3,"Projection",27.5
4,"Unmet need for family planning: Any method (Percent)","Unmet need","Estimates and Projections of Family Planning Indicators",2024,"United Nations Population Division",24,"Angola","AO","AGO",60,"2009",4,"Median",2,"Female",31,15,49,"15-49",99,"All women",1,"Model-based Estimates",3,"Projection",27.7
4,"Unmet need for family planning: Any method (Percent)","Unmet need","Estimates and Projections of Family Planning Indicators",2024,"United Nations Population Division",24,"Angola","AO","AGO",61,"2010",4,"Median",2,"Female",31,15,49,"15-49",99,"All women",1,"Model-based Estimates",3,"Projection",27.7
4,"Unmet need for family planning: Any method (Percent)","Unmet need","Estimates and Projections of Family Planning Indicators",2024,"United Nations Population Division",24,"Angola","AO","AGO",62,"2011",4,"Median",2,"Female",31,15,49,"15-49",99,"All women",1,"Model-based Estimates",3,"Projection",27.8
4,"Unmet need for family planning: Any method (Percent)","Unmet need","Estimates and Projections of Family Planning Indicators",2024,"United Nations Population Division",24,"Angola","AO","AGO",63,"2012",4,"Median",2,"Female",31,15,49,"15-49",99,"All women",1,"Model-based Estimates",3,"Projection",27.9
4,"Unmet need for family planning: Any method (Percent)","Unmet need","Estimates and Projections of Family Planning Indicators",2024,"United Nations Population Division",24,"Angola","AO","AGO",64,"2013",4,"Median",2,"Female",31,15,49,"15-49",99,"All women",1,"Model-based Estimates",3,"Projection",28
4,"Unmet need for family planning: Any method (Percent)","Unmet need","Estimates and Projections of Family Planning Indicators",2024,"United Nations Population Division",24,"Angola","AO","AGO",65,"2014",4,"Median",2,"Female",31,15,49,"15-49",99,"All women",1,"Model-based Estimates",3,"Projection",28.2
4,"Unmet need for family planning: Any method (Percent)","Unmet need","Estimates and Projections of Family Planning Indicators",2024,"United Nations Population Division",24,"Angola","AO","AGO",66,"2015",4,"Median",2,"Female",31,15,49,"15-49",99,"All women",1,"Model-based Estimates",2,"Interpolation",28.3
4,"Unmet need for family planning: Any method (Percent)","Unmet need","Estimates and Projections of Family Planning Indicators",2024,"United Nations Population Division",24,"Angola","AO","AGO",67,"2016",4,"Median",2,"Female",31,15,49,"15-49",99,"All women",1,"Model-based Estimates",2,"Interpolation",28.2
4,"Unmet need for family planning: Any method (Percent)","Unmet need","Estimates and Projections of Family Planning Indicators",2024,"United Nations Population Division",24,"Angola","AO","AGO",68,"2017",4,"Median",2,"Female",31,15,49,"15-49",99,"All women",1,"Model-based Estimates",3,"Projection",28
4,"Unmet need for family planning: Any method (Percent)","Unmet need","Estimates and Projections of Family Planning Indicators",2024,"United Nations Population Division",24,"Angola","AO","AGO",69,"2018",4,"Median",2,"Female",31,15,49,"15-49",99,"All women",1,"Model-based Estimates",3,"Projection",27.7
4,"Unmet need for family planning: Any method (Percent)","Unmet need","Estimates and Projections of Family Planning Indicators",2024,"United Nations Population Division",24,"Angola","AO","AGO",70,"2019",4,"Median",2,"Female",31,15,49,"15-49",99,"All women",1,"Model-based Estimates",3,"Projection",27.5
4,"Unmet need for family planning: Any method (Percent)","Unmet need","Estimates and Projections of Family Planning Indicators",2024,"United Nations Population Division",24,"Angola","AO","AGO",71,"2020",4,"Median",2,"Female",31,15,49,"15-49",99,"All women",1,"Model-based Estimates",3,"Projection",27.2
4,"Unmet need for family planning: Any method (Percent)","Unmet need","Estimates and Projections of Family Planning Indicators",2024,"United Nations Population Division",24,"Angola","AO","AGO",72,"2021",4,"Median",2,"Female",31,15,49,"15-49",99,"All women",1,"Model-based Estimates",3,"Projection",26.9
4,"Unmet need for family planning: Any method (Percent)","Unmet need","Estimates and Projections of Family Planning Indicators",2024,"United Nations Population Division",24,"Angola","AO","AGO",73,"2022",4,"Median",2,"Female",31,15,49,"15-49",99,"All women",1,"Model-based Estimates",3,"Projection",26.7
4,"Unmet need for family planning: Any method (Percent)","Unmet need","Estimates and Projections of Family Planning Indicators",2024,"United Nations Population Division",72,"Botswana","BW","BWA",59,"2008",4,"Median",2,"Female",31,15,49,"15-49",99,"All women",1,"Model-based Estimates",2,"Interpolation",8.8
4,"Unmet need for family planning: Any method (Percent)","Unmet need","Estimates and Projections of Family Planning Indicators",2024,"United Nations Population Division",72,"Botswana","BW","BWA",60,"2009",4,"Median",2,"Female",31,15,49,"15-49",99,"All women",1,"Model-based Estimates",3,"Projection",8.7
4,"Unmet need for family planning: Any method (Percent)","Unmet need","Estimates and Projections of Family Planning Indicators",2024,"United Nations Population Division",72,"Botswana","BW","BWA",61,"2010",4,"Median",2,"Female",31,15,49,"15-49",99,"All women",1,"Model-based Estimates",3,"Projection",8.6
4,"Unmet need for family planning: Any method (Percent)","Unmet need","Estimates and Projections of Family Planning Indicators",2024,"United Nations Population Division",72,"Botswana","BW","BWA",62,"2011",4,"Median",2,"Female",31,15,49,"15-49",99,"All women",1,"Model-based Estimates",3,"Projection",8.5
4,"Unmet need for family planning: Any method (Percent)","Unmet need","Estimates and Projections of Family Planning Indicators",2024,"United Nations Population Division",72,"Botswana","BW","BWA",63,"2012",4,"Median",2,"Female",31,15,49,"15-49",99,"All women",1,"Model-based Estimates",3,"Projection",8.5
4,"Unmet need for family planning: Any method (Percent)","Unmet need","Estimates and Projections of Family Planning Indicators",2024,"United Nations Population Division",72,"Botswana","BW","BWA",64,"2013",4,"Median",2,"Female",31,15,49,"15-49",99,"All women",1,"Model-based Estimates",3,"Projection",8.4
4,"Unmet need for family planning: Any method (Percent)","Unmet need","Estimates and Projections of Family Planning Indicators",2024,"United Nations Population Division",72,"Botswana","BW","BWA",65,"2014",4,"Median",2,"Female",31,15,49,"15-49",99,"All women",1,"Model-based Estimates",3,"Projection",8.4
4,"Unmet need for family planning: Any method (Percent)","Unmet need","Estimates and Projections of Family Planning Indicators",2024,"United Nations Population Division",72,"Botswana","BW","BWA",66,"2015",4,"Median",2,"Female",31,15,49,"15-49",99,"All women",1,"Model-based Estimates",3,"Projection",8.3
4,"Unmet need for family planning: Any method (Percent)","Unmet need","Estimates and Projections of Family Planning Indicators",2024,"United Nations Population Division",72,"Botswana","BW","BWA",67,"2016",4,"Median",2,"Female",31,15,49,"15-49",99,"All women",1,"Model-based Estimates",3,"Projection",8.3
4,"Unmet need for family planning: Any method (Percent)","Unmet need","Estimates and Projections of Family Planning Indicators",2024,"United Nations Population Division",72,"Botswana","BW","BWA",68,"2017",4,"Median",2,"Female",31,15,49,"15-49",99,"All women",1,"Model-based Estimates",3,"Projection",8.3
4,"Unmet need for family planning: Any method (Percent)","Unmet need","Estimates and Projections of Family Planning Indicators",2024,"United Nations Population Division",72,"Botswana","BW","BWA",69,"2018",4,"Median",2,"Female",31,15,49,"15-49",99,"All women",1,"Model-based Estimates",3,"Projection",8.2
4,"Unmet need for family planning: Any method (Percent)","Unmet need","Estimates and Projections of Family Planning Indicators",2024,"United Nations Population Division",72,"Botswana","BW","BWA",70,"2019",4,"Median",2,"Female",31,15,49,"15-49",99,"All women",1,"Model-based Estimates",3,"Projection",8.1
4,"Unmet need for family planning: Any method (Percent)","Unmet need","Estimates and Projections of Family Planning Indicators",2024,"United Nations Population Division",72,"Botswana","BW","BWA",71,"2020",4,"Median",2,"Female",31,15,49,"15-49",99,"All women",1,"Model-based Estimates",3,"Projection",8.1
4,"Unmet need for family planning: Any method (Percent)","Unmet need","Estimates and Projections of Family Planning Indicators",2024,"United Nations Population Division",72,"Botswana","BW","BWA",72,"2021",4,"Median",2,"Female",31,15,49,"15-49",99,"All women",1,"Model-based Estimates",3,"Projection",8
4,"Unmet need for family planning: Any method (Percent)","Unmet need","Estimates and Projections of Family Planning Indicators",2024,"United Nations Population Division",72,"Botswana","BW","BWA",73,"2022",4,"Median",2,"Female",31,15,49,"15-49",99,"All women",1,"Model-based Estimates",3,"Projection",7.9
4,"Unmet need for family planning: Any method (Percent)","Unmet need","Estimates and Projections of Family Planning Indicators",2024,"United Nations Population Division",108,"Burundi","BI","BDI",59,"2008",4,"Median",2,"Female",31,15,49,"15-49",99,"All women",1,"Model-based Estimates",2,"Interpolation",19.2
4,"Unmet need for family planning: Any method (Percent)","Unmet need","Estimates and Projections of Family Planning Indicators",2024,"United Nations Population Division",108,"Burundi","BI","BDI",60,"2009",4,"Median",2,"Female",31,15,49,"15-49",99,"All women",1,"Model-based Estimates",2,"Interpolation",19.3
4,"Unmet need for family planning: Any method (Percent)","Unmet need","Estimates and Projections of Family Planning Indicators",2024,"United Nations Population Division",108,"Burundi","BI","BDI",61,"2010",4,"Median",2,"Female",31,15,49,"15-49",99,"All women",1,"Model-based Estimates",2,"Interpolation",19.5
4,"Unmet need for family planning: Any method (Percent)","Unmet need","Estimates and Projections of Family Planning Indicators",2024,"United Nations Population Division",108,"Burundi","BI","BDI",62,"2011",4,"Median",2,"Female",31,15,49,"15-49",99,"All women",1,"Model-based Estimates",2,"Interpolation",19.3
4,"Unmet need for family planning: Any method (Percent)","Unmet need","Estimates and Projections of Family Planning Indicators",2024,"United Nations Population Division",108,"Burundi","BI","BDI",63,"2012",4,"Median",2,"Female",31,15,49,"15-49",99,"All women",1,"Model-based Estimates",2,"Interpolation",19
4,"Unmet need for family planning: Any method (Percent)","Unmet need","Estimates and Projections of Family Planning Indicators",2024,"United Nations Population Division",108,"Burundi","BI","BDI",64,"2013",4,"Median",2,"Female",31,15,49,"15-49",99,"All women",1,"Model-based Estimates",2,"Interpolation",18.9
4,"Unmet need for family planning: Any method (Percent)","Unmet need","Estimates and Projections of Family Planning Indicators",2024,"United Nations Population Division",108,"Burundi","BI","BDI",65,"2014",4,"Median",2,"Female",31,15,49,"15-49",99,"All women",1,"Model-based Estimates",2,"Interpolation",18.9
4,"Unmet need for family planning: Any method (Percent)","Unmet need","Estimates and Projections of Family Planning Indicators",2024,"United Nations Population Division",108,"Burundi","BI","BDI",66,"2015",4,"Median",2,"Female",31,15,49,"15-49",99,"All women",1,"Model-based Estimates",2,"Interpolation",18.9
4,"Unmet need for family planning: Any method (Percent)","Unmet need","Estimates and Projections of Family Planning Indicators",2024,"United Nations Population Division",108,"Burundi","BI","BDI",67,"2016",4,"Median",2,"Female",31,15,49,"15-49",99,"All women",1,"Model-based Estimates",2,"Interpolation",18.9
4,"Unmet need for family planning: Any method (Percent)","Unmet need","Estimates and Projections of Family Planning Indicators",2024,"United Nations Population Division",108,"Burundi","BI","BDI",68,"2017",4,"Median",2,"Female",31,15,49,"15-49",99,"All women",1,"Model-based Estimates",2,"Interpolation",18.7
4,"Unmet need for family planning: Any method (Percent)","Unmet need","Estimates and Projections of Family Planning Indicators",2024,"United Nations Population Division",108,"Burundi","BI","BDI",69,"2018",4,"Median",2,"Female",31,15,49,"15-49",99,"All women",1,"Model-based Estimates",3,"Projection",18.5
4,"Unmet need for family planning: Any method (Percent)","Unmet need","Estimates and Projections of Family Planning Indicators",2024,"United Nations Population Division",108,"Burundi","BI","BDI",70,"2019",4,"Median",2,"Female",31,15,49,"15-49",99,"All women",1,"Model-based Estimates",3,"Projection",18.1
4,"Unmet need for family planning: Any method (Percent)","Unmet need","Estimates and Projections of Family Planning Indicators",2024,"United Nations Population Division",108,"Burundi","BI","BDI",71,"2020",4,"Median",2,"Female",31,15,49,"15-49",99,"All women",1,"Model-based Estimates",3,"Projection",17.7
4,"Unmet need for family planning: Any method (Percent)","Unmet need","Estimates and Projections of Family Planning Indicators",2024,"United Nations Population Division",108,"Burundi","BI","BDI",72,"2021",4,"Median",2,"Female",31,15,49,"15-49",99,"All women",1,"Model-based Estimates",3,"Projection",17.3
4,"Unmet need for family planning: Any method (Percent)","Unmet need","Estimates and Projections of Family Planning Indicators",2024,"United Nations Population Division",108,"Burundi","BI","BDI",73,"2022",4,"Median",2,"Female",31,15,49,"15-49",99,"All women",1,"Model-based Estimates",3,"Projection",16.9
4,"Unmet need for family planning: Any method (Percent)","Unmet need","Estimates and Projections of Family Planning Indicators",2024,"United Nations Population Division",120,"Cameroon","CM","CMR",59,"2008",4,"Median",2,"Female",31,15,49,"15-49",99,"All women",1,"Model-based Estimates",2,"Interpolation",16.3
4,"Unmet need for family planning: Any method (Percent)","Unmet need","Estimates and Projections of Family Planning Indicators",2024,"United Nations Population Division",120,"Cameroon","CM","CMR",60,"2009",4,"Median",2,"Female",31,15,49,"15-49",99,"All women",1,"Model-based Estimates",2,"Interpolation",16.5
4,"Unmet need for family planning: Any method (Percent)","Unmet need","Estimates and Projections of Family Planning Indicators",2024,"United Nations Population Division",120,"Cameroon","CM","CMR",61,"2010",4,"Median",2,"Female",31,15,49,"15-49",99,"All women",1,"Model-based Estimates",2,"Interpolation",16.7
4,"Unmet need for family planning: Any method (Percent)","Unmet need","Estimates and Projections of Family Planning Indicators",2024,"United Nations Population Division",120,"Cameroon","CM","CMR",62,"2011",4,"Median",2,"Female",31,15,49,"15-49",99,"All women",1,"Model-based Estimates",2,"Interpolation",16.9
4,"Unmet need for family planning: Any method (Percent)","Unmet need","Estimates and Projections of Family Planning Indicators",2024,"United Nations Population Division",120,"Cameroon","CM","CMR",63,"2012",4,"Median",2,"Female",31,15,49,"15-49",99,"All women",1,"Model-based Estimates",2,"Interpolation",16.7
4,"Unmet need for family planning: Any method (Percent)","Unmet need","Estimates and Projections of Family Planning Indicators",2024,"United Nations Population Division",120,"Cameroon","CM","CMR",64,"2013",4,"Median",2,"Female",31,15,49,"15-49",99,"All women",1,"Model-based Estimates",2,"Interpolation",16.5
4,"Unmet need for family planning: Any method (Percent)","Unmet need","Estimates and Projections of Family Planning Indicators",2024,"United Nations Population Division",120,"Cameroon","CM","CMR",65,"2014",4,"Median",2,"Female",31,15,49,"15-49",99,"All women",1,"Model-based Estimates",2,"Interpolation",16.3
4,"Unmet need for family planning: Any method (Percent)","Unmet need","Estimates and Projections of Family Planning Indicators",2024,"United Nations Population Division",120,"Cameroon","CM","CMR",66,"2015",4,"Median",2,"Female",31,15,49,"15-49",99,"All women",1,"Model-based Estimates",2,"Interpolation",16.2
4,"Unmet need for family planning: Any method (Percent)","Unmet need","Estimates and Projections of Family Planning Indicators",2024,"United Nations Population Division",120,"Cameroon","CM","CMR",67,"2016",4,"Median",2,"Female",31,15,49,"15-49",99,"All women",1,"Model-based Estimates",2,"Interpolation",16.1
4,"Unmet need for family planning: Any method (Percent)","Unmet need","Estimates and Projections of Family Planning Indicators",2024,"United Nations Population Division",120,"Cameroon","CM","CMR",68,"2017",4,"Median",2,"Female",31,15,49,"15-49",99,"All women",1,"Model-based Estimates",2,"Interpolation",16
4,"Unmet need for family planning: Any method (Percent)","Unmet need","Estimates and Projections of Family Planning Indicators",2024,"United Nations Population Division",120,"Cameroon","CM","CMR",69,"2018",4,"Median",2,"Female",31,15,49,"15-49",99,"All women",1,"Model-based Estimates",2,"Interpolation",16
4,"Unmet need for family planning: Any method (Percent)","Unmet need","Estimates and Projections of Family Planning Indicators",2024,"United Nations Population Division",120,"Cameroon","CM","CMR",70,"2019",4,"Median",2,"Female",31,15,49,"15-49",99,"All women",1,"Model-based Estimates",3,"Projection",15.9
4,"Unmet need for family planning: Any method (Percent)","Unmet need","Estimates and Projections of Family Planning Indicators",2024,"United Nations Population Division",120,"Cameroon","CM","CMR",71,"2020",4,"Median",2,"Female",31,15,49,"15-49",99,"All women",1,"Model-based Estimates",3,"Projection",15.8
4,"Unmet need for family planning: Any method (Percent)","Unmet need","Estimates and Projections of Family Planning Indicators",2024,"United Nations Population Division",120,"Cameroon","CM","CMR",72,"2021",4,"Median",2,"Female",31,15,49,"15-49",99,"All women",1,"Model-based Estimates",3,"Projection",15.7
4,"Unmet need for family planning: Any method (Percent)","Unmet need","Estimates and Projections of Family Planning Indicators",2024,"United Nations Population Division",120,"Cameroon","CM","CMR",73,"2022",4,"Median",2,"Female",31,15,49,"15-49",99,"All women",1,"Model-based Estimates",3,"Projection",15.6
4,"Unmet need for family planning: Any method (Percent)","Unmet need","Estimates and Projections of Family Planning Indicators",2024,"United Nations Population Division",132,"Cabo Verde","CV","CPV",59,"2008",4,"Median",2,"Female",31,15,49,"15-49",99,"All women",1,"Model-based Estimates",3,"Projection",12.5
4,"Unmet need for family planning: Any method (Percent)","Unmet need","Estimates and Projections of Family Planning Indicators",2024,"United Nations Population Division",132,"Cabo Verde","CV","CPV",60,"2009",4,"Median",2,"Female",31,15,49,"15-49",99,"All women",1,"Model-based Estimates",3,"Projection",12.4
4,"Unmet need for family planning: Any method (Percent)","Unmet need","Estimates and Projections of Family Planning Indicators",2024,"United Nations Population Division",132,"Cabo Verde","CV","CPV",61,"2010",4,"Median",2,"Female",31,15,49,"15-49",99,"All women",1,"Model-based Estimates",3,"Projection",12.4
4,"Unmet need for family planning: Any method (Percent)","Unmet need","Estimates and Projections of Family Planning Indicators",2024,"United Nations Population Division",132,"Cabo Verde","CV","CPV",62,"2011",4,"Median",2,"Female",31,15,49,"15-49",99,"All women",1,"Model-based Estimates",3,"Projection",12.4
4,"Unmet need for family planning: Any method (Percent)","Unmet need","Estimates and Projections of Family Planning Indicators",2024,"United Nations Population Division",132,"Cabo Verde","CV","CPV",63,"2012",4,"Median",2,"Female",31,15,49,"15-49",99,"All women",1,"Model-based Estimates",3,"Projection",12.4
4,"Unmet need for family planning: Any method (Percent)","Unmet need","Estimates and Projections of Family Planning Indicators",2024,"United Nations Population Division",132,"Cabo Verde","CV","CPV",64,"2013",4,"Median",2,"Female",31,15,49,"15-49",99,"All women",1,"Model-based Estimates",3,"Projection",12.4
4,"Unmet need for family planning: Any method (Percent)","Unmet need","Estimates and Projections of Family Planning Indicators",2024,"United Nations Population Division",132,"Cabo Verde","CV","CPV",65,"2014",4,"Median",2,"Female",31,15,49,"15-49",99,"All women",1,"Model-based Estimates",3,"Projection",12.4
4,"Unmet need for family planning: Any method (Percent)","Unmet need","Estimates and Projections of Family Planning Indicators",2024,"United Nations Population Division",132,"Cabo Verde","CV","CPV",66,"2015",4,"Median",2,"Female",31,15,49,"15-49",99,"All women",1,"Model-based Estimates",3,"Projection",12.5
4,"Unmet need for family planning: Any method (Percent)","Unmet need","Estimates and Projections of Family Planning Indicators",2024,"United Nations Population Division",132,"Cabo Verde","CV","CPV",67,"2016",4,"Median",2,"Female",31,15,49,"15-49",99,"All women",1,"Model-based Estimates",3,"Projection",12.5
4,"Unmet need for family planning: Any method (Percent)","Unmet need","Estimates and Projections of Family Planning Indicators",2024,"United Nations Population Division",132,"Cabo Verde","CV","CPV",68,"2017",4,"Median",2,"Female",31,15,49,"15-49",99,"All women",1,"Model-based Estimates",3,"Projection",12.5
4,"Unmet need for family planning: Any method (Percent)","Unmet need","Estimates and Projections of Family Planning Indicators",2024,"United Nations Population Division",132,"Cabo Verde","CV","CPV",69,"2018",4,"Median",2,"Female",31,15,49,"15-49",99,"All women",1,"Model-based Estimates",3,"Projection",12.5
4,"Unmet need for family planning: Any method (Percent)","Unmet need","Estimates and Projections of Family Planning Indicators",2024,"United Nations Population Division",132,"Cabo Verde","CV","CPV",70,"2019",4,"Median",2,"Female",31,15,49,"15-49",99,"All women",1,"Model-based Estimates",3,"Projection",12.4
4,"Unmet need for family planning: Any method (Percent)","Unmet need","Estimates and Projections of Family Planning Indicators",2024,"United Nations Population Division",132,"Cabo Verde","CV","CPV",71,"2020",4,"Median",2,"Female",31,15,49,"15-49",99,"All women",1,"Model-based Estimates",3,"Projection",12.3
4,"Unmet need for family planning: Any method (Percent)","Unmet need","Estimates and Projections of Family Planning Indicators",2024,"United Nations Population Division",132,"Cabo Verde","CV","CPV",72,"2021",4,"Median",2,"Female",31,15,49,"15-49",99,"All women",1,"Model-based Estimates",3,"Projection",12.1
4,"Unmet need for family planning: Any method (Percent)","Unmet need","Estimates and Projections of Family Planning Indicators",2024,"United Nations Population Division",132,"Cabo Verde","CV","CPV",73,"2022",4,"Median",2,"Female",31,15,49,"15-49",99,"All women",1,"Model-based Estimates",3,"Projection",11.9
4,"Unmet need for family planning: Any method (Percent)","Unmet need","Estimates and Projections of Family Planning Indicators",2024,"United Nations Population Division",140,"Central African Republic","CF","CAF",59,"2008",4,"Median",2,"Female",31,15,49,"15-49",99,"All women",1,"Model-based Estimates",2,"Interpolation",19.3
4,"Unmet need for family planning: Any method (Percent)","Unmet need","Estimates and Projections of Family Planning Indicators",2024,"United Nations Population Division",140,"Central African Republic","CF","CAF",60,"2009",4,"Median",2,"Female",31,15,49,"15-49",99,"All women",1,"Model-based Estimates",2,"Interpolation",19.6
4,"Unmet need for family planning: Any method (Percent)","Unmet need","Estimates and Projections of Family Planning Indicators",2024,"United Nations Population Division",140,"Central African Republic","CF","CAF",61,"2010",4,"Median",2,"Female",31,15,49,"15-49",99,"All women",1,"Model-based Estimates",2,"Interpolation",19.9
4,"Unmet need for family planning: Any method (Percent)","Unmet need","Estimates and Projections of Family Planning Indicators",2024,"United Nations Population Division",140,"Central African Republic","CF","CAF",62,"2011",4,"Median",2,"Female",31,15,49,"15-49",99,"All women",1,"Model-based Estimates",2,"Interpolation",20.2
4,"Unmet need for family planning: Any method (Percent)","Unmet need","Estimates and Projections of Family Planning Indicators",2024,"United Nations Population Division",140,"Central African Republic","CF","CAF",63,"2012",4,"Median",2,"Female",31,15,49,"15-49",99,"All women",1,"Model-based Estimates",2,"Interpolation",20.4
4,"Unmet need for family planning: Any method (Percent)","Unmet need","Estimates and Projections of Family Planning Indicators",2024,"United Nations Population Division",140,"Central African Republic","CF","CAF",64,"2013",4,"Median",2,"Female",31,15,49,"15-49",99,"All women",1,"Model-based Estimates",2,"Interpolation",20.6
4,"Unmet need for family planning: Any method (Percent)","Unmet need","Estimates and Projections of Family Planning Indicators",2024,"United Nations Population Division",140,"Central African Republic","CF","CAF",65,"2014",4,"Median",2,"Female",31,15,49,"15-49",99,"All women",1,"Model-based Estimates",2,"Interpolation",20.9
4,"Unmet need for family planning: Any method (Percent)","Unmet need","Estimates and Projections of Family Planning Indicators",2024,"United Nations Population Division",140,"Central African Republic","CF","CAF",66,"2015",4,"Median",2,"Female",31,15,49,"15-49",99,"All women",1,"Model-based Estimates",2,"Interpolation",21.1
4,"Unmet need for family planning: Any method (Percent)","Unmet need","Estimates and Projections of Family Planning Indicators",2024,"United Nations Population Division",140,"Central African Republic","CF","CAF",67,"2016",4,"Median",2,"Female",31,15,49,"15-49",99,"All women",1,"Model-based Estimates",2,"Interpolation",21.4
4,"Unmet need for family planning: Any method (Percent)","Unmet need","Estimates and Projections of Family Planning Indicators",2024,"United Nations Population Division",140,"Central African Republic","CF","CAF",68,"2017",4,"Median",2,"Female",31,15,49,"15-49",99,"All women",1,"Model-based Estimates",2,"Interpolation",21.7
4,"Unmet need for family planning: Any method (Percent)","Unmet need","Estimates and Projections of Family Planning Indicators",2024,"United Nations Population Division",140,"Central African Republic","CF","CAF",69,"2018",4,"Median",2,"Female",31,15,49,"15-49",99,"All women",1,"Model-based Estimates",2,"Interpolation",22
4,"Unmet need for family planning: Any method (Percent)","Unmet need","Estimates and Projections of Family Planning Indicators",2024,"United Nations Population Division",140,"Central African Republic","CF","CAF",70,"2019",4,"Median",2,"Female",31,15,49,"15-49",99,"All women",1,"Model-based Estimates",2,"Interpolation",22.3
4,"Unmet need for family planning: Any method (Percent)","Unmet need","Estimates and Projections of Family Planning Indicators",2024,"United Nations Population Division",140,"Central African Republic","CF","CAF",71,"2020",4,"Median",2,"Female",31,15,49,"15-49",99,"All women",1,"Model-based Estimates",3,"Projection",22.2
4,"Unmet need for family planning: Any method (Percent)","Unmet need","Estimates and Projections of Family Planning Indicators",2024,"United Nations Population Division",140,"Central African Republic","CF","CAF",72,"2021",4,"Median",2,"Female",31,15,49,"15-49",99,"All women",1,"Model-based Estimates",3,"Projection",22
4,"Unmet need for family planning: Any method (Percent)","Unmet need","Estimates and Projections of Family Planning Indicators",2024,"United Nations Population Division",140,"Central African Republic","CF","CAF",73,"2022",4,"Median",2,"Female",31,15,49,"15-49",99,"All women",1,"Model-based Estimates",3,"Projection",21.8
4,"Unmet need for family planning: Any method (Percent)","Unmet need","Estimates and Projections of Family Planning Indicators",2024,"United Nations Population Division",148,"Chad","TD","TCD",59,"2008",4,"Median",2,"Female",31,15,49,"15-49",99,"All women",1,"Model-based Estimates",2,"Interpolation",17.4
4,"Unmet need for family planning: Any method (Percent)","Unmet need","Estimates and Projections of Family Planning Indicators",2024,"United Nations Population Division",148,"Chad","TD","TCD",60,"2009",4,"Median",2,"Female",31,15,49,"15-49",99,"All women",1,"Model-based Estimates",2,"Interpolation",17.7
4,"Unmet need for family planning: Any method (Percent)","Unmet need","Estimates and Projections of Family Planning Indicators",2024,"United Nations Population Division",148,"Chad","TD","TCD",61,"2010",4,"Median",2,"Female",31,15,49,"15-49",99,"All women",1,"Model-based Estimates",2,"Interpolation",18
4,"Unmet need for family planning: Any method (Percent)","Unmet need","Estimates and Projections of Family Planning Indicators",2024,"United Nations Population Division",148,"Chad","TD","TCD",62,"2011",4,"Median",2,"Female",31,15,49,"15-49",99,"All women",1,"Model-based Estimates",2,"Interpolation",18
4,"Unmet need for family planning: Any method (Percent)","Unmet need","Estimates and Projections of Family Planning Indicators",2024,"United Nations Population Division",148,"Chad","TD","TCD",63,"2012",4,"Median",2,"Female",31,15,49,"15-49",99,"All women",1,"Model-based Estimates",2,"Interpolation",18.1
4,"Unmet need for family planning: Any method (Percent)","Unmet need","Estimates and Projections of Family Planning Indicators",2024,"United Nations Population Division",148,"Chad","TD","TCD",64,"2013",4,"Median",2,"Female",31,15,49,"15-49",99,"All women",1,"Model-based Estimates",2,"Interpolation",18.2
4,"Unmet need for family planning: Any method (Percent)","Unmet need","Estimates and Projections of Family Planning Indicators",2024,"United Nations Population Division",148,"Chad","TD","TCD",65,"2014",4,"Median",2,"Female",31,15,49,"15-49",99,"All women",1,"Model-based Estimates",2,"Interpolation",18.3
4,"Unmet need for family planning: Any method (Percent)","Unmet need","Estimates and Projections of Family Planning Indicators",2024,"United Nations Population Division",148,"Chad","TD","TCD",66,"2015",4,"Median",2,"Female",31,15,49,"15-49",99,"All women",1,"Model-based Estimates",2,"Interpolation",18.4
4,"Unmet need for family planning: Any method (Percent)","Unmet need","Estimates and Projections of Family Planning Indicators",2024,"United Nations Population Division",148,"Chad","TD","TCD",67,"2016",4,"Median",2,"Female",31,15,49,"15-49",99,"All women",1,"Model-based Estimates",2,"Interpolation",18.6
4,"Unmet need for family planning: Any method (Percent)","Unmet need","Estimates and Projections of Family Planning Indicators",2024,"United Nations Population Division",148,"Chad","TD","TCD",68,"2017",4,"Median",2,"Female",31,15,49,"15-49",99,"All women",1,"Model-based Estimates",2,"Interpolation",18.8
4,"Unmet need for family planning: Any method (Percent)","Unmet need","Estimates and Projections of Family Planning Indicators",2024,"United Nations Population Division",148,"Chad","TD","TCD",69,"2018",4,"Median",2,"Female",31,15,49,"15-49",99,"All women",1,"Model-based Estimates",2,"Interpolation",19
4,"Unmet need for family planning: Any method (Percent)","Unmet need","Estimates and Projections of Family Planning Indicators",2024,"United Nations Population Division",148,"Chad","TD","TCD",70,"2019",4,"Median",2,"Female",31,15,49,"15-49",99,"All women",1,"Model-based Estimates",2,"Interpolation",19.2
4,"Unmet need for family planning: Any method (Percent)","Unmet need","Estimates and Projections of Family Planning Indicators",2024,"United Nations Population Division",148,"Chad","TD","TCD",71,"2020",4,"Median",2,"Female",31,15,49,"15-49",99,"All women",1,"Model-based Estimates",3,"Projection",19.2
4,"Unmet need for family planning: Any method (Percent)","Unmet need","Estimates and Projections of Family Planning Indicators",2024,"United Nations Population Division",148,"Chad","TD","TCD",72,"2021",4,"Median",2,"Female",31,15,49,"15-49",99,"All women",1,"Model-based Estimates",3,"Projection",19.2
4,"Unmet need for family planning: Any method (Percent)","Unmet need","Estimates and Projections of Family Planning Indicators",2024,"United Nations Population Division",148,"Chad","TD","TCD",73,"2022",4,"Median",2,"Female",31,15,49,"15-49",99,"All women",1,"Model-based Estimates",3,"Projection",19.2
4,"Unmet need for family planning: Any method (Percent)","Unmet need","Estimates and Projections of Family Planning Indicators",2024,"United Nations Population Division",174,"Comoros","KM","COM",59,"2008",4,"Median",2,"Female",31,15,49,"15-49",99,"All women",1,"Model-based Estimates",2,"Interpolation",21
4,"Unmet need for family planning: Any method (Percent)","Unmet need","Estimates and Projections of Family Planning Indicators",2024,"United Nations Population Division",174,"Comoros","KM","COM",60,"2009",4,"Median",2,"Female",31,15,49,"15-49",99,"All women",1,"Model-based Estimates",2,"Interpolation",21
4,"Unmet need for family planning: Any method (Percent)","Unmet need","Estimates and Projections of Family Planning Indicators",2024,"United Nations Population Division",174,"Comoros","KM","COM",61,"2010",4,"Median",2,"Female",31,15,49,"15-49",99,"All women",1,"Model-based Estimates",2,"Interpolation",20.9
4,"Unmet need for family planning: Any method (Percent)","Unmet need","Estimates and Projections of Family Planning Indicators",2024,"United Nations Population Division",174,"Comoros","KM","COM",62,"2011",4,"Median",2,"Female",31,15,49,"15-49",99,"All women",1,"Model-based Estimates",2,"Interpolation",20.9
4,"Unmet need for family planning: Any method (Percent)","Unmet need","Estimates and Projections of Family Planning Indicators",2024,"United Nations Population Division",174,"Comoros","KM","COM",63,"2012",4,"Median",2,"Female",31,15,49,"15-49",99,"All women",1,"Model-based Estimates",2,"Interpolation",20.9
4,"Unmet need for family planning: Any method (Percent)","Unmet need","Estimates and Projections of Family Planning Indicators",2024,"United Nations Population Division",174,"Comoros","KM","COM",64,"2013",4,"Median",2,"Female",31,15,49,"15-49",99,"All women",1,"Model-based Estimates",2,"Interpolation",21.1
4,"Unmet need for family planning: Any method (Percent)","Unmet need","Estimates and Projections of Family Planning Indicators",2024,"United Nations Population Division",174,"Comoros","KM","COM",65,"2014",4,"Median",2,"Female",31,15,49,"15-49",99,"All women",1,"Model-based Estimates",2,"Interpolation",21.3
4,"Unmet need for family planning: Any method (Percent)","Unmet need","Estimates and Projections of Family Planning Indicators",2024,"United Nations Population Division",174,"Comoros","KM","COM",66,"2015",4,"Median",2,"Female",31,15,49,"15-49",99,"All women",1,"Model-based Estimates",2,"Interpolation",21.5
4,"Unmet need for family planning: Any method (Percent)","Unmet need","Estimates and Projections of Family Planning Indicators",2024,"United Nations Population Division",174,"Comoros","KM","COM",67,"2016",4,"Median",2,"Female",31,15,49,"15-49",99,"All women",1,"Model-based Estimates",2,"Interpolation",21.6
4,"Unmet need for family planning: Any method (Percent)","Unmet need","Estimates and Projections of Family Planning Indicators",2024,"United Nations Population Division",174,"Comoros","KM","COM",68,"2017",4,"Median",2,"Female",31,15,49,"15-49",99,"All women",1,"Model-based Estimates",2,"Interpolation",21.8
4,"Unmet need for family planning: Any method (Percent)","Unmet need","Estimates and Projections of Family Planning Indicators",2024,"United Nations Population Division",174,"Comoros","KM","COM",69,"2018",4,"Median",2,"Female",31,15,49,"15-49",99,"All women",1,"Model-based Estimates",2,"Interpolation",21.9
4,"Unmet need for family planning: Any method (Percent)","Unmet need","Estimates and Projections of Family Planning Indicators",2024,"United Nations Population Division",174,"Comoros","KM","COM",70,"2019",4,"Median",2,"Female",31,15,49,"15-49",99,"All women",1,"Model-based Estimates",2,"Interpolation",22.1
4,"Unmet need for family planning: Any method (Percent)","Unmet need","Estimates and Projections of Family Planning Indicators",2024,"United Nations Population Division",174,"Comoros","KM","COM",71,"2020",4,"Median",2,"Female",31,15,49,"15-49",99,"All women",1,"Model-based Estimates",2,"Interpolation",22.2
4,"Unmet need for family planning: Any method (Percent)","Unmet need","Estimates and Projections of Family Planning Indicators",2024,"United Nations Population Division",174,"Comoros","KM","COM",72,"2021",4,"Median",2,"Female",31,15,49,"15-49",99,"All women",1,"Model-based Estimates",2,"Interpolation",22.4
4,"Unmet need for family planning: Any method (Percent)","Unmet need","Estimates and Projections of Family Planning Indicators",2024,"United Nations Population Division",174,"Comoros","KM","COM",73,"2022",4,"Median",2,"Female",31,15,49,"15-49",99,"All women",1,"Model-based Estimates",2,"Interpolation",22.5
4,"Unmet need for family planning: Any method (Percent)","Unmet need","Estimates and Projections of Family Planning Indicators",2024,"United Nations Population Division",178,"Congo","CG","COG",59,"2008",4,"Median",2,"Female",31,15,49,"15-49",99,"All women",1,"Model-based Estimates",2,"Interpolation",15.3
4,"Unmet need for family planning: Any method (Percent)","Unmet need","Estimates and Projections of Family Planning Indicators",2024,"United Nations Population Division",178,"Congo","CG","COG",60,"2009",4,"Median",2,"Female",31,15,49,"15-49",99,"All women",1,"Model-based Estimates",2,"Interpolation",15.1
4,"Unmet need for family planning: Any method (Percent)","Unmet need","Estimates and Projections of Family Planning Indicators",2024,"United Nations Population Division",178,"Congo","CG","COG",61,"2010",4,"Median",2,"Female",31,15,49,"15-49",99,"All women",1,"Model-based Estimates",2,"Interpolation",14.9
4,"Unmet need for family planning: Any method (Percent)","Unmet need","Estimates and Projections of Family Planning Indicators",2024,"United Nations Population Division",178,"Congo","CG","COG",62,"2011",4,"Median",2,"Female",31,15,49,"15-49",99,"All women",1,"Model-based Estimates",2,"Interpolation",14.8
4,"Unmet need for family planning: Any method (Percent)","Unmet need","Estimates and Projections of Family Planning Indicators",2024,"United Nations Population Division",178,"Congo","CG","COG",63,"2012",4,"Median",2,"Female",31,15,49,"15-49",99,"All women",1,"Model-based Estimates",2,"Interpolation",14.9
4,"Unmet need for family planning: Any method (Percent)","Unmet need","Estimates and Projections of Family Planning Indicators",2024,"United Nations Population Division",178,"Congo","CG","COG",64,"2013",4,"Median",2,"Female",31,15,49,"15-49",99,"All women",1,"Model-based Estimates",2,"Interpolation",15.1
4,"Unmet need for family planning: Any method (Percent)","Unmet need","Estimates and Projections of Family Planning Indicators",2024,"United Nations Population Division",178,"Congo","CG","COG",65,"2014",4,"Median",2,"Female",31,15,49,"15-49",99,"All women",1,"Model-based Estimates",2,"Interpolation",15.2
4,"Unmet need for family planning: Any method (Percent)","Unmet need","Estimates and Projections of Family Planning Indicators",2024,"United Nations Population Division",178,"Congo","CG","COG",66,"2015",4,"Median",2,"Female",31,15,49,"15-49",99,"All women",1,"Model-based Estimates",2,"Interpolation",15.3
4,"Unmet need for family planning: Any method (Percent)","Unmet need","Estimates and Projections of Family Planning Indicators",2024,"United Nations Population Division",178,"Congo","CG","COG",67,"2016",4,"Median",2,"Female",31,15,49,"15-49",99,"All women",1,"Model-based Estimates",3,"Projection",15.3
4,"Unmet need for family planning: Any method (Percent)","Unmet need","Estimates and Projections of Family Planning Indicators",2024,"United Nations Population Division",178,"Congo","CG","COG",68,"2017",4,"Median",2,"Female",31,15,49,"15-49",99,"All women",1,"Model-based Estimates",3,"Projection",15.1
4,"Unmet need for family planning: Any method (Percent)","Unmet need","Estimates and Projections of Family Planning Indicators",2024,"United Nations Population Division",178,"Congo","CG","COG",69,"2018",4,"Median",2,"Female",31,15,49,"15-49",99,"All women",1,"Model-based Estimates",3,"Projection",15
4,"Unmet need for family planning: Any method (Percent)","Unmet need","Estimates and Projections of Family Planning Indicators",2024,"United Nations Population Division",178,"Congo","CG","COG",70,"2019",4,"Median",2,"Female",31,15,49,"15-49",99,"All women",1,"Model-based Estimates",3,"Projection",14.8
4,"Unmet need for family planning: Any method (Percent)","Unmet need","Estimates and Projections of Family Planning Indicators",2024,"United Nations Population Division",178,"Congo","CG","COG",71,"2020",4,"Median",2,"Female",31,15,49,"15-49",99,"All women",1,"Model-based Estimates",3,"Projection",14.7
4,"Unmet need for family planning: Any method (Percent)","Unmet need","Estimates and Projections of Family Planning Indicators",2024,"United Nations Population Division",178,"Congo","CG","COG",72,"2021",4,"Median",2,"Female",31,15,49,"15-49",99,"All women",1,"Model-based Estimates",3,"Projection",14.5
4,"Unmet need for family planning: Any method (Percent)","Unmet need","Estimates and Projections of Family Planning Indicators",2024,"United Nations Population Division",178,"Congo","CG","COG",73,"2022",4,"Median",2,"Female",31,15,49,"15-49",99,"All women",1,"Model-based Estimates",3,"Projection",14.4
4,"Unmet need for family planning: Any method (Percent)","Unmet need","Estimates and Projections of Family Planning Indicators",2024,"United Nations Population Division",180,"Dem. Rep. of the Congo","CD","COD",59,"2008",4,"Median",2,"Female",31,15,49,"15-49",99,"All women",1,"Model-based Estimates",2,"Interpolation",21.3
4,"Unmet need for family planning: Any method (Percent)","Unmet need","Estimates and Projections of Family Planning Indicators",2024,"United Nations Population Division",180,"Dem. Rep. of the Congo","CD","COD",60,"2009",4,"Median",2,"Female",31,15,49,"15-49",99,"All women",1,"Model-based Estimates",2,"Interpolation",21.3
4,"Unmet need for family planning: Any method (Percent)","Unmet need","Estimates and Projections of Family Planning Indicators",2024,"United Nations Population Division",180,"Dem. Rep. of the Congo","CD","COD",61,"2010",4,"Median",2,"Female",31,15,49,"15-49",99,"All women",1,"Model-based Estimates",2,"Interpolation",21.2
4,"Unmet need for family planning: Any method (Percent)","Unmet need","Estimates and Projections of Family Planning Indicators",2024,"United Nations Population Division",180,"Dem. Rep. of the Congo","CD","COD",62,"2011",4,"Median",2,"Female",31,15,49,"15-49",99,"All women",1,"Model-based Estimates",2,"Interpolation",21.3
4,"Unmet need for family planning: Any method (Percent)","Unmet need","Estimates and Projections of Family Planning Indicators",2024,"United Nations Population Division",180,"Dem. Rep. of the Congo","CD","COD",63,"2012",4,"Median",2,"Female",31,15,49,"15-49",99,"All women",1,"Model-based Estimates",2,"Interpolation",21.4
4,"Unmet need for family planning: Any method (Percent)","Unmet need","Estimates and Projections of Family Planning Indicators",2024,"United Nations Population Division",180,"Dem. Rep. of the Congo","CD","COD",64,"2013",4,"Median",2,"Female",31,15,49,"15-49",99,"All women",1,"Model-based Estimates",2,"Interpolation",21.6
4,"Unmet need for family planning: Any method (Percent)","Unmet need","Estimates and Projections of Family Planning Indicators",2024,"United Nations Population Division",180,"Dem. Rep. of the Congo","CD","COD",65,"2014",4,"Median",2,"Female",31,15,49,"15-49",99,"All women",1,"Model-based Estimates",2,"Interpolation",21.6
4,"Unmet need for family planning: Any method (Percent)","Unmet need","Estimates and Projections of Family Planning Indicators",2024,"United Nations Population Division",180,"Dem. Rep. of the Congo","CD","COD",66,"2015",4,"Median",2,"Female",31,15,49,"15-49",99,"All women",1,"Model-based Estimates",2,"Interpolation",21.5
4,"Unmet need for family planning: Any method (Percent)","Unmet need","Estimates and Projections of Family Planning Indicators",2024,"United Nations Population Division",180,"Dem. Rep. of the Congo","CD","COD",67,"2016",4,"Median",2,"Female",31,15,49,"15-49",99,"All women",1,"Model-based Estimates",2,"Interpolation",21.4
4,"Unmet need for family planning: Any method (Percent)","Unmet need","Estimates and Projections of Family Planning Indicators",2024,"United Nations Population Division",180,"Dem. Rep. of the Congo","CD","COD",68,"2017",4,"Median",2,"Female",31,15,49,"15-49",99,"All women",1,"Model-based Estimates",2,"Interpolation",21.3
4,"Unmet need for family planning: Any method (Percent)","Unmet need","Estimates and Projections of Family Planning Indicators",2024,"United Nations Population Division",180,"Dem. Rep. of the Congo","CD","COD",69,"2018",4,"Median",2,"Female",31,15,49,"15-49",99,"All women",1,"Model-based Estimates",2,"Interpolation",21.2
4,"Unmet need for family planning: Any method (Percent)","Unmet need","Estimates and Projections of Family Planning Indicators",2024,"United Nations Population Division",180,"Dem. Rep. of the Congo","CD","COD",70,"2019",4,"Median",2,"Female",31,15,49,"15-49",99,"All women",1,"Model-based Estimates",3,"Projection",20.9
4,"Unmet need for family planning: Any method (Percent)","Unmet need","Estimates and Projections of Family Planning Indicators",2024,"United Nations Population Division",180,"Dem. Rep. of the Congo","CD","COD",71,"2020",4,"Median",2,"Female",31,15,49,"15-49",99,"All women",1,"Model-based Estimates",3,"Projection",20.7
4,"Unmet need for family planning: Any method (Percent)","Unmet need","Estimates and Projections of Family Planning Indicators",2024,"United Nations Population Division",180,"Dem. Rep. of the Congo","CD","COD",72,"2021",4,"Median",2,"Female",31,15,49,"15-49",99,"All women",1,"Model-based Estimates",3,"Projection",20.4
4,"Unmet need for family planning: Any method (Percent)","Unmet need","Estimates and Projections of Family Planning Indicators",2024,"United Nations Population Division",180,"Dem. Rep. of the Congo","CD","COD",73,"2022",4,"Median",2,"Female",31,15,49,"15-49",99,"All women",1,"Model-based Estimates",3,"Projection",20.2
4,"Unmet need for family planning: Any method (Percent)","Unmet need","Estimates and Projections of Family Planning Indicators",2024,"United Nations Population Division",204,"Benin","BJ","BEN",59,"2008",4,"Median",2,"Female",31,15,49,"15-49",99,"All women",1,"Model-based Estimates",2,"Interpolation",22.7
4,"Unmet need for family planning: Any method (Percent)","Unmet need","Estimates and Projections of Family Planning Indicators",2024,"United Nations Population Division",204,"Benin","BJ","BEN",60,"2009",4,"Median",2,"Female",31,15,49,"15-49",99,"All women",1,"Model-based Estimates",2,"Interpolation",23.3
4,"Unmet need for family planning: Any method (Percent)","Unmet need","Estimates and Projections of Family Planning Indicators",2024,"United Nations Population Division",204,"Benin","BJ","BEN",61,"2010",4,"Median",2,"Female",31,15,49,"15-49",99,"All women",1,"Model-based Estimates",2,"Interpolation",23.9
4,"Unmet need for family planning: Any method (Percent)","Unmet need","Estimates and Projections of Family Planning Indicators",2024,"United Nations Population Division",204,"Benin","BJ","BEN",62,"2011",4,"Median",2,"Female",31,15,49,"15-49",99,"All women",1,"Model-based Estimates",2,"Interpolation",24.6
4,"Unmet need for family planning: Any method (Percent)","Unmet need","Estimates and Projections of Family Planning Indicators",2024,"United Nations Population Division",204,"Benin","BJ","BEN",63,"2012",4,"Median",2,"Female",31,15,49,"15-49",99,"All women",1,"Model-based Estimates",2,"Interpolation",25.1
4,"Unmet need for family planning: Any method (Percent)","Unmet need","Estimates and Projections of Family Planning Indicators",2024,"United Nations Population Division",204,"Benin","BJ","BEN",64,"2013",4,"Median",2,"Female",31,15,49,"15-49",99,"All women",1,"Model-based Estimates",2,"Interpolation",25.2
4,"Unmet need for family planning: Any method (Percent)","Unmet need","Estimates and Projections of Family Planning Indicators",2024,"United Nations Population Division",204,"Benin","BJ","BEN",65,"2014",4,"Median",2,"Female",31,15,49,"15-49",99,"All women",1,"Model-based Estimates",2,"Interpolation",25.3
4,"Unmet need for family planning: Any method (Percent)","Unmet need","Estimates and Projections of Family Planning Indicators",2024,"United Nations Population Division",204,"Benin","BJ","BEN",66,"2015",4,"Median",2,"Female",31,15,49,"15-49",99,"All women",1,"Model-based Estimates",2,"Interpolation",25.2
4,"Unmet need for family planning: Any method (Percent)","Unmet need","Estimates and Projections of Family Planning Indicators",2024,"United Nations Population Division",204,"Benin","BJ","BEN",67,"2016",4,"Median",2,"Female",31,15,49,"15-49",99,"All women",1,"Model-based Estimates",2,"Interpolation",25
4,"Unmet need for family planning: Any method (Percent)","Unmet need","Estimates and Projections of Family Planning Indicators",2024,"United Nations Population Division",204,"Benin","BJ","BEN",68,"2017",4,"Median",2,"Female",31,15,49,"15-49",99,"All women",1,"Model-based Estimates",2,"Interpolation",24.9
4,"Unmet need for family planning: Any method (Percent)","Unmet need","Estimates and Projections of Family Planning Indicators",2024,"United Nations Population Division",204,"Benin","BJ","BEN",69,"2018",4,"Median",2,"Female",31,15,49,"15-49",99,"All women",1,"Model-based Estimates",2,"Interpolation",24.4
4,"Unmet need for family planning: Any method (Percent)","Unmet need","Estimates and Projections of Family Planning Indicators",2024,"United Nations Population Division",204,"Benin","BJ","BEN",70,"2019",4,"Median",2,"Female",31,15,49,"15-49",99,"All women",1,"Model-based Estimates",2,"Interpolation",23.6
4,"Unmet need for family planning: Any method (Percent)","Unmet need","Estimates and Projections of Family Planning Indicators",2024,"United Nations Population Division",204,"Benin","BJ","BEN",71,"2020",4,"Median",2,"Female",31,15,49,"15-49",99,"All women",1,"Model-based Estimates",2,"Interpolation",22.9
4,"Unmet need for family planning: Any method (Percent)","Unmet need","Estimates and Projections of Family Planning Indicators",2024,"United Nations Population Division",204,"Benin","BJ","BEN",72,"2021",4,"Median",2,"Female",31,15,49,"15-49",99,"All women",1,"Model-based Estimates",2,"Interpolation",22.3
4,"Unmet need for family planning: Any method (Percent)","Unmet need","Estimates and Projections of Family Planning Indicators",2024,"United Nations Population Division",204,"Benin","BJ","BEN",73,"2022",4,"Median",2,"Female",31,15,49,"15-49",99,"All women",1,"Model-based Estimates",2,"Interpolation",21.9
4,"Unmet need for family planning: Any method (Percent)","Unmet need","Estimates and Projections of Family Planning Indicators",2024,"United Nations Population Division",226,"Equatorial Guinea","GQ","GNQ",59,"2008",4,"Median",2,"Female",31,15,49,"15-49",99,"All women",1,"Model-based Estimates",3,"Projection",23.8
4,"Unmet need for family planning: Any method (Percent)","Unmet need","Estimates and Projections of Family Planning Indicators",2024,"United Nations Population Division",226,"Equatorial Guinea","GQ","GNQ",60,"2009",4,"Median",2,"Female",31,15,49,"15-49",99,"All women",1,"Model-based Estimates",3,"Projection",23.9
4,"Unmet need for family planning: Any method (Percent)","Unmet need","Estimates and Projections of Family Planning Indicators",2024,"United Nations Population Division",226,"Equatorial Guinea","GQ","GNQ",61,"2010",4,"Median",2,"Female",31,15,49,"15-49",99,"All women",1,"Model-based Estimates",3,"Projection",24
4,"Unmet need for family planning: Any method (Percent)","Unmet need","Estimates and Projections of Family Planning Indicators",2024,"United Nations Population Division",226,"Equatorial Guinea","GQ","GNQ",62,"2011",4,"Median",2,"Female",31,15,49,"15-49",99,"All women",1,"Model-based Estimates",2,"Interpolation",24.1
4,"Unmet need for family planning: Any method (Percent)","Unmet need","Estimates and Projections of Family Planning Indicators",2024,"United Nations Population Division",226,"Equatorial Guinea","GQ","GNQ",63,"2012",4,"Median",2,"Female",31,15,49,"15-49",99,"All women",1,"Model-based Estimates",3,"Projection",24
4,"Unmet need for family planning: Any method (Percent)","Unmet need","Estimates and Projections of Family Planning Indicators",2024,"United Nations Population Division",226,"Equatorial Guinea","GQ","GNQ",64,"2013",4,"Median",2,"Female",31,15,49,"15-49",99,"All women",1,"Model-based Estimates",3,"Projection",24
4,"Unmet need for family planning: Any method (Percent)","Unmet need","Estimates and Projections of Family Planning Indicators",2024,"United Nations Population Division",226,"Equatorial Guinea","GQ","GNQ",65,"2014",4,"Median",2,"Female",31,15,49,"15-49",99,"All women",1,"Model-based Estimates",3,"Projection",23.9
4,"Unmet need for family planning: Any method (Percent)","Unmet need","Estimates and Projections of Family Planning Indicators",2024,"United Nations Population Division",226,"Equatorial Guinea","GQ","GNQ",66,"2015",4,"Median",2,"Female",31,15,49,"15-49",99,"All women",1,"Model-based Estimates",3,"Projection",23.8
4,"Unmet need for family planning: Any method (Percent)","Unmet need","Estimates and Projections of Family Planning Indicators",2024,"United Nations Population Division",226,"Equatorial Guinea","GQ","GNQ",67,"2016",4,"Median",2,"Female",31,15,49,"15-49",99,"All women",1,"Model-based Estimates",3,"Projection",23.7
4,"Unmet need for family planning: Any method (Percent)","Unmet need","Estimates and Projections of Family Planning Indicators",2024,"United Nations Population Division",226,"Equatorial Guinea","GQ","GNQ",68,"2017",4,"Median",2,"Female",31,15,49,"15-49",99,"All women",1,"Model-based Estimates",3,"Projection",23.6
4,"Unmet need for family planning: Any method (Percent)","Unmet need","Estimates and Projections of Family Planning Indicators",2024,"United Nations Population Division",226,"Equatorial Guinea","GQ","GNQ",69,"2018",4,"Median",2,"Female",31,15,49,"15-49",99,"All women",1,"Model-based Estimates",3,"Projection",23.5
4,"Unmet need for family planning: Any method (Percent)","Unmet need","Estimates and Projections of Family Planning Indicators",2024,"United Nations Population Division",226,"Equatorial Guinea","GQ","GNQ",70,"2019",4,"Median",2,"Female",31,15,49,"15-49",99,"All women",1,"Model-based Estimates",3,"Projection",23.4
4,"Unmet need for family planning: Any method (Percent)","Unmet need","Estimates and Projections of Family Planning Indicators",2024,"United Nations Population Division",226,"Equatorial Guinea","GQ","GNQ",71,"2020",4,"Median",2,"Female",31,15,49,"15-49",99,"All women",1,"Model-based Estimates",3,"Projection",23.2
4,"Unmet need for family planning: Any method (Percent)","Unmet need","Estimates and Projections of Family Planning Indicators",2024,"United Nations Population Division",226,"Equatorial Guinea","GQ","GNQ",72,"2021",4,"Median",2,"Female",31,15,49,"15-49",99,"All women",1,"Model-based Estimates",3,"Projection",23
4,"Unmet need for family planning: Any method (Percent)","Unmet need","Estimates and Projections of Family Planning Indicators",2024,"United Nations Population Division",226,"Equatorial Guinea","GQ","GNQ",73,"2022",4,"Median",2,"Female",31,15,49,"15-49",99,"All women",1,"Model-based Estimates",3,"Projection",22.7
4,"Unmet need for family planning: Any method (Percent)","Unmet need","Estimates and Projections of Family Planning Indicators",2024,"United Nations Population Division",231,"Ethiopia","ET","ETH",59,"2008",4,"Median",2,"Female",31,15,49,"15-49",99,"All women",1,"Model-based Estimates",2,"Interpolation",20.8
4,"Unmet need for family planning: Any method (Percent)","Unmet need","Estimates and Projections of Family Planning Indicators",2024,"United Nations Population Division",231,"Ethiopia","ET","ETH",60,"2009",4,"Median",2,"Female",31,15,49,"15-49",99,"All women",1,"Model-based Estimates",2,"Interpolation",19.8
4,"Unmet need for family planning: Any method (Percent)","Unmet need","Estimates and Projections of Family Planning Indicators",2024,"United Nations Population Division",231,"Ethiopia","ET","ETH",61,"2010",4,"Median",2,"Female",31,15,49,"15-49",99,"All women",1,"Model-based Estimates",2,"Interpolation",18.8
4,"Unmet need for family planning: Any method (Percent)","Unmet need","Estimates and Projections of Family Planning Indicators",2024,"United Nations Population Division",231,"Ethiopia","ET","ETH",62,"2011",4,"Median",2,"Female",31,15,49,"15-49",99,"All women",1,"Model-based Estimates",2,"Interpolation",17.8
4,"Unmet need for family planning: Any method (Percent)","Unmet need","Estimates and Projections of Family Planning Indicators",2024,"United Nations Population Division",231,"Ethiopia","ET","ETH",63,"2012",4,"Median",2,"Female",31,15,49,"15-49",99,"All women",1,"Model-based Estimates",2,"Interpolation",17.2
4,"Unmet need for family planning: Any method (Percent)","Unmet need","Estimates and Projections of Family Planning Indicators",2024,"United Nations Population Division",231,"Ethiopia","ET","ETH",64,"2013",4,"Median",2,"Female",31,15,49,"15-49",99,"All women",1,"Model-based Estimates",2,"Interpolation",16.6
4,"Unmet need for family planning: Any method (Percent)","Unmet need","Estimates and Projections of Family Planning Indicators",2024,"United Nations Population Division",231,"Ethiopia","ET","ETH",65,"2014",4,"Median",2,"Female",31,15,49,"15-49",99,"All women",1,"Model-based Estimates",2,"Interpolation",16
4,"Unmet need for family planning: Any method (Percent)","Unmet need","Estimates and Projections of Family Planning Indicators",2024,"United Nations Population Division",231,"Ethiopia","ET","ETH",66,"2015",4,"Median",2,"Female",31,15,49,"15-49",99,"All women",1,"Model-based Estimates",2,"Interpolation",15.6
4,"Unmet need for family planning: Any method (Percent)","Unmet need","Estimates and Projections of Family Planning Indicators",2024,"United Nations Population Division",231,"Ethiopia","ET","ETH",67,"2016",4,"Median",2,"Female",31,15,49,"15-49",99,"All women",1,"Model-based Estimates",2,"Interpolation",15.2
4,"Unmet need for family planning: Any method (Percent)","Unmet need","Estimates and Projections of Family Planning Indicators",2024,"United Nations Population Division",231,"Ethiopia","ET","ETH",68,"2017",4,"Median",2,"Female",31,15,49,"15-49",99,"All women",1,"Model-based Estimates",2,"Interpolation",15.2
4,"Unmet need for family planning: Any method (Percent)","Unmet need","Estimates and Projections of Family Planning Indicators",2024,"United Nations Population Division",231,"Ethiopia","ET","ETH",69,"2018",4,"Median",2,"Female",31,15,49,"15-49",99,"All women",1,"Model-based Estimates",2,"Interpolation",15.1
4,"Unmet need for family planning: Any method (Percent)","Unmet need","Estimates and Projections of Family Planning Indicators",2024,"United Nations Population Division",231,"Ethiopia","ET","ETH",70,"2019",4,"Median",2,"Female",31,15,49,"15-49",99,"All women",1,"Model-based Estimates",2,"Interpolation",15.1
4,"Unmet need for family planning: Any method (Percent)","Unmet need","Estimates and Projections of Family Planning Indicators",2024,"United Nations Population Division",231,"Ethiopia","ET","ETH",71,"2020",4,"Median",2,"Female",31,15,49,"15-49",99,"All women",1,"Model-based Estimates",2,"Interpolation",15.2
4,"Unmet need for family planning: Any method (Percent)","Unmet need","Estimates and Projections of Family Planning Indicators",2024,"United Nations Population Division",231,"Ethiopia","ET","ETH",72,"2021",4,"Median",2,"Female",31,15,49,"15-49",99,"All women",1,"Model-based Estimates",2,"Interpolation",15.4
4,"Unmet need for family planning: Any method (Percent)","Unmet need","Estimates and Projections of Family Planning Indicators",2024,"United Nations Population Division",231,"Ethiopia","ET","ETH",73,"2022",4,"Median",2,"Female",31,15,49,"15-49",99,"All women",1,"Model-based Estimates",2,"Interpolation",15.4
4,"Unmet need for family planning: Any method (Percent)","Unmet need","Estimates and Projections of Family Planning Indicators",2024,"United Nations Population Division",232,"Eritrea","ER","ERI",59,"2008",4,"Median",2,"Female",31,15,49,"15-49",99,"All women",1,"Model-based Estimates",2,"Interpolation",17.8
4,"Unmet need for family planning: Any method (Percent)","Unmet need","Estimates and Projections of Family Planning Indicators",2024,"United Nations Population Division",232,"Eritrea","ER","ERI",60,"2009",4,"Median",2,"Female",31,15,49,"15-49",99,"All women",1,"Model-based Estimates",2,"Interpolation",17.7
4,"Unmet need for family planning: Any method (Percent)","Unmet need","Estimates and Projections of Family Planning Indicators",2024,"United Nations Population Division",232,"Eritrea","ER","ERI",61,"2010",4,"Median",2,"Female",31,15,49,"15-49",99,"All women",1,"Model-based Estimates",2,"Interpolation",17.5
4,"Unmet need for family planning: Any method (Percent)","Unmet need","Estimates and Projections of Family Planning Indicators",2024,"United Nations Population Division",232,"Eritrea","ER","ERI",62,"2011",4,"Median",2,"Female",31,15,49,"15-49",99,"All women",1,"Model-based Estimates",3,"Projection",17.4
4,"Unmet need for family planning: Any method (Percent)","Unmet need","Estimates and Projections of Family Planning Indicators",2024,"United Nations Population Division",232,"Eritrea","ER","ERI",63,"2012",4,"Median",2,"Female",31,15,49,"15-49",99,"All women",1,"Model-based Estimates",3,"Projection",17.2
4,"Unmet need for family planning: Any method (Percent)","Unmet need","Estimates and Projections of Family Planning Indicators",2024,"United Nations Population Division",232,"Eritrea","ER","ERI",64,"2013",4,"Median",2,"Female",31,15,49,"15-49",99,"All women",1,"Model-based Estimates",3,"Projection",17.1
4,"Unmet need for family planning: Any method (Percent)","Unmet need","Estimates and Projections of Family Planning Indicators",2024,"United Nations Population Division",232,"Eritrea","ER","ERI",65,"2014",4,"Median",2,"Female",31,15,49,"15-49",99,"All women",1,"Model-based Estimates",3,"Projection",17
4,"Unmet need for family planning: Any method (Percent)","Unmet need","Estimates and Projections of Family Planning Indicators",2024,"United Nations Population Division",232,"Eritrea","ER","ERI",66,"2015",4,"Median",2,"Female",31,15,49,"15-49",99,"All women",1,"Model-based Estimates",3,"Projection",16.8
4,"Unmet need for family planning: Any method (Percent)","Unmet need","Estimates and Projections of Family Planning Indicators",2024,"United Nations Population Division",232,"Eritrea","ER","ERI",67,"2016",4,"Median",2,"Female",31,15,49,"15-49",99,"All women",1,"Model-based Estimates",3,"Projection",16.7
4,"Unmet need for family planning: Any method (Percent)","Unmet need","Estimates and Projections of Family Planning Indicators",2024,"United Nations Population Division",232,"Eritrea","ER","ERI",68,"2017",4,"Median",2,"Female",31,15,49,"15-49",99,"All women",1,"Model-based Estimates",3,"Projection",16.6
4,"Unmet need for family planning: Any method (Percent)","Unmet need","Estimates and Projections of Family Planning Indicators",2024,"United Nations Population Division",232,"Eritrea","ER","ERI",69,"2018",4,"Median",2,"Female",31,15,49,"15-49",99,"All women",1,"Model-based Estimates",3,"Projection",16.5
4,"Unmet need for family planning: Any method (Percent)","Unmet need","Estimates and Projections of Family Planning Indicators",2024,"United Nations Population Division",232,"Eritrea","ER","ERI",70,"2019",4,"Median",2,"Female",31,15,49,"15-49",99,"All women",1,"Model-based Estimates",3,"Projection",16.4
4,"Unmet need for family planning: Any method (Percent)","Unmet need","Estimates and Projections of Family Planning Indicators",2024,"United Nations Population Division",232,"Eritrea","ER","ERI",71,"2020",4,"Median",2,"Female",31,15,49,"15-49",99,"All women",1,"Model-based Estimates",3,"Projection",16.2
4,"Unmet need for family planning: Any method (Percent)","Unmet need","Estimates and Projections of Family Planning Indicators",2024,"United Nations Population Division",232,"Eritrea","ER","ERI",72,"2021",4,"Median",2,"Female",31,15,49,"15-49",99,"All women",1,"Model-based Estimates",3,"Projection",16.1
4,"Unmet need for family planning: Any method (Percent)","Unmet need","Estimates and Projections of Family Planning Indicators",2024,"United Nations Population Division",232,"Eritrea","ER","ERI",73,"2022",4,"Median",2,"Female",31,15,49,"15-49",99,"All women",1,"Model-based Estimates",3,"Projection",16
4,"Unmet need for family planning: Any method (Percent)","Unmet need","Estimates and Projections of Family Planning Indicators",2024,"United Nations Population Division",262,"Djibouti","DJ","DJI",59,"2008",4,"Median",2,"Female",31,15,49,"15-49",99,"All women",1,"Model-based Estimates",3,"Projection",14.9
4,"Unmet need for family planning: Any method (Percent)","Unmet need","Estimates and Projections of Family Planning Indicators",2024,"United Nations Population Division",262,"Djibouti","DJ","DJI",60,"2009",4,"Median",2,"Female",31,15,49,"15-49",99,"All women",1,"Model-based Estimates",3,"Projection",14.8
4,"Unmet need for family planning: Any method (Percent)","Unmet need","Estimates and Projections of Family Planning Indicators",2024,"United Nations Population Division",262,"Djibouti","DJ","DJI",61,"2010",4,"Median",2,"Female",31,15,49,"15-49",99,"All women",1,"Model-based Estimates",3,"Projection",14.7
4,"Unmet need for family planning: Any method (Percent)","Unmet need","Estimates and Projections of Family Planning Indicators",2024,"United Nations Population Division",262,"Djibouti","DJ","DJI",62,"2011",4,"Median",2,"Female",31,15,49,"15-49",99,"All women",1,"Model-based Estimates",3,"Projection",14.6
4,"Unmet need for family planning: Any method (Percent)","Unmet need","Estimates and Projections of Family Planning Indicators",2024,"United Nations Population Division",262,"Djibouti","DJ","DJI",63,"2012",4,"Median",2,"Female",31,15,49,"15-49",99,"All women",1,"Model-based Estimates",3,"Projection",14.6
4,"Unmet need for family planning: Any method (Percent)","Unmet need","Estimates and Projections of Family Planning Indicators",2024,"United Nations Population Division",262,"Djibouti","DJ","DJI",64,"2013",4,"Median",2,"Female",31,15,49,"15-49",99,"All women",1,"Model-based Estimates",3,"Projection",14.5
4,"Unmet need for family planning: Any method (Percent)","Unmet need","Estimates and Projections of Family Planning Indicators",2024,"United Nations Population Division",262,"Djibouti","DJ","DJI",65,"2014",4,"Median",2,"Female",31,15,49,"15-49",99,"All women",1,"Model-based Estimates",3,"Projection",14.3
4,"Unmet need for family planning: Any method (Percent)","Unmet need","Estimates and Projections of Family Planning Indicators",2024,"United Nations Population Division",262,"Djibouti","DJ","DJI",66,"2015",4,"Median",2,"Female",31,15,49,"15-49",99,"All women",1,"Model-based Estimates",3,"Projection",14.2
4,"Unmet need for family planning: Any method (Percent)","Unmet need","Estimates and Projections of Family Planning Indicators",2024,"United Nations Population Division",262,"Djibouti","DJ","DJI",67,"2016",4,"Median",2,"Female",31,15,49,"15-49",99,"All women",1,"Model-based Estimates",3,"Projection",14
4,"Unmet need for family planning: Any method (Percent)","Unmet need","Estimates and Projections of Family Planning Indicators",2024,"United Nations Population Division",262,"Djibouti","DJ","DJI",68,"2017",4,"Median",2,"Female",31,15,49,"15-49",99,"All women",1,"Model-based Estimates",3,"Projection",13.9
4,"Unmet need for family planning: Any method (Percent)","Unmet need","Estimates and Projections of Family Planning Indicators",2024,"United Nations Population Division",262,"Djibouti","DJ","DJI",69,"2018",4,"Median",2,"Female",31,15,49,"15-49",99,"All women",1,"Model-based Estimates",3,"Projection",13.7
4,"Unmet need for family planning: Any method (Percent)","Unmet need","Estimates and Projections of Family Planning Indicators",2024,"United Nations Population Division",262,"Djibouti","DJ","DJI",70,"2019",4,"Median",2,"Female",31,15,49,"15-49",99,"All women",1,"Model-based Estimates",3,"Projection",13.5
4,"Unmet need for family planning: Any method (Percent)","Unmet need","Estimates and Projections of Family Planning Indicators",2024,"United Nations Population Division",262,"Djibouti","DJ","DJI",71,"2020",4,"Median",2,"Female",31,15,49,"15-49",99,"All women",1,"Model-based Estimates",3,"Projection",13.4
4,"Unmet need for family planning: Any method (Percent)","Unmet need","Estimates and Projections of Family Planning Indicators",2024,"United Nations Population Division",262,"Djibouti","DJ","DJI",72,"2021",4,"Median",2,"Female",31,15,49,"15-49",99,"All women",1,"Model-based Estimates",3,"Projection",13.2
4,"Unmet need for family planning: Any method (Percent)","Unmet need","Estimates and Projections of Family Planning Indicators",2024,"United Nations Population Division",262,"Djibouti","DJ","DJI",73,"2022",4,"Median",2,"Female",31,15,49,"15-49",99,"All women",1,"Model-based Estimates",3,"Projection",13
4,"Unmet need for family planning: Any method (Percent)","Unmet need","Estimates and Projections of Family Planning Indicators",2024,"United Nations Population Division",266,"Gabon","GA","GAB",59,"2008",4,"Median",2,"Female",31,15,49,"15-49",99,"All women",1,"Model-based Estimates",2,"Interpolation",21
4,"Unmet need for family planning: Any method (Percent)","Unmet need","Estimates and Projections of Family Planning Indicators",2024,"United Nations Population Division",266,"Gabon","GA","GAB",60,"2009",4,"Median",2,"Female",31,15,49,"15-49",99,"All women",1,"Model-based Estimates",2,"Interpolation",20.9
4,"Unmet need for family planning: Any method (Percent)","Unmet need","Estimates and Projections of Family Planning Indicators",2024,"United Nations Population Division",266,"Gabon","GA","GAB",61,"2010",4,"Median",2,"Female",31,15,49,"15-49",99,"All women",1,"Model-based Estimates",2,"Interpolation",20.9
4,"Unmet need for family planning: Any method (Percent)","Unmet need","Estimates and Projections of Family Planning Indicators",2024,"United Nations Population Division",266,"Gabon","GA","GAB",62,"2011",4,"Median",2,"Female",31,15,49,"15-49",99,"All women",1,"Model-based Estimates",2,"Interpolation",20.9
4,"Unmet need for family planning: Any method (Percent)","Unmet need","Estimates and Projections of Family Planning Indicators",2024,"United Nations Population Division",266,"Gabon","GA","GAB",63,"2012",4,"Median",2,"Female",31,15,49,"15-49",99,"All women",1,"Model-based Estimates",2,"Interpolation",20.9
4,"Unmet need for family planning: Any method (Percent)","Unmet need","Estimates and Projections of Family Planning Indicators",2024,"United Nations Population Division",266,"Gabon","GA","GAB",64,"2013",4,"Median",2,"Female",31,15,49,"15-49",99,"All women",1,"Model-based Estimates",2,"Interpolation",21
4,"Unmet need for family planning: Any method (Percent)","Unmet need","Estimates and Projections of Family Planning Indicators",2024,"United Nations Population Division",266,"Gabon","GA","GAB",65,"2014",4,"Median",2,"Female",31,15,49,"15-49",99,"All women",1,"Model-based Estimates",2,"Interpolation",21.2
4,"Unmet need for family planning: Any method (Percent)","Unmet need","Estimates and Projections of Family Planning Indicators",2024,"United Nations Population Division",266,"Gabon","GA","GAB",66,"2015",4,"Median",2,"Female",31,15,49,"15-49",99,"All women",1,"Model-based Estimates",2,"Interpolation",21.3
4,"Unmet need for family planning: Any method (Percent)","Unmet need","Estimates and Projections of Family Planning Indicators",2024,"United Nations Population Division",266,"Gabon","GA","GAB",67,"2016",4,"Median",2,"Female",31,15,49,"15-49",99,"All women",1,"Model-based Estimates",2,"Interpolation",21.4
4,"Unmet need for family planning: Any method (Percent)","Unmet need","Estimates and Projections of Family Planning Indicators",2024,"United Nations Population Division",266,"Gabon","GA","GAB",68,"2017",4,"Median",2,"Female",31,15,49,"15-49",99,"All women",1,"Model-based Estimates",2,"Interpolation",21.5
4,"Unmet need for family planning: Any method (Percent)","Unmet need","Estimates and Projections of Family Planning Indicators",2024,"United Nations Population Division",266,"Gabon","GA","GAB",69,"2018",4,"Median",2,"Female",31,15,49,"15-49",99,"All women",1,"Model-based Estimates",2,"Interpolation",21.6
4,"Unmet need for family planning: Any method (Percent)","Unmet need","Estimates and Projections of Family Planning Indicators",2024,"United Nations Population Division",266,"Gabon","GA","GAB",70,"2019",4,"Median",2,"Female",31,15,49,"15-49",99,"All women",1,"Model-based Estimates",2,"Interpolation",21.6
4,"Unmet need for family planning: Any method (Percent)","Unmet need","Estimates and Projections of Family Planning Indicators",2024,"United Nations Population Division",266,"Gabon","GA","GAB",71,"2020",4,"Median",2,"Female",31,15,49,"15-49",99,"All women",1,"Model-based Estimates",2,"Interpolation",21.7
4,"Unmet need for family planning: Any method (Percent)","Unmet need","Estimates and Projections of Family Planning Indicators",2024,"United Nations Population Division",266,"Gabon","GA","GAB",72,"2021",4,"Median",2,"Female",31,15,49,"15-49",99,"All women",1,"Model-based Estimates",2,"Interpolation",21.6
4,"Unmet need for family planning: Any method (Percent)","Unmet need","Estimates and Projections of Family Planning Indicators",2024,"United Nations Population Division",266,"Gabon","GA","GAB",73,"2022",4,"Median",2,"Female",31,15,49,"15-49",99,"All women",1,"Model-based Estimates",3,"Projection",21.4
4,"Unmet need for family planning: Any method (Percent)","Unmet need","Estimates and Projections of Family Planning Indicators",2024,"United Nations Population Division",270,"Gambia","GM","GMB",59,"2008",4,"Median",2,"Female",31,15,49,"15-49",99,"All women",1,"Model-based Estimates",3,"Projection",17.7
4,"Unmet need for family planning: Any method (Percent)","Unmet need","Estimates and Projections of Family Planning Indicators",2024,"United Nations Population Division",270,"Gambia","GM","GMB",60,"2009",4,"Median",2,"Female",31,15,49,"15-49",99,"All women",1,"Model-based Estimates",3,"Projection",17.5
4,"Unmet need for family planning: Any method (Percent)","Unmet need","Estimates and Projections of Family Planning Indicators",2024,"United Nations Population Division",270,"Gambia","GM","GMB",61,"2010",4,"Median",2,"Female",31,15,49,"15-49",99,"All women",1,"Model-based Estimates",2,"Interpolation",17.3
4,"Unmet need for family planning: Any method (Percent)","Unmet need","Estimates and Projections of Family Planning Indicators",2024,"United Nations Population Division",270,"Gambia","GM","GMB",62,"2011",4,"Median",2,"Female",31,15,49,"15-49",99,"All women",1,"Model-based Estimates",2,"Interpolation",17.3
4,"Unmet need for family planning: Any method (Percent)","Unmet need","Estimates and Projections of Family Planning Indicators",2024,"United Nations Population Division",270,"Gambia","GM","GMB",63,"2012",4,"Median",2,"Female",31,15,49,"15-49",99,"All women",1,"Model-based Estimates",2,"Interpolation",17.1
4,"Unmet need for family planning: Any method (Percent)","Unmet need","Estimates and Projections of Family Planning Indicators",2024,"United Nations Population Division",270,"Gambia","GM","GMB",64,"2013",4,"Median",2,"Female",31,15,49,"15-49",99,"All women",1,"Model-based Estimates",2,"Interpolation",17
4,"Unmet need for family planning: Any method (Percent)","Unmet need","Estimates and Projections of Family Planning Indicators",2024,"United Nations Population Division",270,"Gambia","GM","GMB",65,"2014",4,"Median",2,"Female",31,15,49,"15-49",99,"All women",1,"Model-based Estimates",2,"Interpolation",17
4,"Unmet need for family planning: Any method (Percent)","Unmet need","Estimates and Projections of Family Planning Indicators",2024,"United Nations Population Division",270,"Gambia","GM","GMB",66,"2015",4,"Median",2,"Female",31,15,49,"15-49",99,"All women",1,"Model-based Estimates",2,"Interpolation",16.9
4,"Unmet need for family planning: Any method (Percent)","Unmet need","Estimates and Projections of Family Planning Indicators",2024,"United Nations Population Division",270,"Gambia","GM","GMB",67,"2016",4,"Median",2,"Female",31,15,49,"15-49",99,"All women",1,"Model-based Estimates",2,"Interpolation",16.9
4,"Unmet need for family planning: Any method (Percent)","Unmet need","Estimates and Projections of Family Planning Indicators",2024,"United Nations Population Division",270,"Gambia","GM","GMB",68,"2017",4,"Median",2,"Female",31,15,49,"15-49",99,"All women",1,"Model-based Estimates",2,"Interpolation",16.8
4,"Unmet need for family planning: Any method (Percent)","Unmet need","Estimates and Projections of Family Planning Indicators",2024,"United Nations Population Division",270,"Gambia","GM","GMB",69,"2018",4,"Median",2,"Female",31,15,49,"15-49",99,"All women",1,"Model-based Estimates",2,"Interpolation",16.7
4,"Unmet need for family planning: Any method (Percent)","Unmet need","Estimates and Projections of Family Planning Indicators",2024,"United Nations Population Division",270,"Gambia","GM","GMB",70,"2019",4,"Median",2,"Female",31,15,49,"15-49",99,"All women",1,"Model-based Estimates",2,"Interpolation",16.5
4,"Unmet need for family planning: Any method (Percent)","Unmet need","Estimates and Projections of Family Planning Indicators",2024,"United Nations Population Division",270,"Gambia","GM","GMB",71,"2020",4,"Median",2,"Female",31,15,49,"15-49",99,"All women",1,"Model-based Estimates",2,"Interpolation",16.3
4,"Unmet need for family planning: Any method (Percent)","Unmet need","Estimates and Projections of Family Planning Indicators",2024,"United Nations Population Division",270,"Gambia","GM","GMB",72,"2021",4,"Median",2,"Female",31,15,49,"15-49",99,"All women",1,"Model-based Estimates",3,"Projection",16.2
4,"Unmet need for family planning: Any method (Percent)","Unmet need","Estimates and Projections of Family Planning Indicators",2024,"United Nations Population Division",270,"Gambia","GM","GMB",73,"2022",4,"Median",2,"Female",31,15,49,"15-49",99,"All women",1,"Model-based Estimates",3,"Projection",16
4,"Unmet need for family planning: Any method (Percent)","Unmet need","Estimates and Projections of Family Planning Indicators",2024,"United Nations Population Division",288,"Ghana","GH","GHA",59,"2008",4,"Median",2,"Female",31,15,49,"15-49",99,"All women",1,"Model-based Estimates",2,"Interpolation",24.3
4,"Unmet need for family planning: Any method (Percent)","Unmet need","Estimates and Projections of Family Planning Indicators",2024,"United Nations Population Division",288,"Ghana","GH","GHA",60,"2009",4,"Median",2,"Female",31,15,49,"15-49",99,"All women",1,"Model-based Estimates",2,"Interpolation",23.9
4,"Unmet need for family planning: Any method (Percent)","Unmet need","Estimates and Projections of Family Planning Indicators",2024,"United Nations Population Division",288,"Ghana","GH","GHA",61,"2010",4,"Median",2,"Female",31,15,49,"15-49",99,"All women",1,"Model-based Estimates",2,"Interpolation",23.4
4,"Unmet need for family planning: Any method (Percent)","Unmet need","Estimates and Projections of Family Planning Indicators",2024,"United Nations Population Division",288,"Ghana","GH","GHA",62,"2011",4,"Median",2,"Female",31,15,49,"15-49",99,"All women",1,"Model-based Estimates",2,"Interpolation",23.1
4,"Unmet need for family planning: Any method (Percent)","Unmet need","Estimates and Projections of Family Planning Indicators",2024,"United Nations Population Division",288,"Ghana","GH","GHA",63,"2012",4,"Median",2,"Female",31,15,49,"15-49",99,"All women",1,"Model-based Estimates",2,"Interpolation",22.7
4,"Unmet need for family planning: Any method (Percent)","Unmet need","Estimates and Projections of Family Planning Indicators",2024,"United Nations Population Division",288,"Ghana","GH","GHA",64,"2013",4,"Median",2,"Female",31,15,49,"15-49",99,"All women",1,"Model-based Estimates",2,"Interpolation",22.3
4,"Unmet need for family planning: Any method (Percent)","Unmet need","Estimates and Projections of Family Planning Indicators",2024,"United Nations Population Division",288,"Ghana","GH","GHA",65,"2014",4,"Median",2,"Female",31,15,49,"15-49",99,"All women",1,"Model-based Estimates",2,"Interpolation",21.9
4,"Unmet need for family planning: Any method (Percent)","Unmet need","Estimates and Projections of Family Planning Indicators",2024,"United Nations Population Division",288,"Ghana","GH","GHA",66,"2015",4,"Median",2,"Female",31,15,49,"15-49",99,"All women",1,"Model-based Estimates",2,"Interpolation",21.3
4,"Unmet need for family planning: Any method (Percent)","Unmet need","Estimates and Projections of Family Planning Indicators",2024,"United Nations Population Division",288,"Ghana","GH","GHA",67,"2016",4,"Median",2,"Female",31,15,49,"15-49",99,"All women",1,"Model-based Estimates",2,"Interpolation",20.6
4,"Unmet need for family planning: Any method (Percent)","Unmet need","Estimates and Projections of Family Planning Indicators",2024,"United Nations Population Division",288,"Ghana","GH","GHA",68,"2017",4,"Median",2,"Female",31,15,49,"15-49",99,"All women",1,"Model-based Estimates",2,"Interpolation",19.7
4,"Unmet need for family planning: Any method (Percent)","Unmet need","Estimates and Projections of Family Planning Indicators",2024,"United Nations Population Division",288,"Ghana","GH","GHA",69,"2018",4,"Median",2,"Female",31,15,49,"15-49",99,"All women",1,"Model-based Estimates",2,"Interpolation",18.6
4,"Unmet need for family planning: Any method (Percent)","Unmet need","Estimates and Projections of Family Planning Indicators",2024,"United Nations Population Division",288,"Ghana","GH","GHA",70,"2019",4,"Median",2,"Female",31,15,49,"15-49",99,"All women",1,"Model-based Estimates",2,"Interpolation",17.7
4,"Unmet need for family planning: Any method (Percent)","Unmet need","Estimates and Projections of Family Planning Indicators",2024,"United Nations Population Division",288,"Ghana","GH","GHA",71,"2020",4,"Median",2,"Female",31,15,49,"15-49",99,"All women",1,"Model-based Estimates",2,"Interpolation",16.8
4,"Unmet need for family planning: Any method (Percent)","Unmet need","Estimates and Projections of Family Planning Indicators",2024,"United Nations Population Division",288,"Ghana","GH","GHA",72,"2021",4,"Median",2,"Female",31,15,49,"15-49",99,"All women",1,"Model-based Estimates",2,"Interpolation",16
4,"Unmet need for family planning: Any method (Percent)","Unmet need","Estimates and Projections of Family Planning Indicators",2024,"United Nations Population Division",288,"Ghana","GH","GHA",73,"2022",4,"Median",2,"Female",31,15,49,"15-49",99,"All women",1,"Model-based Estimates",2,"Interpolation",15.2
4,"Unmet need for family planning: Any method (Percent)","Unmet need","Estimates and Projections of Family Planning Indicators",2024,"United Nations Population Division",324,"Guinea","GN","GIN",59,"2008",4,"Median",2,"Female",31,15,49,"15-49",99,"All women",1,"Model-based Estimates",2,"Interpolation",19.6
4,"Unmet need for family planning: Any method (Percent)","Unmet need","Estimates and Projections of Family Planning Indicators",2024,"United Nations Population Division",324,"Guinea","GN","GIN",60,"2009",4,"Median",2,"Female",31,15,49,"15-49",99,"All women",1,"Model-based Estimates",2,"Interpolation",19.6
4,"Unmet need for family planning: Any method (Percent)","Unmet need","Estimates and Projections of Family Planning Indicators",2024,"United Nations Population Division",324,"Guinea","GN","GIN",61,"2010",4,"Median",2,"Female",31,15,49,"15-49",99,"All women",1,"Model-based Estimates",2,"Interpolation",19.7
4,"Unmet need for family planning: Any method (Percent)","Unmet need","Estimates and Projections of Family Planning Indicators",2024,"United Nations Population Division",324,"Guinea","GN","GIN",62,"2011",4,"Median",2,"Female",31,15,49,"15-49",99,"All women",1,"Model-based Estimates",2,"Interpolation",19.7
4,"Unmet need for family planning: Any method (Percent)","Unmet need","Estimates and Projections of Family Planning Indicators",2024,"United Nations Population Division",324,"Guinea","GN","GIN",63,"2012",4,"Median",2,"Female",31,15,49,"15-49",99,"All women",1,"Model-based Estimates",2,"Interpolation",19.7
4,"Unmet need for family planning: Any method (Percent)","Unmet need","Estimates and Projections of Family Planning Indicators",2024,"United Nations Population Division",324,"Guinea","GN","GIN",64,"2013",4,"Median",2,"Female",31,15,49,"15-49",99,"All women",1,"Model-based Estimates",2,"Interpolation",19.4
4,"Unmet need for family planning: Any method (Percent)","Unmet need","Estimates and Projections of Family Planning Indicators",2024,"United Nations Population Division",324,"Guinea","GN","GIN",65,"2014",4,"Median",2,"Female",31,15,49,"15-49",99,"All women",1,"Model-based Estimates",2,"Interpolation",19.2
4,"Unmet need for family planning: Any method (Percent)","Unmet need","Estimates and Projections of Family Planning Indicators",2024,"United Nations Population Division",324,"Guinea","GN","GIN",66,"2015",4,"Median",2,"Female",31,15,49,"15-49",99,"All women",1,"Model-based Estimates",2,"Interpolation",18.9
4,"Unmet need for family planning: Any method (Percent)","Unmet need","Estimates and Projections of Family Planning Indicators",2024,"United Nations Population Division",324,"Guinea","GN","GIN",67,"2016",4,"Median",2,"Female",31,15,49,"15-49",99,"All women",1,"Model-based Estimates",2,"Interpolation",18.6
4,"Unmet need for family planning: Any method (Percent)","Unmet need","Estimates and Projections of Family Planning Indicators",2024,"United Nations Population Division",324,"Guinea","GN","GIN",68,"2017",4,"Median",2,"Female",31,15,49,"15-49",99,"All women",1,"Model-based Estimates",2,"Interpolation",18.2
4,"Unmet need for family planning: Any method (Percent)","Unmet need","Estimates and Projections of Family Planning Indicators",2024,"United Nations Population Division",324,"Guinea","GN","GIN",69,"2018",4,"Median",2,"Female",31,15,49,"15-49",99,"All women",1,"Model-based Estimates",2,"Interpolation",17.8
4,"Unmet need for family planning: Any method (Percent)","Unmet need","Estimates and Projections of Family Planning Indicators",2024,"United Nations Population Division",324,"Guinea","GN","GIN",70,"2019",4,"Median",2,"Female",31,15,49,"15-49",99,"All women",1,"Model-based Estimates",3,"Projection",17.9
4,"Unmet need for family planning: Any method (Percent)","Unmet need","Estimates and Projections of Family Planning Indicators",2024,"United Nations Population Division",324,"Guinea","GN","GIN",71,"2020",4,"Median",2,"Female",31,15,49,"15-49",99,"All women",1,"Model-based Estimates",3,"Projection",17.9
4,"Unmet need for family planning: Any method (Percent)","Unmet need","Estimates and Projections of Family Planning Indicators",2024,"United Nations Population Division",324,"Guinea","GN","GIN",72,"2021",4,"Median",2,"Female",31,15,49,"15-49",99,"All women",1,"Model-based Estimates",3,"Projection",17.9
4,"Unmet need for family planning: Any method (Percent)","Unmet need","Estimates and Projections of Family Planning Indicators",2024,"United Nations Population Division",324,"Guinea","GN","GIN",73,"2022",4,"Median",2,"Female",31,15,49,"15-49",99,"All women",1,"Model-based Estimates",3,"Projection",17.9
4,"Unmet need for family planning: Any method (Percent)","Unmet need","Estimates and Projections of Family Planning Indicators",2024,"United Nations Population Division",384,"Côte d'Ivoire","CI","CIV",59,"2008",4,"Median",2,"Female",31,15,49,"15-49",99,"All women",1,"Model-based Estimates",2,"Interpolation",22.7
4,"Unmet need for family planning: Any method (Percent)","Unmet need","Estimates and Projections of Family Planning Indicators",2024,"United Nations Population Division",384,"Côte d'Ivoire","CI","CIV",60,"2009",4,"Median",2,"Female",31,15,49,"15-49",99,"All women",1,"Model-based Estimates",2,"Interpolation",22.8
4,"Unmet need for family planning: Any method (Percent)","Unmet need","Estimates and Projections of Family Planning Indicators",2024,"United Nations Population Division",384,"Côte d'Ivoire","CI","CIV",61,"2010",4,"Median",2,"Female",31,15,49,"15-49",99,"All women",1,"Model-based Estimates",2,"Interpolation",22.9
4,"Unmet need for family planning: Any method (Percent)","Unmet need","Estimates and Projections of Family Planning Indicators",2024,"United Nations Population Division",384,"Côte d'Ivoire","CI","CIV",62,"2011",4,"Median",2,"Female",31,15,49,"15-49",99,"All women",1,"Model-based Estimates",2,"Interpolation",23
4,"Unmet need for family planning: Any method (Percent)","Unmet need","Estimates and Projections of Family Planning Indicators",2024,"United Nations Population Division",384,"Côte d'Ivoire","CI","CIV",63,"2012",4,"Median",2,"Female",31,15,49,"15-49",99,"All women",1,"Model-based Estimates",2,"Interpolation",23.1
4,"Unmet need for family planning: Any method (Percent)","Unmet need","Estimates and Projections of Family Planning Indicators",2024,"United Nations Population Division",384,"Côte d'Ivoire","CI","CIV",64,"2013",4,"Median",2,"Female",31,15,49,"15-49",99,"All women",1,"Model-based Estimates",2,"Interpolation",22.6
4,"Unmet need for family planning: Any method (Percent)","Unmet need","Estimates and Projections of Family Planning Indicators",2024,"United Nations Population Division",384,"Côte d'Ivoire","CI","CIV",65,"2014",4,"Median",2,"Female",31,15,49,"15-49",99,"All women",1,"Model-based Estimates",2,"Interpolation",22.1
4,"Unmet need for family planning: Any method (Percent)","Unmet need","Estimates and Projections of Family Planning Indicators",2024,"United Nations Population Division",384,"Côte d'Ivoire","CI","CIV",66,"2015",4,"Median",2,"Female",31,15,49,"15-49",99,"All women",1,"Model-based Estimates",2,"Interpolation",21.7
4,"Unmet need for family planning: Any method (Percent)","Unmet need","Estimates and Projections of Family Planning Indicators",2024,"United Nations Population Division",384,"Côte d'Ivoire","CI","CIV",67,"2016",4,"Median",2,"Female",31,15,49,"15-49",99,"All women",1,"Model-based Estimates",2,"Interpolation",21.2
4,"Unmet need for family planning: Any method (Percent)","Unmet need","Estimates and Projections of Family Planning Indicators",2024,"United Nations Population Division",384,"Côte d'Ivoire","CI","CIV",68,"2017",4,"Median",2,"Female",31,15,49,"15-49",99,"All women",1,"Model-based Estimates",2,"Interpolation",20.7
4,"Unmet need for family planning: Any method (Percent)","Unmet need","Estimates and Projections of Family Planning Indicators",2024,"United Nations Population Division",384,"Côte d'Ivoire","CI","CIV",69,"2018",4,"Median",2,"Female",31,15,49,"15-49",99,"All women",1,"Model-based Estimates",2,"Interpolation",20
4,"Unmet need for family planning: Any method (Percent)","Unmet need","Estimates and Projections of Family Planning Indicators",2024,"United Nations Population Division",384,"Côte d'Ivoire","CI","CIV",70,"2019",4,"Median",2,"Female",31,15,49,"15-49",99,"All women",1,"Model-based Estimates",2,"Interpolation",19.2
4,"Unmet need for family planning: Any method (Percent)","Unmet need","Estimates and Projections of Family Planning Indicators",2024,"United Nations Population Division",384,"Côte d'Ivoire","CI","CIV",71,"2020",4,"Median",2,"Female",31,15,49,"15-49",99,"All women",1,"Model-based Estimates",2,"Interpolation",18.5
4,"Unmet need for family planning: Any method (Percent)","Unmet need","Estimates and Projections of Family Planning Indicators",2024,"United Nations Population Division",384,"Côte d'Ivoire","CI","CIV",72,"2021",4,"Median",2,"Female",31,15,49,"15-49",99,"All women",1,"Model-based Estimates",2,"Interpolation",17.7
4,"Unmet need for family planning: Any method (Percent)","Unmet need","Estimates and Projections of Family Planning Indicators",2024,"United Nations Population Division",384,"Côte d'Ivoire","CI","CIV",73,"2022",4,"Median",2,"Female",31,15,49,"15-49",99,"All women",1,"Model-based Estimates",2,"Interpolation",17.5
4,"Unmet need for family planning: Any method (Percent)","Unmet need","Estimates and Projections of Family Planning Indicators",2024,"United Nations Population Division",404,"Kenya","KE","KEN",59,"2008",4,"Median",2,"Female",31,15,49,"15-49",99,"All women",1,"Model-based Estimates",2,"Interpolation",17.9
4,"Unmet need for family planning: Any method (Percent)","Unmet need","Estimates and Projections of Family Planning Indicators",2024,"United Nations Population Division",404,"Kenya","KE","KEN",60,"2009",4,"Median",2,"Female",31,15,49,"15-49",99,"All women",1,"Model-based Estimates",2,"Interpolation",17.2
4,"Unmet need for family planning: Any method (Percent)","Unmet need","Estimates and Projections of Family Planning Indicators",2024,"United Nations Population Division",404,"Kenya","KE","KEN",61,"2010",4,"Median",2,"Female",31,15,49,"15-49",99,"All women",1,"Model-based Estimates",2,"Interpolation",16.4
4,"Unmet need for family planning: Any method (Percent)","Unmet need","Estimates and Projections of Family Planning Indicators",2024,"United Nations Population Division",404,"Kenya","KE","KEN",62,"2011",4,"Median",2,"Female",31,15,49,"15-49",99,"All women",1,"Model-based Estimates",2,"Interpolation",15.5
4,"Unmet need for family planning: Any method (Percent)","Unmet need","Estimates and Projections of Family Planning Indicators",2024,"United Nations Population Division",404,"Kenya","KE","KEN",63,"2012",4,"Median",2,"Female",31,15,49,"15-49",99,"All women",1,"Model-based Estimates",2,"Interpolation",14.6
4,"Unmet need for family planning: Any method (Percent)","Unmet need","Estimates and Projections of Family Planning Indicators",2024,"United Nations Population Division",404,"Kenya","KE","KEN",64,"2013",4,"Median",2,"Female",31,15,49,"15-49",99,"All women",1,"Model-based Estimates",2,"Interpolation",13.7
4,"Unmet need for family planning: Any method (Percent)","Unmet need","Estimates and Projections of Family Planning Indicators",2024,"United Nations Population Division",404,"Kenya","KE","KEN",65,"2014",4,"Median",2,"Female",31,15,49,"15-49",99,"All women",1,"Model-based Estimates",2,"Interpolation",12.8
4,"Unmet need for family planning: Any method (Percent)","Unmet need","Estimates and Projections of Family Planning Indicators",2024,"United Nations Population Division",404,"Kenya","KE","KEN",66,"2015",4,"Median",2,"Female",31,15,49,"15-49",99,"All women",1,"Model-based Estimates",2,"Interpolation",12.2
4,"Unmet need for family planning: Any method (Percent)","Unmet need","Estimates and Projections of Family Planning Indicators",2024,"United Nations Population Division",404,"Kenya","KE","KEN",67,"2016",4,"Median",2,"Female",31,15,49,"15-49",99,"All women",1,"Model-based Estimates",2,"Interpolation",11.4
4,"Unmet need for family planning: Any method (Percent)","Unmet need","Estimates and Projections of Family Planning Indicators",2024,"United Nations Population Division",404,"Kenya","KE","KEN",68,"2017",4,"Median",2,"Female",31,15,49,"15-49",99,"All women",1,"Model-based Estimates",2,"Interpolation",10.7
4,"Unmet need for family planning: Any method (Percent)","Unmet need","Estimates and Projections of Family Planning Indicators",2024,"United Nations Population Division",404,"Kenya","KE","KEN",69,"2018",4,"Median",2,"Female",31,15,49,"15-49",99,"All women",1,"Model-based Estimates",2,"Interpolation",10
4,"Unmet need for family planning: Any method (Percent)","Unmet need","Estimates and Projections of Family Planning Indicators",2024,"United Nations Population Division",404,"Kenya","KE","KEN",70,"2019",4,"Median",2,"Female",31,15,49,"15-49",99,"All women",1,"Model-based Estimates",2,"Interpolation",9.3
4,"Unmet need for family planning: Any method (Percent)","Unmet need","Estimates and Projections of Family Planning Indicators",2024,"United Nations Population Division",404,"Kenya","KE","KEN",71,"2020",4,"Median",2,"Female",31,15,49,"15-49",99,"All women",1,"Model-based Estimates",2,"Interpolation",8.3
4,"Unmet need for family planning: Any method (Percent)","Unmet need","Estimates and Projections of Family Planning Indicators",2024,"United Nations Population Division",404,"Kenya","KE","KEN",72,"2021",4,"Median",2,"Female",31,15,49,"15-49",99,"All women",1,"Model-based Estimates",2,"Interpolation",7.3
4,"Unmet need for family planning: Any method (Percent)","Unmet need","Estimates and Projections of Family Planning Indicators",2024,"United Nations Population Division",404,"Kenya","KE","KEN",73,"2022",4,"Median",2,"Female",31,15,49,"15-49",99,"All women",1,"Model-based Estimates",2,"Interpolation",6.1
4,"Unmet need for family planning: Any method (Percent)","Unmet need","Estimates and Projections of Family Planning Indicators",2024,"United Nations Population Division",426,"Lesotho","LS","LSO",59,"2008",4,"Median",2,"Female",31,15,49,"15-49",99,"All women",1,"Model-based Estimates",2,"Interpolation",16.6
4,"Unmet need for family planning: Any method (Percent)","Unmet need","Estimates and Projections of Family Planning Indicators",2024,"United Nations Population Division",426,"Lesotho","LS","LSO",60,"2009",4,"Median",2,"Female",31,15,49,"15-49",99,"All women",1,"Model-based Estimates",2,"Interpolation",15.5
4,"Unmet need for family planning: Any method (Percent)","Unmet need","Estimates and Projections of Family Planning Indicators",2024,"United Nations Population Division",426,"Lesotho","LS","LSO",61,"2010",4,"Median",2,"Female",31,15,49,"15-49",99,"All women",1,"Model-based Estimates",2,"Interpolation",14.6
4,"Unmet need for family planning: Any method (Percent)","Unmet need","Estimates and Projections of Family Planning Indicators",2024,"United Nations Population Division",426,"Lesotho","LS","LSO",62,"2011",4,"Median",2,"Female",31,15,49,"15-49",99,"All women",1,"Model-based Estimates",2,"Interpolation",13.7
4,"Unmet need for family planning: Any method (Percent)","Unmet need","Estimates and Projections of Family Planning Indicators",2024,"United Nations Population Division",426,"Lesotho","LS","LSO",63,"2012",4,"Median",2,"Female",31,15,49,"15-49",99,"All women",1,"Model-based Estimates",2,"Interpolation",13
4,"Unmet need for family planning: Any method (Percent)","Unmet need","Estimates and Projections of Family Planning Indicators",2024,"United Nations Population Division",426,"Lesotho","LS","LSO",64,"2013",4,"Median",2,"Female",31,15,49,"15-49",99,"All women",1,"Model-based Estimates",2,"Interpolation",12.4
4,"Unmet need for family planning: Any method (Percent)","Unmet need","Estimates and Projections of Family Planning Indicators",2024,"United Nations Population Division",426,"Lesotho","LS","LSO",65,"2014",4,"Median",2,"Female",31,15,49,"15-49",99,"All women",1,"Model-based Estimates",2,"Interpolation",11.9
4,"Unmet need for family planning: Any method (Percent)","Unmet need","Estimates and Projections of Family Planning Indicators",2024,"United Nations Population Division",426,"Lesotho","LS","LSO",66,"2015",4,"Median",2,"Female",31,15,49,"15-49",99,"All women",1,"Model-based Estimates",2,"Interpolation",11.3
4,"Unmet need for family planning: Any method (Percent)","Unmet need","Estimates and Projections of Family Planning Indicators",2024,"United Nations Population Division",426,"Lesotho","LS","LSO",67,"2016",4,"Median",2,"Female",31,15,49,"15-49",99,"All women",1,"Model-based Estimates",2,"Interpolation",10.8
4,"Unmet need for family planning: Any method (Percent)","Unmet need","Estimates and Projections of Family Planning Indicators",2024,"United Nations Population Division",426,"Lesotho","LS","LSO",68,"2017",4,"Median",2,"Female",31,15,49,"15-49",99,"All women",1,"Model-based Estimates",2,"Interpolation",10.4
4,"Unmet need for family planning: Any method (Percent)","Unmet need","Estimates and Projections of Family Planning Indicators",2024,"United Nations Population Division",426,"Lesotho","LS","LSO",69,"2018",4,"Median",2,"Female",31,15,49,"15-49",99,"All women",1,"Model-based Estimates",2,"Interpolation",10
4,"Unmet need for family planning: Any method (Percent)","Unmet need","Estimates and Projections of Family Planning Indicators",2024,"United Nations Population Division",426,"Lesotho","LS","LSO",70,"2019",4,"Median",2,"Female",31,15,49,"15-49",99,"All women",1,"Model-based Estimates",3,"Projection",9.7
4,"Unmet need for family planning: Any method (Percent)","Unmet need","Estimates and Projections of Family Planning Indicators",2024,"United Nations Population Division",426,"Lesotho","LS","LSO",71,"2020",4,"Median",2,"Female",31,15,49,"15-49",99,"All women",1,"Model-based Estimates",3,"Projection",9.5
4,"Unmet need for family planning: Any method (Percent)","Unmet need","Estimates and Projections of Family Planning Indicators",2024,"United Nations Population Division",426,"Lesotho","LS","LSO",72,"2021",4,"Median",2,"Female",31,15,49,"15-49",99,"All women",1,"Model-based Estimates",3,"Projection",9.3
4,"Unmet need for family planning: Any method (Percent)","Unmet need","Estimates and Projections of Family Planning Indicators",2024,"United Nations Population Division",426,"Lesotho","LS","LSO",73,"2022",4,"Median",2,"Female",31,15,49,"15-49",99,"All women",1,"Model-based Estimates",3,"Projection",9.2
4,"Unmet need for family planning: Any method (Percent)","Unmet need","Estimates and Projections of Family Planning Indicators",2024,"United Nations Population Division",430,"Liberia","LR","LBR",59,"2008",4,"Median",2,"Female",31,15,49,"15-49",99,"All women",1,"Model-based Estimates",2,"Interpolation",30.4
4,"Unmet need for family planning: Any method (Percent)","Unmet need","Estimates and Projections of Family Planning Indicators",2024,"United Nations Population Division",430,"Liberia","LR","LBR",60,"2009",4,"Median",2,"Female",31,15,49,"15-49",99,"All women",1,"Model-based Estimates",2,"Interpolation",29.9
4,"Unmet need for family planning: Any method (Percent)","Unmet need","Estimates and Projections of Family Planning Indicators",2024,"United Nations Population Division",430,"Liberia","LR","LBR",61,"2010",4,"Median",2,"Female",31,15,49,"15-49",99,"All women",1,"Model-based Estimates",2,"Interpolation",29.4
4,"Unmet need for family planning: Any method (Percent)","Unmet need","Estimates and Projections of Family Planning Indicators",2024,"United Nations Population Division",430,"Liberia","LR","LBR",62,"2011",4,"Median",2,"Female",31,15,49,"15-49",99,"All women",1,"Model-based Estimates",2,"Interpolation",28.9
4,"Unmet need for family planning: Any method (Percent)","Unmet need","Estimates and Projections of Family Planning Indicators",2024,"United Nations Population Division",430,"Liberia","LR","LBR",63,"2012",4,"Median",2,"Female",31,15,49,"15-49",99,"All women",1,"Model-based Estimates",2,"Interpolation",28.4
4,"Unmet need for family planning: Any method (Percent)","Unmet need","Estimates and Projections of Family Planning Indicators",2024,"United Nations Population Division",430,"Liberia","LR","LBR",64,"2013",4,"Median",2,"Female",31,15,49,"15-49",99,"All women",1,"Model-based Estimates",2,"Interpolation",27.9
4,"Unmet need for family planning: Any method (Percent)","Unmet need","Estimates and Projections of Family Planning Indicators",2024,"United Nations Population Division",430,"Liberia","LR","LBR",65,"2014",4,"Median",2,"Female",31,15,49,"15-49",99,"All women",1,"Model-based Estimates",2,"Interpolation",27.7
4,"Unmet need for family planning: Any method (Percent)","Unmet need","Estimates and Projections of Family Planning Indicators",2024,"United Nations Population Division",430,"Liberia","LR","LBR",66,"2015",4,"Median",2,"Female",31,15,49,"15-49",99,"All women",1,"Model-based Estimates",2,"Interpolation",27.4
4,"Unmet need for family planning: Any method (Percent)","Unmet need","Estimates and Projections of Family Planning Indicators",2024,"United Nations Population Division",430,"Liberia","LR","LBR",67,"2016",4,"Median",2,"Female",31,15,49,"15-49",99,"All women",1,"Model-based Estimates",2,"Interpolation",27.2
4,"Unmet need for family planning: Any method (Percent)","Unmet need","Estimates and Projections of Family Planning Indicators",2024,"United Nations Population Division",430,"Liberia","LR","LBR",68,"2017",4,"Median",2,"Female",31,15,49,"15-49",99,"All women",1,"Model-based Estimates",2,"Interpolation",27
4,"Unmet need for family planning: Any method (Percent)","Unmet need","Estimates and Projections of Family Planning Indicators",2024,"United Nations Population Division",430,"Liberia","LR","LBR",69,"2018",4,"Median",2,"Female",31,15,49,"15-49",99,"All women",1,"Model-based Estimates",2,"Interpolation",26.8
4,"Unmet need for family planning: Any method (Percent)","Unmet need","Estimates and Projections of Family Planning Indicators",2024,"United Nations Population Division",430,"Liberia","LR","LBR",70,"2019",4,"Median",2,"Female",31,15,49,"15-49",99,"All women",1,"Model-based Estimates",2,"Interpolation",26.7
4,"Unmet need for family planning: Any method (Percent)","Unmet need","Estimates and Projections of Family Planning Indicators",2024,"United Nations Population Division",430,"Liberia","LR","LBR",71,"2020",4,"Median",2,"Female",31,15,49,"15-49",99,"All women",1,"Model-based Estimates",2,"Interpolation",26.4
4,"Unmet need for family planning: Any method (Percent)","Unmet need","Estimates and Projections of Family Planning Indicators",2024,"United Nations Population Division",430,"Liberia","LR","LBR",72,"2021",4,"Median",2,"Female",31,15,49,"15-49",99,"All women",1,"Model-based Estimates",3,"Projection",25.9
4,"Unmet need for family planning: Any method (Percent)","Unmet need","Estimates and Projections of Family Planning Indicators",2024,"United Nations Population Division",430,"Liberia","LR","LBR",73,"2022",4,"Median",2,"Female",31,15,49,"15-49",99,"All women",1,"Model-based Estimates",3,"Projection",25.5
4,"Unmet need for family planning: Any method (Percent)","Unmet need","Estimates and Projections of Family Planning Indicators",2024,"United Nations Population Division",434,"Libya","LY","LBY",59,"2008",4,"Median",2,"Female",31,15,49,"15-49",99,"All women",1,"Model-based Estimates",2,"Interpolation",13.5
4,"Unmet need for family planning: Any method (Percent)","Unmet need","Estimates and Projections of Family Planning Indicators",2024,"United Nations Population Division",434,"Libya","LY","LBY",60,"2009",4,"Median",2,"Female",31,15,49,"15-49",99,"All women",1,"Model-based Estimates",2,"Interpolation",13.7
4,"Unmet need for family planning: Any method (Percent)","Unmet need","Estimates and Projections of Family Planning Indicators",2024,"United Nations Population Division",434,"Libya","LY","LBY",61,"2010",4,"Median",2,"Female",31,15,49,"15-49",99,"All women",1,"Model-based Estimates",2,"Interpolation",13.8
4,"Unmet need for family planning: Any method (Percent)","Unmet need","Estimates and Projections of Family Planning Indicators",2024,"United Nations Population Division",434,"Libya","LY","LBY",62,"2011",4,"Median",2,"Female",31,15,49,"15-49",99,"All women",1,"Model-based Estimates",2,"Interpolation",13.9
4,"Unmet need for family planning: Any method (Percent)","Unmet need","Estimates and Projections of Family Planning Indicators",2024,"United Nations Population Division",434,"Libya","LY","LBY",63,"2012",4,"Median",2,"Female",31,15,49,"15-49",99,"All women",1,"Model-based Estimates",2,"Interpolation",14
4,"Unmet need for family planning: Any method (Percent)","Unmet need","Estimates and Projections of Family Planning Indicators",2024,"United Nations Population Division",434,"Libya","LY","LBY",64,"2013",4,"Median",2,"Female",31,15,49,"15-49",99,"All women",1,"Model-based Estimates",2,"Interpolation",14
4,"Unmet need for family planning: Any method (Percent)","Unmet need","Estimates and Projections of Family Planning Indicators",2024,"United Nations Population Division",434,"Libya","LY","LBY",65,"2014",4,"Median",2,"Female",31,15,49,"15-49",99,"All women",1,"Model-based Estimates",2,"Interpolation",13.9
4,"Unmet need for family planning: Any method (Percent)","Unmet need","Estimates and Projections of Family Planning Indicators",2024,"United Nations Population Division",434,"Libya","LY","LBY",66,"2015",4,"Median",2,"Female",31,15,49,"15-49",99,"All women",1,"Model-based Estimates",3,"Projection",13.6
4,"Unmet need for family planning: Any method (Percent)","Unmet need","Estimates and Projections of Family Planning Indicators",2024,"United Nations Population Division",434,"Libya","LY","LBY",67,"2016",4,"Median",2,"Female",31,15,49,"15-49",99,"All women",1,"Model-based Estimates",3,"Projection",13.2
4,"Unmet need for family planning: Any method (Percent)","Unmet need","Estimates and Projections of Family Planning Indicators",2024,"United Nations Population Division",434,"Libya","LY","LBY",68,"2017",4,"Median",2,"Female",31,15,49,"15-49",99,"All women",1,"Model-based Estimates",3,"Projection",12.9
4,"Unmet need for family planning: Any method (Percent)","Unmet need","Estimates and Projections of Family Planning Indicators",2024,"United Nations Population Division",434,"Libya","LY","LBY",69,"2018",4,"Median",2,"Female",31,15,49,"15-49",99,"All women",1,"Model-based Estimates",3,"Projection",12.5
4,"Unmet need for family planning: Any method (Percent)","Unmet need","Estimates and Projections of Family Planning Indicators",2024,"United Nations Population Division",434,"Libya","LY","LBY",70,"2019",4,"Median",2,"Female",31,15,49,"15-49",99,"All women",1,"Model-based Estimates",3,"Projection",12.1
4,"Unmet need for family planning: Any method (Percent)","Unmet need","Estimates and Projections of Family Planning Indicators",2024,"United Nations Population Division",434,"Libya","LY","LBY",71,"2020",4,"Median",2,"Female",31,15,49,"15-49",99,"All women",1,"Model-based Estimates",3,"Projection",11.7
4,"Unmet need for family planning: Any method (Percent)","Unmet need","Estimates and Projections of Family Planning Indicators",2024,"United Nations Population Division",434,"Libya","LY","LBY",72,"2021",4,"Median",2,"Female",31,15,49,"15-49",99,"All women",1,"Model-based Estimates",3,"Projection",11.4
4,"Unmet need for family planning: Any method (Percent)","Unmet need","Estimates and Projections of Family Planning Indicators",2024,"United Nations Population Division",434,"Libya","LY","LBY",73,"2022",4,"Median",2,"Female",31,15,49,"15-49",99,"All women",1,"Model-based Estimates",3,"Projection",11
4,"Unmet need for family planning: Any method (Percent)","Unmet need","Estimates and Projections of Family Planning Indicators",2024,"United Nations Population Division",450,"Madagascar","MG","MDG",59,"2008",4,"Median",2,"Female",31,15,49,"15-49",99,"All women",1,"Model-based Estimates",2,"Interpolation",16.5
4,"Unmet need for family planning: Any method (Percent)","Unmet need","Estimates and Projections of Family Planning Indicators",2024,"United Nations Population Division",450,"Madagascar","MG","MDG",60,"2009",4,"Median",2,"Female",31,15,49,"15-49",99,"All women",1,"Model-based Estimates",2,"Interpolation",15.9
4,"Unmet need for family planning: Any method (Percent)","Unmet need","Estimates and Projections of Family Planning Indicators",2024,"United Nations Population Division",450,"Madagascar","MG","MDG",61,"2010",4,"Median",2,"Female",31,15,49,"15-49",99,"All women",1,"Model-based Estimates",2,"Interpolation",15.5
4,"Unmet need for family planning: Any method (Percent)","Unmet need","Estimates and Projections of Family Planning Indicators",2024,"United Nations Population Division",450,"Madagascar","MG","MDG",62,"2011",4,"Median",2,"Female",31,15,49,"15-49",99,"All women",1,"Model-based Estimates",2,"Interpolation",15.3
4,"Unmet need for family planning: Any method (Percent)","Unmet need","Estimates and Projections of Family Planning Indicators",2024,"United Nations Population Division",450,"Madagascar","MG","MDG",63,"2012",4,"Median",2,"Female",31,15,49,"15-49",99,"All women",1,"Model-based Estimates",2,"Interpolation",15
4,"Unmet need for family planning: Any method (Percent)","Unmet need","Estimates and Projections of Family Planning Indicators",2024,"United Nations Population Division",450,"Madagascar","MG","MDG",64,"2013",4,"Median",2,"Female",31,15,49,"15-49",99,"All women",1,"Model-based Estimates",2,"Interpolation",14.7
4,"Unmet need for family planning: Any method (Percent)","Unmet need","Estimates and Projections of Family Planning Indicators",2024,"United Nations Population Division",450,"Madagascar","MG","MDG",65,"2014",4,"Median",2,"Female",31,15,49,"15-49",99,"All women",1,"Model-based Estimates",2,"Interpolation",14.4
4,"Unmet need for family planning: Any method (Percent)","Unmet need","Estimates and Projections of Family Planning Indicators",2024,"United Nations Population Division",450,"Madagascar","MG","MDG",66,"2015",4,"Median",2,"Female",31,15,49,"15-49",99,"All women",1,"Model-based Estimates",2,"Interpolation",14.1
4,"Unmet need for family planning: Any method (Percent)","Unmet need","Estimates and Projections of Family Planning Indicators",2024,"United Nations Population Division",450,"Madagascar","MG","MDG",67,"2016",4,"Median",2,"Female",31,15,49,"15-49",99,"All women",1,"Model-based Estimates",2,"Interpolation",13.8
4,"Unmet need for family planning: Any method (Percent)","Unmet need","Estimates and Projections of Family Planning Indicators",2024,"United Nations Population Division",450,"Madagascar","MG","MDG",68,"2017",4,"Median",2,"Female",31,15,49,"15-49",99,"All women",1,"Model-based Estimates",2,"Interpolation",13.6
4,"Unmet need for family planning: Any method (Percent)","Unmet need","Estimates and Projections of Family Planning Indicators",2024,"United Nations Population Division",450,"Madagascar","MG","MDG",69,"2018",4,"Median",2,"Female",31,15,49,"15-49",99,"All women",1,"Model-based Estimates",2,"Interpolation",13.3
4,"Unmet need for family planning: Any method (Percent)","Unmet need","Estimates and Projections of Family Planning Indicators",2024,"United Nations Population Division",450,"Madagascar","MG","MDG",70,"2019",4,"Median",2,"Female",31,15,49,"15-49",99,"All women",1,"Model-based Estimates",2,"Interpolation",12.9
4,"Unmet need for family planning: Any method (Percent)","Unmet need","Estimates and Projections of Family Planning Indicators",2024,"United Nations Population Division",450,"Madagascar","MG","MDG",71,"2020",4,"Median",2,"Female",31,15,49,"15-49",99,"All women",1,"Model-based Estimates",2,"Interpolation",12.6
4,"Unmet need for family planning: Any method (Percent)","Unmet need","Estimates and Projections of Family Planning Indicators",2024,"United Nations Population Division",450,"Madagascar","MG","MDG",72,"2021",4,"Median",2,"Female",31,15,49,"15-49",99,"All women",1,"Model-based Estimates",2,"Interpolation",12.2
4,"Unmet need for family planning: Any method (Percent)","Unmet need","Estimates and Projections of Family Planning Indicators",2024,"United Nations Population Division",450,"Madagascar","MG","MDG",73,"2022",4,"Median",2,"Female",31,15,49,"15-49",99,"All women",1,"Model-based Estimates",3,"Projection",12.1
4,"Unmet need for family planning: Any method (Percent)","Unmet need","Estimates and Projections of Family Planning Indicators",2024,"United Nations Population Division",454,"Malawi","MW","MWI",59,"2008",4,"Median",2,"Female",31,15,49,"15-49",99,"All women",1,"Model-based Estimates",2,"Interpolation",21.1
4,"Unmet need for family planning: Any method (Percent)","Unmet need","Estimates and Projections of Family Planning Indicators",2024,"United Nations Population Division",454,"Malawi","MW","MWI",60,"2009",4,"Median",2,"Female",31,15,49,"15-49",99,"All women",1,"Model-based Estimates",2,"Interpolation",20.5
4,"Unmet need for family planning: Any method (Percent)","Unmet need","Estimates and Projections of Family Planning Indicators",2024,"United Nations Population Division",454,"Malawi","MW","MWI",61,"2010",4,"Median",2,"Female",31,15,49,"15-49",99,"All women",1,"Model-based Estimates",2,"Interpolation",19.8
4,"Unmet need for family planning: Any method (Percent)","Unmet need","Estimates and Projections of Family Planning Indicators",2024,"United Nations Population Division",454,"Malawi","MW","MWI",62,"2011",4,"Median",2,"Female",31,15,49,"15-49",99,"All women",1,"Model-based Estimates",2,"Interpolation",18.9
4,"Unmet need for family planning: Any method (Percent)","Unmet need","Estimates and Projections of Family Planning Indicators",2024,"United Nations Population Division",454,"Malawi","MW","MWI",63,"2012",4,"Median",2,"Female",31,15,49,"15-49",99,"All women",1,"Model-based Estimates",2,"Interpolation",17.9
4,"Unmet need for family planning: Any method (Percent)","Unmet need","Estimates and Projections of Family Planning Indicators",2024,"United Nations Population Division",454,"Malawi","MW","MWI",64,"2013",4,"Median",2,"Female",31,15,49,"15-49",99,"All women",1,"Model-based Estimates",2,"Interpolation",17
4,"Unmet need for family planning: Any method (Percent)","Unmet need","Estimates and Projections of Family Planning Indicators",2024,"United Nations Population Division",454,"Malawi","MW","MWI",65,"2014",4,"Median",2,"Female",31,15,49,"15-49",99,"All women",1,"Model-based Estimates",2,"Interpolation",16.2
4,"Unmet need for family planning: Any method (Percent)","Unmet need","Estimates and Projections of Family Planning Indicators",2024,"United Nations Population Division",454,"Malawi","MW","MWI",66,"2015",4,"Median",2,"Female",31,15,49,"15-49",99,"All women",1,"Model-based Estimates",2,"Interpolation",15.3
4,"Unmet need for family planning: Any method (Percent)","Unmet need","Estimates and Projections of Family Planning Indicators",2024,"United Nations Population Division",454,"Malawi","MW","MWI",67,"2016",4,"Median",2,"Female",31,15,49,"15-49",99,"All women",1,"Model-based Estimates",2,"Interpolation",14.7
4,"Unmet need for family planning: Any method (Percent)","Unmet need","Estimates and Projections of Family Planning Indicators",2024,"United Nations Population Division",454,"Malawi","MW","MWI",68,"2017",4,"Median",2,"Female",31,15,49,"15-49",99,"All women",1,"Model-based Estimates",2,"Interpolation",14.3
4,"Unmet need for family planning: Any method (Percent)","Unmet need","Estimates and Projections of Family Planning Indicators",2024,"United Nations Population Division",454,"Malawi","MW","MWI",69,"2018",4,"Median",2,"Female",31,15,49,"15-49",99,"All women",1,"Model-based Estimates",2,"Interpolation",13.9
4,"Unmet need for family planning: Any method (Percent)","Unmet need","Estimates and Projections of Family Planning Indicators",2024,"United Nations Population Division",454,"Malawi","MW","MWI",70,"2019",4,"Median",2,"Female",31,15,49,"15-49",99,"All women",1,"Model-based Estimates",2,"Interpolation",13.6
4,"Unmet need for family planning: Any method (Percent)","Unmet need","Estimates and Projections of Family Planning Indicators",2024,"United Nations Population Division",454,"Malawi","MW","MWI",71,"2020",4,"Median",2,"Female",31,15,49,"15-49",99,"All women",1,"Model-based Estimates",2,"Interpolation",13.3
4,"Unmet need for family planning: Any method (Percent)","Unmet need","Estimates and Projections of Family Planning Indicators",2024,"United Nations Population Division",454,"Malawi","MW","MWI",72,"2021",4,"Median",2,"Female",31,15,49,"15-49",99,"All women",1,"Model-based Estimates",3,"Projection",13
4,"Unmet need for family planning: Any method (Percent)","Unmet need","Estimates and Projections of Family Planning Indicators",2024,"United Nations Population Division",454,"Malawi","MW","MWI",73,"2022",4,"Median",2,"Female",31,15,49,"15-49",99,"All women",1,"Model-based Estimates",3,"Projection",12.7
4,"Unmet need for family planning: Any method (Percent)","Unmet need","Estimates and Projections of Family Planning Indicators",2024,"United Nations Population Division",466,"Mali","ML","MLI",59,"2008",4,"Median",2,"Female",31,15,49,"15-49",99,"All women",1,"Model-based Estimates",2,"Interpolation",23.1
4,"Unmet need for family planning: Any method (Percent)","Unmet need","Estimates and Projections of Family Planning Indicators",2024,"United Nations Population Division",466,"Mali","ML","MLI",60,"2009",4,"Median",2,"Female",31,15,49,"15-49",99,"All women",1,"Model-based Estimates",2,"Interpolation",22.9
4,"Unmet need for family planning: Any method (Percent)","Unmet need","Estimates and Projections of Family Planning Indicators",2024,"United Nations Population Division",466,"Mali","ML","MLI",61,"2010",4,"Median",2,"Female",31,15,49,"15-49",99,"All women",1,"Model-based Estimates",2,"Interpolation",22.7
4,"Unmet need for family planning: Any method (Percent)","Unmet need","Estimates and Projections of Family Planning Indicators",2024,"United Nations Population Division",466,"Mali","ML","MLI",62,"2011",4,"Median",2,"Female",31,15,49,"15-49",99,"All women",1,"Model-based Estimates",2,"Interpolation",22.5
4,"Unmet need for family planning: Any method (Percent)","Unmet need","Estimates and Projections of Family Planning Indicators",2024,"United Nations Population Division",466,"Mali","ML","MLI",63,"2012",4,"Median",2,"Female",31,15,49,"15-49",99,"All women",1,"Model-based Estimates",2,"Interpolation",22.3
4,"Unmet need for family planning: Any method (Percent)","Unmet need","Estimates and Projections of Family Planning Indicators",2024,"United Nations Population Division",466,"Mali","ML","MLI",64,"2013",4,"Median",2,"Female",31,15,49,"15-49",99,"All women",1,"Model-based Estimates",2,"Interpolation",22.2
4,"Unmet need for family planning: Any method (Percent)","Unmet need","Estimates and Projections of Family Planning Indicators",2024,"United Nations Population Division",466,"Mali","ML","MLI",65,"2014",4,"Median",2,"Female",31,15,49,"15-49",99,"All women",1,"Model-based Estimates",2,"Interpolation",22.1
4,"Unmet need for family planning: Any method (Percent)","Unmet need","Estimates and Projections of Family Planning Indicators",2024,"United Nations Population Division",466,"Mali","ML","MLI",66,"2015",4,"Median",2,"Female",31,15,49,"15-49",99,"All women",1,"Model-based Estimates",2,"Interpolation",22
4,"Unmet need for family planning: Any method (Percent)","Unmet need","Estimates and Projections of Family Planning Indicators",2024,"United Nations Population Division",466,"Mali","ML","MLI",67,"2016",4,"Median",2,"Female",31,15,49,"15-49",99,"All women",1,"Model-based Estimates",2,"Interpolation",21.6
4,"Unmet need for family planning: Any method (Percent)","Unmet need","Estimates and Projections of Family Planning Indicators",2024,"United Nations Population Division",466,"Mali","ML","MLI",68,"2017",4,"Median",2,"Female",31,15,49,"15-49",99,"All women",1,"Model-based Estimates",2,"Interpolation",21.3
4,"Unmet need for family planning: Any method (Percent)","Unmet need","Estimates and Projections of Family Planning Indicators",2024,"United Nations Population Division",466,"Mali","ML","MLI",69,"2018",4,"Median",2,"Female",31,15,49,"15-49",99,"All women",1,"Model-based Estimates",2,"Interpolation",21
4,"Unmet need for family planning: Any method (Percent)","Unmet need","Estimates and Projections of Family Planning Indicators",2024,"United Nations Population Division",466,"Mali","ML","MLI",70,"2019",4,"Median",2,"Female",31,15,49,"15-49",99,"All women",1,"Model-based Estimates",3,"Projection",20.9
4,"Unmet need for family planning: Any method (Percent)","Unmet need","Estimates and Projections of Family Planning Indicators",2024,"United Nations Population Division",466,"Mali","ML","MLI",71,"2020",4,"Median",2,"Female",31,15,49,"15-49",99,"All women",1,"Model-based Estimates",3,"Projection",20.8
4,"Unmet need for family planning: Any method (Percent)","Unmet need","Estimates and Projections of Family Planning Indicators",2024,"United Nations Population Division",466,"Mali","ML","MLI",72,"2021",4,"Median",2,"Female",31,15,49,"15-49",99,"All women",1,"Model-based Estimates",3,"Projection",20.7
4,"Unmet need for family planning: Any method (Percent)","Unmet need","Estimates and Projections of Family Planning Indicators",2024,"United Nations Population Division",466,"Mali","ML","MLI",73,"2022",4,"Median",2,"Female",31,15,49,"15-49",99,"All women",1,"Model-based Estimates",3,"Projection",20.6
4,"Unmet need for family planning: Any method (Percent)","Unmet need","Estimates and Projections of Family Planning Indicators",2024,"United Nations Population Division",478,"Mauritania","MR","MRT",59,"2008",4,"Median",2,"Female",31,15,49,"15-49",99,"All women",1,"Model-based Estimates",2,"Interpolation",20.6
4,"Unmet need for family planning: Any method (Percent)","Unmet need","Estimates and Projections of Family Planning Indicators",2024,"United Nations Population Division",478,"Mauritania","MR","MRT",60,"2009",4,"Median",2,"Female",31,15,49,"15-49",99,"All women",1,"Model-based Estimates",2,"Interpolation",20.6
4,"Unmet need for family planning: Any method (Percent)","Unmet need","Estimates and Projections of Family Planning Indicators",2024,"United Nations Population Division",478,"Mauritania","MR","MRT",61,"2010",4,"Median",2,"Female",31,15,49,"15-49",99,"All women",1,"Model-based Estimates",2,"Interpolation",20.7
4,"Unmet need for family planning: Any method (Percent)","Unmet need","Estimates and Projections of Family Planning Indicators",2024,"United Nations Population Division",478,"Mauritania","MR","MRT",62,"2011",4,"Median",2,"Female",31,15,49,"15-49",99,"All women",1,"Model-based Estimates",2,"Interpolation",20.8
4,"Unmet need for family planning: Any method (Percent)","Unmet need","Estimates and Projections of Family Planning Indicators",2024,"United Nations Population Division",478,"Mauritania","MR","MRT",63,"2012",4,"Median",2,"Female",31,15,49,"15-49",99,"All women",1,"Model-based Estimates",2,"Interpolation",20.9
4,"Unmet need for family planning: Any method (Percent)","Unmet need","Estimates and Projections of Family Planning Indicators",2024,"United Nations Population Division",478,"Mauritania","MR","MRT",64,"2013",4,"Median",2,"Female",31,15,49,"15-49",99,"All women",1,"Model-based Estimates",2,"Interpolation",21
4,"Unmet need for family planning: Any method (Percent)","Unmet need","Estimates and Projections of Family Planning Indicators",2024,"United Nations Population Division",478,"Mauritania","MR","MRT",65,"2014",4,"Median",2,"Female",31,15,49,"15-49",99,"All women",1,"Model-based Estimates",2,"Interpolation",21.1
4,"Unmet need for family planning: Any method (Percent)","Unmet need","Estimates and Projections of Family Planning Indicators",2024,"United Nations Population Division",478,"Mauritania","MR","MRT",66,"2015",4,"Median",2,"Female",31,15,49,"15-49",99,"All women",1,"Model-based Estimates",2,"Interpolation",21.1
4,"Unmet need for family planning: Any method (Percent)","Unmet need","Estimates and Projections of Family Planning Indicators",2024,"United Nations Population Division",478,"Mauritania","MR","MRT",67,"2016",4,"Median",2,"Female",31,15,49,"15-49",99,"All women",1,"Model-based Estimates",2,"Interpolation",21.1
4,"Unmet need for family planning: Any method (Percent)","Unmet need","Estimates and Projections of Family Planning Indicators",2024,"United Nations Population Division",478,"Mauritania","MR","MRT",68,"2017",4,"Median",2,"Female",31,15,49,"15-49",99,"All women",1,"Model-based Estimates",2,"Interpolation",21.2
4,"Unmet need for family planning: Any method (Percent)","Unmet need","Estimates and Projections of Family Planning Indicators",2024,"United Nations Population Division",478,"Mauritania","MR","MRT",69,"2018",4,"Median",2,"Female",31,15,49,"15-49",99,"All women",1,"Model-based Estimates",2,"Interpolation",21.2
4,"Unmet need for family planning: Any method (Percent)","Unmet need","Estimates and Projections of Family Planning Indicators",2024,"United Nations Population Division",478,"Mauritania","MR","MRT",70,"2019",4,"Median",2,"Female",31,15,49,"15-49",99,"All women",1,"Model-based Estimates",2,"Interpolation",21.2
4,"Unmet need for family planning: Any method (Percent)","Unmet need","Estimates and Projections of Family Planning Indicators",2024,"United Nations Population Division",478,"Mauritania","MR","MRT",71,"2020",4,"Median",2,"Female",31,15,49,"15-49",99,"All women",1,"Model-based Estimates",2,"Interpolation",21.2
4,"Unmet need for family planning: Any method (Percent)","Unmet need","Estimates and Projections of Family Planning Indicators",2024,"United Nations Population Division",478,"Mauritania","MR","MRT",72,"2021",4,"Median",2,"Female",31,15,49,"15-49",99,"All women",1,"Model-based Estimates",2,"Interpolation",21.1
4,"Unmet need for family planning: Any method (Percent)","Unmet need","Estimates and Projections of Family Planning Indicators",2024,"United Nations Population Division",478,"Mauritania","MR","MRT",73,"2022",4,"Median",2,"Female",31,15,49,"15-49",99,"All women",1,"Model-based Estimates",3,"Projection",21
4,"Unmet need for family planning: Any method (Percent)","Unmet need","Estimates and Projections of Family Planning Indicators",2024,"United Nations Population Division",480,"Mauritius","MU","MUS",59,"2008",4,"Median",2,"Female",31,15,49,"15-49",99,"All women",1,"Model-based Estimates",2,"Interpolation",6.4
4,"Unmet need for family planning: Any method (Percent)","Unmet need","Estimates and Projections of Family Planning Indicators",2024,"United Nations Population Division",480,"Mauritius","MU","MUS",60,"2009",4,"Median",2,"Female",31,15,49,"15-49",99,"All women",1,"Model-based Estimates",2,"Interpolation",6.6
4,"Unmet need for family planning: Any method (Percent)","Unmet need","Estimates and Projections of Family Planning Indicators",2024,"United Nations Population Division",480,"Mauritius","MU","MUS",61,"2010",4,"Median",2,"Female",31,15,49,"15-49",99,"All women",1,"Model-based Estimates",2,"Interpolation",6.8
4,"Unmet need for family planning: Any method (Percent)","Unmet need","Estimates and Projections of Family Planning Indicators",2024,"United Nations Population Division",480,"Mauritius","MU","MUS",62,"2011",4,"Median",2,"Female",31,15,49,"15-49",99,"All women",1,"Model-based Estimates",2,"Interpolation",7
4,"Unmet need for family planning: Any method (Percent)","Unmet need","Estimates and Projections of Family Planning Indicators",2024,"United Nations Population Division",480,"Mauritius","MU","MUS",63,"2012",4,"Median",2,"Female",31,15,49,"15-49",99,"All women",1,"Model-based Estimates",2,"Interpolation",7.1
4,"Unmet need for family planning: Any method (Percent)","Unmet need","Estimates and Projections of Family Planning Indicators",2024,"United Nations Population Division",480,"Mauritius","MU","MUS",64,"2013",4,"Median",2,"Female",31,15,49,"15-49",99,"All women",1,"Model-based Estimates",2,"Interpolation",7.3
4,"Unmet need for family planning: Any method (Percent)","Unmet need","Estimates and Projections of Family Planning Indicators",2024,"United Nations Population Division",480,"Mauritius","MU","MUS",65,"2014",4,"Median",2,"Female",31,15,49,"15-49",99,"All women",1,"Model-based Estimates",2,"Interpolation",7.4
4,"Unmet need for family planning: Any method (Percent)","Unmet need","Estimates and Projections of Family Planning Indicators",2024,"United Nations Population Division",480,"Mauritius","MU","MUS",66,"2015",4,"Median",2,"Female",31,15,49,"15-49",99,"All women",1,"Model-based Estimates",3,"Projection",7.4
4,"Unmet need for family planning: Any method (Percent)","Unmet need","Estimates and Projections of Family Planning Indicators",2024,"United Nations Population Division",480,"Mauritius","MU","MUS",67,"2016",4,"Median",2,"Female",31,15,49,"15-49",99,"All women",1,"Model-based Estimates",3,"Projection",7.3
4,"Unmet need for family planning: Any method (Percent)","Unmet need","Estimates and Projections of Family Planning Indicators",2024,"United Nations Population Division",480,"Mauritius","MU","MUS",68,"2017",4,"Median",2,"Female",31,15,49,"15-49",99,"All women",1,"Model-based Estimates",3,"Projection",7.3
4,"Unmet need for family planning: Any method (Percent)","Unmet need","Estimates and Projections of Family Planning Indicators",2024,"United Nations Population Division",480,"Mauritius","MU","MUS",69,"2018",4,"Median",2,"Female",31,15,49,"15-49",99,"All women",1,"Model-based Estimates",3,"Projection",7.3
4,"Unmet need for family planning: Any method (Percent)","Unmet need","Estimates and Projections of Family Planning Indicators",2024,"United Nations Population Division",480,"Mauritius","MU","MUS",70,"2019",4,"Median",2,"Female",31,15,49,"15-49",99,"All women",1,"Model-based Estimates",3,"Projection",7.2
4,"Unmet need for family planning: Any method (Percent)","Unmet need","Estimates and Projections of Family Planning Indicators",2024,"United Nations Population Division",480,"Mauritius","MU","MUS",71,"2020",4,"Median",2,"Female",31,15,49,"15-49",99,"All women",1,"Model-based Estimates",3,"Projection",7.1
4,"Unmet need for family planning: Any method (Percent)","Unmet need","Estimates and Projections of Family Planning Indicators",2024,"United Nations Population Division",480,"Mauritius","MU","MUS",72,"2021",4,"Median",2,"Female",31,15,49,"15-49",99,"All women",1,"Model-based Estimates",3,"Projection",7.1
4,"Unmet need for family planning: Any method (Percent)","Unmet need","Estimates and Projections of Family Planning Indicators",2024,"United Nations Population Division",480,"Mauritius","MU","MUS",73,"2022",4,"Median",2,"Female",31,15,49,"15-49",99,"All women",1,"Model-based Estimates",3,"Projection",7
4,"Unmet need for family planning: Any method (Percent)","Unmet need","Estimates and Projections of Family Planning Indicators",2024,"United Nations Population Division",504,"Morocco","MA","MAR",59,"2008",4,"Median",2,"Female",31,15,49,"15-49",99,"All women",1,"Model-based Estimates",2,"Interpolation",7.3
4,"Unmet need for family planning: Any method (Percent)","Unmet need","Estimates and Projections of Family Planning Indicators",2024,"United Nations Population Division",504,"Morocco","MA","MAR",60,"2009",4,"Median",2,"Female",31,15,49,"15-49",99,"All women",1,"Model-based Estimates",2,"Interpolation",7.3
4,"Unmet need for family planning: Any method (Percent)","Unmet need","Estimates and Projections of Family Planning Indicators",2024,"United Nations Population Division",504,"Morocco","MA","MAR",61,"2010",4,"Median",2,"Female",31,15,49,"15-49",99,"All women",1,"Model-based Estimates",2,"Interpolation",7.2
4,"Unmet need for family planning: Any method (Percent)","Unmet need","Estimates and Projections of Family Planning Indicators",2024,"United Nations Population Division",504,"Morocco","MA","MAR",62,"2011",4,"Median",2,"Female",31,15,49,"15-49",99,"All women",1,"Model-based Estimates",2,"Interpolation",7.2
4,"Unmet need for family planning: Any method (Percent)","Unmet need","Estimates and Projections of Family Planning Indicators",2024,"United Nations Population Division",504,"Morocco","MA","MAR",63,"2012",4,"Median",2,"Female",31,15,49,"15-49",99,"All women",1,"Model-based Estimates",2,"Interpolation",7.2
4,"Unmet need for family planning: Any method (Percent)","Unmet need","Estimates and Projections of Family Planning Indicators",2024,"United Nations Population Division",504,"Morocco","MA","MAR",64,"2013",4,"Median",2,"Female",31,15,49,"15-49",99,"All women",1,"Model-based Estimates",2,"Interpolation",7.3
4,"Unmet need for family planning: Any method (Percent)","Unmet need","Estimates and Projections of Family Planning Indicators",2024,"United Nations Population Division",504,"Morocco","MA","MAR",65,"2014",4,"Median",2,"Female",31,15,49,"15-49",99,"All women",1,"Model-based Estimates",2,"Interpolation",7.3
4,"Unmet need for family planning: Any method (Percent)","Unmet need","Estimates and Projections of Family Planning Indicators",2024,"United Nations Population Division",504,"Morocco","MA","MAR",66,"2015",4,"Median",2,"Female",31,15,49,"15-49",99,"All women",1,"Model-based Estimates",2,"Interpolation",7.4
4,"Unmet need for family planning: Any method (Percent)","Unmet need","Estimates and Projections of Family Planning Indicators",2024,"United Nations Population Division",504,"Morocco","MA","MAR",67,"2016",4,"Median",2,"Female",31,15,49,"15-49",99,"All women",1,"Model-based Estimates",2,"Interpolation",7.4
4,"Unmet need for family planning: Any method (Percent)","Unmet need","Estimates and Projections of Family Planning Indicators",2024,"United Nations Population Division",504,"Morocco","MA","MAR",68,"2017",4,"Median",2,"Female",31,15,49,"15-49",99,"All women",1,"Model-based Estimates",2,"Interpolation",7.5
4,"Unmet need for family planning: Any method (Percent)","Unmet need","Estimates and Projections of Family Planning Indicators",2024,"United Nations Population Division",504,"Morocco","MA","MAR",69,"2018",4,"Median",2,"Female",31,15,49,"15-49",99,"All women",1,"Model-based Estimates",2,"Interpolation",7.6
4,"Unmet need for family planning: Any method (Percent)","Unmet need","Estimates and Projections of Family Planning Indicators",2024,"United Nations Population Division",504,"Morocco","MA","MAR",70,"2019",4,"Median",2,"Female",31,15,49,"15-49",99,"All women",1,"Model-based Estimates",3,"Projection",7.4
4,"Unmet need for family planning: Any method (Percent)","Unmet need","Estimates and Projections of Family Planning Indicators",2024,"United Nations Population Division",504,"Morocco","MA","MAR",71,"2020",4,"Median",2,"Female",31,15,49,"15-49",99,"All women",1,"Model-based Estimates",3,"Projection",7.3
4,"Unmet need for family planning: Any method (Percent)","Unmet need","Estimates and Projections of Family Planning Indicators",2024,"United Nations Population Division",504,"Morocco","MA","MAR",72,"2021",4,"Median",2,"Female",31,15,49,"15-49",99,"All women",1,"Model-based Estimates",3,"Projection",7.2
4,"Unmet need for family planning: Any method (Percent)","Unmet need","Estimates and Projections of Family Planning Indicators",2024,"United Nations Population Division",504,"Morocco","MA","MAR",73,"2022",4,"Median",2,"Female",31,15,49,"15-49",99,"All women",1,"Model-based Estimates",3,"Projection",7
4,"Unmet need for family planning: Any method (Percent)","Unmet need","Estimates and Projections of Family Planning Indicators",2024,"United Nations Population Division",508,"Mozambique","MZ","MOZ",59,"2008",4,"Median",2,"Female",31,15,49,"15-49",99,"All women",1,"Model-based Estimates",2,"Interpolation",19.1
4,"Unmet need for family planning: Any method (Percent)","Unmet need","Estimates and Projections of Family Planning Indicators",2024,"United Nations Population Division",508,"Mozambique","MZ","MOZ",60,"2009",4,"Median",2,"Female",31,15,49,"15-49",99,"All women",1,"Model-based Estimates",2,"Interpolation",19.4
4,"Unmet need for family planning: Any method (Percent)","Unmet need","Estimates and Projections of Family Planning Indicators",2024,"United Nations Population Division",508,"Mozambique","MZ","MOZ",61,"2010",4,"Median",2,"Female",31,15,49,"15-49",99,"All women",1,"Model-based Estimates",2,"Interpolation",19.6
4,"Unmet need for family planning: Any method (Percent)","Unmet need","Estimates and Projections of Family Planning Indicators",2024,"United Nations Population Division",508,"Mozambique","MZ","MOZ",62,"2011",4,"Median",2,"Female",31,15,49,"15-49",99,"All women",1,"Model-based Estimates",2,"Interpolation",19.9
4,"Unmet need for family planning: Any method (Percent)","Unmet need","Estimates and Projections of Family Planning Indicators",2024,"United Nations Population Division",508,"Mozambique","MZ","MOZ",63,"2012",4,"Median",2,"Female",31,15,49,"15-49",99,"All women",1,"Model-based Estimates",2,"Interpolation",20.1
4,"Unmet need for family planning: Any method (Percent)","Unmet need","Estimates and Projections of Family Planning Indicators",2024,"United Nations Population Division",508,"Mozambique","MZ","MOZ",64,"2013",4,"Median",2,"Female",31,15,49,"15-49",99,"All women",1,"Model-based Estimates",2,"Interpolation",20.4
4,"Unmet need for family planning: Any method (Percent)","Unmet need","Estimates and Projections of Family Planning Indicators",2024,"United Nations Population Division",508,"Mozambique","MZ","MOZ",65,"2014",4,"Median",2,"Female",31,15,49,"15-49",99,"All women",1,"Model-based Estimates",2,"Interpolation",20.5
4,"Unmet need for family planning: Any method (Percent)","Unmet need","Estimates and Projections of Family Planning Indicators",2024,"United Nations Population Division",508,"Mozambique","MZ","MOZ",66,"2015",4,"Median",2,"Female",31,15,49,"15-49",99,"All women",1,"Model-based Estimates",2,"Interpolation",20.6
4,"Unmet need for family planning: Any method (Percent)","Unmet need","Estimates and Projections of Family Planning Indicators",2024,"United Nations Population Division",508,"Mozambique","MZ","MOZ",67,"2016",4,"Median",2,"Female",31,15,49,"15-49",99,"All women",1,"Model-based Estimates",2,"Interpolation",20.8
4,"Unmet need for family planning: Any method (Percent)","Unmet need","Estimates and Projections of Family Planning Indicators",2024,"United Nations Population Division",508,"Mozambique","MZ","MOZ",68,"2017",4,"Median",2,"Female",31,15,49,"15-49",99,"All women",1,"Model-based Estimates",2,"Interpolation",21
4,"Unmet need for family planning: Any method (Percent)","Unmet need","Estimates and Projections of Family Planning Indicators",2024,"United Nations Population Division",508,"Mozambique","MZ","MOZ",69,"2018",4,"Median",2,"Female",31,15,49,"15-49",99,"All women",1,"Model-based Estimates",2,"Interpolation",21.2
4,"Unmet need for family planning: Any method (Percent)","Unmet need","Estimates and Projections of Family Planning Indicators",2024,"United Nations Population Division",508,"Mozambique","MZ","MOZ",70,"2019",4,"Median",2,"Female",31,15,49,"15-49",99,"All women",1,"Model-based Estimates",2,"Interpolation",21.4
4,"Unmet need for family planning: Any method (Percent)","Unmet need","Estimates and Projections of Family Planning Indicators",2024,"United Nations Population Division",508,"Mozambique","MZ","MOZ",71,"2020",4,"Median",2,"Female",31,15,49,"15-49",99,"All women",1,"Model-based Estimates",2,"Interpolation",21.6
4,"Unmet need for family planning: Any method (Percent)","Unmet need","Estimates and Projections of Family Planning Indicators",2024,"United Nations Population Division",508,"Mozambique","MZ","MOZ",72,"2021",4,"Median",2,"Female",31,15,49,"15-49",99,"All women",1,"Model-based Estimates",2,"Interpolation",21.8
4,"Unmet need for family planning: Any method (Percent)","Unmet need","Estimates and Projections of Family Planning Indicators",2024,"United Nations Population Division",508,"Mozambique","MZ","MOZ",73,"2022",4,"Median",2,"Female",31,15,49,"15-49",99,"All women",1,"Model-based Estimates",2,"Interpolation",22
4,"Unmet need for family planning: Any method (Percent)","Unmet need","Estimates and Projections of Family Planning Indicators",2024,"United Nations Population Division",516,"Namibia","NA","NAM",59,"2008",4,"Median",2,"Female",31,15,49,"15-49",99,"All women",1,"Model-based Estimates",2,"Interpolation",12.3
4,"Unmet need for family planning: Any method (Percent)","Unmet need","Estimates and Projections of Family Planning Indicators",2024,"United Nations Population Division",516,"Namibia","NA","NAM",60,"2009",4,"Median",2,"Female",31,15,49,"15-49",99,"All women",1,"Model-based Estimates",2,"Interpolation",12.1
4,"Unmet need for family planning: Any method (Percent)","Unmet need","Estimates and Projections of Family Planning Indicators",2024,"United Nations Population Division",516,"Namibia","NA","NAM",61,"2010",4,"Median",2,"Female",31,15,49,"15-49",99,"All women",1,"Model-based Estimates",2,"Interpolation",12
4,"Unmet need for family planning: Any method (Percent)","Unmet need","Estimates and Projections of Family Planning Indicators",2024,"United Nations Population Division",516,"Namibia","NA","NAM",62,"2011",4,"Median",2,"Female",31,15,49,"15-49",99,"All women",1,"Model-based Estimates",2,"Interpolation",11.9
4,"Unmet need for family planning: Any method (Percent)","Unmet need","Estimates and Projections of Family Planning Indicators",2024,"United Nations Population Division",516,"Namibia","NA","NAM",63,"2012",4,"Median",2,"Female",31,15,49,"15-49",99,"All women",1,"Model-based Estimates",2,"Interpolation",11.7
4,"Unmet need for family planning: Any method (Percent)","Unmet need","Estimates and Projections of Family Planning Indicators",2024,"United Nations Population Division",516,"Namibia","NA","NAM",64,"2013",4,"Median",2,"Female",31,15,49,"15-49",99,"All women",1,"Model-based Estimates",2,"Interpolation",11.6
4,"Unmet need for family planning: Any method (Percent)","Unmet need","Estimates and Projections of Family Planning Indicators",2024,"United Nations Population Division",516,"Namibia","NA","NAM",65,"2014",4,"Median",2,"Female",31,15,49,"15-49",99,"All women",1,"Model-based Estimates",3,"Projection",11.4
4,"Unmet need for family planning: Any method (Percent)","Unmet need","Estimates and Projections of Family Planning Indicators",2024,"United Nations Population Division",516,"Namibia","NA","NAM",66,"2015",4,"Median",2,"Female",31,15,49,"15-49",99,"All women",1,"Model-based Estimates",3,"Projection",11.3
4,"Unmet need for family planning: Any method (Percent)","Unmet need","Estimates and Projections of Family Planning Indicators",2024,"United Nations Population Division",516,"Namibia","NA","NAM",67,"2016",4,"Median",2,"Female",31,15,49,"15-49",99,"All women",1,"Model-based Estimates",3,"Projection",11.1
4,"Unmet need for family planning: Any method (Percent)","Unmet need","Estimates and Projections of Family Planning Indicators",2024,"United Nations Population Division",516,"Namibia","NA","NAM",68,"2017",4,"Median",2,"Female",31,15,49,"15-49",99,"All women",1,"Model-based Estimates",3,"Projection",10.9
4,"Unmet need for family planning: Any method (Percent)","Unmet need","Estimates and Projections of Family Planning Indicators",2024,"United Nations Population Division",516,"Namibia","NA","NAM",69,"2018",4,"Median",2,"Female",31,15,49,"15-49",99,"All women",1,"Model-based Estimates",3,"Projection",10.8
4,"Unmet need for family planning: Any method (Percent)","Unmet need","Estimates and Projections of Family Planning Indicators",2024,"United Nations Population Division",516,"Namibia","NA","NAM",70,"2019",4,"Median",2,"Female",31,15,49,"15-49",99,"All women",1,"Model-based Estimates",3,"Projection",10.6
4,"Unmet need for family planning: Any method (Percent)","Unmet need","Estimates and Projections of Family Planning Indicators",2024,"United Nations Population Division",516,"Namibia","NA","NAM",71,"2020",4,"Median",2,"Female",31,15,49,"15-49",99,"All women",1,"Model-based Estimates",3,"Projection",10.4
4,"Unmet need for family planning: Any method (Percent)","Unmet need","Estimates and Projections of Family Planning Indicators",2024,"United Nations Population Division",516,"Namibia","NA","NAM",72,"2021",4,"Median",2,"Female",31,15,49,"15-49",99,"All women",1,"Model-based Estimates",3,"Projection",10.3
4,"Unmet need for family planning: Any method (Percent)","Unmet need","Estimates and Projections of Family Planning Indicators",2024,"United Nations Population Division",516,"Namibia","NA","NAM",73,"2022",4,"Median",2,"Female",31,15,49,"15-49",99,"All women",1,"Model-based Estimates",3,"Projection",10.2
4,"Unmet need for family planning: Any method (Percent)","Unmet need","Estimates and Projections of Family Planning Indicators",2024,"United Nations Population Division",562,"Niger","NE","NER",59,"2008",4,"Median",2,"Female",31,15,49,"15-49",99,"All women",1,"Model-based Estimates",2,"Interpolation",14.2
4,"Unmet need for family planning: Any method (Percent)","Unmet need","Estimates and Projections of Family Planning Indicators",2024,"United Nations Population Division",562,"Niger","NE","NER",60,"2009",4,"Median",2,"Female",31,15,49,"15-49",99,"All women",1,"Model-based Estimates",2,"Interpolation",14.2
4,"Unmet need for family planning: Any method (Percent)","Unmet need","Estimates and Projections of Family Planning Indicators",2024,"United Nations Population Division",562,"Niger","NE","NER",61,"2010",4,"Median",2,"Female",31,15,49,"15-49",99,"All women",1,"Model-based Estimates",2,"Interpolation",14.2
4,"Unmet need for family planning: Any method (Percent)","Unmet need","Estimates and Projections of Family Planning Indicators",2024,"United Nations Population Division",562,"Niger","NE","NER",62,"2011",4,"Median",2,"Female",31,15,49,"15-49",99,"All women",1,"Model-based Estimates",2,"Interpolation",14.1
4,"Unmet need for family planning: Any method (Percent)","Unmet need","Estimates and Projections of Family Planning Indicators",2024,"United Nations Population Division",562,"Niger","NE","NER",63,"2012",4,"Median",2,"Female",31,15,49,"15-49",99,"All women",1,"Model-based Estimates",2,"Interpolation",14.1
4,"Unmet need for family planning: Any method (Percent)","Unmet need","Estimates and Projections of Family Planning Indicators",2024,"United Nations Population Division",562,"Niger","NE","NER",64,"2013",4,"Median",2,"Female",31,15,49,"15-49",99,"All women",1,"Model-based Estimates",2,"Interpolation",14.4
4,"Unmet need for family planning: Any method (Percent)","Unmet need","Estimates and Projections of Family Planning Indicators",2024,"United Nations Population Division",562,"Niger","NE","NER",65,"2014",4,"Median",2,"Female",31,15,49,"15-49",99,"All women",1,"Model-based Estimates",2,"Interpolation",14.7
4,"Unmet need for family planning: Any method (Percent)","Unmet need","Estimates and Projections of Family Planning Indicators",2024,"United Nations Population Division",562,"Niger","NE","NER",66,"2015",4,"Median",2,"Female",31,15,49,"15-49",99,"All women",1,"Model-based Estimates",2,"Interpolation",15
4,"Unmet need for family planning: Any method (Percent)","Unmet need","Estimates and Projections of Family Planning Indicators",2024,"United Nations Population Division",562,"Niger","NE","NER",67,"2016",4,"Median",2,"Female",31,15,49,"15-49",99,"All women",1,"Model-based Estimates",2,"Interpolation",15.2
4,"Unmet need for family planning: Any method (Percent)","Unmet need","Estimates and Projections of Family Planning Indicators",2024,"United Nations Population Division",562,"Niger","NE","NER",68,"2017",4,"Median",2,"Female",31,15,49,"15-49",99,"All women",1,"Model-based Estimates",2,"Interpolation",15.3
4,"Unmet need for family planning: Any method (Percent)","Unmet need","Estimates and Projections of Family Planning Indicators",2024,"United Nations Population Division",562,"Niger","NE","NER",69,"2018",4,"Median",2,"Female",31,15,49,"15-49",99,"All women",1,"Model-based Estimates",2,"Interpolation",15.4
4,"Unmet need for family planning: Any method (Percent)","Unmet need","Estimates and Projections of Family Planning Indicators",2024,"United Nations Population Division",562,"Niger","NE","NER",70,"2019",4,"Median",2,"Female",31,15,49,"15-49",99,"All women",1,"Model-based Estimates",2,"Interpolation",15.7
4,"Unmet need for family planning: Any method (Percent)","Unmet need","Estimates and Projections of Family Planning Indicators",2024,"United Nations Population Division",562,"Niger","NE","NER",71,"2020",4,"Median",2,"Female",31,15,49,"15-49",99,"All women",1,"Model-based Estimates",2,"Interpolation",15.9
4,"Unmet need for family planning: Any method (Percent)","Unmet need","Estimates and Projections of Family Planning Indicators",2024,"United Nations Population Division",562,"Niger","NE","NER",72,"2021",4,"Median",2,"Female",31,15,49,"15-49",99,"All women",1,"Model-based Estimates",2,"Interpolation",16.1
4,"Unmet need for family planning: Any method (Percent)","Unmet need","Estimates and Projections of Family Planning Indicators",2024,"United Nations Population Division",562,"Niger","NE","NER",73,"2022",4,"Median",2,"Female",31,15,49,"15-49",99,"All women",1,"Model-based Estimates",2,"Interpolation",16.2
4,"Unmet need for family planning: Any method (Percent)","Unmet need","Estimates and Projections of Family Planning Indicators",2024,"United Nations Population Division",566,"Nigeria","NG","NGA",59,"2008",4,"Median",2,"Female",31,15,49,"15-49",99,"All women",1,"Model-based Estimates",2,"Interpolation",15.7
4,"Unmet need for family planning: Any method (Percent)","Unmet need","Estimates and Projections of Family Planning Indicators",2024,"United Nations Population Division",566,"Nigeria","NG","NGA",60,"2009",4,"Median",2,"Female",31,15,49,"15-49",99,"All women",1,"Model-based Estimates",2,"Interpolation",15.1
4,"Unmet need for family planning: Any method (Percent)","Unmet need","Estimates and Projections of Family Planning Indicators",2024,"United Nations Population Division",566,"Nigeria","NG","NGA",61,"2010",4,"Median",2,"Female",31,15,49,"15-49",99,"All women",1,"Model-based Estimates",2,"Interpolation",14.6
4,"Unmet need for family planning: Any method (Percent)","Unmet need","Estimates and Projections of Family Planning Indicators",2024,"United Nations Population Division",566,"Nigeria","NG","NGA",62,"2011",4,"Median",2,"Female",31,15,49,"15-49",99,"All women",1,"Model-based Estimates",2,"Interpolation",14
4,"Unmet need for family planning: Any method (Percent)","Unmet need","Estimates and Projections of Family Planning Indicators",2024,"United Nations Population Division",566,"Nigeria","NG","NGA",63,"2012",4,"Median",2,"Female",31,15,49,"15-49",99,"All women",1,"Model-based Estimates",2,"Interpolation",13.4
4,"Unmet need for family planning: Any method (Percent)","Unmet need","Estimates and Projections of Family Planning Indicators",2024,"United Nations Population Division",566,"Nigeria","NG","NGA",64,"2013",4,"Median",2,"Female",31,15,49,"15-49",99,"All women",1,"Model-based Estimates",2,"Interpolation",12.8
4,"Unmet need for family planning: Any method (Percent)","Unmet need","Estimates and Projections of Family Planning Indicators",2024,"United Nations Population Division",566,"Nigeria","NG","NGA",65,"2014",4,"Median",2,"Female",31,15,49,"15-49",99,"All women",1,"Model-based Estimates",2,"Interpolation",13.4
4,"Unmet need for family planning: Any method (Percent)","Unmet need","Estimates and Projections of Family Planning Indicators",2024,"United Nations Population Division",566,"Nigeria","NG","NGA",66,"2015",4,"Median",2,"Female",31,15,49,"15-49",99,"All women",1,"Model-based Estimates",2,"Interpolation",14.1
4,"Unmet need for family planning: Any method (Percent)","Unmet need","Estimates and Projections of Family Planning Indicators",2024,"United Nations Population Division",566,"Nigeria","NG","NGA",67,"2016",4,"Median",2,"Female",31,15,49,"15-49",99,"All women",1,"Model-based Estimates",2,"Interpolation",14.7
4,"Unmet need for family planning: Any method (Percent)","Unmet need","Estimates and Projections of Family Planning Indicators",2024,"United Nations Population Division",566,"Nigeria","NG","NGA",68,"2017",4,"Median",2,"Female",31,15,49,"15-49",99,"All women",1,"Model-based Estimates",2,"Interpolation",14.9
4,"Unmet need for family planning: Any method (Percent)","Unmet need","Estimates and Projections of Family Planning Indicators",2024,"United Nations Population Division",566,"Nigeria","NG","NGA",69,"2018",4,"Median",2,"Female",31,15,49,"15-49",99,"All women",1,"Model-based Estimates",2,"Interpolation",14.7
4,"Unmet need for family planning: Any method (Percent)","Unmet need","Estimates and Projections of Family Planning Indicators",2024,"United Nations Population Division",566,"Nigeria","NG","NGA",70,"2019",4,"Median",2,"Female",31,15,49,"15-49",99,"All women",1,"Model-based Estimates",2,"Interpolation",14.9
4,"Unmet need for family planning: Any method (Percent)","Unmet need","Estimates and Projections of Family Planning Indicators",2024,"United Nations Population Division",566,"Nigeria","NG","NGA",71,"2020",4,"Median",2,"Female",31,15,49,"15-49",99,"All women",1,"Model-based Estimates",2,"Interpolation",15.1
4,"Unmet need for family planning: Any method (Percent)","Unmet need","Estimates and Projections of Family Planning Indicators",2024,"United Nations Population Division",566,"Nigeria","NG","NGA",72,"2021",4,"Median",2,"Female",31,15,49,"15-49",99,"All women",1,"Model-based Estimates",2,"Interpolation",15.2
4,"Unmet need for family planning: Any method (Percent)","Unmet need","Estimates and Projections of Family Planning Indicators",2024,"United Nations Population Division",566,"Nigeria","NG","NGA",73,"2022",4,"Median",2,"Female",31,15,49,"15-49",99,"All women",1,"Model-based Estimates",3,"Projection",15.2
4,"Unmet need for family planning: Any method (Percent)","Unmet need","Estimates and Projections of Family Planning Indicators",2024,"United Nations Population Division",624,"Guinea-Bissau","GW","GNB",59,"2008",4,"Median",2,"Female",31,15,49,"15-49",99,"All women",1,"Model-based Estimates",3,"Projection",15.7
4,"Unmet need for family planning: Any method (Percent)","Unmet need","Estimates and Projections of Family Planning Indicators",2024,"United Nations Population Division",624,"Guinea-Bissau","GW","GNB",60,"2009",4,"Median",2,"Female",31,15,49,"15-49",99,"All women",1,"Model-based Estimates",3,"Projection",15.6
4,"Unmet need for family planning: Any method (Percent)","Unmet need","Estimates and Projections of Family Planning Indicators",2024,"United Nations Population Division",624,"Guinea-Bissau","GW","GNB",61,"2010",4,"Median",2,"Female",31,15,49,"15-49",99,"All women",1,"Model-based Estimates",2,"Interpolation",15.4
4,"Unmet need for family planning: Any method (Percent)","Unmet need","Estimates and Projections of Family Planning Indicators",2024,"United Nations Population Division",624,"Guinea-Bissau","GW","GNB",62,"2011",4,"Median",2,"Female",31,15,49,"15-49",99,"All women",1,"Model-based Estimates",2,"Interpolation",15.7
4,"Unmet need for family planning: Any method (Percent)","Unmet need","Estimates and Projections of Family Planning Indicators",2024,"United Nations Population Division",624,"Guinea-Bissau","GW","GNB",63,"2012",4,"Median",2,"Female",31,15,49,"15-49",99,"All women",1,"Model-based Estimates",2,"Interpolation",15.9
4,"Unmet need for family planning: Any method (Percent)","Unmet need","Estimates and Projections of Family Planning Indicators",2024,"United Nations Population Division",624,"Guinea-Bissau","GW","GNB",64,"2013",4,"Median",2,"Female",31,15,49,"15-49",99,"All women",1,"Model-based Estimates",2,"Interpolation",16.1
4,"Unmet need for family planning: Any method (Percent)","Unmet need","Estimates and Projections of Family Planning Indicators",2024,"United Nations Population Division",624,"Guinea-Bissau","GW","GNB",65,"2014",4,"Median",2,"Female",31,15,49,"15-49",99,"All women",1,"Model-based Estimates",2,"Interpolation",16.3
4,"Unmet need for family planning: Any method (Percent)","Unmet need","Estimates and Projections of Family Planning Indicators",2024,"United Nations Population Division",624,"Guinea-Bissau","GW","GNB",66,"2015",4,"Median",2,"Female",31,15,49,"15-49",99,"All women",1,"Model-based Estimates",2,"Interpolation",16.3
4,"Unmet need for family planning: Any method (Percent)","Unmet need","Estimates and Projections of Family Planning Indicators",2024,"United Nations Population Division",624,"Guinea-Bissau","GW","GNB",67,"2016",4,"Median",2,"Female",31,15,49,"15-49",99,"All women",1,"Model-based Estimates",2,"Interpolation",16.3
4,"Unmet need for family planning: Any method (Percent)","Unmet need","Estimates and Projections of Family Planning Indicators",2024,"United Nations Population Division",624,"Guinea-Bissau","GW","GNB",68,"2017",4,"Median",2,"Female",31,15,49,"15-49",99,"All women",1,"Model-based Estimates",2,"Interpolation",16.3
4,"Unmet need for family planning: Any method (Percent)","Unmet need","Estimates and Projections of Family Planning Indicators",2024,"United Nations Population Division",624,"Guinea-Bissau","GW","GNB",69,"2018",4,"Median",2,"Female",31,15,49,"15-49",99,"All women",1,"Model-based Estimates",2,"Interpolation",16.3
4,"Unmet need for family planning: Any method (Percent)","Unmet need","Estimates and Projections of Family Planning Indicators",2024,"United Nations Population Division",624,"Guinea-Bissau","GW","GNB",70,"2019",4,"Median",2,"Female",31,15,49,"15-49",99,"All women",1,"Model-based Estimates",2,"Interpolation",16.2
4,"Unmet need for family planning: Any method (Percent)","Unmet need","Estimates and Projections of Family Planning Indicators",2024,"United Nations Population Division",624,"Guinea-Bissau","GW","GNB",71,"2020",4,"Median",2,"Female",31,15,49,"15-49",99,"All women",1,"Model-based Estimates",3,"Projection",16.1
4,"Unmet need for family planning: Any method (Percent)","Unmet need","Estimates and Projections of Family Planning Indicators",2024,"United Nations Population Division",624,"Guinea-Bissau","GW","GNB",72,"2021",4,"Median",2,"Female",31,15,49,"15-49",99,"All women",1,"Model-based Estimates",3,"Projection",16
4,"Unmet need for family planning: Any method (Percent)","Unmet need","Estimates and Projections of Family Planning Indicators",2024,"United Nations Population Division",624,"Guinea-Bissau","GW","GNB",73,"2022",4,"Median",2,"Female",31,15,49,"15-49",99,"All women",1,"Model-based Estimates",3,"Projection",15.9
4,"Unmet need for family planning: Any method (Percent)","Unmet need","Estimates and Projections of Family Planning Indicators",2024,"United Nations Population Division",638,"Réunion","RE","REU",59,"2008",4,"Median",2,"Female",31,15,49,"15-49",99,"All women",1,"Model-based Estimates",3,"Projection",8.4
4,"Unmet need for family planning: Any method (Percent)","Unmet need","Estimates and Projections of Family Planning Indicators",2024,"United Nations Population Division",638,"Réunion","RE","REU",60,"2009",4,"Median",2,"Female",31,15,49,"15-49",99,"All women",1,"Model-based Estimates",3,"Projection",8.4
4,"Unmet need for family planning: Any method (Percent)","Unmet need","Estimates and Projections of Family Planning Indicators",2024,"United Nations Population Division",638,"Réunion","RE","REU",61,"2010",4,"Median",2,"Female",31,15,49,"15-49",99,"All women",1,"Model-based Estimates",3,"Projection",8.3
4,"Unmet need for family planning: Any method (Percent)","Unmet need","Estimates and Projections of Family Planning Indicators",2024,"United Nations Population Division",638,"Réunion","RE","REU",62,"2011",4,"Median",2,"Female",31,15,49,"15-49",99,"All women",1,"Model-based Estimates",3,"Projection",8.3
4,"Unmet need for family planning: Any method (Percent)","Unmet need","Estimates and Projections of Family Planning Indicators",2024,"United Nations Population Division",638,"Réunion","RE","REU",63,"2012",4,"Median",2,"Female",31,15,49,"15-49",99,"All women",1,"Model-based Estimates",3,"Projection",8.2
4,"Unmet need for family planning: Any method (Percent)","Unmet need","Estimates and Projections of Family Planning Indicators",2024,"United Nations Population Division",638,"Réunion","RE","REU",64,"2013",4,"Median",2,"Female",31,15,49,"15-49",99,"All women",1,"Model-based Estimates",3,"Projection",8.2
4,"Unmet need for family planning: Any method (Percent)","Unmet need","Estimates and Projections of Family Planning Indicators",2024,"United Nations Population Division",638,"Réunion","RE","REU",65,"2014",4,"Median",2,"Female",31,15,49,"15-49",99,"All women",1,"Model-based Estimates",3,"Projection",8.1
4,"Unmet need for family planning: Any method (Percent)","Unmet need","Estimates and Projections of Family Planning Indicators",2024,"United Nations Population Division",638,"Réunion","RE","REU",66,"2015",4,"Median",2,"Female",31,15,49,"15-49",99,"All women",1,"Model-based Estimates",3,"Projection",8.1
4,"Unmet need for family planning: Any method (Percent)","Unmet need","Estimates and Projections of Family Planning Indicators",2024,"United Nations Population Division",638,"Réunion","RE","REU",67,"2016",4,"Median",2,"Female",31,15,49,"15-49",99,"All women",1,"Model-based Estimates",3,"Projection",8
4,"Unmet need for family planning: Any method (Percent)","Unmet need","Estimates and Projections of Family Planning Indicators",2024,"United Nations Population Division",638,"Réunion","RE","REU",68,"2017",4,"Median",2,"Female",31,15,49,"15-49",99,"All women",1,"Model-based Estimates",3,"Projection",8
4,"Unmet need for family planning: Any method (Percent)","Unmet need","Estimates and Projections of Family Planning Indicators",2024,"United Nations Population Division",638,"Réunion","RE","REU",69,"2018",4,"Median",2,"Female",31,15,49,"15-49",99,"All women",1,"Model-based Estimates",3,"Projection",8
4,"Unmet need for family planning: Any method (Percent)","Unmet need","Estimates and Projections of Family Planning Indicators",2024,"United Nations Population Division",638,"Réunion","RE","REU",70,"2019",4,"Median",2,"Female",31,15,49,"15-49",99,"All women",1,"Model-based Estimates",3,"Projection",7.9
4,"Unmet need for family planning: Any method (Percent)","Unmet need","Estimates and Projections of Family Planning Indicators",2024,"United Nations Population Division",638,"Réunion","RE","REU",71,"2020",4,"Median",2,"Female",31,15,49,"15-49",99,"All women",1,"Model-based Estimates",3,"Projection",7.9
4,"Unmet need for family planning: Any method (Percent)","Unmet need","Estimates and Projections of Family Planning Indicators",2024,"United Nations Population Division",638,"Réunion","RE","REU",72,"2021",4,"Median",2,"Female",31,15,49,"15-49",99,"All women",1,"Model-based Estimates",3,"Projection",7.8
4,"Unmet need for family planning: Any method (Percent)","Unmet need","Estimates and Projections of Family Planning Indicators",2024,"United Nations Population Division",638,"Réunion","RE","REU",73,"2022",4,"Median",2,"Female",31,15,49,"15-49",99,"All women",1,"Model-based Estimates",3,"Projection",7.8
4,"Unmet need for family planning: Any method (Percent)","Unmet need","Estimates and Projections of Family Planning Indicators",2024,"United Nations Population Division",646,"Rwanda","RW","RWA",59,"2008",4,"Median",2,"Female",31,15,49,"15-49",99,"All women",1,"Model-based Estimates",2,"Interpolation",16.4
4,"Unmet need for family planning: Any method (Percent)","Unmet need","Estimates and Projections of Family Planning Indicators",2024,"United Nations Population Division",646,"Rwanda","RW","RWA",60,"2009",4,"Median",2,"Female",31,15,49,"15-49",99,"All women",1,"Model-based Estimates",2,"Interpolation",14.9
4,"Unmet need for family planning: Any method (Percent)","Unmet need","Estimates and Projections of Family Planning Indicators",2024,"United Nations Population Division",646,"Rwanda","RW","RWA",61,"2010",4,"Median",2,"Female",31,15,49,"15-49",99,"All women",1,"Model-based Estimates",2,"Interpolation",13.5
4,"Unmet need for family planning: Any method (Percent)","Unmet need","Estimates and Projections of Family Planning Indicators",2024,"United Nations Population Division",646,"Rwanda","RW","RWA",62,"2011",4,"Median",2,"Female",31,15,49,"15-49",99,"All women",1,"Model-based Estimates",2,"Interpolation",12.6
4,"Unmet need for family planning: Any method (Percent)","Unmet need","Estimates and Projections of Family Planning Indicators",2024,"United Nations Population Division",646,"Rwanda","RW","RWA",63,"2012",4,"Median",2,"Female",31,15,49,"15-49",99,"All women",1,"Model-based Estimates",2,"Interpolation",12.2
4,"Unmet need for family planning: Any method (Percent)","Unmet need","Estimates and Projections of Family Planning Indicators",2024,"United Nations Population Division",646,"Rwanda","RW","RWA",64,"2013",4,"Median",2,"Female",31,15,49,"15-49",99,"All women",1,"Model-based Estimates",2,"Interpolation",12.1
4,"Unmet need for family planning: Any method (Percent)","Unmet need","Estimates and Projections of Family Planning Indicators",2024,"United Nations Population Division",646,"Rwanda","RW","RWA",65,"2014",4,"Median",2,"Female",31,15,49,"15-49",99,"All women",1,"Model-based Estimates",2,"Interpolation",12
4,"Unmet need for family planning: Any method (Percent)","Unmet need","Estimates and Projections of Family Planning Indicators",2024,"United Nations Population Division",646,"Rwanda","RW","RWA",66,"2015",4,"Median",2,"Female",31,15,49,"15-49",99,"All women",1,"Model-based Estimates",2,"Interpolation",11.7
4,"Unmet need for family planning: Any method (Percent)","Unmet need","Estimates and Projections of Family Planning Indicators",2024,"United Nations Population Division",646,"Rwanda","RW","RWA",67,"2016",4,"Median",2,"Female",31,15,49,"15-49",99,"All women",1,"Model-based Estimates",2,"Interpolation",11.3
4,"Unmet need for family planning: Any method (Percent)","Unmet need","Estimates and Projections of Family Planning Indicators",2024,"United Nations Population Division",646,"Rwanda","RW","RWA",68,"2017",4,"Median",2,"Female",31,15,49,"15-49",99,"All women",1,"Model-based Estimates",2,"Interpolation",10.7
4,"Unmet need for family planning: Any method (Percent)","Unmet need","Estimates and Projections of Family Planning Indicators",2024,"United Nations Population Division",646,"Rwanda","RW","RWA",69,"2018",4,"Median",2,"Female",31,15,49,"15-49",99,"All women",1,"Model-based Estimates",2,"Interpolation",10.2
4,"Unmet need for family planning: Any method (Percent)","Unmet need","Estimates and Projections of Family Planning Indicators",2024,"United Nations Population Division",646,"Rwanda","RW","RWA",70,"2019",4,"Median",2,"Female",31,15,49,"15-49",99,"All women",1,"Model-based Estimates",2,"Interpolation",9.7
4,"Unmet need for family planning: Any method (Percent)","Unmet need","Estimates and Projections of Family Planning Indicators",2024,"United Nations Population Division",646,"Rwanda","RW","RWA",71,"2020",4,"Median",2,"Female",31,15,49,"15-49",99,"All women",1,"Model-based Estimates",2,"Interpolation",9.3
4,"Unmet need for family planning: Any method (Percent)","Unmet need","Estimates and Projections of Family Planning Indicators",2024,"United Nations Population Division",646,"Rwanda","RW","RWA",72,"2021",4,"Median",2,"Female",31,15,49,"15-49",99,"All women",1,"Model-based Estimates",3,"Projection",9.1
4,"Unmet need for family planning: Any method (Percent)","Unmet need","Estimates and Projections of Family Planning Indicators",2024,"United Nations Population Division",646,"Rwanda","RW","RWA",73,"2022",4,"Median",2,"Female",31,15,49,"15-49",99,"All women",1,"Model-based Estimates",3,"Projection",8.9
4,"Unmet need for family planning: Any method (Percent)","Unmet need","Estimates and Projections of Family Planning Indicators",2024,"United Nations Population Division",678,"Sao Tome and Principe","ST","STP",59,"2008",4,"Median",2,"Female",31,15,49,"15-49",99,"All women",1,"Model-based Estimates",2,"Interpolation",24.6
4,"Unmet need for family planning: Any method (Percent)","Unmet need","Estimates and Projections of Family Planning Indicators",2024,"United Nations Population Division",678,"Sao Tome and Principe","ST","STP",60,"2009",4,"Median",2,"Female",31,15,49,"15-49",99,"All women",1,"Model-based Estimates",2,"Interpolation",24.3
4,"Unmet need for family planning: Any method (Percent)","Unmet need","Estimates and Projections of Family Planning Indicators",2024,"United Nations Population Division",678,"Sao Tome and Principe","ST","STP",61,"2010",4,"Median",2,"Female",31,15,49,"15-49",99,"All women",1,"Model-based Estimates",2,"Interpolation",24
4,"Unmet need for family planning: Any method (Percent)","Unmet need","Estimates and Projections of Family Planning Indicators",2024,"United Nations Population Division",678,"Sao Tome and Principe","ST","STP",62,"2011",4,"Median",2,"Female",31,15,49,"15-49",99,"All women",1,"Model-based Estimates",2,"Interpolation",23.8
4,"Unmet need for family planning: Any method (Percent)","Unmet need","Estimates and Projections of Family Planning Indicators",2024,"United Nations Population Division",678,"Sao Tome and Principe","ST","STP",63,"2012",4,"Median",2,"Female",31,15,49,"15-49",99,"All women",1,"Model-based Estimates",2,"Interpolation",23.6
4,"Unmet need for family planning: Any method (Percent)","Unmet need","Estimates and Projections of Family Planning Indicators",2024,"United Nations Population Division",678,"Sao Tome and Principe","ST","STP",64,"2013",4,"Median",2,"Female",31,15,49,"15-49",99,"All women",1,"Model-based Estimates",2,"Interpolation",23.3
4,"Unmet need for family planning: Any method (Percent)","Unmet need","Estimates and Projections of Family Planning Indicators",2024,"United Nations Population Division",678,"Sao Tome and Principe","ST","STP",65,"2014",4,"Median",2,"Female",31,15,49,"15-49",99,"All women",1,"Model-based Estimates",2,"Interpolation",23.1
4,"Unmet need for family planning: Any method (Percent)","Unmet need","Estimates and Projections of Family Planning Indicators",2024,"United Nations Population Division",678,"Sao Tome and Principe","ST","STP",66,"2015",4,"Median",2,"Female",31,15,49,"15-49",99,"All women",1,"Model-based Estimates",2,"Interpolation",22.7
4,"Unmet need for family planning: Any method (Percent)","Unmet need","Estimates and Projections of Family Planning Indicators",2024,"United Nations Population Division",678,"Sao Tome and Principe","ST","STP",67,"2016",4,"Median",2,"Female",31,15,49,"15-49",99,"All women",1,"Model-based Estimates",2,"Interpolation",22.3
4,"Unmet need for family planning: Any method (Percent)","Unmet need","Estimates and Projections of Family Planning Indicators",2024,"United Nations Population Division",678,"Sao Tome and Principe","ST","STP",68,"2017",4,"Median",2,"Female",31,15,49,"15-49",99,"All women",1,"Model-based Estimates",2,"Interpolation",21.9
4,"Unmet need for family planning: Any method (Percent)","Unmet need","Estimates and Projections of Family Planning Indicators",2024,"United Nations Population Division",678,"Sao Tome and Principe","ST","STP",69,"2018",4,"Median",2,"Female",31,15,49,"15-49",99,"All women",1,"Model-based Estimates",2,"Interpolation",21.6
4,"Unmet need for family planning: Any method (Percent)","Unmet need","Estimates and Projections of Family Planning Indicators",2024,"United Nations Population Division",678,"Sao Tome and Principe","ST","STP",70,"2019",4,"Median",2,"Female",31,15,49,"15-49",99,"All women",1,"Model-based Estimates",2,"Interpolation",21.2
4,"Unmet need for family planning: Any method (Percent)","Unmet need","Estimates and Projections of Family Planning Indicators",2024,"United Nations Population Division",678,"Sao Tome and Principe","ST","STP",71,"2020",4,"Median",2,"Female",31,15,49,"15-49",99,"All women",1,"Model-based Estimates",3,"Projection",20.8
4,"Unmet need for family planning: Any method (Percent)","Unmet need","Estimates and Projections of Family Planning Indicators",2024,"United Nations Population Division",678,"Sao Tome and Principe","ST","STP",72,"2021",4,"Median",2,"Female",31,15,49,"15-49",99,"All women",1,"Model-based Estimates",3,"Projection",20.4
4,"Unmet need for family planning: Any method (Percent)","Unmet need","Estimates and Projections of Family Planning Indicators",2024,"United Nations Population Division",678,"Sao Tome and Principe","ST","STP",73,"2022",4,"Median",2,"Female",31,15,49,"15-49",99,"All women",1,"Model-based Estimates",3,"Projection",20
4,"Unmet need for family planning: Any method (Percent)","Unmet need","Estimates and Projections of Family Planning Indicators",2024,"United Nations Population Division",686,"Senegal","SN","SEN",59,"2008",4,"Median",2,"Female",31,15,49,"15-49",99,"All women",1,"Model-based Estimates",2,"Interpolation",21
4,"Unmet need for family planning: Any method (Percent)","Unmet need","Estimates and Projections of Family Planning Indicators",2024,"United Nations Population Division",686,"Senegal","SN","SEN",60,"2009",4,"Median",2,"Female",31,15,49,"15-49",99,"All women",1,"Model-based Estimates",2,"Interpolation",20.7
4,"Unmet need for family planning: Any method (Percent)","Unmet need","Estimates and Projections of Family Planning Indicators",2024,"United Nations Population Division",686,"Senegal","SN","SEN",61,"2010",4,"Median",2,"Female",31,15,49,"15-49",99,"All women",1,"Model-based Estimates",2,"Interpolation",20.4
4,"Unmet need for family planning: Any method (Percent)","Unmet need","Estimates and Projections of Family Planning Indicators",2024,"United Nations Population Division",686,"Senegal","SN","SEN",62,"2011",4,"Median",2,"Female",31,15,49,"15-49",99,"All women",1,"Model-based Estimates",2,"Interpolation",20.2
4,"Unmet need for family planning: Any method (Percent)","Unmet need","Estimates and Projections of Family Planning Indicators",2024,"United Nations Population Division",686,"Senegal","SN","SEN",63,"2012",4,"Median",2,"Female",31,15,49,"15-49",99,"All women",1,"Model-based Estimates",2,"Interpolation",20
4,"Unmet need for family planning: Any method (Percent)","Unmet need","Estimates and Projections of Family Planning Indicators",2024,"United Nations Population Division",686,"Senegal","SN","SEN",64,"2013",4,"Median",2,"Female",31,15,49,"15-49",99,"All women",1,"Model-based Estimates",2,"Interpolation",19.3
4,"Unmet need for family planning: Any method (Percent)","Unmet need","Estimates and Projections of Family Planning Indicators",2024,"United Nations Population Division",686,"Senegal","SN","SEN",65,"2014",4,"Median",2,"Female",31,15,49,"15-49",99,"All women",1,"Model-based Estimates",2,"Interpolation",18.1
4,"Unmet need for family planning: Any method (Percent)","Unmet need","Estimates and Projections of Family Planning Indicators",2024,"United Nations Population Division",686,"Senegal","SN","SEN",66,"2015",4,"Median",2,"Female",31,15,49,"15-49",99,"All women",1,"Model-based Estimates",2,"Interpolation",17.3
4,"Unmet need for family planning: Any method (Percent)","Unmet need","Estimates and Projections of Family Planning Indicators",2024,"United Nations Population Division",686,"Senegal","SN","SEN",67,"2016",4,"Median",2,"Female",31,15,49,"15-49",99,"All women",1,"Model-based Estimates",2,"Interpolation",16.2
4,"Unmet need for family planning: Any method (Percent)","Unmet need","Estimates and Projections of Family Planning Indicators",2024,"United Nations Population Division",686,"Senegal","SN","SEN",68,"2017",4,"Median",2,"Female",31,15,49,"15-49",99,"All women",1,"Model-based Estimates",2,"Interpolation",15.4
4,"Unmet need for family planning: Any method (Percent)","Unmet need","Estimates and Projections of Family Planning Indicators",2024,"United Nations Population Division",686,"Senegal","SN","SEN",69,"2018",4,"Median",2,"Female",31,15,49,"15-49",99,"All women",1,"Model-based Estimates",2,"Interpolation",14.5
4,"Unmet need for family planning: Any method (Percent)","Unmet need","Estimates and Projections of Family Planning Indicators",2024,"United Nations Population Division",686,"Senegal","SN","SEN",70,"2019",4,"Median",2,"Female",31,15,49,"15-49",99,"All women",1,"Model-based Estimates",2,"Interpolation",14.6
4,"Unmet need for family planning: Any method (Percent)","Unmet need","Estimates and Projections of Family Planning Indicators",2024,"United Nations Population Division",686,"Senegal","SN","SEN",71,"2020",4,"Median",2,"Female",31,15,49,"15-49",99,"All women",1,"Model-based Estimates",2,"Interpolation",14.2
4,"Unmet need for family planning: Any method (Percent)","Unmet need","Estimates and Projections of Family Planning Indicators",2024,"United Nations Population Division",686,"Senegal","SN","SEN",72,"2021",4,"Median",2,"Female",31,15,49,"15-49",99,"All women",1,"Model-based Estimates",2,"Interpolation",13.9
4,"Unmet need for family planning: Any method (Percent)","Unmet need","Estimates and Projections of Family Planning Indicators",2024,"United Nations Population Division",686,"Senegal","SN","SEN",73,"2022",4,"Median",2,"Female",31,15,49,"15-49",99,"All women",1,"Model-based Estimates",2,"Interpolation",13.5
4,"Unmet need for family planning: Any method (Percent)","Unmet need","Estimates and Projections of Family Planning Indicators",2024,"United Nations Population Division",694,"Sierra Leone","SL","SLE",59,"2008",4,"Median",2,"Female",31,15,49,"15-49",99,"All women",1,"Model-based Estimates",2,"Interpolation",25.1
4,"Unmet need for family planning: Any method (Percent)","Unmet need","Estimates and Projections of Family Planning Indicators",2024,"United Nations Population Division",694,"Sierra Leone","SL","SLE",60,"2009",4,"Median",2,"Female",31,15,49,"15-49",99,"All women",1,"Model-based Estimates",2,"Interpolation",24.4
4,"Unmet need for family planning: Any method (Percent)","Unmet need","Estimates and Projections of Family Planning Indicators",2024,"United Nations Population Division",694,"Sierra Leone","SL","SLE",61,"2010",4,"Median",2,"Female",31,15,49,"15-49",99,"All women",1,"Model-based Estimates",2,"Interpolation",23.7
4,"Unmet need for family planning: Any method (Percent)","Unmet need","Estimates and Projections of Family Planning Indicators",2024,"United Nations Population Division",694,"Sierra Leone","SL","SLE",62,"2011",4,"Median",2,"Female",31,15,49,"15-49",99,"All women",1,"Model-based Estimates",2,"Interpolation",23
4,"Unmet need for family planning: Any method (Percent)","Unmet need","Estimates and Projections of Family Planning Indicators",2024,"United Nations Population Division",694,"Sierra Leone","SL","SLE",63,"2012",4,"Median",2,"Female",31,15,49,"15-49",99,"All women",1,"Model-based Estimates",2,"Interpolation",22.2
4,"Unmet need for family planning: Any method (Percent)","Unmet need","Estimates and Projections of Family Planning Indicators",2024,"United Nations Population Division",694,"Sierra Leone","SL","SLE",64,"2013",4,"Median",2,"Female",31,15,49,"15-49",99,"All women",1,"Model-based Estimates",2,"Interpolation",21.4
4,"Unmet need for family planning: Any method (Percent)","Unmet need","Estimates and Projections of Family Planning Indicators",2024,"United Nations Population Division",694,"Sierra Leone","SL","SLE",65,"2014",4,"Median",2,"Female",31,15,49,"15-49",99,"All women",1,"Model-based Estimates",2,"Interpolation",21.2
4,"Unmet need for family planning: Any method (Percent)","Unmet need","Estimates and Projections of Family Planning Indicators",2024,"United Nations Population Division",694,"Sierra Leone","SL","SLE",66,"2015",4,"Median",2,"Female",31,15,49,"15-49",99,"All women",1,"Model-based Estimates",2,"Interpolation",21.1
4,"Unmet need for family planning: Any method (Percent)","Unmet need","Estimates and Projections of Family Planning Indicators",2024,"United Nations Population Division",694,"Sierra Leone","SL","SLE",67,"2016",4,"Median",2,"Female",31,15,49,"15-49",99,"All women",1,"Model-based Estimates",2,"Interpolation",20.9
4,"Unmet need for family planning: Any method (Percent)","Unmet need","Estimates and Projections of Family Planning Indicators",2024,"United Nations Population Division",694,"Sierra Leone","SL","SLE",68,"2017",4,"Median",2,"Female",31,15,49,"15-49",99,"All women",1,"Model-based Estimates",2,"Interpolation",20.8
4,"Unmet need for family planning: Any method (Percent)","Unmet need","Estimates and Projections of Family Planning Indicators",2024,"United Nations Population Division",694,"Sierra Leone","SL","SLE",69,"2018",4,"Median",2,"Female",31,15,49,"15-49",99,"All women",1,"Model-based Estimates",2,"Interpolation",20.5
4,"Unmet need for family planning: Any method (Percent)","Unmet need","Estimates and Projections of Family Planning Indicators",2024,"United Nations Population Division",694,"Sierra Leone","SL","SLE",70,"2019",4,"Median",2,"Female",31,15,49,"15-49",99,"All women",1,"Model-based Estimates",2,"Interpolation",20.3
4,"Unmet need for family planning: Any method (Percent)","Unmet need","Estimates and Projections of Family Planning Indicators",2024,"United Nations Population Division",694,"Sierra Leone","SL","SLE",71,"2020",4,"Median",2,"Female",31,15,49,"15-49",99,"All women",1,"Model-based Estimates",3,"Projection",20.1
4,"Unmet need for family planning: Any method (Percent)","Unmet need","Estimates and Projections of Family Planning Indicators",2024,"United Nations Population Division",694,"Sierra Leone","SL","SLE",72,"2021",4,"Median",2,"Female",31,15,49,"15-49",99,"All women",1,"Model-based Estimates",3,"Projection",19.8
4,"Unmet need for family planning: Any method (Percent)","Unmet need","Estimates and Projections of Family Planning Indicators",2024,"United Nations Population Division",694,"Sierra Leone","SL","SLE",73,"2022",4,"Median",2,"Female",31,15,49,"15-49",99,"All women",1,"Model-based Estimates",3,"Projection",19.6
4,"Unmet need for family planning: Any method (Percent)","Unmet need","Estimates and Projections of Family Planning Indicators",2024,"United Nations Population Division",706,"Somalia","SO","SOM",59,"2008",4,"Median",2,"Female",31,15,49,"15-49",99,"All women",1,"Model-based Estimates",3,"Projection",14.9
4,"Unmet need for family planning: Any method (Percent)","Unmet need","Estimates and Projections of Family Planning Indicators",2024,"United Nations Population Division",706,"Somalia","SO","SOM",60,"2009",4,"Median",2,"Female",31,15,49,"15-49",99,"All women",1,"Model-based Estimates",3,"Projection",14.8
4,"Unmet need for family planning: Any method (Percent)","Unmet need","Estimates and Projections of Family Planning Indicators",2024,"United Nations Population Division",706,"Somalia","SO","SOM",61,"2010",4,"Median",2,"Female",31,15,49,"15-49",99,"All women",1,"Model-based Estimates",3,"Projection",14.6
4,"Unmet need for family planning: Any method (Percent)","Unmet need","Estimates and Projections of Family Planning Indicators",2024,"United Nations Population Division",706,"Somalia","SO","SOM",62,"2011",4,"Median",2,"Female",31,15,49,"15-49",99,"All women",1,"Model-based Estimates",2,"Interpolation",14.4
4,"Unmet need for family planning: Any method (Percent)","Unmet need","Estimates and Projections of Family Planning Indicators",2024,"United Nations Population Division",706,"Somalia","SO","SOM",63,"2012",4,"Median",2,"Female",31,15,49,"15-49",99,"All women",1,"Model-based Estimates",2,"Interpolation",14.6
4,"Unmet need for family planning: Any method (Percent)","Unmet need","Estimates and Projections of Family Planning Indicators",2024,"United Nations Population Division",706,"Somalia","SO","SOM",64,"2013",4,"Median",2,"Female",31,15,49,"15-49",99,"All women",1,"Model-based Estimates",2,"Interpolation",15
4,"Unmet need for family planning: Any method (Percent)","Unmet need","Estimates and Projections of Family Planning Indicators",2024,"United Nations Population Division",706,"Somalia","SO","SOM",65,"2014",4,"Median",2,"Female",31,15,49,"15-49",99,"All women",1,"Model-based Estimates",2,"Interpolation",15.3
4,"Unmet need for family planning: Any method (Percent)","Unmet need","Estimates and Projections of Family Planning Indicators",2024,"United Nations Population Division",706,"Somalia","SO","SOM",66,"2015",4,"Median",2,"Female",31,15,49,"15-49",99,"All women",1,"Model-based Estimates",2,"Interpolation",15.7
4,"Unmet need for family planning: Any method (Percent)","Unmet need","Estimates and Projections of Family Planning Indicators",2024,"United Nations Population Division",706,"Somalia","SO","SOM",67,"2016",4,"Median",2,"Female",31,15,49,"15-49",99,"All women",1,"Model-based Estimates",2,"Interpolation",16
4,"Unmet need for family planning: Any method (Percent)","Unmet need","Estimates and Projections of Family Planning Indicators",2024,"United Nations Population Division",706,"Somalia","SO","SOM",68,"2017",4,"Median",2,"Female",31,15,49,"15-49",99,"All women",1,"Model-based Estimates",2,"Interpolation",16.3
4,"Unmet need for family planning: Any method (Percent)","Unmet need","Estimates and Projections of Family Planning Indicators",2024,"United Nations Population Division",706,"Somalia","SO","SOM",69,"2018",4,"Median",2,"Female",31,15,49,"15-49",99,"All women",1,"Model-based Estimates",2,"Interpolation",16.7
4,"Unmet need for family planning: Any method (Percent)","Unmet need","Estimates and Projections of Family Planning Indicators",2024,"United Nations Population Division",706,"Somalia","SO","SOM",70,"2019",4,"Median",2,"Female",31,15,49,"15-49",99,"All women",1,"Model-based Estimates",2,"Interpolation",16.7
4,"Unmet need for family planning: Any method (Percent)","Unmet need","Estimates and Projections of Family Planning Indicators",2024,"United Nations Population Division",706,"Somalia","SO","SOM",71,"2020",4,"Median",2,"Female",31,15,49,"15-49",99,"All women",1,"Model-based Estimates",3,"Projection",16.9
4,"Unmet need for family planning: Any method (Percent)","Unmet need","Estimates and Projections of Family Planning Indicators",2024,"United Nations Population Division",706,"Somalia","SO","SOM",72,"2021",4,"Median",2,"Female",31,15,49,"15-49",99,"All women",1,"Model-based Estimates",3,"Projection",16.9
4,"Unmet need for family planning: Any method (Percent)","Unmet need","Estimates and Projections of Family Planning Indicators",2024,"United Nations Population Division",706,"Somalia","SO","SOM",73,"2022",4,"Median",2,"Female",31,15,49,"15-49",99,"All women",1,"Model-based Estimates",3,"Projection",17
4,"Unmet need for family planning: Any method (Percent)","Unmet need","Estimates and Projections of Family Planning Indicators",2024,"United Nations Population Division",710,"South Africa","ZA","ZAF",59,"2008",4,"Median",2,"Female",31,15,49,"15-49",99,"All women",1,"Model-based Estimates",2,"Interpolation",10.6
4,"Unmet need for family planning: Any method (Percent)","Unmet need","Estimates and Projections of Family Planning Indicators",2024,"United Nations Population Division",710,"South Africa","ZA","ZAF",60,"2009",4,"Median",2,"Female",31,15,49,"15-49",99,"All women",1,"Model-based Estimates",2,"Interpolation",10.7
4,"Unmet need for family planning: Any method (Percent)","Unmet need","Estimates and Projections of Family Planning Indicators",2024,"United Nations Population Division",710,"South Africa","ZA","ZAF",61,"2010",4,"Median",2,"Female",31,15,49,"15-49",99,"All women",1,"Model-based Estimates",2,"Interpolation",10.9
4,"Unmet need for family planning: Any method (Percent)","Unmet need","Estimates and Projections of Family Planning Indicators",2024,"United Nations Population Division",710,"South Africa","ZA","ZAF",62,"2011",4,"Median",2,"Female",31,15,49,"15-49",99,"All women",1,"Model-based Estimates",2,"Interpolation",10.9
4,"Unmet need for family planning: Any method (Percent)","Unmet need","Estimates and Projections of Family Planning Indicators",2024,"United Nations Population Division",710,"South Africa","ZA","ZAF",63,"2012",4,"Median",2,"Female",31,15,49,"15-49",99,"All women",1,"Model-based Estimates",2,"Interpolation",11.1
4,"Unmet need for family planning: Any method (Percent)","Unmet need","Estimates and Projections of Family Planning Indicators",2024,"United Nations Population Division",710,"South Africa","ZA","ZAF",64,"2013",4,"Median",2,"Female",31,15,49,"15-49",99,"All women",1,"Model-based Estimates",2,"Interpolation",11.2
4,"Unmet need for family planning: Any method (Percent)","Unmet need","Estimates and Projections of Family Planning Indicators",2024,"United Nations Population Division",710,"South Africa","ZA","ZAF",65,"2014",4,"Median",2,"Female",31,15,49,"15-49",99,"All women",1,"Model-based Estimates",2,"Interpolation",11.4
4,"Unmet need for family planning: Any method (Percent)","Unmet need","Estimates and Projections of Family Planning Indicators",2024,"United Nations Population Division",710,"South Africa","ZA","ZAF",66,"2015",4,"Median",2,"Female",31,15,49,"15-49",99,"All women",1,"Model-based Estimates",2,"Interpolation",11.5
4,"Unmet need for family planning: Any method (Percent)","Unmet need","Estimates and Projections of Family Planning Indicators",2024,"United Nations Population Division",710,"South Africa","ZA","ZAF",67,"2016",4,"Median",2,"Female",31,15,49,"15-49",99,"All women",1,"Model-based Estimates",2,"Interpolation",11.5
4,"Unmet need for family planning: Any method (Percent)","Unmet need","Estimates and Projections of Family Planning Indicators",2024,"United Nations Population Division",710,"South Africa","ZA","ZAF",68,"2017",4,"Median",2,"Female",31,15,49,"15-49",99,"All women",1,"Model-based Estimates",3,"Projection",11.5
4,"Unmet need for family planning: Any method (Percent)","Unmet need","Estimates and Projections of Family Planning Indicators",2024,"United Nations Population Division",710,"South Africa","ZA","ZAF",69,"2018",4,"Median",2,"Female",31,15,49,"15-49",99,"All women",1,"Model-based Estimates",3,"Projection",11.3
4,"Unmet need for family planning: Any method (Percent)","Unmet need","Estimates and Projections of Family Planning Indicators",2024,"United Nations Population Division",710,"South Africa","ZA","ZAF",70,"2019",4,"Median",2,"Female",31,15,49,"15-49",99,"All women",1,"Model-based Estimates",3,"Projection",11.2
4,"Unmet need for family planning: Any method (Percent)","Unmet need","Estimates and Projections of Family Planning Indicators",2024,"United Nations Population Division",710,"South Africa","ZA","ZAF",71,"2020",4,"Median",2,"Female",31,15,49,"15-49",99,"All women",1,"Model-based Estimates",3,"Projection",11.1
4,"Unmet need for family planning: Any method (Percent)","Unmet need","Estimates and Projections of Family Planning Indicators",2024,"United Nations Population Division",710,"South Africa","ZA","ZAF",72,"2021",4,"Median",2,"Female",31,15,49,"15-49",99,"All women",1,"Model-based Estimates",3,"Projection",10.9
4,"Unmet need for family planning: Any method (Percent)","Unmet need","Estimates and Projections of Family Planning Indicators",2024,"United Nations Population Division",710,"South Africa","ZA","ZAF",73,"2022",4,"Median",2,"Female",31,15,49,"15-49",99,"All women",1,"Model-based Estimates",3,"Projection",10.8
4,"Unmet need for family planning: Any method (Percent)","Unmet need","Estimates and Projections of Family Planning Indicators",2024,"United Nations Population Division",716,"Zimbabwe","ZW","ZWE",59,"2008",4,"Median",2,"Female",31,15,49,"15-49",99,"All women",1,"Model-based Estimates",2,"Interpolation",10.7
4,"Unmet need for family planning: Any method (Percent)","Unmet need","Estimates and Projections of Family Planning Indicators",2024,"United Nations Population Division",716,"Zimbabwe","ZW","ZWE",60,"2009",4,"Median",2,"Female",31,15,49,"15-49",99,"All women",1,"Model-based Estimates",2,"Interpolation",10.7
4,"Unmet need for family planning: Any method (Percent)","Unmet need","Estimates and Projections of Family Planning Indicators",2024,"United Nations Population Division",716,"Zimbabwe","ZW","ZWE",61,"2010",4,"Median",2,"Female",31,15,49,"15-49",99,"All women",1,"Model-based Estimates",2,"Interpolation",10.6
4,"Unmet need for family planning: Any method (Percent)","Unmet need","Estimates and Projections of Family Planning Indicators",2024,"United Nations Population Division",716,"Zimbabwe","ZW","ZWE",62,"2011",4,"Median",2,"Female",31,15,49,"15-49",99,"All women",1,"Model-based Estimates",2,"Interpolation",10.4
4,"Unmet need for family planning: Any method (Percent)","Unmet need","Estimates and Projections of Family Planning Indicators",2024,"United Nations Population Division",716,"Zimbabwe","ZW","ZWE",63,"2012",4,"Median",2,"Female",31,15,49,"15-49",99,"All women",1,"Model-based Estimates",2,"Interpolation",9.9
4,"Unmet need for family planning: Any method (Percent)","Unmet need","Estimates and Projections of Family Planning Indicators",2024,"United Nations Population Division",716,"Zimbabwe","ZW","ZWE",64,"2013",4,"Median",2,"Female",31,15,49,"15-49",99,"All women",1,"Model-based Estimates",2,"Interpolation",9.3
4,"Unmet need for family planning: Any method (Percent)","Unmet need","Estimates and Projections of Family Planning Indicators",2024,"United Nations Population Division",716,"Zimbabwe","ZW","ZWE",65,"2014",4,"Median",2,"Female",31,15,49,"15-49",99,"All women",1,"Model-based Estimates",2,"Interpolation",8.8
4,"Unmet need for family planning: Any method (Percent)","Unmet need","Estimates and Projections of Family Planning Indicators",2024,"United Nations Population Division",716,"Zimbabwe","ZW","ZWE",66,"2015",4,"Median",2,"Female",31,15,49,"15-49",99,"All women",1,"Model-based Estimates",2,"Interpolation",8.3
4,"Unmet need for family planning: Any method (Percent)","Unmet need","Estimates and Projections of Family Planning Indicators",2024,"United Nations Population Division",716,"Zimbabwe","ZW","ZWE",67,"2016",4,"Median",2,"Female",31,15,49,"15-49",99,"All women",1,"Model-based Estimates",3,"Projection",8.1
4,"Unmet need for family planning: Any method (Percent)","Unmet need","Estimates and Projections of Family Planning Indicators",2024,"United Nations Population Division",716,"Zimbabwe","ZW","ZWE",68,"2017",4,"Median",2,"Female",31,15,49,"15-49",99,"All women",1,"Model-based Estimates",3,"Projection",8
4,"Unmet need for family planning: Any method (Percent)","Unmet need","Estimates and Projections of Family Planning Indicators",2024,"United Nations Population Division",716,"Zimbabwe","ZW","ZWE",69,"2018",4,"Median",2,"Female",31,15,49,"15-49",99,"All women",1,"Model-based Estimates",3,"Projection",7.9
4,"Unmet need for family planning: Any method (Percent)","Unmet need","Estimates and Projections of Family Planning Indicators",2024,"United Nations Population Division",716,"Zimbabwe","ZW","ZWE",70,"2019",4,"Median",2,"Female",31,15,49,"15-49",99,"All women",1,"Model-based Estimates",3,"Projection",7.9
4,"Unmet need for family planning: Any method (Percent)","Unmet need","Estimates and Projections of Family Planning Indicators",2024,"United Nations Population Division",716,"Zimbabwe","ZW","ZWE",71,"2020",4,"Median",2,"Female",31,15,49,"15-49",99,"All women",1,"Model-based Estimates",3,"Projection",7.8
4,"Unmet need for family planning: Any method (Percent)","Unmet need","Estimates and Projections of Family Planning Indicators",2024,"United Nations Population Division",716,"Zimbabwe","ZW","ZWE",72,"2021",4,"Median",2,"Female",31,15,49,"15-49",99,"All women",1,"Model-based Estimates",3,"Projection",7.8
4,"Unmet need for family planning: Any method (Percent)","Unmet need","Estimates and Projections of Family Planning Indicators",2024,"United Nations Population Division",716,"Zimbabwe","ZW","ZWE",73,"2022",4,"Median",2,"Female",31,15,49,"15-49",99,"All women",1,"Model-based Estimates",3,"Projection",7.7
4,"Unmet need for family planning: Any method (Percent)","Unmet need","Estimates and Projections of Family Planning Indicators",2024,"United Nations Population Division",728,"South Sudan","SS","SSD",59,"2008",4,"Median",2,"Female",31,15,49,"15-49",99,"All women",1,"Model-based Estimates",3,"Projection",22.9
4,"Unmet need for family planning: Any method (Percent)","Unmet need","Estimates and Projections of Family Planning Indicators",2024,"United Nations Population Division",728,"South Sudan","SS","SSD",60,"2009",4,"Median",2,"Female",31,15,49,"15-49",99,"All women",1,"Model-based Estimates",3,"Projection",22.8
4,"Unmet need for family planning: Any method (Percent)","Unmet need","Estimates and Projections of Family Planning Indicators",2024,"United Nations Population Division",728,"South Sudan","SS","SSD",61,"2010",4,"Median",2,"Female",31,15,49,"15-49",99,"All women",1,"Model-based Estimates",2,"Interpolation",22.9
4,"Unmet need for family planning: Any method (Percent)","Unmet need","Estimates and Projections of Family Planning Indicators",2024,"United Nations Population Division",728,"South Sudan","SS","SSD",62,"2011",4,"Median",2,"Female",31,15,49,"15-49",99,"All women",1,"Model-based Estimates",3,"Projection",23
4,"Unmet need for family planning: Any method (Percent)","Unmet need","Estimates and Projections of Family Planning Indicators",2024,"United Nations Population Division",728,"South Sudan","SS","SSD",63,"2012",4,"Median",2,"Female",31,15,49,"15-49",99,"All women",1,"Model-based Estimates",3,"Projection",23.1
4,"Unmet need for family planning: Any method (Percent)","Unmet need","Estimates and Projections of Family Planning Indicators",2024,"United Nations Population Division",728,"South Sudan","SS","SSD",64,"2013",4,"Median",2,"Female",31,15,49,"15-49",99,"All women",1,"Model-based Estimates",3,"Projection",23.1
4,"Unmet need for family planning: Any method (Percent)","Unmet need","Estimates and Projections of Family Planning Indicators",2024,"United Nations Population Division",728,"South Sudan","SS","SSD",65,"2014",4,"Median",2,"Female",31,15,49,"15-49",99,"All women",1,"Model-based Estimates",3,"Projection",23.1
4,"Unmet need for family planning: Any method (Percent)","Unmet need","Estimates and Projections of Family Planning Indicators",2024,"United Nations Population Division",728,"South Sudan","SS","SSD",66,"2015",4,"Median",2,"Female",31,15,49,"15-49",99,"All women",1,"Model-based Estimates",3,"Projection",23.1
4,"Unmet need for family planning: Any method (Percent)","Unmet need","Estimates and Projections of Family Planning Indicators",2024,"United Nations Population Division",728,"South Sudan","SS","SSD",67,"2016",4,"Median",2,"Female",31,15,49,"15-49",99,"All women",1,"Model-based Estimates",3,"Projection",22.9
4,"Unmet need for family planning: Any method (Percent)","Unmet need","Estimates and Projections of Family Planning Indicators",2024,"United Nations Population Division",728,"South Sudan","SS","SSD",68,"2017",4,"Median",2,"Female",31,15,49,"15-49",99,"All women",1,"Model-based Estimates",3,"Projection",22.7
4,"Unmet need for family planning: Any method (Percent)","Unmet need","Estimates and Projections of Family Planning Indicators",2024,"United Nations Population Division",728,"South Sudan","SS","SSD",69,"2018",4,"Median",2,"Female",31,15,49,"15-49",99,"All women",1,"Model-based Estimates",3,"Projection",22.5
4,"Unmet need for family planning: Any method (Percent)","Unmet need","Estimates and Projections of Family Planning Indicators",2024,"United Nations Population Division",728,"South Sudan","SS","SSD",70,"2019",4,"Median",2,"Female",31,15,49,"15-49",99,"All women",1,"Model-based Estimates",3,"Projection",22.4
4,"Unmet need for family planning: Any method (Percent)","Unmet need","Estimates and Projections of Family Planning Indicators",2024,"United Nations Population Division",728,"South Sudan","SS","SSD",71,"2020",4,"Median",2,"Female",31,15,49,"15-49",99,"All women",1,"Model-based Estimates",3,"Projection",22.3
4,"Unmet need for family planning: Any method (Percent)","Unmet need","Estimates and Projections of Family Planning Indicators",2024,"United Nations Population Division",728,"South Sudan","SS","SSD",72,"2021",4,"Median",2,"Female",31,15,49,"15-49",99,"All women",1,"Model-based Estimates",3,"Projection",22.2
4,"Unmet need for family planning: Any method (Percent)","Unmet need","Estimates and Projections of Family Planning Indicators",2024,"United Nations Population Division",728,"South Sudan","SS","SSD",73,"2022",4,"Median",2,"Female",31,15,49,"15-49",99,"All women",1,"Model-based Estimates",3,"Projection",22.1
4,"Unmet need for family planning: Any method (Percent)","Unmet need","Estimates and Projections of Family Planning Indicators",2024,"United Nations Population Division",729,"Sudan","SD","SDN",59,"2008",4,"Median",2,"Female",31,15,49,"15-49",99,"All women",1,"Model-based Estimates",2,"Interpolation",18.8
4,"Unmet need for family planning: Any method (Percent)","Unmet need","Estimates and Projections of Family Planning Indicators",2024,"United Nations Population Division",729,"Sudan","SD","SDN",60,"2009",4,"Median",2,"Female",31,15,49,"15-49",99,"All women",1,"Model-based Estimates",2,"Interpolation",18.7
4,"Unmet need for family planning: Any method (Percent)","Unmet need","Estimates and Projections of Family Planning Indicators",2024,"United Nations Population Division",729,"Sudan","SD","SDN",61,"2010",4,"Median",2,"Female",31,15,49,"15-49",99,"All women",1,"Model-based Estimates",2,"Interpolation",18.6
4,"Unmet need for family planning: Any method (Percent)","Unmet need","Estimates and Projections of Family Planning Indicators",2024,"United Nations Population Division",729,"Sudan","SD","SDN",62,"2011",4,"Median",2,"Female",31,15,49,"15-49",99,"All women",1,"Model-based Estimates",2,"Interpolation",18.5
4,"Unmet need for family planning: Any method (Percent)","Unmet need","Estimates and Projections of Family Planning Indicators",2024,"United Nations Population Division",729,"Sudan","SD","SDN",63,"2012",4,"Median",2,"Female",31,15,49,"15-49",99,"All women",1,"Model-based Estimates",2,"Interpolation",18.4
4,"Unmet need for family planning: Any method (Percent)","Unmet need","Estimates and Projections of Family Planning Indicators",2024,"United Nations Population Division",729,"Sudan","SD","SDN",64,"2013",4,"Median",2,"Female",31,15,49,"15-49",99,"All women",1,"Model-based Estimates",2,"Interpolation",18.3
4,"Unmet need for family planning: Any method (Percent)","Unmet need","Estimates and Projections of Family Planning Indicators",2024,"United Nations Population Division",729,"Sudan","SD","SDN",65,"2014",4,"Median",2,"Female",31,15,49,"15-49",99,"All women",1,"Model-based Estimates",2,"Interpolation",18.2
4,"Unmet need for family planning: Any method (Percent)","Unmet need","Estimates and Projections of Family Planning Indicators",2024,"United Nations Population Division",729,"Sudan","SD","SDN",66,"2015",4,"Median",2,"Female",31,15,49,"15-49",99,"All women",1,"Model-based Estimates",3,"Projection",18.1
4,"Unmet need for family planning: Any method (Percent)","Unmet need","Estimates and Projections of Family Planning Indicators",2024,"United Nations Population Division",729,"Sudan","SD","SDN",67,"2016",4,"Median",2,"Female",31,15,49,"15-49",99,"All women",1,"Model-based Estimates",3,"Projection",18
4,"Unmet need for family planning: Any method (Percent)","Unmet need","Estimates and Projections of Family Planning Indicators",2024,"United Nations Population Division",729,"Sudan","SD","SDN",68,"2017",4,"Median",2,"Female",31,15,49,"15-49",99,"All women",1,"Model-based Estimates",3,"Projection",17.9
4,"Unmet need for family planning: Any method (Percent)","Unmet need","Estimates and Projections of Family Planning Indicators",2024,"United Nations Population Division",729,"Sudan","SD","SDN",69,"2018",4,"Median",2,"Female",31,15,49,"15-49",99,"All women",1,"Model-based Estimates",3,"Projection",17.8
4,"Unmet need for family planning: Any method (Percent)","Unmet need","Estimates and Projections of Family Planning Indicators",2024,"United Nations Population Division",729,"Sudan","SD","SDN",70,"2019",4,"Median",2,"Female",31,15,49,"15-49",99,"All women",1,"Model-based Estimates",3,"Projection",17.7
4,"Unmet need for family planning: Any method (Percent)","Unmet need","Estimates and Projections of Family Planning Indicators",2024,"United Nations Population Division",729,"Sudan","SD","SDN",71,"2020",4,"Median",2,"Female",31,15,49,"15-49",99,"All women",1,"Model-based Estimates",3,"Projection",17.6
4,"Unmet need for family planning: Any method (Percent)","Unmet need","Estimates and Projections of Family Planning Indicators",2024,"United Nations Population Division",729,"Sudan","SD","SDN",72,"2021",4,"Median",2,"Female",31,15,49,"15-49",99,"All women",1,"Model-based Estimates",3,"Projection",17.5
4,"Unmet need for family planning: Any method (Percent)","Unmet need","Estimates and Projections of Family Planning Indicators",2024,"United Nations Population Division",729,"Sudan","SD","SDN",73,"2022",4,"Median",2,"Female",31,15,49,"15-49",99,"All women",1,"Model-based Estimates",3,"Projection",17.4
4,"Unmet need for family planning: Any method (Percent)","Unmet need","Estimates and Projections of Family Planning Indicators",2024,"United Nations Population Division",748,"Eswatini","SZ","SWZ",59,"2008",4,"Median",2,"Female",31,15,49,"15-49",99,"All women",1,"Model-based Estimates",2,"Interpolation",15
4,"Unmet need for family planning: Any method (Percent)","Unmet need","Estimates and Projections of Family Planning Indicators",2024,"United Nations Population Division",748,"Eswatini","SZ","SWZ",60,"2009",4,"Median",2,"Female",31,15,49,"15-49",99,"All women",1,"Model-based Estimates",2,"Interpolation",14.2
4,"Unmet need for family planning: Any method (Percent)","Unmet need","Estimates and Projections of Family Planning Indicators",2024,"United Nations Population Division",748,"Eswatini","SZ","SWZ",61,"2010",4,"Median",2,"Female",31,15,49,"15-49",99,"All women",1,"Model-based Estimates",2,"Interpolation",13.5
4,"Unmet need for family planning: Any method (Percent)","Unmet need","Estimates and Projections of Family Planning Indicators",2024,"United Nations Population Division",748,"Eswatini","SZ","SWZ",62,"2011",4,"Median",2,"Female",31,15,49,"15-49",99,"All women",1,"Model-based Estimates",2,"Interpolation",13
4,"Unmet need for family planning: Any method (Percent)","Unmet need","Estimates and Projections of Family Planning Indicators",2024,"United Nations Population Division",748,"Eswatini","SZ","SWZ",63,"2012",4,"Median",2,"Female",31,15,49,"15-49",99,"All women",1,"Model-based Estimates",2,"Interpolation",12.6
4,"Unmet need for family planning: Any method (Percent)","Unmet need","Estimates and Projections of Family Planning Indicators",2024,"United Nations Population Division",748,"Eswatini","SZ","SWZ",64,"2013",4,"Median",2,"Female",31,15,49,"15-49",99,"All women",1,"Model-based Estimates",2,"Interpolation",12.3
4,"Unmet need for family planning: Any method (Percent)","Unmet need","Estimates and Projections of Family Planning Indicators",2024,"United Nations Population Division",748,"Eswatini","SZ","SWZ",65,"2014",4,"Median",2,"Female",31,15,49,"15-49",99,"All women",1,"Model-based Estimates",2,"Interpolation",12
4,"Unmet need for family planning: Any method (Percent)","Unmet need","Estimates and Projections of Family Planning Indicators",2024,"United Nations Population Division",748,"Eswatini","SZ","SWZ",66,"2015",4,"Median",2,"Female",31,15,49,"15-49",99,"All women",1,"Model-based Estimates",2,"Interpolation",12
4,"Unmet need for family planning: Any method (Percent)","Unmet need","Estimates and Projections of Family Planning Indicators",2024,"United Nations Population Division",748,"Eswatini","SZ","SWZ",67,"2016",4,"Median",2,"Female",31,15,49,"15-49",99,"All women",1,"Model-based Estimates",2,"Interpolation",12
4,"Unmet need for family planning: Any method (Percent)","Unmet need","Estimates and Projections of Family Planning Indicators",2024,"United Nations Population Division",748,"Eswatini","SZ","SWZ",68,"2017",4,"Median",2,"Female",31,15,49,"15-49",99,"All women",1,"Model-based Estimates",2,"Interpolation",12.1
4,"Unmet need for family planning: Any method (Percent)","Unmet need","Estimates and Projections of Family Planning Indicators",2024,"United Nations Population Division",748,"Eswatini","SZ","SWZ",69,"2018",4,"Median",2,"Female",31,15,49,"15-49",99,"All women",1,"Model-based Estimates",2,"Interpolation",12.1
4,"Unmet need for family planning: Any method (Percent)","Unmet need","Estimates and Projections of Family Planning Indicators",2024,"United Nations Population Division",748,"Eswatini","SZ","SWZ",70,"2019",4,"Median",2,"Female",31,15,49,"15-49",99,"All women",1,"Model-based Estimates",2,"Interpolation",12.2
4,"Unmet need for family planning: Any method (Percent)","Unmet need","Estimates and Projections of Family Planning Indicators",2024,"United Nations Population Division",748,"Eswatini","SZ","SWZ",71,"2020",4,"Median",2,"Female",31,15,49,"15-49",99,"All women",1,"Model-based Estimates",2,"Interpolation",12.3
4,"Unmet need for family planning: Any method (Percent)","Unmet need","Estimates and Projections of Family Planning Indicators",2024,"United Nations Population Division",748,"Eswatini","SZ","SWZ",72,"2021",4,"Median",2,"Female",31,15,49,"15-49",99,"All women",1,"Model-based Estimates",2,"Interpolation",12.4
4,"Unmet need for family planning: Any method (Percent)","Unmet need","Estimates and Projections of Family Planning Indicators",2024,"United Nations Population Division",748,"Eswatini","SZ","SWZ",73,"2022",4,"Median",2,"Female",31,15,49,"15-49",99,"All women",1,"Model-based Estimates",2,"Interpolation",12.3
4,"Unmet need for family planning: Any method (Percent)","Unmet need","Estimates and Projections of Family Planning Indicators",2024,"United Nations Population Division",768,"Togo","TG","TGO",59,"2008",4,"Median",2,"Female",31,15,49,"15-49",99,"All women",1,"Model-based Estimates",2,"Interpolation",25.5
4,"Unmet need for family planning: Any method (Percent)","Unmet need","Estimates and Projections of Family Planning Indicators",2024,"United Nations Population Division",768,"Togo","TG","TGO",60,"2009",4,"Median",2,"Female",31,15,49,"15-49",99,"All women",1,"Model-based Estimates",2,"Interpolation",25.4
4,"Unmet need for family planning: Any method (Percent)","Unmet need","Estimates and Projections of Family Planning Indicators",2024,"United Nations Population Division",768,"Togo","TG","TGO",61,"2010",4,"Median",2,"Female",31,15,49,"15-49",99,"All women",1,"Model-based Estimates",2,"Interpolation",25.3
4,"Unmet need for family planning: Any method (Percent)","Unmet need","Estimates and Projections of Family Planning Indicators",2024,"United Nations Population Division",768,"Togo","TG","TGO",62,"2011",4,"Median",2,"Female",31,15,49,"15-49",99,"All women",1,"Model-based Estimates",2,"Interpolation",25.2
4,"Unmet need for family planning: Any method (Percent)","Unmet need","Estimates and Projections of Family Planning Indicators",2024,"United Nations Population Division",768,"Togo","TG","TGO",63,"2012",4,"Median",2,"Female",31,15,49,"15-49",99,"All women",1,"Model-based Estimates",2,"Interpolation",25.1
4,"Unmet need for family planning: Any method (Percent)","Unmet need","Estimates and Projections of Family Planning Indicators",2024,"United Nations Population Division",768,"Togo","TG","TGO",64,"2013",4,"Median",2,"Female",31,15,49,"15-49",99,"All women",1,"Model-based Estimates",2,"Interpolation",24.9
4,"Unmet need for family planning: Any method (Percent)","Unmet need","Estimates and Projections of Family Planning Indicators",2024,"United Nations Population Division",768,"Togo","TG","TGO",65,"2014",4,"Median",2,"Female",31,15,49,"15-49",99,"All women",1,"Model-based Estimates",2,"Interpolation",24.8
4,"Unmet need for family planning: Any method (Percent)","Unmet need","Estimates and Projections of Family Planning Indicators",2024,"United Nations Population Division",768,"Togo","TG","TGO",66,"2015",4,"Median",2,"Female",31,15,49,"15-49",99,"All women",1,"Model-based Estimates",2,"Interpolation",24.6
4,"Unmet need for family planning: Any method (Percent)","Unmet need","Estimates and Projections of Family Planning Indicators",2024,"United Nations Population Division",768,"Togo","TG","TGO",67,"2016",4,"Median",2,"Female",31,15,49,"15-49",99,"All women",1,"Model-based Estimates",2,"Interpolation",24.4
4,"Unmet need for family planning: Any method (Percent)","Unmet need","Estimates and Projections of Family Planning Indicators",2024,"United Nations Population Division",768,"Togo","TG","TGO",68,"2017",4,"Median",2,"Female",31,15,49,"15-49",99,"All women",1,"Model-based Estimates",2,"Interpolation",24.2
4,"Unmet need for family planning: Any method (Percent)","Unmet need","Estimates and Projections of Family Planning Indicators",2024,"United Nations Population Division",768,"Togo","TG","TGO",69,"2018",4,"Median",2,"Female",31,15,49,"15-49",99,"All women",1,"Model-based Estimates",3,"Projection",23.9
4,"Unmet need for family planning: Any method (Percent)","Unmet need","Estimates and Projections of Family Planning Indicators",2024,"United Nations Population Division",768,"Togo","TG","TGO",70,"2019",4,"Median",2,"Female",31,15,49,"15-49",99,"All women",1,"Model-based Estimates",3,"Projection",23.5
4,"Unmet need for family planning: Any method (Percent)","Unmet need","Estimates and Projections of Family Planning Indicators",2024,"United Nations Population Division",768,"Togo","TG","TGO",71,"2020",4,"Median",2,"Female",31,15,49,"15-49",99,"All women",1,"Model-based Estimates",3,"Projection",23.2
4,"Unmet need for family planning: Any method (Percent)","Unmet need","Estimates and Projections of Family Planning Indicators",2024,"United Nations Population Division",768,"Togo","TG","TGO",72,"2021",4,"Median",2,"Female",31,15,49,"15-49",99,"All women",1,"Model-based Estimates",3,"Projection",22.9
4,"Unmet need for family planning: Any method (Percent)","Unmet need","Estimates and Projections of Family Planning Indicators",2024,"United Nations Population Division",768,"Togo","TG","TGO",73,"2022",4,"Median",2,"Female",31,15,49,"15-49",99,"All women",1,"Model-based Estimates",3,"Projection",22.6
4,"Unmet need for family planning: Any method (Percent)","Unmet need","Estimates and Projections of Family Planning Indicators",2024,"United Nations Population Division",788,"Tunisia","TN","TUN",59,"2008",4,"Median",2,"Female",31,15,49,"15-49",99,"All women",1,"Model-based Estimates",2,"Interpolation",6.6
4,"Unmet need for family planning: Any method (Percent)","Unmet need","Estimates and Projections of Family Planning Indicators",2024,"United Nations Population Division",788,"Tunisia","TN","TUN",60,"2009",4,"Median",2,"Female",31,15,49,"15-49",99,"All women",1,"Model-based Estimates",2,"Interpolation",6.6
4,"Unmet need for family planning: Any method (Percent)","Unmet need","Estimates and Projections of Family Planning Indicators",2024,"United Nations Population Division",788,"Tunisia","TN","TUN",61,"2010",4,"Median",2,"Female",31,15,49,"15-49",99,"All women",1,"Model-based Estimates",2,"Interpolation",6.6
4,"Unmet need for family planning: Any method (Percent)","Unmet need","Estimates and Projections of Family Planning Indicators",2024,"United Nations Population Division",788,"Tunisia","TN","TUN",62,"2011",4,"Median",2,"Female",31,15,49,"15-49",99,"All women",1,"Model-based Estimates",2,"Interpolation",6.7
4,"Unmet need for family planning: Any method (Percent)","Unmet need","Estimates and Projections of Family Planning Indicators",2024,"United Nations Population Division",788,"Tunisia","TN","TUN",63,"2012",4,"Median",2,"Female",31,15,49,"15-49",99,"All women",1,"Model-based Estimates",2,"Interpolation",6.8
4,"Unmet need for family planning: Any method (Percent)","Unmet need","Estimates and Projections of Family Planning Indicators",2024,"United Nations Population Division",788,"Tunisia","TN","TUN",64,"2013",4,"Median",2,"Female",31,15,49,"15-49",99,"All women",1,"Model-based Estimates",2,"Interpolation",7
4,"Unmet need for family planning: Any method (Percent)","Unmet need","Estimates and Projections of Family Planning Indicators",2024,"United Nations Population Division",788,"Tunisia","TN","TUN",65,"2014",4,"Median",2,"Female",31,15,49,"15-49",99,"All women",1,"Model-based Estimates",2,"Interpolation",7.2
4,"Unmet need for family planning: Any method (Percent)","Unmet need","Estimates and Projections of Family Planning Indicators",2024,"United Nations Population Division",788,"Tunisia","TN","TUN",66,"2015",4,"Median",2,"Female",31,15,49,"15-49",99,"All women",1,"Model-based Estimates",2,"Interpolation",7.5
4,"Unmet need for family planning: Any method (Percent)","Unmet need","Estimates and Projections of Family Planning Indicators",2024,"United Nations Population Division",788,"Tunisia","TN","TUN",67,"2016",4,"Median",2,"Female",31,15,49,"15-49",99,"All women",1,"Model-based Estimates",2,"Interpolation",7.8
4,"Unmet need for family planning: Any method (Percent)","Unmet need","Estimates and Projections of Family Planning Indicators",2024,"United Nations Population Division",788,"Tunisia","TN","TUN",68,"2017",4,"Median",2,"Female",31,15,49,"15-49",99,"All women",1,"Model-based Estimates",2,"Interpolation",8
4,"Unmet need for family planning: Any method (Percent)","Unmet need","Estimates and Projections of Family Planning Indicators",2024,"United Nations Population Division",788,"Tunisia","TN","TUN",69,"2018",4,"Median",2,"Female",31,15,49,"15-49",99,"All women",1,"Model-based Estimates",2,"Interpolation",8.3
4,"Unmet need for family planning: Any method (Percent)","Unmet need","Estimates and Projections of Family Planning Indicators",2024,"United Nations Population Division",788,"Tunisia","TN","TUN",70,"2019",4,"Median",2,"Female",31,15,49,"15-49",99,"All women",1,"Model-based Estimates",2,"Interpolation",8.4
4,"Unmet need for family planning: Any method (Percent)","Unmet need","Estimates and Projections of Family Planning Indicators",2024,"United Nations Population Division",788,"Tunisia","TN","TUN",71,"2020",4,"Median",2,"Female",31,15,49,"15-49",99,"All women",1,"Model-based Estimates",2,"Interpolation",8.4
4,"Unmet need for family planning: Any method (Percent)","Unmet need","Estimates and Projections of Family Planning Indicators",2024,"United Nations Population Division",788,"Tunisia","TN","TUN",72,"2021",4,"Median",2,"Female",31,15,49,"15-49",99,"All women",1,"Model-based Estimates",2,"Interpolation",8.5
4,"Unmet need for family planning: Any method (Percent)","Unmet need","Estimates and Projections of Family Planning Indicators",2024,"United Nations Population Division",788,"Tunisia","TN","TUN",73,"2022",4,"Median",2,"Female",31,15,49,"15-49",99,"All women",1,"Model-based Estimates",2,"Interpolation",8.5
4,"Unmet need for family planning: Any method (Percent)","Unmet need","Estimates and Projections of Family Planning Indicators",2024,"United Nations Population Division",800,"Uganda","UG","UGA",59,"2008",4,"Median",2,"Female",31,15,49,"15-49",99,"All women",1,"Model-based Estimates",2,"Interpolation",25.6
4,"Unmet need for family planning: Any method (Percent)","Unmet need","Estimates and Projections of Family Planning Indicators",2024,"United Nations Population Division",800,"Uganda","UG","UGA",60,"2009",4,"Median",2,"Female",31,15,49,"15-49",99,"All women",1,"Model-based Estimates",2,"Interpolation",25.1
4,"Unmet need for family planning: Any method (Percent)","Unmet need","Estimates and Projections of Family Planning Indicators",2024,"United Nations Population Division",800,"Uganda","UG","UGA",61,"2010",4,"Median",2,"Female",31,15,49,"15-49",99,"All women",1,"Model-based Estimates",2,"Interpolation",24.6
4,"Unmet need for family planning: Any method (Percent)","Unmet need","Estimates and Projections of Family Planning Indicators",2024,"United Nations Population Division",800,"Uganda","UG","UGA",62,"2011",4,"Median",2,"Female",31,15,49,"15-49",99,"All women",1,"Model-based Estimates",2,"Interpolation",24.1
4,"Unmet need for family planning: Any method (Percent)","Unmet need","Estimates and Projections of Family Planning Indicators",2024,"United Nations Population Division",800,"Uganda","UG","UGA",63,"2012",4,"Median",2,"Female",31,15,49,"15-49",99,"All women",1,"Model-based Estimates",2,"Interpolation",23.6
4,"Unmet need for family planning: Any method (Percent)","Unmet need","Estimates and Projections of Family Planning Indicators",2024,"United Nations Population Division",800,"Uganda","UG","UGA",64,"2013",4,"Median",2,"Female",31,15,49,"15-49",99,"All women",1,"Model-based Estimates",2,"Interpolation",23.1
4,"Unmet need for family planning: Any method (Percent)","Unmet need","Estimates and Projections of Family Planning Indicators",2024,"United Nations Population Division",800,"Uganda","UG","UGA",65,"2014",4,"Median",2,"Female",31,15,49,"15-49",99,"All women",1,"Model-based Estimates",2,"Interpolation",22.5
4,"Unmet need for family planning: Any method (Percent)","Unmet need","Estimates and Projections of Family Planning Indicators",2024,"United Nations Population Division",800,"Uganda","UG","UGA",66,"2015",4,"Median",2,"Female",31,15,49,"15-49",99,"All women",1,"Model-based Estimates",2,"Interpolation",21.6
4,"Unmet need for family planning: Any method (Percent)","Unmet need","Estimates and Projections of Family Planning Indicators",2024,"United Nations Population Division",800,"Uganda","UG","UGA",67,"2016",4,"Median",2,"Female",31,15,49,"15-49",99,"All women",1,"Model-based Estimates",2,"Interpolation",20.4
4,"Unmet need for family planning: Any method (Percent)","Unmet need","Estimates and Projections of Family Planning Indicators",2024,"United Nations Population Division",800,"Uganda","UG","UGA",68,"2017",4,"Median",2,"Female",31,15,49,"15-49",99,"All women",1,"Model-based Estimates",2,"Interpolation",19.8
4,"Unmet need for family planning: Any method (Percent)","Unmet need","Estimates and Projections of Family Planning Indicators",2024,"United Nations Population Division",800,"Uganda","UG","UGA",69,"2018",4,"Median",2,"Female",31,15,49,"15-49",99,"All women",1,"Model-based Estimates",2,"Interpolation",19.2
4,"Unmet need for family planning: Any method (Percent)","Unmet need","Estimates and Projections of Family Planning Indicators",2024,"United Nations Population Division",800,"Uganda","UG","UGA",70,"2019",4,"Median",2,"Female",31,15,49,"15-49",99,"All women",1,"Model-based Estimates",2,"Interpolation",18.4
4,"Unmet need for family planning: Any method (Percent)","Unmet need","Estimates and Projections of Family Planning Indicators",2024,"United Nations Population Division",800,"Uganda","UG","UGA",71,"2020",4,"Median",2,"Female",31,15,49,"15-49",99,"All women",1,"Model-based Estimates",2,"Interpolation",17.5
4,"Unmet need for family planning: Any method (Percent)","Unmet need","Estimates and Projections of Family Planning Indicators",2024,"United Nations Population Division",800,"Uganda","UG","UGA",72,"2021",4,"Median",2,"Female",31,15,49,"15-49",99,"All women",1,"Model-based Estimates",2,"Interpolation",16.7
4,"Unmet need for family planning: Any method (Percent)","Unmet need","Estimates and Projections of Family Planning Indicators",2024,"United Nations Population Division",800,"Uganda","UG","UGA",73,"2022",4,"Median",2,"Female",31,15,49,"15-49",99,"All women",1,"Model-based Estimates",2,"Interpolation",16.2
4,"Unmet need for family planning: Any method (Percent)","Unmet need","Estimates and Projections of Family Planning Indicators",2024,"United Nations Population Division",818,"Egypt","EG","EGY",59,"2008",4,"Median",2,"Female",31,15,49,"15-49",99,"All women",1,"Model-based Estimates",2,"Interpolation",8.2
4,"Unmet need for family planning: Any method (Percent)","Unmet need","Estimates and Projections of Family Planning Indicators",2024,"United Nations Population Division",818,"Egypt","EG","EGY",60,"2009",4,"Median",2,"Female",31,15,49,"15-49",99,"All women",1,"Model-based Estimates",2,"Interpolation",8.3
4,"Unmet need for family planning: Any method (Percent)","Unmet need","Estimates and Projections of Family Planning Indicators",2024,"United Nations Population Division",818,"Egypt","EG","EGY",61,"2010",4,"Median",2,"Female",31,15,49,"15-49",99,"All women",1,"Model-based Estimates",2,"Interpolation",8.4
4,"Unmet need for family planning: Any method (Percent)","Unmet need","Estimates and Projections of Family Planning Indicators",2024,"United Nations Population Division",818,"Egypt","EG","EGY",62,"2011",4,"Median",2,"Female",31,15,49,"15-49",99,"All women",1,"Model-based Estimates",2,"Interpolation",8.5
4,"Unmet need for family planning: Any method (Percent)","Unmet need","Estimates and Projections of Family Planning Indicators",2024,"United Nations Population Division",818,"Egypt","EG","EGY",63,"2012",4,"Median",2,"Female",31,15,49,"15-49",99,"All women",1,"Model-based Estimates",2,"Interpolation",8.6
4,"Unmet need for family planning: Any method (Percent)","Unmet need","Estimates and Projections of Family Planning Indicators",2024,"United Nations Population Division",818,"Egypt","EG","EGY",64,"2013",4,"Median",2,"Female",31,15,49,"15-49",99,"All women",1,"Model-based Estimates",2,"Interpolation",8.7
4,"Unmet need for family planning: Any method (Percent)","Unmet need","Estimates and Projections of Family Planning Indicators",2024,"United Nations Population Division",818,"Egypt","EG","EGY",65,"2014",4,"Median",2,"Female",31,15,49,"15-49",99,"All women",1,"Model-based Estimates",2,"Interpolation",8.8
4,"Unmet need for family planning: Any method (Percent)","Unmet need","Estimates and Projections of Family Planning Indicators",2024,"United Nations Population Division",818,"Egypt","EG","EGY",66,"2015",4,"Median",2,"Female",31,15,49,"15-49",99,"All women",1,"Model-based Estimates",3,"Projection",8.8
4,"Unmet need for family planning: Any method (Percent)","Unmet need","Estimates and Projections of Family Planning Indicators",2024,"United Nations Population Division",818,"Egypt","EG","EGY",67,"2016",4,"Median",2,"Female",31,15,49,"15-49",99,"All women",1,"Model-based Estimates",3,"Projection",8.8
4,"Unmet need for family planning: Any method (Percent)","Unmet need","Estimates and Projections of Family Planning Indicators",2024,"United Nations Population Division",818,"Egypt","EG","EGY",68,"2017",4,"Median",2,"Female",31,15,49,"15-49",99,"All women",1,"Model-based Estimates",3,"Projection",8.7
4,"Unmet need for family planning: Any method (Percent)","Unmet need","Estimates and Projections of Family Planning Indicators",2024,"United Nations Population Division",818,"Egypt","EG","EGY",69,"2018",4,"Median",2,"Female",31,15,49,"15-49",99,"All women",1,"Model-based Estimates",3,"Projection",8.7
4,"Unmet need for family planning: Any method (Percent)","Unmet need","Estimates and Projections of Family Planning Indicators",2024,"United Nations Population Division",818,"Egypt","EG","EGY",70,"2019",4,"Median",2,"Female",31,15,49,"15-49",99,"All women",1,"Model-based Estimates",3,"Projection",8.6
4,"Unmet need for family planning: Any method (Percent)","Unmet need","Estimates and Projections of Family Planning Indicators",2024,"United Nations Population Division",818,"Egypt","EG","EGY",71,"2020",4,"Median",2,"Female",31,15,49,"15-49",99,"All women",1,"Model-based Estimates",3,"Projection",8.5
4,"Unmet need for family planning: Any method (Percent)","Unmet need","Estimates and Projections of Family Planning Indicators",2024,"United Nations Population Division",818,"Egypt","EG","EGY",72,"2021",4,"Median",2,"Female",31,15,49,"15-49",99,"All women",1,"Model-based Estimates",3,"Projection",8.5
4,"Unmet need for family planning: Any method (Percent)","Unmet need","Estimates and Projections of Family Planning Indicators",2024,"United Nations Population Division",818,"Egypt","EG","EGY",73,"2022",4,"Median",2,"Female",31,15,49,"15-49",99,"All women",1,"Model-based Estimates",3,"Projection",8.4
4,"Unmet need for family planning: Any method (Percent)","Unmet need","Estimates and Projections of Family Planning Indicators",2024,"United Nations Population Division",834,"United Republic of Tanzania","TZ","TZA",59,"2008",4,"Median",2,"Female",31,15,49,"15-49",99,"All women",1,"Model-based Estimates",2,"Interpolation",18
4,"Unmet need for family planning: Any method (Percent)","Unmet need","Estimates and Projections of Family Planning Indicators",2024,"United Nations Population Division",834,"United Republic of Tanzania","TZ","TZA",60,"2009",4,"Median",2,"Female",31,15,49,"15-49",99,"All women",1,"Model-based Estimates",2,"Interpolation",17.9
4,"Unmet need for family planning: Any method (Percent)","Unmet need","Estimates and Projections of Family Planning Indicators",2024,"United Nations Population Division",834,"United Republic of Tanzania","TZ","TZA",61,"2010",4,"Median",2,"Female",31,15,49,"15-49",99,"All women",1,"Model-based Estimates",2,"Interpolation",17.7
4,"Unmet need for family planning: Any method (Percent)","Unmet need","Estimates and Projections of Family Planning Indicators",2024,"United Nations Population Division",834,"United Republic of Tanzania","TZ","TZA",62,"2011",4,"Median",2,"Female",31,15,49,"15-49",99,"All women",1,"Model-based Estimates",2,"Interpolation",17.5
4,"Unmet need for family planning: Any method (Percent)","Unmet need","Estimates and Projections of Family Planning Indicators",2024,"United Nations Population Division",834,"United Republic of Tanzania","TZ","TZA",63,"2012",4,"Median",2,"Female",31,15,49,"15-49",99,"All women",1,"Model-based Estimates",2,"Interpolation",17.3
4,"Unmet need for family planning: Any method (Percent)","Unmet need","Estimates and Projections of Family Planning Indicators",2024,"United Nations Population Division",834,"United Republic of Tanzania","TZ","TZA",64,"2013",4,"Median",2,"Female",31,15,49,"15-49",99,"All women",1,"Model-based Estimates",2,"Interpolation",17.1
4,"Unmet need for family planning: Any method (Percent)","Unmet need","Estimates and Projections of Family Planning Indicators",2024,"United Nations Population Division",834,"United Republic of Tanzania","TZ","TZA",65,"2014",4,"Median",2,"Female",31,15,49,"15-49",99,"All women",1,"Model-based Estimates",2,"Interpolation",17
4,"Unmet need for family planning: Any method (Percent)","Unmet need","Estimates and Projections of Family Planning Indicators",2024,"United Nations Population Division",834,"United Republic of Tanzania","TZ","TZA",66,"2015",4,"Median",2,"Female",31,15,49,"15-49",99,"All women",1,"Model-based Estimates",2,"Interpolation",16.8
4,"Unmet need for family planning: Any method (Percent)","Unmet need","Estimates and Projections of Family Planning Indicators",2024,"United Nations Population Division",834,"United Republic of Tanzania","TZ","TZA",67,"2016",4,"Median",2,"Female",31,15,49,"15-49",99,"All women",1,"Model-based Estimates",2,"Interpolation",16.7
4,"Unmet need for family planning: Any method (Percent)","Unmet need","Estimates and Projections of Family Planning Indicators",2024,"United Nations Population Division",834,"United Republic of Tanzania","TZ","TZA",68,"2017",4,"Median",2,"Female",31,15,49,"15-49",99,"All women",1,"Model-based Estimates",2,"Interpolation",16.5
4,"Unmet need for family planning: Any method (Percent)","Unmet need","Estimates and Projections of Family Planning Indicators",2024,"United Nations Population Division",834,"United Republic of Tanzania","TZ","TZA",69,"2018",4,"Median",2,"Female",31,15,49,"15-49",99,"All women",1,"Model-based Estimates",2,"Interpolation",16.4
4,"Unmet need for family planning: Any method (Percent)","Unmet need","Estimates and Projections of Family Planning Indicators",2024,"United Nations Population Division",834,"United Republic of Tanzania","TZ","TZA",70,"2019",4,"Median",2,"Female",31,15,49,"15-49",99,"All women",1,"Model-based Estimates",2,"Interpolation",16.3
4,"Unmet need for family planning: Any method (Percent)","Unmet need","Estimates and Projections of Family Planning Indicators",2024,"United Nations Population Division",834,"United Republic of Tanzania","TZ","TZA",71,"2020",4,"Median",2,"Female",31,15,49,"15-49",99,"All women",1,"Model-based Estimates",2,"Interpolation",16.1
4,"Unmet need for family planning: Any method (Percent)","Unmet need","Estimates and Projections of Family Planning Indicators",2024,"United Nations Population Division",834,"United Republic of Tanzania","TZ","TZA",72,"2021",4,"Median",2,"Female",31,15,49,"15-49",99,"All women",1,"Model-based Estimates",2,"Interpolation",16
4,"Unmet need for family planning: Any method (Percent)","Unmet need","Estimates and Projections of Family Planning Indicators",2024,"United Nations Population Division",834,"United Republic of Tanzania","TZ","TZA",73,"2022",4,"Median",2,"Female",31,15,49,"15-49",99,"All women",1,"Model-based Estimates",2,"Interpolation",15.9
4,"Unmet need for family planning: Any method (Percent)","Unmet need","Estimates and Projections of Family Planning Indicators",2024,"United Nations Population Division",854,"Burkina Faso","BF","BFA",59,"2008",4,"Median",2,"Female",31,15,49,"15-49",99,"All women",1,"Model-based Estimates",2,"Interpolation",21.1
4,"Unmet need for family planning: Any method (Percent)","Unmet need","Estimates and Projections of Family Planning Indicators",2024,"United Nations Population Division",854,"Burkina Faso","BF","BFA",60,"2009",4,"Median",2,"Female",31,15,49,"15-49",99,"All women",1,"Model-based Estimates",2,"Interpolation",20.5
4,"Unmet need for family planning: Any method (Percent)","Unmet need","Estimates and Projections of Family Planning Indicators",2024,"United Nations Population Division",854,"Burkina Faso","BF","BFA",61,"2010",4,"Median",2,"Female",31,15,49,"15-49",99,"All women",1,"Model-based Estimates",2,"Interpolation",19.8
4,"Unmet need for family planning: Any method (Percent)","Unmet need","Estimates and Projections of Family Planning Indicators",2024,"United Nations Population Division",854,"Burkina Faso","BF","BFA",62,"2011",4,"Median",2,"Female",31,15,49,"15-49",99,"All women",1,"Model-based Estimates",2,"Interpolation",19.7
4,"Unmet need for family planning: Any method (Percent)","Unmet need","Estimates and Projections of Family Planning Indicators",2024,"United Nations Population Division",854,"Burkina Faso","BF","BFA",63,"2012",4,"Median",2,"Female",31,15,49,"15-49",99,"All women",1,"Model-based Estimates",2,"Interpolation",19.5
4,"Unmet need for family planning: Any method (Percent)","Unmet need","Estimates and Projections of Family Planning Indicators",2024,"United Nations Population Division",854,"Burkina Faso","BF","BFA",64,"2013",4,"Median",2,"Female",31,15,49,"15-49",99,"All women",1,"Model-based Estimates",2,"Interpolation",19.3
4,"Unmet need for family planning: Any method (Percent)","Unmet need","Estimates and Projections of Family Planning Indicators",2024,"United Nations Population Division",854,"Burkina Faso","BF","BFA",65,"2014",4,"Median",2,"Female",31,15,49,"15-49",99,"All women",1,"Model-based Estimates",2,"Interpolation",19.1
4,"Unmet need for family planning: Any method (Percent)","Unmet need","Estimates and Projections of Family Planning Indicators",2024,"United Nations Population Division",854,"Burkina Faso","BF","BFA",66,"2015",4,"Median",2,"Female",31,15,49,"15-49",99,"All women",1,"Model-based Estimates",2,"Interpolation",18.8
4,"Unmet need for family planning: Any method (Percent)","Unmet need","Estimates and Projections of Family Planning Indicators",2024,"United Nations Population Division",854,"Burkina Faso","BF","BFA",67,"2016",4,"Median",2,"Female",31,15,49,"15-49",99,"All women",1,"Model-based Estimates",2,"Interpolation",18.4
4,"Unmet need for family planning: Any method (Percent)","Unmet need","Estimates and Projections of Family Planning Indicators",2024,"United Nations Population Division",854,"Burkina Faso","BF","BFA",68,"2017",4,"Median",2,"Female",31,15,49,"15-49",99,"All women",1,"Model-based Estimates",2,"Interpolation",17.5
4,"Unmet need for family planning: Any method (Percent)","Unmet need","Estimates and Projections of Family Planning Indicators",2024,"United Nations Population Division",854,"Burkina Faso","BF","BFA",69,"2018",4,"Median",2,"Female",31,15,49,"15-49",99,"All women",1,"Model-based Estimates",2,"Interpolation",16.5
4,"Unmet need for family planning: Any method (Percent)","Unmet need","Estimates and Projections of Family Planning Indicators",2024,"United Nations Population Division",854,"Burkina Faso","BF","BFA",70,"2019",4,"Median",2,"Female",31,15,49,"15-49",99,"All women",1,"Model-based Estimates",2,"Interpolation",15.6
4,"Unmet need for family planning: Any method (Percent)","Unmet need","Estimates and Projections of Family Planning Indicators",2024,"United Nations Population Division",854,"Burkina Faso","BF","BFA",71,"2020",4,"Median",2,"Female",31,15,49,"15-49",99,"All women",1,"Model-based Estimates",2,"Interpolation",14.6
4,"Unmet need for family planning: Any method (Percent)","Unmet need","Estimates and Projections of Family Planning Indicators",2024,"United Nations Population Division",854,"Burkina Faso","BF","BFA",72,"2021",4,"Median",2,"Female",31,15,49,"15-49",99,"All women",1,"Model-based Estimates",2,"Interpolation",13.5
4,"Unmet need for family planning: Any method (Percent)","Unmet need","Estimates and Projections of Family Planning Indicators",2024,"United Nations Population Division",854,"Burkina Faso","BF","BFA",73,"2022",4,"Median",2,"Female",31,15,49,"15-49",99,"All women",1,"Model-based Estimates",2,"Interpolation",13.4
4,"Unmet need for family planning: Any method (Percent)","Unmet need","Estimates and Projections of Family Planning Indicators",2024,"United Nations Population Division",894,"Zambia","ZM","ZMB",59,"2008",4,"Median",2,"Female",31,15,49,"15-49",99,"All women",1,"Model-based Estimates",2,"Interpolation",19.6
4,"Unmet need for family planning: Any method (Percent)","Unmet need","Estimates and Projections of Family Planning Indicators",2024,"United Nations Population Division",894,"Zambia","ZM","ZMB",60,"2009",4,"Median",2,"Female",31,15,49,"15-49",99,"All women",1,"Model-based Estimates",2,"Interpolation",18.9
4,"Unmet need for family planning: Any method (Percent)","Unmet need","Estimates and Projections of Family Planning Indicators",2024,"United Nations Population Division",894,"Zambia","ZM","ZMB",61,"2010",4,"Median",2,"Female",31,15,49,"15-49",99,"All women",1,"Model-based Estimates",2,"Interpolation",18.3
4,"Unmet need for family planning: Any method (Percent)","Unmet need","Estimates and Projections of Family Planning Indicators",2024,"United Nations Population Division",894,"Zambia","ZM","ZMB",62,"2011",4,"Median",2,"Female",31,15,49,"15-49",99,"All women",1,"Model-based Estimates",2,"Interpolation",17.8
4,"Unmet need for family planning: Any method (Percent)","Unmet need","Estimates and Projections of Family Planning Indicators",2024,"United Nations Population Division",894,"Zambia","ZM","ZMB",63,"2012",4,"Median",2,"Female",31,15,49,"15-49",99,"All women",1,"Model-based Estimates",2,"Interpolation",17.3
4,"Unmet need for family planning: Any method (Percent)","Unmet need","Estimates and Projections of Family Planning Indicators",2024,"United Nations Population Division",894,"Zambia","ZM","ZMB",64,"2013",4,"Median",2,"Female",31,15,49,"15-49",99,"All women",1,"Model-based Estimates",2,"Interpolation",16.8
4,"Unmet need for family planning: Any method (Percent)","Unmet need","Estimates and Projections of Family Planning Indicators",2024,"United Nations Population Division",894,"Zambia","ZM","ZMB",65,"2014",4,"Median",2,"Female",31,15,49,"15-49",99,"All women",1,"Model-based Estimates",2,"Interpolation",16.4
4,"Unmet need for family planning: Any method (Percent)","Unmet need","Estimates and Projections of Family Planning Indicators",2024,"United Nations Population Division",894,"Zambia","ZM","ZMB",66,"2015",4,"Median",2,"Female",31,15,49,"15-49",99,"All women",1,"Model-based Estimates",2,"Interpolation",16.2
4,"Unmet need for family planning: Any method (Percent)","Unmet need","Estimates and Projections of Family Planning Indicators",2024,"United Nations Population Division",894,"Zambia","ZM","ZMB",67,"2016",4,"Median",2,"Female",31,15,49,"15-49",99,"All women",1,"Model-based Estimates",2,"Interpolation",16.1
4,"Unmet need for family planning: Any method (Percent)","Unmet need","Estimates and Projections of Family Planning Indicators",2024,"United Nations Population Division",894,"Zambia","ZM","ZMB",68,"2017",4,"Median",2,"Female",31,15,49,"15-49",99,"All women",1,"Model-based Estimates",2,"Interpolation",16
4,"Unmet need for family planning: Any method (Percent)","Unmet need","Estimates and Projections of Family Planning Indicators",2024,"United Nations Population Division",894,"Zambia","ZM","ZMB",69,"2018",4,"Median",2,"Female",31,15,49,"15-49",99,"All women",1,"Model-based Estimates",2,"Interpolation",15.9
4,"Unmet need for family planning: Any method (Percent)","Unmet need","Estimates and Projections of Family Planning Indicators",2024,"United Nations Population Division",894,"Zambia","ZM","ZMB",70,"2019",4,"Median",2,"Female",31,15,49,"15-49",99,"All women",1,"Model-based Estimates",3,"Projection",15.7
4,"Unmet need for family planning: Any method (Percent)","Unmet need","Estimates and Projections of Family Planning Indicators",2024,"United Nations Population Division",894,"Zambia","ZM","ZMB",71,"2020",4,"Median",2,"Female",31,15,49,"15-49",99,"All women",1,"Model-based Estimates",3,"Projection",15.5
4,"Unmet need for family planning: Any method (Percent)","Unmet need","Estimates and Projections of Family Planning Indicators",2024,"United Nations Population Division",894,"Zambia","ZM","ZMB",72,"2021",4,"Median",2,"Female",31,15,49,"15-49",99,"All women",1,"Model-based Estimates",3,"Projection",15.2
4,"Unmet need for family planning: Any method (Percent)","Unmet need","Estimates and Projections of Family Planning Indicators",2024,"United Nations Population Division",894,"Zambia","ZM","ZMB",73,"2022",4,"Median",2,"Female",31,15,49,"15-49",99,"All women",1,"Model-based Estimates",3,"Projection",15
