IndicatorId,IndicatorName,IndicatorShortName,Source,SourceYear,Author,LocationId,Location,Iso2,Iso3,TimeId,Time,VariantId,Variant,SexId,Sex,AgeId,AgeStart,AgeEnd,Age,CategoryId,Category,EstimateTypeId,EstimateType,EstimateMethodId,EstimateMethod,Value
4,"Unmet need for family planning: Any method (Percent)","Unmet need","Estimates and Projections of Family Planning Indicators",2024,"United Nations Population Division",4,"Afghanistan","AF","AFG",59,"2008",4,"Median",2,"Female",31,15,49,"15-49",99,"All women",1,"Model-based Estimates",3,"Projection",18.2
4,"Unmet need for family planning: Any method (Percent)","Unmet need","Estimates and Projections of Family Planning Indicators",2024,"United Nations Population Division",4,"Afghanistan","AF","AFG",60,"2009",4,"Median",2,"Female",31,15,49,"15-49",99,"All women",1,"Model-based Estimates",3,"Projection",18
4,"Unmet need for family planning: Any method (Percent)","Unmet need","Estimates and Projections of Family Planning Indicators",2024,"United Nations Population Division",4,"Afghanistan","AF","AFG",61,"2010",4,"Median",2,"Female",31,15,49,"15-49",99,"All women",1,"Model-based Estimates",3,"Projection",17.8
4,"Unmet need for family planning: Any method (Percent)","Unmet need","Estimates and Projections of Family Planning Indicators",2024,"United Nations Population Division",4,"Afghanistan","AF","AFG",62,"2011",4,"Median",2,"Female",31,15,49,"15-49",99,"All women",1,"Model-based Estimates",3,"Projection",17.7
4,"Unmet need for family planning: Any method (Percent)","Unmet need","Estimates and Projections of Family Planning Indicators",2024,"United Nations Population Division",4,"Afghanistan","AF","AFG",63,"2012",4,"Median",2,"Female",31,15,49,"15-49",99,"All women",1,"Model-based Estimates",3,"Projection",17.5
4,"Unmet need for family planning: Any method (Percent)","Unmet need","Estimates and Projections of Family Planning Indicators",2024,"United Nations Population Division",4,"Afghanistan","AF","AFG",64,"2013",4,"Median",2,"Female",31,15,49,"15-49",99,"All women",1,"Model-based Estimates",3,"Projection",17.3
4,"Unmet need for family planning: Any method (Percent)","Unmet need","Estimates and Projections of Family Planning Indicators",2024,"United Nations Population Division",4,"Afghanistan","AF","AFG",65,"2014",4,"Median",2,"Female",31,15,49,"15-49",99,"All women",1,"Model-based Estimates",3,"Projection",17.1
4,"Unmet need for family planning: Any method (Percent)","Unmet need","Estimates and Projections of Family Planning Indicators",2024,"United Nations Population Division",4,"Afghanistan","AF","AFG",66,"2015",4,"Median",2,"Female",31,15,49,"15-49",99,"All women",1,"Model-based Estimates",2,"Interpolation",16.9
4,"Unmet need for family planning: Any method (Percent)","Unmet need","Estimates and Projections of Family Planning Indicators",2024,"United Nations Population Division",4,"Afghanistan","AF","AFG",67,"2016",4,"Median",2,"Female",31,15,49,"15-49",99,"All women",1,"Model-based Estimates",2,"Interpolation",16.8
4,"Unmet need for family planning: Any method (Percent)","Unmet need","Estimates and Projections of Family Planning Indicators",2024,"United Nations Population Division",4,"Afghanistan","AF","AFG",68,"2017",4,"Median",2,"Female",31,15,49,"15-49",99,"All women",1,"Model-based Estimates",3,"Projection",16.7
4,"Unmet need for family planning: Any method (Percent)","Unmet need","Estimates and Projections of Family Planning Indicators",2024,"United Nations Population Division",4,"Afghanistan","AF","AFG",69,"2018",4,"Median",2,"Female",31,15,49,"15-49",99,"All women",1,"Model-based Estimates",3,"Projection",16.6
4,"Unmet need for family planning: Any method (Percent)","Unmet need","Estimates and Projections of Family Planning Indicators",2024,"United Nations Population Division",4,"Afghanistan","AF","AFG",70,"2019",4,"Median",2,"Female",31,15,49,"15-49",99,"All women",1,"Model-based Estimates",3,"Projection",16.4
4,"Unmet need for family planning: Any method (Percent)","Unmet need","Estimates and Projections of Family Planning Indicators",2024,"United Nations Population Division",4,"Afghanistan","AF","AFG",71,"2020",4,"Median",2,"Female",31,15,49,"15-49",99,"All women",1,"Model-based Estimates",3,"Projection",16.3
4,"Unmet need for family planning: Any method (Percent)","Unmet need","Estimates and Projections of Family Planning Indicators",2024,"United Nations Population Division",4,"Afghanistan","AF","AFG",72,"2021",4,"Median",2,"Female",31,15,49,"15-49",99,"All women",1,"Model-based Estimates",3,"Projection",16.1
4,"Unmet need for family planning: Any method (Percent)","Unmet need","Estimates and Projections of Family Planning Indicators",2024,"United Nations Population Division",4,"Afghanistan","AF","AFG",73,"2022",4,"Median",2,"Female",31,15,49,"15-49",99,"All women",1,"Model-based Estimates",3,"Projection",15.9
4,"Unmet need for family planning: Any method (Percent)","Unmet need","Estimates and Projections of Family Planning Indicators",2024,"United Nations Population Division",31,"Azerbaijan","AZ","AZE",59,"2008",4,"Median",2,"Female",31,15,49,"15-49",99,"All women",1,"Model-based Estimates",3,"Projection",9.2
4,"Unmet need for family planning: Any method (Percent)","Unmet need","Estimates and Projections of Family Planning Indicators",2024,"United Nations Population Division",31,"Azerbaijan","AZ","AZE",60,"2009",4,"Median",2,"Female",31,15,49,"15-49",99,"All women",1,"Model-based Estimates",3,"Projection",9.2
4,"Unmet need for family planning: Any method (Percent)","Unmet need","Estimates and Projections of Family Planning Indicators",2024,"United Nations Population Division",31,"Azerbaijan","AZ","AZE",61,"2010",4,"Median",2,"Female",31,15,49,"15-49",99,"All women",1,"Model-based Estimates",3,"Projection",9.2
4,"Unmet need for family planning: Any method (Percent)","Unmet need","Estimates and Projections of Family Planning Indicators",2024,"United Nations Population Division",31,"Azerbaijan","AZ","AZE",62,"2011",4,"Median",2,"Female",31,15,49,"15-49",99,"All women",1,"Model-based Estimates",3,"Projection",9.2
4,"Unmet need for family planning: Any method (Percent)","Unmet need","Estimates and Projections of Family Planning Indicators",2024,"United Nations Population Division",31,"Azerbaijan","AZ","AZE",63,"2012",4,"Median",2,"Female",31,15,49,"15-49",99,"All women",1,"Model-based Estimates",3,"Projection",9.1
4,"Unmet need for family planning: Any method (Percent)","Unmet need","Estimates and Projections of Family Planning Indicators",2024,"United Nations Population Division",31,"Azerbaijan","AZ","AZE",64,"2013",4,"Median",2,"Female",31,15,49,"15-49",99,"All women",1,"Model-based Estimates",3,"Projection",9.1
4,"Unmet need for family planning: Any method (Percent)","Unmet need","Estimates and Projections of Family Planning Indicators",2024,"United Nations Population Division",31,"Azerbaijan","AZ","AZE",65,"2014",4,"Median",2,"Female",31,15,49,"15-49",99,"All women",1,"Model-based Estimates",3,"Projection",9.1
4,"Unmet need for family planning: Any method (Percent)","Unmet need","Estimates and Projections of Family Planning Indicators",2024,"United Nations Population Division",31,"Azerbaijan","AZ","AZE",66,"2015",4,"Median",2,"Female",31,15,49,"15-49",99,"All women",1,"Model-based Estimates",3,"Projection",9.1
4,"Unmet need for family planning: Any method (Percent)","Unmet need","Estimates and Projections of Family Planning Indicators",2024,"United Nations Population Division",31,"Azerbaijan","AZ","AZE",67,"2016",4,"Median",2,"Female",31,15,49,"15-49",99,"All women",1,"Model-based Estimates",3,"Projection",9
4,"Unmet need for family planning: Any method (Percent)","Unmet need","Estimates and Projections of Family Planning Indicators",2024,"United Nations Population Division",31,"Azerbaijan","AZ","AZE",68,"2017",4,"Median",2,"Female",31,15,49,"15-49",99,"All women",1,"Model-based Estimates",3,"Projection",8.9
4,"Unmet need for family planning: Any method (Percent)","Unmet need","Estimates and Projections of Family Planning Indicators",2024,"United Nations Population Division",31,"Azerbaijan","AZ","AZE",69,"2018",4,"Median",2,"Female",31,15,49,"15-49",99,"All women",1,"Model-based Estimates",3,"Projection",8.7
4,"Unmet need for family planning: Any method (Percent)","Unmet need","Estimates and Projections of Family Planning Indicators",2024,"United Nations Population Division",31,"Azerbaijan","AZ","AZE",70,"2019",4,"Median",2,"Female",31,15,49,"15-49",99,"All women",1,"Model-based Estimates",3,"Projection",8.6
4,"Unmet need for family planning: Any method (Percent)","Unmet need","Estimates and Projections of Family Planning Indicators",2024,"United Nations Population Division",31,"Azerbaijan","AZ","AZE",71,"2020",4,"Median",2,"Female",31,15,49,"15-49",99,"All women",1,"Model-based Estimates",3,"Projection",8.5
4,"Unmet need for family planning: Any method (Percent)","Unmet need","Estimates and Projections of Family Planning Indicators",2024,"United Nations Population Division",31,"Azerbaijan","AZ","AZE",72,"2021",4,"Median",2,"Female",31,15,49,"15-49",99,"All women",1,"Model-based Estimates",3,"Projection",8.4
4,"Unmet need for family planning: Any method (Percent)","Unmet need","Estimates and Projections of Family Planning Indicators",2024,"United Nations Population Division",31,"Azerbaijan","AZ","AZE",73,"2022",4,"Median",2,"Female",31,15,49,"15-49",99,"All women",1,"Model-based Estimates",3,"Projection",8.3
4,"Unmet need for family planning: Any method (Percent)","Unmet need","Estimates and Projections of Family Planning Indicators",2024,"United Nations Population Division",48,"Bahrain","BH","BHR",59,"2008",4,"Median",2,"Female",31,15,49,"15-49",99,"All women",1,"Model-based Estimates",3,"Projection",8.1
4,"Unmet need for family planning: Any method (Percent)","Unmet need","Estimates and Projections of Family Planning Indicators",2024,"United Nations Population Division",48,"Bahrain","BH","BHR",60,"2009",4,"Median",2,"Female",31,15,49,"15-49",99,"All women",1,"Model-based Estimates",3,"Projection",8.1
4,"Unmet need for family planning: Any method (Percent)","Unmet need","Estimates and Projections of Family Planning Indicators",2024,"United Nations Population Division",48,"Bahrain","BH","BHR",61,"2010",4,"Median",2,"Female",31,15,49,"15-49",99,"All women",1,"Model-based Estimates",3,"Projection",8.1
4,"Unmet need for family planning: Any method (Percent)","Unmet need","Estimates and Projections of Family Planning Indicators",2024,"United Nations Population Division",48,"Bahrain","BH","BHR",62,"2011",4,"Median",2,"Female",31,15,49,"15-49",99,"All women",1,"Model-based Estimates",3,"Projection",8
4,"Unmet need for family planning: Any method (Percent)","Unmet need","Estimates and Projections of Family Planning Indicators",2024,"United Nations Population Division",48,"Bahrain","BH","BHR",63,"2012",4,"Median",2,"Female",31,15,49,"15-49",99,"All women",1,"Model-based Estimates",3,"Projection",8
4,"Unmet need for family planning: Any method (Percent)","Unmet need","Estimates and Projections of Family Planning Indicators",2024,"United Nations Population Division",48,"Bahrain","BH","BHR",64,"2013",4,"Median",2,"Female",31,15,49,"15-49",99,"All women",1,"Model-based Estimates",3,"Projection",7.9
4,"Unmet need for family planning: Any method (Percent)","Unmet need","Estimates and Projections of Family Planning Indicators",2024,"United Nations Population Division",48,"Bahrain","BH","BHR",65,"2014",4,"Median",2,"Female",31,15,49,"15-49",99,"All women",1,"Model-based Estimates",3,"Projection",7.8
4,"Unmet need for family planning: Any method (Percent)","Unmet need","Estimates and Projections of Family Planning Indicators",2024,"United Nations Population Division",48,"Bahrain","BH","BHR",66,"2015",4,"Median",2,"Female",31,15,49,"15-49",99,"All women",1,"Model-based Estimates",3,"Projection",7.8
4,"Unmet need for family planning: Any method (Percent)","Unmet need","Estimates and Projections of Family Planning Indicators",2024,"United Nations Population Division",48,"Bahrain","BH","BHR",67,"2016",4,"Median",2,"Female",31,15,49,"15-49",99,"All women",1,"Model-based Estimates",3,"Projection",7.7
4,"Unmet need for family planning: Any method (Percent)","Unmet need","Estimates and Projections of Family Planning Indicators",2024,"United Nations Population Division",48,"Bahrain","BH","BHR",68,"2017",4,"Median",2,"Female",31,15,49,"15-49",99,"All women",1,"Model-based Estimates",3,"Projection",7.6
4,"Unmet need for family planning: Any method (Percent)","Unmet need","Estimates and Projections of Family Planning Indicators",2024,"United Nations Population Division",48,"Bahrain","BH","BHR",69,"2018",4,"Median",2,"Female",31,15,49,"15-49",99,"All women",1,"Model-based Estimates",3,"Projection",7.5
4,"Unmet need for family planning: Any method (Percent)","Unmet need","Estimates and Projections of Family Planning Indicators",2024,"United Nations Population Division",48,"Bahrain","BH","BHR",70,"2019",4,"Median",2,"Female",31,15,49,"15-49",99,"All women",1,"Model-based Estimates",3,"Projection",7.4
4,"Unmet need for family planning: Any method (Percent)","Unmet need","Estimates and Projections of Family Planning Indicators",2024,"United Nations Population Division",48,"Bahrain","BH","BHR",71,"2020",4,"Median",2,"Female",31,15,49,"15-49",99,"All women",1,"Model-based Estimates",3,"Projection",7.2
4,"Unmet need for family planning: Any method (Percent)","Unmet need","Estimates and Projections of Family Planning Indicators",2024,"United Nations Population Division",48,"Bahrain","BH","BHR",72,"2021",4,"Median",2,"Female",31,15,49,"15-49",99,"All women",1,"Model-based Estimates",3,"Projection",7.1
4,"Unmet need for family planning: Any method (Percent)","Unmet need","Estimates and Projections of Family Planning Indicators",2024,"United Nations Population Division",48,"Bahrain","BH","BHR",73,"2022",4,"Median",2,"Female",31,15,49,"15-49",99,"All women",1,"Model-based Estimates",3,"Projection",7.2
4,"Unmet need for family planning: Any method (Percent)","Unmet need","Estimates and Projections of Family Planning Indicators",2024,"United Nations Population Division",50,"Bangladesh","BD","BGD",59,"2008",4,"Median",2,"Female",31,15,49,"15-49",99,"All women",1,"Model-based Estimates",2,"Interpolation",12.4
4,"Unmet need for family planning: Any method (Percent)","Unmet need","Estimates and Projections of Family Planning Indicators",2024,"United Nations Population Division",50,"Bangladesh","BD","BGD",60,"2009",4,"Median",2,"Female",31,15,49,"15-49",99,"All women",1,"Model-based Estimates",2,"Interpolation",11.9
4,"Unmet need for family planning: Any method (Percent)","Unmet need","Estimates and Projections of Family Planning Indicators",2024,"United Nations Population Division",50,"Bangladesh","BD","BGD",61,"2010",4,"Median",2,"Female",31,15,49,"15-49",99,"All women",1,"Model-based Estimates",2,"Interpolation",11.4
4,"Unmet need for family planning: Any method (Percent)","Unmet need","Estimates and Projections of Family Planning Indicators",2024,"United Nations Population Division",50,"Bangladesh","BD","BGD",62,"2011",4,"Median",2,"Female",31,15,49,"15-49",99,"All women",1,"Model-based Estimates",2,"Interpolation",11
4,"Unmet need for family planning: Any method (Percent)","Unmet need","Estimates and Projections of Family Planning Indicators",2024,"United Nations Population Division",50,"Bangladesh","BD","BGD",63,"2012",4,"Median",2,"Female",31,15,49,"15-49",99,"All women",1,"Model-based Estimates",2,"Interpolation",10.5
4,"Unmet need for family planning: Any method (Percent)","Unmet need","Estimates and Projections of Family Planning Indicators",2024,"United Nations Population Division",50,"Bangladesh","BD","BGD",64,"2013",4,"Median",2,"Female",31,15,49,"15-49",99,"All women",1,"Model-based Estimates",2,"Interpolation",10.1
4,"Unmet need for family planning: Any method (Percent)","Unmet need","Estimates and Projections of Family Planning Indicators",2024,"United Nations Population Division",50,"Bangladesh","BD","BGD",65,"2014",4,"Median",2,"Female",31,15,49,"15-49",99,"All women",1,"Model-based Estimates",2,"Interpolation",9.8
4,"Unmet need for family planning: Any method (Percent)","Unmet need","Estimates and Projections of Family Planning Indicators",2024,"United Nations Population Division",50,"Bangladesh","BD","BGD",66,"2015",4,"Median",2,"Female",31,15,49,"15-49",99,"All women",1,"Model-based Estimates",2,"Interpolation",9.6
4,"Unmet need for family planning: Any method (Percent)","Unmet need","Estimates and Projections of Family Planning Indicators",2024,"United Nations Population Division",50,"Bangladesh","BD","BGD",67,"2016",4,"Median",2,"Female",31,15,49,"15-49",99,"All women",1,"Model-based Estimates",2,"Interpolation",9.6
4,"Unmet need for family planning: Any method (Percent)","Unmet need","Estimates and Projections of Family Planning Indicators",2024,"United Nations Population Division",50,"Bangladesh","BD","BGD",68,"2017",4,"Median",2,"Female",31,15,49,"15-49",99,"All women",1,"Model-based Estimates",2,"Interpolation",9.6
4,"Unmet need for family planning: Any method (Percent)","Unmet need","Estimates and Projections of Family Planning Indicators",2024,"United Nations Population Division",50,"Bangladesh","BD","BGD",69,"2018",4,"Median",2,"Female",31,15,49,"15-49",99,"All women",1,"Model-based Estimates",2,"Interpolation",9.5
4,"Unmet need for family planning: Any method (Percent)","Unmet need","Estimates and Projections of Family Planning Indicators",2024,"United Nations Population Division",50,"Bangladesh","BD","BGD",70,"2019",4,"Median",2,"Female",31,15,49,"15-49",99,"All women",1,"Model-based Estimates",2,"Interpolation",9.2
4,"Unmet need for family planning: Any method (Percent)","Unmet need","Estimates and Projections of Family Planning Indicators",2024,"United Nations Population Division",50,"Bangladesh","BD","BGD",71,"2020",4,"Median",2,"Female",31,15,49,"15-49",99,"All women",1,"Model-based Estimates",2,"Interpolation",8.9
4,"Unmet need for family planning: Any method (Percent)","Unmet need","Estimates and Projections of Family Planning Indicators",2024,"United Nations Population Division",50,"Bangladesh","BD","BGD",72,"2021",4,"Median",2,"Female",31,15,49,"15-49",99,"All women",1,"Model-based Estimates",2,"Interpolation",8.6
4,"Unmet need for family planning: Any method (Percent)","Unmet need","Estimates and Projections of Family Planning Indicators",2024,"United Nations Population Division",50,"Bangladesh","BD","BGD",73,"2022",4,"Median",2,"Female",31,15,49,"15-49",99,"All women",1,"Model-based Estimates",2,"Interpolation",8.3
4,"Unmet need for family planning: Any method (Percent)","Unmet need","Estimates and Projections of Family Planning Indicators",2024,"United Nations Population Division",51,"Armenia","AM","ARM",59,"2008",4,"Median",2,"Female",31,15,49,"15-49",99,"All women",1,"Model-based Estimates",2,"Interpolation",9.7
4,"Unmet need for family planning: Any method (Percent)","Unmet need","Estimates and Projections of Family Planning Indicators",2024,"United Nations Population Division",51,"Armenia","AM","ARM",60,"2009",4,"Median",2,"Female",31,15,49,"15-49",99,"All women",1,"Model-based Estimates",2,"Interpolation",9
4,"Unmet need for family planning: Any method (Percent)","Unmet need","Estimates and Projections of Family Planning Indicators",2024,"United Nations Population Division",51,"Armenia","AM","ARM",61,"2010",4,"Median",2,"Female",31,15,49,"15-49",99,"All women",1,"Model-based Estimates",2,"Interpolation",8.5
4,"Unmet need for family planning: Any method (Percent)","Unmet need","Estimates and Projections of Family Planning Indicators",2024,"United Nations Population Division",51,"Armenia","AM","ARM",62,"2011",4,"Median",2,"Female",31,15,49,"15-49",99,"All women",1,"Model-based Estimates",2,"Interpolation",8.3
4,"Unmet need for family planning: Any method (Percent)","Unmet need","Estimates and Projections of Family Planning Indicators",2024,"United Nations Population Division",51,"Armenia","AM","ARM",63,"2012",4,"Median",2,"Female",31,15,49,"15-49",99,"All women",1,"Model-based Estimates",2,"Interpolation",8.2
4,"Unmet need for family planning: Any method (Percent)","Unmet need","Estimates and Projections of Family Planning Indicators",2024,"United Nations Population Division",51,"Armenia","AM","ARM",64,"2013",4,"Median",2,"Female",31,15,49,"15-49",99,"All women",1,"Model-based Estimates",2,"Interpolation",8.2
4,"Unmet need for family planning: Any method (Percent)","Unmet need","Estimates and Projections of Family Planning Indicators",2024,"United Nations Population Division",51,"Armenia","AM","ARM",65,"2014",4,"Median",2,"Female",31,15,49,"15-49",99,"All women",1,"Model-based Estimates",2,"Interpolation",8.1
4,"Unmet need for family planning: Any method (Percent)","Unmet need","Estimates and Projections of Family Planning Indicators",2024,"United Nations Population Division",51,"Armenia","AM","ARM",66,"2015",4,"Median",2,"Female",31,15,49,"15-49",99,"All women",1,"Model-based Estimates",2,"Interpolation",8
4,"Unmet need for family planning: Any method (Percent)","Unmet need","Estimates and Projections of Family Planning Indicators",2024,"United Nations Population Division",51,"Armenia","AM","ARM",67,"2016",4,"Median",2,"Female",31,15,49,"15-49",99,"All women",1,"Model-based Estimates",2,"Interpolation",8
4,"Unmet need for family planning: Any method (Percent)","Unmet need","Estimates and Projections of Family Planning Indicators",2024,"United Nations Population Division",51,"Armenia","AM","ARM",68,"2017",4,"Median",2,"Female",31,15,49,"15-49",99,"All women",1,"Model-based Estimates",3,"Projection",8
4,"Unmet need for family planning: Any method (Percent)","Unmet need","Estimates and Projections of Family Planning Indicators",2024,"United Nations Population Division",51,"Armenia","AM","ARM",69,"2018",4,"Median",2,"Female",31,15,49,"15-49",99,"All women",1,"Model-based Estimates",3,"Projection",8
4,"Unmet need for family planning: Any method (Percent)","Unmet need","Estimates and Projections of Family Planning Indicators",2024,"United Nations Population Division",51,"Armenia","AM","ARM",70,"2019",4,"Median",2,"Female",31,15,49,"15-49",99,"All women",1,"Model-based Estimates",3,"Projection",7.9
4,"Unmet need for family planning: Any method (Percent)","Unmet need","Estimates and Projections of Family Planning Indicators",2024,"United Nations Population Division",51,"Armenia","AM","ARM",71,"2020",4,"Median",2,"Female",31,15,49,"15-49",99,"All women",1,"Model-based Estimates",3,"Projection",7.8
4,"Unmet need for family planning: Any method (Percent)","Unmet need","Estimates and Projections of Family Planning Indicators",2024,"United Nations Population Division",51,"Armenia","AM","ARM",72,"2021",4,"Median",2,"Female",31,15,49,"15-49",99,"All women",1,"Model-based Estimates",3,"Projection",7.7
4,"Unmet need for family planning: Any method (Percent)","Unmet need","Estimates and Projections of Family Planning Indicators",2024,"United Nations Population Division",51,"Armenia","AM","ARM",73,"2022",4,"Median",2,"Female",31,15,49,"15-49",99,"All women",1,"Model-based Estimates",3,"Projection",7.6
4,"Unmet need for family planning: Any method (Percent)","Unmet need","Estimates and Projections of Family Planning Indicators",2024,"United Nations Population Division",64,"Bhutan","BT","BTN",59,"2008",4,"Median",2,"Female",31,15,49,"15-49",99,"All women",1,"Model-based Estimates",3,"Projection",12.8
4,"Unmet need for family planning: Any method (Percent)","Unmet need","Estimates and Projections of Family Planning Indicators",2024,"United Nations Population Division",64,"Bhutan","BT","BTN",60,"2009",4,"Median",2,"Female",31,15,49,"15-49",99,"All women",1,"Model-based Estimates",3,"Projection",12
4,"Unmet need for family planning: Any method (Percent)","Unmet need","Estimates and Projections of Family Planning Indicators",2024,"United Nations Population Division",64,"Bhutan","BT","BTN",61,"2010",4,"Median",2,"Female",31,15,49,"15-49",99,"All women",1,"Model-based Estimates",2,"Interpolation",11.2
4,"Unmet need for family planning: Any method (Percent)","Unmet need","Estimates and Projections of Family Planning Indicators",2024,"United Nations Population Division",64,"Bhutan","BT","BTN",62,"2011",4,"Median",2,"Female",31,15,49,"15-49",99,"All women",1,"Model-based Estimates",3,"Projection",10.7
4,"Unmet need for family planning: Any method (Percent)","Unmet need","Estimates and Projections of Family Planning Indicators",2024,"United Nations Population Division",64,"Bhutan","BT","BTN",63,"2012",4,"Median",2,"Female",31,15,49,"15-49",99,"All women",1,"Model-based Estimates",3,"Projection",10.3
4,"Unmet need for family planning: Any method (Percent)","Unmet need","Estimates and Projections of Family Planning Indicators",2024,"United Nations Population Division",64,"Bhutan","BT","BTN",64,"2013",4,"Median",2,"Female",31,15,49,"15-49",99,"All women",1,"Model-based Estimates",3,"Projection",10
4,"Unmet need for family planning: Any method (Percent)","Unmet need","Estimates and Projections of Family Planning Indicators",2024,"United Nations Population Division",64,"Bhutan","BT","BTN",65,"2014",4,"Median",2,"Female",31,15,49,"15-49",99,"All women",1,"Model-based Estimates",3,"Projection",9.7
4,"Unmet need for family planning: Any method (Percent)","Unmet need","Estimates and Projections of Family Planning Indicators",2024,"United Nations Population Division",64,"Bhutan","BT","BTN",66,"2015",4,"Median",2,"Female",31,15,49,"15-49",99,"All women",1,"Model-based Estimates",3,"Projection",9.4
4,"Unmet need for family planning: Any method (Percent)","Unmet need","Estimates and Projections of Family Planning Indicators",2024,"United Nations Population Division",64,"Bhutan","BT","BTN",67,"2016",4,"Median",2,"Female",31,15,49,"15-49",99,"All women",1,"Model-based Estimates",3,"Projection",9.2
4,"Unmet need for family planning: Any method (Percent)","Unmet need","Estimates and Projections of Family Planning Indicators",2024,"United Nations Population Division",64,"Bhutan","BT","BTN",68,"2017",4,"Median",2,"Female",31,15,49,"15-49",99,"All women",1,"Model-based Estimates",3,"Projection",8.9
4,"Unmet need for family planning: Any method (Percent)","Unmet need","Estimates and Projections of Family Planning Indicators",2024,"United Nations Population Division",64,"Bhutan","BT","BTN",69,"2018",4,"Median",2,"Female",31,15,49,"15-49",99,"All women",1,"Model-based Estimates",3,"Projection",8.8
4,"Unmet need for family planning: Any method (Percent)","Unmet need","Estimates and Projections of Family Planning Indicators",2024,"United Nations Population Division",64,"Bhutan","BT","BTN",70,"2019",4,"Median",2,"Female",31,15,49,"15-49",99,"All women",1,"Model-based Estimates",3,"Projection",8.6
4,"Unmet need for family planning: Any method (Percent)","Unmet need","Estimates and Projections of Family Planning Indicators",2024,"United Nations Population Division",64,"Bhutan","BT","BTN",71,"2020",4,"Median",2,"Female",31,15,49,"15-49",99,"All women",1,"Model-based Estimates",3,"Projection",8.4
4,"Unmet need for family planning: Any method (Percent)","Unmet need","Estimates and Projections of Family Planning Indicators",2024,"United Nations Population Division",64,"Bhutan","BT","BTN",72,"2021",4,"Median",2,"Female",31,15,49,"15-49",99,"All women",1,"Model-based Estimates",3,"Projection",8.2
4,"Unmet need for family planning: Any method (Percent)","Unmet need","Estimates and Projections of Family Planning Indicators",2024,"United Nations Population Division",64,"Bhutan","BT","BTN",73,"2022",4,"Median",2,"Female",31,15,49,"15-49",99,"All women",1,"Model-based Estimates",3,"Projection",8.1
4,"Unmet need for family planning: Any method (Percent)","Unmet need","Estimates and Projections of Family Planning Indicators",2024,"United Nations Population Division",104,"Myanmar","MM","MMR",59,"2008",4,"Median",2,"Female",31,15,49,"15-49",99,"All women",1,"Model-based Estimates",2,"Interpolation",11.5
4,"Unmet need for family planning: Any method (Percent)","Unmet need","Estimates and Projections of Family Planning Indicators",2024,"United Nations Population Division",104,"Myanmar","MM","MMR",60,"2009",4,"Median",2,"Female",31,15,49,"15-49",99,"All women",1,"Model-based Estimates",2,"Interpolation",11.3
4,"Unmet need for family planning: Any method (Percent)","Unmet need","Estimates and Projections of Family Planning Indicators",2024,"United Nations Population Division",104,"Myanmar","MM","MMR",61,"2010",4,"Median",2,"Female",31,15,49,"15-49",99,"All women",1,"Model-based Estimates",2,"Interpolation",11
4,"Unmet need for family planning: Any method (Percent)","Unmet need","Estimates and Projections of Family Planning Indicators",2024,"United Nations Population Division",104,"Myanmar","MM","MMR",62,"2011",4,"Median",2,"Female",31,15,49,"15-49",99,"All women",1,"Model-based Estimates",2,"Interpolation",10.8
4,"Unmet need for family planning: Any method (Percent)","Unmet need","Estimates and Projections of Family Planning Indicators",2024,"United Nations Population Division",104,"Myanmar","MM","MMR",63,"2012",4,"Median",2,"Female",31,15,49,"15-49",99,"All women",1,"Model-based Estimates",2,"Interpolation",10.5
4,"Unmet need for family planning: Any method (Percent)","Unmet need","Estimates and Projections of Family Planning Indicators",2024,"United Nations Population Division",104,"Myanmar","MM","MMR",64,"2013",4,"Median",2,"Female",31,15,49,"15-49",99,"All women",1,"Model-based Estimates",2,"Interpolation",10.2
4,"Unmet need for family planning: Any method (Percent)","Unmet need","Estimates and Projections of Family Planning Indicators",2024,"United Nations Population Division",104,"Myanmar","MM","MMR",65,"2014",4,"Median",2,"Female",31,15,49,"15-49",99,"All women",1,"Model-based Estimates",2,"Interpolation",9.9
4,"Unmet need for family planning: Any method (Percent)","Unmet need","Estimates and Projections of Family Planning Indicators",2024,"United Nations Population Division",104,"Myanmar","MM","MMR",66,"2015",4,"Median",2,"Female",31,15,49,"15-49",99,"All women",1,"Model-based Estimates",2,"Interpolation",9.7
4,"Unmet need for family planning: Any method (Percent)","Unmet need","Estimates and Projections of Family Planning Indicators",2024,"United Nations Population Division",104,"Myanmar","MM","MMR",67,"2016",4,"Median",2,"Female",31,15,49,"15-49",99,"All women",1,"Model-based Estimates",2,"Interpolation",9.4
4,"Unmet need for family planning: Any method (Percent)","Unmet need","Estimates and Projections of Family Planning Indicators",2024,"United Nations Population Division",104,"Myanmar","MM","MMR",68,"2017",4,"Median",2,"Female",31,15,49,"15-49",99,"All women",1,"Model-based Estimates",3,"Projection",9.2
4,"Unmet need for family planning: Any method (Percent)","Unmet need","Estimates and Projections of Family Planning Indicators",2024,"United Nations Population Division",104,"Myanmar","MM","MMR",69,"2018",4,"Median",2,"Female",31,15,49,"15-49",99,"All women",1,"Model-based Estimates",3,"Projection",8.9
4,"Unmet need for family planning: Any method (Percent)","Unmet need","Estimates and Projections of Family Planning Indicators",2024,"United Nations Population Division",104,"Myanmar","MM","MMR",70,"2019",4,"Median",2,"Female",31,15,49,"15-49",99,"All women",1,"Model-based Estimates",3,"Projection",8.7
4,"Unmet need for family planning: Any method (Percent)","Unmet need","Estimates and Projections of Family Planning Indicators",2024,"United Nations Population Division",104,"Myanmar","MM","MMR",71,"2020",4,"Median",2,"Female",31,15,49,"15-49",99,"All women",1,"Model-based Estimates",3,"Projection",8.5
4,"Unmet need for family planning: Any method (Percent)","Unmet need","Estimates and Projections of Family Planning Indicators",2024,"United Nations Population Division",104,"Myanmar","MM","MMR",72,"2021",4,"Median",2,"Female",31,15,49,"15-49",99,"All women",1,"Model-based Estimates",3,"Projection",8.3
4,"Unmet need for family planning: Any method (Percent)","Unmet need","Estimates and Projections of Family Planning Indicators",2024,"United Nations Population Division",104,"Myanmar","MM","MMR",73,"2022",4,"Median",2,"Female",31,15,49,"15-49",99,"All women",1,"Model-based Estimates",3,"Projection",8.1
4,"Unmet need for family planning: Any method (Percent)","Unmet need","Estimates and Projections of Family Planning Indicators",2024,"United Nations Population Division",116,"Cambodia","KH","KHM",59,"2008",4,"Median",2,"Female",31,15,49,"15-49",99,"All women",1,"Model-based Estimates",2,"Interpolation",12.7
4,"Unmet need for family planning: Any method (Percent)","Unmet need","Estimates and Projections of Family Planning Indicators",2024,"United Nations Population Division",116,"Cambodia","KH","KHM",60,"2009",4,"Median",2,"Female",31,15,49,"15-49",99,"All women",1,"Model-based Estimates",2,"Interpolation",11.6
4,"Unmet need for family planning: Any method (Percent)","Unmet need","Estimates and Projections of Family Planning Indicators",2024,"United Nations Population Division",116,"Cambodia","KH","KHM",61,"2010",4,"Median",2,"Female",31,15,49,"15-49",99,"All women",1,"Model-based Estimates",2,"Interpolation",10.7
4,"Unmet need for family planning: Any method (Percent)","Unmet need","Estimates and Projections of Family Planning Indicators",2024,"United Nations Population Division",116,"Cambodia","KH","KHM",62,"2011",4,"Median",2,"Female",31,15,49,"15-49",99,"All women",1,"Model-based Estimates",2,"Interpolation",9.9
4,"Unmet need for family planning: Any method (Percent)","Unmet need","Estimates and Projections of Family Planning Indicators",2024,"United Nations Population Division",116,"Cambodia","KH","KHM",63,"2012",4,"Median",2,"Female",31,15,49,"15-49",99,"All women",1,"Model-based Estimates",2,"Interpolation",9.3
4,"Unmet need for family planning: Any method (Percent)","Unmet need","Estimates and Projections of Family Planning Indicators",2024,"United Nations Population Division",116,"Cambodia","KH","KHM",64,"2013",4,"Median",2,"Female",31,15,49,"15-49",99,"All women",1,"Model-based Estimates",2,"Interpolation",8.7
4,"Unmet need for family planning: Any method (Percent)","Unmet need","Estimates and Projections of Family Planning Indicators",2024,"United Nations Population Division",116,"Cambodia","KH","KHM",65,"2014",4,"Median",2,"Female",31,15,49,"15-49",99,"All women",1,"Model-based Estimates",2,"Interpolation",8.2
4,"Unmet need for family planning: Any method (Percent)","Unmet need","Estimates and Projections of Family Planning Indicators",2024,"United Nations Population Division",116,"Cambodia","KH","KHM",66,"2015",4,"Median",2,"Female",31,15,49,"15-49",99,"All women",1,"Model-based Estimates",2,"Interpolation",8.2
4,"Unmet need for family planning: Any method (Percent)","Unmet need","Estimates and Projections of Family Planning Indicators",2024,"United Nations Population Division",116,"Cambodia","KH","KHM",67,"2016",4,"Median",2,"Female",31,15,49,"15-49",99,"All women",1,"Model-based Estimates",2,"Interpolation",8.1
4,"Unmet need for family planning: Any method (Percent)","Unmet need","Estimates and Projections of Family Planning Indicators",2024,"United Nations Population Division",116,"Cambodia","KH","KHM",68,"2017",4,"Median",2,"Female",31,15,49,"15-49",99,"All women",1,"Model-based Estimates",2,"Interpolation",8.1
4,"Unmet need for family planning: Any method (Percent)","Unmet need","Estimates and Projections of Family Planning Indicators",2024,"United Nations Population Division",116,"Cambodia","KH","KHM",69,"2018",4,"Median",2,"Female",31,15,49,"15-49",99,"All women",1,"Model-based Estimates",2,"Interpolation",8.1
4,"Unmet need for family planning: Any method (Percent)","Unmet need","Estimates and Projections of Family Planning Indicators",2024,"United Nations Population Division",116,"Cambodia","KH","KHM",70,"2019",4,"Median",2,"Female",31,15,49,"15-49",99,"All women",1,"Model-based Estimates",2,"Interpolation",8.1
4,"Unmet need for family planning: Any method (Percent)","Unmet need","Estimates and Projections of Family Planning Indicators",2024,"United Nations Population Division",116,"Cambodia","KH","KHM",71,"2020",4,"Median",2,"Female",31,15,49,"15-49",99,"All women",1,"Model-based Estimates",2,"Interpolation",8.1
4,"Unmet need for family planning: Any method (Percent)","Unmet need","Estimates and Projections of Family Planning Indicators",2024,"United Nations Population Division",116,"Cambodia","KH","KHM",72,"2021",4,"Median",2,"Female",31,15,49,"15-49",99,"All women",1,"Model-based Estimates",2,"Interpolation",8
4,"Unmet need for family planning: Any method (Percent)","Unmet need","Estimates and Projections of Family Planning Indicators",2024,"United Nations Population Division",116,"Cambodia","KH","KHM",73,"2022",4,"Median",2,"Female",31,15,49,"15-49",99,"All women",1,"Model-based Estimates",2,"Interpolation",7.9
4,"Unmet need for family planning: Any method (Percent)","Unmet need","Estimates and Projections of Family Planning Indicators",2024,"United Nations Population Division",144,"Sri Lanka","LK","LKA",59,"2008",4,"Median",2,"Female",31,15,49,"15-49",99,"All women",1,"Model-based Estimates",2,"Interpolation",5
4,"Unmet need for family planning: Any method (Percent)","Unmet need","Estimates and Projections of Family Planning Indicators",2024,"United Nations Population Division",144,"Sri Lanka","LK","LKA",60,"2009",4,"Median",2,"Female",31,15,49,"15-49",99,"All women",1,"Model-based Estimates",2,"Interpolation",5
4,"Unmet need for family planning: Any method (Percent)","Unmet need","Estimates and Projections of Family Planning Indicators",2024,"United Nations Population Division",144,"Sri Lanka","LK","LKA",61,"2010",4,"Median",2,"Female",31,15,49,"15-49",99,"All women",1,"Model-based Estimates",2,"Interpolation",5
4,"Unmet need for family planning: Any method (Percent)","Unmet need","Estimates and Projections of Family Planning Indicators",2024,"United Nations Population Division",144,"Sri Lanka","LK","LKA",62,"2011",4,"Median",2,"Female",31,15,49,"15-49",99,"All women",1,"Model-based Estimates",2,"Interpolation",5
4,"Unmet need for family planning: Any method (Percent)","Unmet need","Estimates and Projections of Family Planning Indicators",2024,"United Nations Population Division",144,"Sri Lanka","LK","LKA",63,"2012",4,"Median",2,"Female",31,15,49,"15-49",99,"All women",1,"Model-based Estimates",2,"Interpolation",5
4,"Unmet need for family planning: Any method (Percent)","Unmet need","Estimates and Projections of Family Planning Indicators",2024,"United Nations Population Division",144,"Sri Lanka","LK","LKA",64,"2013",4,"Median",2,"Female",31,15,49,"15-49",99,"All women",1,"Model-based Estimates",2,"Interpolation",5
4,"Unmet need for family planning: Any method (Percent)","Unmet need","Estimates and Projections of Family Planning Indicators",2024,"United Nations Population Division",144,"Sri Lanka","LK","LKA",65,"2014",4,"Median",2,"Female",31,15,49,"15-49",99,"All women",1,"Model-based Estimates",2,"Interpolation",5
4,"Unmet need for family planning: Any method (Percent)","Unmet need","Estimates and Projections of Family Planning Indicators",2024,"United Nations Population Division",144,"Sri Lanka","LK","LKA",66,"2015",4,"Median",2,"Female",31,15,49,"15-49",99,"All women",1,"Model-based Estimates",2,"Interpolation",5
4,"Unmet need for family planning: Any method (Percent)","Unmet need","Estimates and Projections of Family Planning Indicators",2024,"United Nations Population Division",144,"Sri Lanka","LK","LKA",67,"2016",4,"Median",2,"Female",31,15,49,"15-49",99,"All women",1,"Model-based Estimates",2,"Interpolation",5
4,"Unmet need for family planning: Any method (Percent)","Unmet need","Estimates and Projections of Family Planning Indicators",2024,"United Nations Population Division",144,"Sri Lanka","LK","LKA",68,"2017",4,"Median",2,"Female",31,15,49,"15-49",99,"All women",1,"Model-based Estimates",3,"Projection",5
4,"Unmet need for family planning: Any method (Percent)","Unmet need","Estimates and Projections of Family Planning Indicators",2024,"United Nations Population Division",144,"Sri Lanka","LK","LKA",69,"2018",4,"Median",2,"Female",31,15,49,"15-49",99,"All women",1,"Model-based Estimates",3,"Projection",5.1
4,"Unmet need for family planning: Any method (Percent)","Unmet need","Estimates and Projections of Family Planning Indicators",2024,"United Nations Population Division",144,"Sri Lanka","LK","LKA",70,"2019",4,"Median",2,"Female",31,15,49,"15-49",99,"All women",1,"Model-based Estimates",3,"Projection",5.1
4,"Unmet need for family planning: Any method (Percent)","Unmet need","Estimates and Projections of Family Planning Indicators",2024,"United Nations Population Division",144,"Sri Lanka","LK","LKA",71,"2020",4,"Median",2,"Female",31,15,49,"15-49",99,"All women",1,"Model-based Estimates",3,"Projection",5.1
4,"Unmet need for family planning: Any method (Percent)","Unmet need","Estimates and Projections of Family Planning Indicators",2024,"United Nations Population Division",144,"Sri Lanka","LK","LKA",72,"2021",4,"Median",2,"Female",31,15,49,"15-49",99,"All women",1,"Model-based Estimates",3,"Projection",5.1
4,"Unmet need for family planning: Any method (Percent)","Unmet need","Estimates and Projections of Family Planning Indicators",2024,"United Nations Population Division",144,"Sri Lanka","LK","LKA",73,"2022",4,"Median",2,"Female",31,15,49,"15-49",99,"All women",1,"Model-based Estimates",3,"Projection",5
4,"Unmet need for family planning: Any method (Percent)","Unmet need","Estimates and Projections of Family Planning Indicators",2024,"United Nations Population Division",156,"China","CN","CHN",59,"2008",4,"Median",2,"Female",31,15,49,"15-49",99,"All women",1,"Model-based Estimates",3,"Projection",3.3
4,"Unmet need for family planning: Any method (Percent)","Unmet need","Estimates and Projections of Family Planning Indicators",2024,"United Nations Population Division",156,"China","CN","CHN",60,"2009",4,"Median",2,"Female",31,15,49,"15-49",99,"All women",1,"Model-based Estimates",3,"Projection",3.4
4,"Unmet need for family planning: Any method (Percent)","Unmet need","Estimates and Projections of Family Planning Indicators",2024,"United Nations Population Division",156,"China","CN","CHN",61,"2010",4,"Median",2,"Female",31,15,49,"15-49",99,"All women",1,"Model-based Estimates",3,"Projection",3.4
4,"Unmet need for family planning: Any method (Percent)","Unmet need","Estimates and Projections of Family Planning Indicators",2024,"United Nations Population Division",156,"China","CN","CHN",62,"2011",4,"Median",2,"Female",31,15,49,"15-49",99,"All women",1,"Model-based Estimates",3,"Projection",3.4
4,"Unmet need for family planning: Any method (Percent)","Unmet need","Estimates and Projections of Family Planning Indicators",2024,"United Nations Population Division",156,"China","CN","CHN",63,"2012",4,"Median",2,"Female",31,15,49,"15-49",99,"All women",1,"Model-based Estimates",3,"Projection",3.4
4,"Unmet need for family planning: Any method (Percent)","Unmet need","Estimates and Projections of Family Planning Indicators",2024,"United Nations Population Division",156,"China","CN","CHN",64,"2013",4,"Median",2,"Female",31,15,49,"15-49",99,"All women",1,"Model-based Estimates",3,"Projection",3.4
4,"Unmet need for family planning: Any method (Percent)","Unmet need","Estimates and Projections of Family Planning Indicators",2024,"United Nations Population Division",156,"China","CN","CHN",65,"2014",4,"Median",2,"Female",31,15,49,"15-49",99,"All women",1,"Model-based Estimates",3,"Projection",3.4
4,"Unmet need for family planning: Any method (Percent)","Unmet need","Estimates and Projections of Family Planning Indicators",2024,"United Nations Population Division",156,"China","CN","CHN",66,"2015",4,"Median",2,"Female",31,15,49,"15-49",99,"All women",1,"Model-based Estimates",3,"Projection",3.4
4,"Unmet need for family planning: Any method (Percent)","Unmet need","Estimates and Projections of Family Planning Indicators",2024,"United Nations Population Division",156,"China","CN","CHN",67,"2016",4,"Median",2,"Female",31,15,49,"15-49",99,"All women",1,"Model-based Estimates",3,"Projection",3.5
4,"Unmet need for family planning: Any method (Percent)","Unmet need","Estimates and Projections of Family Planning Indicators",2024,"United Nations Population Division",156,"China","CN","CHN",68,"2017",4,"Median",2,"Female",31,15,49,"15-49",99,"All women",1,"Model-based Estimates",3,"Projection",3.5
4,"Unmet need for family planning: Any method (Percent)","Unmet need","Estimates and Projections of Family Planning Indicators",2024,"United Nations Population Division",156,"China","CN","CHN",69,"2018",4,"Median",2,"Female",31,15,49,"15-49",99,"All women",1,"Model-based Estimates",3,"Projection",3.5
4,"Unmet need for family planning: Any method (Percent)","Unmet need","Estimates and Projections of Family Planning Indicators",2024,"United Nations Population Division",156,"China","CN","CHN",70,"2019",4,"Median",2,"Female",31,15,49,"15-49",99,"All women",1,"Model-based Estimates",3,"Projection",3.5
4,"Unmet need for family planning: Any method (Percent)","Unmet need","Estimates and Projections of Family Planning Indicators",2024,"United Nations Population Division",156,"China","CN","CHN",71,"2020",4,"Median",2,"Female",31,15,49,"15-49",99,"All women",1,"Model-based Estimates",3,"Projection",3.5
4,"Unmet need for family planning: Any method (Percent)","Unmet need","Estimates and Projections of Family Planning Indicators",2024,"United Nations Population Division",156,"China","CN","CHN",72,"2021",4,"Median",2,"Female",31,15,49,"15-49",99,"All women",1,"Model-based Estimates",3,"Projection",3.5
4,"Unmet need for family planning: Any method (Percent)","Unmet need","Estimates and Projections of Family Planning Indicators",2024,"United Nations Population Division",156,"China","CN","CHN",73,"2022",4,"Median",2,"Female",31,15,49,"15-49",99,"All women",1,"Model-based Estimates",3,"Projection",3.5
4,"Unmet need for family planning: Any method (Percent)","Unmet need","Estimates and Projections of Family Planning Indicators",2024,"United Nations Population Division",158,"China, Taiwan Province of China","TW","TWN",59,"2008",4,"Median",2,"Female",31,15,49,"15-49",99,"All women",1,"Model-based Estimates",3,"Projection",5.5
4,"Unmet need for family planning: Any method (Percent)","Unmet need","Estimates and Projections of Family Planning Indicators",2024,"United Nations Population Division",158,"China, Taiwan Province of China","TW","TWN",60,"2009",4,"Median",2,"Female",31,15,49,"15-49",99,"All women",1,"Model-based Estimates",3,"Projection",5.5
4,"Unmet need for family planning: Any method (Percent)","Unmet need","Estimates and Projections of Family Planning Indicators",2024,"United Nations Population Division",158,"China, Taiwan Province of China","TW","TWN",61,"2010",4,"Median",2,"Female",31,15,49,"15-49",99,"All women",1,"Model-based Estimates",3,"Projection",5.5
4,"Unmet need for family planning: Any method (Percent)","Unmet need","Estimates and Projections of Family Planning Indicators",2024,"United Nations Population Division",158,"China, Taiwan Province of China","TW","TWN",62,"2011",4,"Median",2,"Female",31,15,49,"15-49",99,"All women",1,"Model-based Estimates",3,"Projection",5.5
4,"Unmet need for family planning: Any method (Percent)","Unmet need","Estimates and Projections of Family Planning Indicators",2024,"United Nations Population Division",158,"China, Taiwan Province of China","TW","TWN",63,"2012",4,"Median",2,"Female",31,15,49,"15-49",99,"All women",1,"Model-based Estimates",3,"Projection",5.5
4,"Unmet need for family planning: Any method (Percent)","Unmet need","Estimates and Projections of Family Planning Indicators",2024,"United Nations Population Division",158,"China, Taiwan Province of China","TW","TWN",64,"2013",4,"Median",2,"Female",31,15,49,"15-49",99,"All women",1,"Model-based Estimates",3,"Projection",5.6
4,"Unmet need for family planning: Any method (Percent)","Unmet need","Estimates and Projections of Family Planning Indicators",2024,"United Nations Population Division",158,"China, Taiwan Province of China","TW","TWN",65,"2014",4,"Median",2,"Female",31,15,49,"15-49",99,"All women",1,"Model-based Estimates",3,"Projection",5.6
4,"Unmet need for family planning: Any method (Percent)","Unmet need","Estimates and Projections of Family Planning Indicators",2024,"United Nations Population Division",158,"China, Taiwan Province of China","TW","TWN",66,"2015",4,"Median",2,"Female",31,15,49,"15-49",99,"All women",1,"Model-based Estimates",3,"Projection",5.7
4,"Unmet need for family planning: Any method (Percent)","Unmet need","Estimates and Projections of Family Planning Indicators",2024,"United Nations Population Division",158,"China, Taiwan Province of China","TW","TWN",67,"2016",4,"Median",2,"Female",31,15,49,"15-49",99,"All women",1,"Model-based Estimates",3,"Projection",5.8
4,"Unmet need for family planning: Any method (Percent)","Unmet need","Estimates and Projections of Family Planning Indicators",2024,"United Nations Population Division",158,"China, Taiwan Province of China","TW","TWN",68,"2017",4,"Median",2,"Female",31,15,49,"15-49",99,"All women",1,"Model-based Estimates",3,"Projection",5.7
4,"Unmet need for family planning: Any method (Percent)","Unmet need","Estimates and Projections of Family Planning Indicators",2024,"United Nations Population Division",158,"China, Taiwan Province of China","TW","TWN",69,"2018",4,"Median",2,"Female",31,15,49,"15-49",99,"All women",1,"Model-based Estimates",3,"Projection",5.7
4,"Unmet need for family planning: Any method (Percent)","Unmet need","Estimates and Projections of Family Planning Indicators",2024,"United Nations Population Division",158,"China, Taiwan Province of China","TW","TWN",70,"2019",4,"Median",2,"Female",31,15,49,"15-49",99,"All women",1,"Model-based Estimates",3,"Projection",5.7
4,"Unmet need for family planning: Any method (Percent)","Unmet need","Estimates and Projections of Family Planning Indicators",2024,"United Nations Population Division",158,"China, Taiwan Province of China","TW","TWN",71,"2020",4,"Median",2,"Female",31,15,49,"15-49",99,"All women",1,"Model-based Estimates",3,"Projection",5.6
4,"Unmet need for family planning: Any method (Percent)","Unmet need","Estimates and Projections of Family Planning Indicators",2024,"United Nations Population Division",158,"China, Taiwan Province of China","TW","TWN",72,"2021",4,"Median",2,"Female",31,15,49,"15-49",99,"All women",1,"Model-based Estimates",3,"Projection",5.6
4,"Unmet need for family planning: Any method (Percent)","Unmet need","Estimates and Projections of Family Planning Indicators",2024,"United Nations Population Division",158,"China, Taiwan Province of China","TW","TWN",73,"2022",4,"Median",2,"Female",31,15,49,"15-49",99,"All women",1,"Model-based Estimates",3,"Projection",5.5
4,"Unmet need for family planning: Any method (Percent)","Unmet need","Estimates and Projections of Family Planning Indicators",2024,"United Nations Population Division",268,"Georgia","GE","GEO",59,"2008",4,"Median",2,"Female",31,15,49,"15-49",99,"All women",1,"Model-based Estimates",2,"Interpolation",13
4,"Unmet need for family planning: Any method (Percent)","Unmet need","Estimates and Projections of Family Planning Indicators",2024,"United Nations Population Division",268,"Georgia","GE","GEO",60,"2009",4,"Median",2,"Female",31,15,49,"15-49",99,"All women",1,"Model-based Estimates",2,"Interpolation",12.8
4,"Unmet need for family planning: Any method (Percent)","Unmet need","Estimates and Projections of Family Planning Indicators",2024,"United Nations Population Division",268,"Georgia","GE","GEO",61,"2010",4,"Median",2,"Female",31,15,49,"15-49",99,"All women",1,"Model-based Estimates",2,"Interpolation",12.7
4,"Unmet need for family planning: Any method (Percent)","Unmet need","Estimates and Projections of Family Planning Indicators",2024,"United Nations Population Division",268,"Georgia","GE","GEO",62,"2011",4,"Median",2,"Female",31,15,49,"15-49",99,"All women",1,"Model-based Estimates",2,"Interpolation",12.7
4,"Unmet need for family planning: Any method (Percent)","Unmet need","Estimates and Projections of Family Planning Indicators",2024,"United Nations Population Division",268,"Georgia","GE","GEO",63,"2012",4,"Median",2,"Female",31,15,49,"15-49",99,"All women",1,"Model-based Estimates",2,"Interpolation",12.7
4,"Unmet need for family planning: Any method (Percent)","Unmet need","Estimates and Projections of Family Planning Indicators",2024,"United Nations Population Division",268,"Georgia","GE","GEO",64,"2013",4,"Median",2,"Female",31,15,49,"15-49",99,"All women",1,"Model-based Estimates",2,"Interpolation",12.8
4,"Unmet need for family planning: Any method (Percent)","Unmet need","Estimates and Projections of Family Planning Indicators",2024,"United Nations Population Division",268,"Georgia","GE","GEO",65,"2014",4,"Median",2,"Female",31,15,49,"15-49",99,"All women",1,"Model-based Estimates",2,"Interpolation",12.8
4,"Unmet need for family planning: Any method (Percent)","Unmet need","Estimates and Projections of Family Planning Indicators",2024,"United Nations Population Division",268,"Georgia","GE","GEO",66,"2015",4,"Median",2,"Female",31,15,49,"15-49",99,"All women",1,"Model-based Estimates",2,"Interpolation",13
4,"Unmet need for family planning: Any method (Percent)","Unmet need","Estimates and Projections of Family Planning Indicators",2024,"United Nations Population Division",268,"Georgia","GE","GEO",67,"2016",4,"Median",2,"Female",31,15,49,"15-49",99,"All women",1,"Model-based Estimates",2,"Interpolation",13.1
4,"Unmet need for family planning: Any method (Percent)","Unmet need","Estimates and Projections of Family Planning Indicators",2024,"United Nations Population Division",268,"Georgia","GE","GEO",68,"2017",4,"Median",2,"Female",31,15,49,"15-49",99,"All women",1,"Model-based Estimates",2,"Interpolation",13.2
4,"Unmet need for family planning: Any method (Percent)","Unmet need","Estimates and Projections of Family Planning Indicators",2024,"United Nations Population Division",268,"Georgia","GE","GEO",69,"2018",4,"Median",2,"Female",31,15,49,"15-49",99,"All women",1,"Model-based Estimates",2,"Interpolation",13.2
4,"Unmet need for family planning: Any method (Percent)","Unmet need","Estimates and Projections of Family Planning Indicators",2024,"United Nations Population Division",268,"Georgia","GE","GEO",70,"2019",4,"Median",2,"Female",31,15,49,"15-49",99,"All women",1,"Model-based Estimates",3,"Projection",13.1
4,"Unmet need for family planning: Any method (Percent)","Unmet need","Estimates and Projections of Family Planning Indicators",2024,"United Nations Population Division",268,"Georgia","GE","GEO",71,"2020",4,"Median",2,"Female",31,15,49,"15-49",99,"All women",1,"Model-based Estimates",3,"Projection",13
4,"Unmet need for family planning: Any method (Percent)","Unmet need","Estimates and Projections of Family Planning Indicators",2024,"United Nations Population Division",268,"Georgia","GE","GEO",72,"2021",4,"Median",2,"Female",31,15,49,"15-49",99,"All women",1,"Model-based Estimates",3,"Projection",12.8
4,"Unmet need for family planning: Any method (Percent)","Unmet need","Estimates and Projections of Family Planning Indicators",2024,"United Nations Population Division",268,"Georgia","GE","GEO",73,"2022",4,"Median",2,"Female",31,15,49,"15-49",99,"All women",1,"Model-based Estimates",3,"Projection",12.6
4,"Unmet need for family planning: Any method (Percent)","Unmet need","Estimates and Projections of Family Planning Indicators",2024,"United Nations Population Division",275,"State of Palestine","PS","PSE",59,"2008",4,"Median",2,"Female",31,15,49,"15-49",99,"All women",1,"Model-based Estimates",3,"Projection",8.5
4,"Unmet need for family planning: Any method (Percent)","Unmet need","Estimates and Projections of Family Planning Indicators",2024,"United Nations Population Division",275,"State of Palestine","PS","PSE",60,"2009",4,"Median",2,"Female",31,15,49,"15-49",99,"All women",1,"Model-based Estimates",3,"Projection",8.3
4,"Unmet need for family planning: Any method (Percent)","Unmet need","Estimates and Projections of Family Planning Indicators",2024,"United Nations Population Division",275,"State of Palestine","PS","PSE",61,"2010",4,"Median",2,"Female",31,15,49,"15-49",99,"All women",1,"Model-based Estimates",2,"Interpolation",8.1
4,"Unmet need for family planning: Any method (Percent)","Unmet need","Estimates and Projections of Family Planning Indicators",2024,"United Nations Population Division",275,"State of Palestine","PS","PSE",62,"2011",4,"Median",2,"Female",31,15,49,"15-49",99,"All women",1,"Model-based Estimates",2,"Interpolation",7.8
4,"Unmet need for family planning: Any method (Percent)","Unmet need","Estimates and Projections of Family Planning Indicators",2024,"United Nations Population Division",275,"State of Palestine","PS","PSE",63,"2012",4,"Median",2,"Female",31,15,49,"15-49",99,"All women",1,"Model-based Estimates",2,"Interpolation",7.7
4,"Unmet need for family planning: Any method (Percent)","Unmet need","Estimates and Projections of Family Planning Indicators",2024,"United Nations Population Division",275,"State of Palestine","PS","PSE",64,"2013",4,"Median",2,"Female",31,15,49,"15-49",99,"All women",1,"Model-based Estimates",2,"Interpolation",7.5
4,"Unmet need for family planning: Any method (Percent)","Unmet need","Estimates and Projections of Family Planning Indicators",2024,"United Nations Population Division",275,"State of Palestine","PS","PSE",65,"2014",4,"Median",2,"Female",31,15,49,"15-49",99,"All women",1,"Model-based Estimates",2,"Interpolation",7.3
4,"Unmet need for family planning: Any method (Percent)","Unmet need","Estimates and Projections of Family Planning Indicators",2024,"United Nations Population Division",275,"State of Palestine","PS","PSE",66,"2015",4,"Median",2,"Female",31,15,49,"15-49",99,"All women",1,"Model-based Estimates",2,"Interpolation",7.3
4,"Unmet need for family planning: Any method (Percent)","Unmet need","Estimates and Projections of Family Planning Indicators",2024,"United Nations Population Division",275,"State of Palestine","PS","PSE",67,"2016",4,"Median",2,"Female",31,15,49,"15-49",99,"All women",1,"Model-based Estimates",2,"Interpolation",7.2
4,"Unmet need for family planning: Any method (Percent)","Unmet need","Estimates and Projections of Family Planning Indicators",2024,"United Nations Population Division",275,"State of Palestine","PS","PSE",68,"2017",4,"Median",2,"Female",31,15,49,"15-49",99,"All women",1,"Model-based Estimates",2,"Interpolation",7.1
4,"Unmet need for family planning: Any method (Percent)","Unmet need","Estimates and Projections of Family Planning Indicators",2024,"United Nations Population Division",275,"State of Palestine","PS","PSE",69,"2018",4,"Median",2,"Female",31,15,49,"15-49",99,"All women",1,"Model-based Estimates",2,"Interpolation",7.1
4,"Unmet need for family planning: Any method (Percent)","Unmet need","Estimates and Projections of Family Planning Indicators",2024,"United Nations Population Division",275,"State of Palestine","PS","PSE",70,"2019",4,"Median",2,"Female",31,15,49,"15-49",99,"All women",1,"Model-based Estimates",2,"Interpolation",7
4,"Unmet need for family planning: Any method (Percent)","Unmet need","Estimates and Projections of Family Planning Indicators",2024,"United Nations Population Division",275,"State of Palestine","PS","PSE",71,"2020",4,"Median",2,"Female",31,15,49,"15-49",99,"All women",1,"Model-based Estimates",2,"Interpolation",7
4,"Unmet need for family planning: Any method (Percent)","Unmet need","Estimates and Projections of Family Planning Indicators",2024,"United Nations Population Division",275,"State of Palestine","PS","PSE",72,"2021",4,"Median",2,"Female",31,15,49,"15-49",99,"All women",1,"Model-based Estimates",3,"Projection",6.9
4,"Unmet need for family planning: Any method (Percent)","Unmet need","Estimates and Projections of Family Planning Indicators",2024,"United Nations Population Division",275,"State of Palestine","PS","PSE",73,"2022",4,"Median",2,"Female",31,15,49,"15-49",99,"All women",1,"Model-based Estimates",3,"Projection",6.9
4,"Unmet need for family planning: Any method (Percent)","Unmet need","Estimates and Projections of Family Planning Indicators",2024,"United Nations Population Division",344,"China, Hong Kong SAR","HK","HKG",59,"2008",4,"Median",2,"Female",31,15,49,"15-49",99,"All women",1,"Model-based Estimates",3,"Projection",5
4,"Unmet need for family planning: Any method (Percent)","Unmet need","Estimates and Projections of Family Planning Indicators",2024,"United Nations Population Division",344,"China, Hong Kong SAR","HK","HKG",60,"2009",4,"Median",2,"Female",31,15,49,"15-49",99,"All women",1,"Model-based Estimates",3,"Projection",5.1
4,"Unmet need for family planning: Any method (Percent)","Unmet need","Estimates and Projections of Family Planning Indicators",2024,"United Nations Population Division",344,"China, Hong Kong SAR","HK","HKG",61,"2010",4,"Median",2,"Female",31,15,49,"15-49",99,"All women",1,"Model-based Estimates",3,"Projection",5.3
4,"Unmet need for family planning: Any method (Percent)","Unmet need","Estimates and Projections of Family Planning Indicators",2024,"United Nations Population Division",344,"China, Hong Kong SAR","HK","HKG",62,"2011",4,"Median",2,"Female",31,15,49,"15-49",99,"All women",1,"Model-based Estimates",3,"Projection",5.5
4,"Unmet need for family planning: Any method (Percent)","Unmet need","Estimates and Projections of Family Planning Indicators",2024,"United Nations Population Division",344,"China, Hong Kong SAR","HK","HKG",63,"2012",4,"Median",2,"Female",31,15,49,"15-49",99,"All women",1,"Model-based Estimates",3,"Projection",5.7
4,"Unmet need for family planning: Any method (Percent)","Unmet need","Estimates and Projections of Family Planning Indicators",2024,"United Nations Population Division",344,"China, Hong Kong SAR","HK","HKG",64,"2013",4,"Median",2,"Female",31,15,49,"15-49",99,"All women",1,"Model-based Estimates",3,"Projection",6
4,"Unmet need for family planning: Any method (Percent)","Unmet need","Estimates and Projections of Family Planning Indicators",2024,"United Nations Population Division",344,"China, Hong Kong SAR","HK","HKG",65,"2014",4,"Median",2,"Female",31,15,49,"15-49",99,"All women",1,"Model-based Estimates",3,"Projection",6.2
4,"Unmet need for family planning: Any method (Percent)","Unmet need","Estimates and Projections of Family Planning Indicators",2024,"United Nations Population Division",344,"China, Hong Kong SAR","HK","HKG",66,"2015",4,"Median",2,"Female",31,15,49,"15-49",99,"All women",1,"Model-based Estimates",3,"Projection",6.4
4,"Unmet need for family planning: Any method (Percent)","Unmet need","Estimates and Projections of Family Planning Indicators",2024,"United Nations Population Division",344,"China, Hong Kong SAR","HK","HKG",67,"2016",4,"Median",2,"Female",31,15,49,"15-49",99,"All women",1,"Model-based Estimates",3,"Projection",6.7
4,"Unmet need for family planning: Any method (Percent)","Unmet need","Estimates and Projections of Family Planning Indicators",2024,"United Nations Population Division",344,"China, Hong Kong SAR","HK","HKG",68,"2017",4,"Median",2,"Female",31,15,49,"15-49",99,"All women",1,"Model-based Estimates",3,"Projection",6.9
4,"Unmet need for family planning: Any method (Percent)","Unmet need","Estimates and Projections of Family Planning Indicators",2024,"United Nations Population Division",344,"China, Hong Kong SAR","HK","HKG",69,"2018",4,"Median",2,"Female",31,15,49,"15-49",99,"All women",1,"Model-based Estimates",3,"Projection",6.9
4,"Unmet need for family planning: Any method (Percent)","Unmet need","Estimates and Projections of Family Planning Indicators",2024,"United Nations Population Division",344,"China, Hong Kong SAR","HK","HKG",70,"2019",4,"Median",2,"Female",31,15,49,"15-49",99,"All women",1,"Model-based Estimates",3,"Projection",6.9
4,"Unmet need for family planning: Any method (Percent)","Unmet need","Estimates and Projections of Family Planning Indicators",2024,"United Nations Population Division",344,"China, Hong Kong SAR","HK","HKG",71,"2020",4,"Median",2,"Female",31,15,49,"15-49",99,"All women",1,"Model-based Estimates",3,"Projection",6.9
4,"Unmet need for family planning: Any method (Percent)","Unmet need","Estimates and Projections of Family Planning Indicators",2024,"United Nations Population Division",344,"China, Hong Kong SAR","HK","HKG",72,"2021",4,"Median",2,"Female",31,15,49,"15-49",99,"All women",1,"Model-based Estimates",3,"Projection",6.8
4,"Unmet need for family planning: Any method (Percent)","Unmet need","Estimates and Projections of Family Planning Indicators",2024,"United Nations Population Division",344,"China, Hong Kong SAR","HK","HKG",73,"2022",4,"Median",2,"Female",31,15,49,"15-49",99,"All women",1,"Model-based Estimates",3,"Projection",6.8
4,"Unmet need for family planning: Any method (Percent)","Unmet need","Estimates and Projections of Family Planning Indicators",2024,"United Nations Population Division",356,"India","IN","IND",59,"2008",4,"Median",2,"Female",31,15,49,"15-49",99,"All women",1,"Model-based Estimates",2,"Interpolation",10.6
4,"Unmet need for family planning: Any method (Percent)","Unmet need","Estimates and Projections of Family Planning Indicators",2024,"United Nations Population Division",356,"India","IN","IND",60,"2009",4,"Median",2,"Female",31,15,49,"15-49",99,"All women",1,"Model-based Estimates",2,"Interpolation",10.4
4,"Unmet need for family planning: Any method (Percent)","Unmet need","Estimates and Projections of Family Planning Indicators",2024,"United Nations Population Division",356,"India","IN","IND",61,"2010",4,"Median",2,"Female",31,15,49,"15-49",99,"All women",1,"Model-based Estimates",2,"Interpolation",10.2
4,"Unmet need for family planning: Any method (Percent)","Unmet need","Estimates and Projections of Family Planning Indicators",2024,"United Nations Population Division",356,"India","IN","IND",62,"2011",4,"Median",2,"Female",31,15,49,"15-49",99,"All women",1,"Model-based Estimates",2,"Interpolation",10
4,"Unmet need for family planning: Any method (Percent)","Unmet need","Estimates and Projections of Family Planning Indicators",2024,"United Nations Population Division",356,"India","IN","IND",63,"2012",4,"Median",2,"Female",31,15,49,"15-49",99,"All women",1,"Model-based Estimates",2,"Interpolation",9.9
4,"Unmet need for family planning: Any method (Percent)","Unmet need","Estimates and Projections of Family Planning Indicators",2024,"United Nations Population Division",356,"India","IN","IND",64,"2013",4,"Median",2,"Female",31,15,49,"15-49",99,"All women",1,"Model-based Estimates",2,"Interpolation",9.6
4,"Unmet need for family planning: Any method (Percent)","Unmet need","Estimates and Projections of Family Planning Indicators",2024,"United Nations Population Division",356,"India","IN","IND",65,"2014",4,"Median",2,"Female",31,15,49,"15-49",99,"All women",1,"Model-based Estimates",2,"Interpolation",9.4
4,"Unmet need for family planning: Any method (Percent)","Unmet need","Estimates and Projections of Family Planning Indicators",2024,"United Nations Population Division",356,"India","IN","IND",66,"2015",4,"Median",2,"Female",31,15,49,"15-49",99,"All women",1,"Model-based Estimates",2,"Interpolation",9
4,"Unmet need for family planning: Any method (Percent)","Unmet need","Estimates and Projections of Family Planning Indicators",2024,"United Nations Population Division",356,"India","IN","IND",67,"2016",4,"Median",2,"Female",31,15,49,"15-49",99,"All women",1,"Model-based Estimates",2,"Interpolation",8.7
4,"Unmet need for family planning: Any method (Percent)","Unmet need","Estimates and Projections of Family Planning Indicators",2024,"United Nations Population Division",356,"India","IN","IND",68,"2017",4,"Median",2,"Female",31,15,49,"15-49",99,"All women",1,"Model-based Estimates",2,"Interpolation",8.3
4,"Unmet need for family planning: Any method (Percent)","Unmet need","Estimates and Projections of Family Planning Indicators",2024,"United Nations Population Division",356,"India","IN","IND",69,"2018",4,"Median",2,"Female",31,15,49,"15-49",99,"All women",1,"Model-based Estimates",2,"Interpolation",7.9
4,"Unmet need for family planning: Any method (Percent)","Unmet need","Estimates and Projections of Family Planning Indicators",2024,"United Nations Population Division",356,"India","IN","IND",70,"2019",4,"Median",2,"Female",31,15,49,"15-49",99,"All women",1,"Model-based Estimates",2,"Interpolation",7.5
4,"Unmet need for family planning: Any method (Percent)","Unmet need","Estimates and Projections of Family Planning Indicators",2024,"United Nations Population Division",356,"India","IN","IND",71,"2020",4,"Median",2,"Female",31,15,49,"15-49",99,"All women",1,"Model-based Estimates",2,"Interpolation",7.2
4,"Unmet need for family planning: Any method (Percent)","Unmet need","Estimates and Projections of Family Planning Indicators",2024,"United Nations Population Division",356,"India","IN","IND",72,"2021",4,"Median",2,"Female",31,15,49,"15-49",99,"All women",1,"Model-based Estimates",2,"Interpolation",6.9
4,"Unmet need for family planning: Any method (Percent)","Unmet need","Estimates and Projections of Family Planning Indicators",2024,"United Nations Population Division",356,"India","IN","IND",73,"2022",4,"Median",2,"Female",31,15,49,"15-49",99,"All women",1,"Model-based Estimates",3,"Projection",6.8
4,"Unmet need for family planning: Any method (Percent)","Unmet need","Estimates and Projections of Family Planning Indicators",2024,"United Nations Population Division",360,"Indonesia","ID","IDN",59,"2008",4,"Median",2,"Female",31,15,49,"15-49",99,"All women",1,"Model-based Estimates",2,"Interpolation",9.8
4,"Unmet need for family planning: Any method (Percent)","Unmet need","Estimates and Projections of Family Planning Indicators",2024,"United Nations Population Division",360,"Indonesia","ID","IDN",60,"2009",4,"Median",2,"Female",31,15,49,"15-49",99,"All women",1,"Model-based Estimates",2,"Interpolation",9.4
4,"Unmet need for family planning: Any method (Percent)","Unmet need","Estimates and Projections of Family Planning Indicators",2024,"United Nations Population Division",360,"Indonesia","ID","IDN",61,"2010",4,"Median",2,"Female",31,15,49,"15-49",99,"All women",1,"Model-based Estimates",2,"Interpolation",9.1
4,"Unmet need for family planning: Any method (Percent)","Unmet need","Estimates and Projections of Family Planning Indicators",2024,"United Nations Population Division",360,"Indonesia","ID","IDN",62,"2011",4,"Median",2,"Female",31,15,49,"15-49",99,"All women",1,"Model-based Estimates",2,"Interpolation",8.8
4,"Unmet need for family planning: Any method (Percent)","Unmet need","Estimates and Projections of Family Planning Indicators",2024,"United Nations Population Division",360,"Indonesia","ID","IDN",63,"2012",4,"Median",2,"Female",31,15,49,"15-49",99,"All women",1,"Model-based Estimates",2,"Interpolation",8.6
4,"Unmet need for family planning: Any method (Percent)","Unmet need","Estimates and Projections of Family Planning Indicators",2024,"United Nations Population Division",360,"Indonesia","ID","IDN",64,"2013",4,"Median",2,"Female",31,15,49,"15-49",99,"All women",1,"Model-based Estimates",2,"Interpolation",8.5
4,"Unmet need for family planning: Any method (Percent)","Unmet need","Estimates and Projections of Family Planning Indicators",2024,"United Nations Population Division",360,"Indonesia","ID","IDN",65,"2014",4,"Median",2,"Female",31,15,49,"15-49",99,"All women",1,"Model-based Estimates",2,"Interpolation",8.5
4,"Unmet need for family planning: Any method (Percent)","Unmet need","Estimates and Projections of Family Planning Indicators",2024,"United Nations Population Division",360,"Indonesia","ID","IDN",66,"2015",4,"Median",2,"Female",31,15,49,"15-49",99,"All women",1,"Model-based Estimates",2,"Interpolation",8.5
4,"Unmet need for family planning: Any method (Percent)","Unmet need","Estimates and Projections of Family Planning Indicators",2024,"United Nations Population Division",360,"Indonesia","ID","IDN",67,"2016",4,"Median",2,"Female",31,15,49,"15-49",99,"All women",1,"Model-based Estimates",2,"Interpolation",8.6
4,"Unmet need for family planning: Any method (Percent)","Unmet need","Estimates and Projections of Family Planning Indicators",2024,"United Nations Population Division",360,"Indonesia","ID","IDN",68,"2017",4,"Median",2,"Female",31,15,49,"15-49",99,"All women",1,"Model-based Estimates",2,"Interpolation",8.6
4,"Unmet need for family planning: Any method (Percent)","Unmet need","Estimates and Projections of Family Planning Indicators",2024,"United Nations Population Division",360,"Indonesia","ID","IDN",69,"2018",4,"Median",2,"Female",31,15,49,"15-49",99,"All women",1,"Model-based Estimates",3,"Projection",9.2
4,"Unmet need for family planning: Any method (Percent)","Unmet need","Estimates and Projections of Family Planning Indicators",2024,"United Nations Population Division",360,"Indonesia","ID","IDN",70,"2019",4,"Median",2,"Female",31,15,49,"15-49",99,"All women",1,"Model-based Estimates",3,"Projection",9.8
4,"Unmet need for family planning: Any method (Percent)","Unmet need","Estimates and Projections of Family Planning Indicators",2024,"United Nations Population Division",360,"Indonesia","ID","IDN",71,"2020",4,"Median",2,"Female",31,15,49,"15-49",99,"All women",1,"Model-based Estimates",3,"Projection",10.1
4,"Unmet need for family planning: Any method (Percent)","Unmet need","Estimates and Projections of Family Planning Indicators",2024,"United Nations Population Division",360,"Indonesia","ID","IDN",72,"2021",4,"Median",2,"Female",31,15,49,"15-49",99,"All women",1,"Model-based Estimates",3,"Projection",10.3
4,"Unmet need for family planning: Any method (Percent)","Unmet need","Estimates and Projections of Family Planning Indicators",2024,"United Nations Population Division",360,"Indonesia","ID","IDN",73,"2022",4,"Median",2,"Female",31,15,49,"15-49",99,"All women",1,"Model-based Estimates",3,"Projection",10.4
4,"Unmet need for family planning: Any method (Percent)","Unmet need","Estimates and Projections of Family Planning Indicators",2024,"United Nations Population Division",364,"Iran (Islamic Republic of)","IR","IRN",59,"2008",4,"Median",2,"Female",31,15,49,"15-49",99,"All women",1,"Model-based Estimates",3,"Projection",3.6
4,"Unmet need for family planning: Any method (Percent)","Unmet need","Estimates and Projections of Family Planning Indicators",2024,"United Nations Population Division",364,"Iran (Islamic Republic of)","IR","IRN",60,"2009",4,"Median",2,"Female",31,15,49,"15-49",99,"All women",1,"Model-based Estimates",3,"Projection",3.5
4,"Unmet need for family planning: Any method (Percent)","Unmet need","Estimates and Projections of Family Planning Indicators",2024,"United Nations Population Division",364,"Iran (Islamic Republic of)","IR","IRN",61,"2010",4,"Median",2,"Female",31,15,49,"15-49",99,"All women",1,"Model-based Estimates",2,"Interpolation",3.4
4,"Unmet need for family planning: Any method (Percent)","Unmet need","Estimates and Projections of Family Planning Indicators",2024,"United Nations Population Division",364,"Iran (Islamic Republic of)","IR","IRN",62,"2011",4,"Median",2,"Female",31,15,49,"15-49",99,"All women",1,"Model-based Estimates",2,"Interpolation",3.4
4,"Unmet need for family planning: Any method (Percent)","Unmet need","Estimates and Projections of Family Planning Indicators",2024,"United Nations Population Division",364,"Iran (Islamic Republic of)","IR","IRN",63,"2012",4,"Median",2,"Female",31,15,49,"15-49",99,"All women",1,"Model-based Estimates",3,"Projection",3.3
4,"Unmet need for family planning: Any method (Percent)","Unmet need","Estimates and Projections of Family Planning Indicators",2024,"United Nations Population Division",364,"Iran (Islamic Republic of)","IR","IRN",64,"2013",4,"Median",2,"Female",31,15,49,"15-49",99,"All women",1,"Model-based Estimates",3,"Projection",3.3
4,"Unmet need for family planning: Any method (Percent)","Unmet need","Estimates and Projections of Family Planning Indicators",2024,"United Nations Population Division",364,"Iran (Islamic Republic of)","IR","IRN",65,"2014",4,"Median",2,"Female",31,15,49,"15-49",99,"All women",1,"Model-based Estimates",3,"Projection",3.3
4,"Unmet need for family planning: Any method (Percent)","Unmet need","Estimates and Projections of Family Planning Indicators",2024,"United Nations Population Division",364,"Iran (Islamic Republic of)","IR","IRN",66,"2015",4,"Median",2,"Female",31,15,49,"15-49",99,"All women",1,"Model-based Estimates",3,"Projection",3.3
4,"Unmet need for family planning: Any method (Percent)","Unmet need","Estimates and Projections of Family Planning Indicators",2024,"United Nations Population Division",364,"Iran (Islamic Republic of)","IR","IRN",67,"2016",4,"Median",2,"Female",31,15,49,"15-49",99,"All women",1,"Model-based Estimates",3,"Projection",3.3
4,"Unmet need for family planning: Any method (Percent)","Unmet need","Estimates and Projections of Family Planning Indicators",2024,"United Nations Population Division",364,"Iran (Islamic Republic of)","IR","IRN",68,"2017",4,"Median",2,"Female",31,15,49,"15-49",99,"All women",1,"Model-based Estimates",3,"Projection",3.2
4,"Unmet need for family planning: Any method (Percent)","Unmet need","Estimates and Projections of Family Planning Indicators",2024,"United Nations Population Division",364,"Iran (Islamic Republic of)","IR","IRN",69,"2018",4,"Median",2,"Female",31,15,49,"15-49",99,"All women",1,"Model-based Estimates",3,"Projection",3.2
4,"Unmet need for family planning: Any method (Percent)","Unmet need","Estimates and Projections of Family Planning Indicators",2024,"United Nations Population Division",364,"Iran (Islamic Republic of)","IR","IRN",70,"2019",4,"Median",2,"Female",31,15,49,"15-49",99,"All women",1,"Model-based Estimates",3,"Projection",3.2
4,"Unmet need for family planning: Any method (Percent)","Unmet need","Estimates and Projections of Family Planning Indicators",2024,"United Nations Population Division",364,"Iran (Islamic Republic of)","IR","IRN",71,"2020",4,"Median",2,"Female",31,15,49,"15-49",99,"All women",1,"Model-based Estimates",3,"Projection",3.2
4,"Unmet need for family planning: Any method (Percent)","Unmet need","Estimates and Projections of Family Planning Indicators",2024,"United Nations Population Division",364,"Iran (Islamic Republic of)","IR","IRN",72,"2021",4,"Median",2,"Female",31,15,49,"15-49",99,"All women",1,"Model-based Estimates",3,"Projection",3.2
4,"Unmet need for family planning: Any method (Percent)","Unmet need","Estimates and Projections of Family Planning Indicators",2024,"United Nations Population Division",364,"Iran (Islamic Republic of)","IR","IRN",73,"2022",4,"Median",2,"Female",31,15,49,"15-49",99,"All women",1,"Model-based Estimates",3,"Projection",3.1
4,"Unmet need for family planning: Any method (Percent)","Unmet need","Estimates and Projections of Family Planning Indicators",2024,"United Nations Population Division",368,"Iraq","IQ","IRQ",59,"2008",4,"Median",2,"Female",31,15,49,"15-49",99,"All women",1,"Model-based Estimates",3,"Projection",8.2
4,"Unmet need for family planning: Any method (Percent)","Unmet need","Estimates and Projections of Family Planning Indicators",2024,"United Nations Population Division",368,"Iraq","IQ","IRQ",60,"2009",4,"Median",2,"Female",31,15,49,"15-49",99,"All women",1,"Model-based Estimates",3,"Projection",8
4,"Unmet need for family planning: Any method (Percent)","Unmet need","Estimates and Projections of Family Planning Indicators",2024,"United Nations Population Division",368,"Iraq","IQ","IRQ",61,"2010",4,"Median",2,"Female",31,15,49,"15-49",99,"All women",1,"Model-based Estimates",3,"Projection",7.9
4,"Unmet need for family planning: Any method (Percent)","Unmet need","Estimates and Projections of Family Planning Indicators",2024,"United Nations Population Division",368,"Iraq","IQ","IRQ",62,"2011",4,"Median",2,"Female",31,15,49,"15-49",99,"All women",1,"Model-based Estimates",2,"Interpolation",7.8
4,"Unmet need for family planning: Any method (Percent)","Unmet need","Estimates and Projections of Family Planning Indicators",2024,"United Nations Population Division",368,"Iraq","IQ","IRQ",63,"2012",4,"Median",2,"Female",31,15,49,"15-49",99,"All women",1,"Model-based Estimates",2,"Interpolation",7.8
4,"Unmet need for family planning: Any method (Percent)","Unmet need","Estimates and Projections of Family Planning Indicators",2024,"United Nations Population Division",368,"Iraq","IQ","IRQ",64,"2013",4,"Median",2,"Female",31,15,49,"15-49",99,"All women",1,"Model-based Estimates",2,"Interpolation",7.9
4,"Unmet need for family planning: Any method (Percent)","Unmet need","Estimates and Projections of Family Planning Indicators",2024,"United Nations Population Division",368,"Iraq","IQ","IRQ",65,"2014",4,"Median",2,"Female",31,15,49,"15-49",99,"All women",1,"Model-based Estimates",2,"Interpolation",8
4,"Unmet need for family planning: Any method (Percent)","Unmet need","Estimates and Projections of Family Planning Indicators",2024,"United Nations Population Division",368,"Iraq","IQ","IRQ",66,"2015",4,"Median",2,"Female",31,15,49,"15-49",99,"All women",1,"Model-based Estimates",2,"Interpolation",8.1
4,"Unmet need for family planning: Any method (Percent)","Unmet need","Estimates and Projections of Family Planning Indicators",2024,"United Nations Population Division",368,"Iraq","IQ","IRQ",67,"2016",4,"Median",2,"Female",31,15,49,"15-49",99,"All women",1,"Model-based Estimates",2,"Interpolation",8.1
4,"Unmet need for family planning: Any method (Percent)","Unmet need","Estimates and Projections of Family Planning Indicators",2024,"United Nations Population Division",368,"Iraq","IQ","IRQ",68,"2017",4,"Median",2,"Female",31,15,49,"15-49",99,"All women",1,"Model-based Estimates",2,"Interpolation",8.2
4,"Unmet need for family planning: Any method (Percent)","Unmet need","Estimates and Projections of Family Planning Indicators",2024,"United Nations Population Division",368,"Iraq","IQ","IRQ",69,"2018",4,"Median",2,"Female",31,15,49,"15-49",99,"All women",1,"Model-based Estimates",2,"Interpolation",8.3
4,"Unmet need for family planning: Any method (Percent)","Unmet need","Estimates and Projections of Family Planning Indicators",2024,"United Nations Population Division",368,"Iraq","IQ","IRQ",70,"2019",4,"Median",2,"Female",31,15,49,"15-49",99,"All women",1,"Model-based Estimates",3,"Projection",8.3
4,"Unmet need for family planning: Any method (Percent)","Unmet need","Estimates and Projections of Family Planning Indicators",2024,"United Nations Population Division",368,"Iraq","IQ","IRQ",71,"2020",4,"Median",2,"Female",31,15,49,"15-49",99,"All women",1,"Model-based Estimates",3,"Projection",8.3
4,"Unmet need for family planning: Any method (Percent)","Unmet need","Estimates and Projections of Family Planning Indicators",2024,"United Nations Population Division",368,"Iraq","IQ","IRQ",72,"2021",4,"Median",2,"Female",31,15,49,"15-49",99,"All women",1,"Model-based Estimates",3,"Projection",8.2
4,"Unmet need for family planning: Any method (Percent)","Unmet need","Estimates and Projections of Family Planning Indicators",2024,"United Nations Population Division",368,"Iraq","IQ","IRQ",73,"2022",4,"Median",2,"Female",31,15,49,"15-49",99,"All women",1,"Model-based Estimates",3,"Projection",8.2
4,"Unmet need for family planning: Any method (Percent)","Unmet need","Estimates and Projections of Family Planning Indicators",2024,"United Nations Population Division",376,"Israel","IL","ISR",59,"2008",4,"Median",2,"Female",31,15,49,"15-49",99,"All women",1,"Model-based Estimates",3,"Projection",5.7
4,"Unmet need for family planning: Any method (Percent)","Unmet need","Estimates and Projections of Family Planning Indicators",2024,"United Nations Population Division",376,"Israel","IL","ISR",60,"2009",4,"Median",2,"Female",31,15,49,"15-49",99,"All women",1,"Model-based Estimates",3,"Projection",5.6
4,"Unmet need for family planning: Any method (Percent)","Unmet need","Estimates and Projections of Family Planning Indicators",2024,"United Nations Population Division",376,"Israel","IL","ISR",61,"2010",4,"Median",2,"Female",31,15,49,"15-49",99,"All women",1,"Model-based Estimates",3,"Projection",5.6
4,"Unmet need for family planning: Any method (Percent)","Unmet need","Estimates and Projections of Family Planning Indicators",2024,"United Nations Population Division",376,"Israel","IL","ISR",62,"2011",4,"Median",2,"Female",31,15,49,"15-49",99,"All women",1,"Model-based Estimates",3,"Projection",5.6
4,"Unmet need for family planning: Any method (Percent)","Unmet need","Estimates and Projections of Family Planning Indicators",2024,"United Nations Population Division",376,"Israel","IL","ISR",63,"2012",4,"Median",2,"Female",31,15,49,"15-49",99,"All women",1,"Model-based Estimates",3,"Projection",5.5
4,"Unmet need for family planning: Any method (Percent)","Unmet need","Estimates and Projections of Family Planning Indicators",2024,"United Nations Population Division",376,"Israel","IL","ISR",64,"2013",4,"Median",2,"Female",31,15,49,"15-49",99,"All women",1,"Model-based Estimates",3,"Projection",5.5
4,"Unmet need for family planning: Any method (Percent)","Unmet need","Estimates and Projections of Family Planning Indicators",2024,"United Nations Population Division",376,"Israel","IL","ISR",65,"2014",4,"Median",2,"Female",31,15,49,"15-49",99,"All women",1,"Model-based Estimates",3,"Projection",5.5
4,"Unmet need for family planning: Any method (Percent)","Unmet need","Estimates and Projections of Family Planning Indicators",2024,"United Nations Population Division",376,"Israel","IL","ISR",66,"2015",4,"Median",2,"Female",31,15,49,"15-49",99,"All women",1,"Model-based Estimates",3,"Projection",5.5
4,"Unmet need for family planning: Any method (Percent)","Unmet need","Estimates and Projections of Family Planning Indicators",2024,"United Nations Population Division",376,"Israel","IL","ISR",67,"2016",4,"Median",2,"Female",31,15,49,"15-49",99,"All women",1,"Model-based Estimates",3,"Projection",5.4
4,"Unmet need for family planning: Any method (Percent)","Unmet need","Estimates and Projections of Family Planning Indicators",2024,"United Nations Population Division",376,"Israel","IL","ISR",68,"2017",4,"Median",2,"Female",31,15,49,"15-49",99,"All women",1,"Model-based Estimates",3,"Projection",5.4
4,"Unmet need for family planning: Any method (Percent)","Unmet need","Estimates and Projections of Family Planning Indicators",2024,"United Nations Population Division",376,"Israel","IL","ISR",69,"2018",4,"Median",2,"Female",31,15,49,"15-49",99,"All women",1,"Model-based Estimates",3,"Projection",5.3
4,"Unmet need for family planning: Any method (Percent)","Unmet need","Estimates and Projections of Family Planning Indicators",2024,"United Nations Population Division",376,"Israel","IL","ISR",70,"2019",4,"Median",2,"Female",31,15,49,"15-49",99,"All women",1,"Model-based Estimates",3,"Projection",5.3
4,"Unmet need for family planning: Any method (Percent)","Unmet need","Estimates and Projections of Family Planning Indicators",2024,"United Nations Population Division",376,"Israel","IL","ISR",71,"2020",4,"Median",2,"Female",31,15,49,"15-49",99,"All women",1,"Model-based Estimates",3,"Projection",5.3
4,"Unmet need for family planning: Any method (Percent)","Unmet need","Estimates and Projections of Family Planning Indicators",2024,"United Nations Population Division",376,"Israel","IL","ISR",72,"2021",4,"Median",2,"Female",31,15,49,"15-49",99,"All women",1,"Model-based Estimates",3,"Projection",5.3
4,"Unmet need for family planning: Any method (Percent)","Unmet need","Estimates and Projections of Family Planning Indicators",2024,"United Nations Population Division",376,"Israel","IL","ISR",73,"2022",4,"Median",2,"Female",31,15,49,"15-49",99,"All women",1,"Model-based Estimates",3,"Projection",5.2
4,"Unmet need for family planning: Any method (Percent)","Unmet need","Estimates and Projections of Family Planning Indicators",2024,"United Nations Population Division",392,"Japan","JP","JPN",59,"2008",4,"Median",2,"Female",31,15,49,"15-49",99,"All women",1,"Model-based Estimates",3,"Projection",11.1
4,"Unmet need for family planning: Any method (Percent)","Unmet need","Estimates and Projections of Family Planning Indicators",2024,"United Nations Population Division",392,"Japan","JP","JPN",60,"2009",4,"Median",2,"Female",31,15,49,"15-49",99,"All women",1,"Model-based Estimates",3,"Projection",11.2
4,"Unmet need for family planning: Any method (Percent)","Unmet need","Estimates and Projections of Family Planning Indicators",2024,"United Nations Population Division",392,"Japan","JP","JPN",61,"2010",4,"Median",2,"Female",31,15,49,"15-49",99,"All women",1,"Model-based Estimates",3,"Projection",11.4
4,"Unmet need for family planning: Any method (Percent)","Unmet need","Estimates and Projections of Family Planning Indicators",2024,"United Nations Population Division",392,"Japan","JP","JPN",62,"2011",4,"Median",2,"Female",31,15,49,"15-49",99,"All women",1,"Model-based Estimates",3,"Projection",11.6
4,"Unmet need for family planning: Any method (Percent)","Unmet need","Estimates and Projections of Family Planning Indicators",2024,"United Nations Population Division",392,"Japan","JP","JPN",63,"2012",4,"Median",2,"Female",31,15,49,"15-49",99,"All women",1,"Model-based Estimates",3,"Projection",11.8
4,"Unmet need for family planning: Any method (Percent)","Unmet need","Estimates and Projections of Family Planning Indicators",2024,"United Nations Population Division",392,"Japan","JP","JPN",64,"2013",4,"Median",2,"Female",31,15,49,"15-49",99,"All women",1,"Model-based Estimates",3,"Projection",12
4,"Unmet need for family planning: Any method (Percent)","Unmet need","Estimates and Projections of Family Planning Indicators",2024,"United Nations Population Division",392,"Japan","JP","JPN",65,"2014",4,"Median",2,"Female",31,15,49,"15-49",99,"All women",1,"Model-based Estimates",3,"Projection",12.2
4,"Unmet need for family planning: Any method (Percent)","Unmet need","Estimates and Projections of Family Planning Indicators",2024,"United Nations Population Division",392,"Japan","JP","JPN",66,"2015",4,"Median",2,"Female",31,15,49,"15-49",99,"All women",1,"Model-based Estimates",3,"Projection",12.4
4,"Unmet need for family planning: Any method (Percent)","Unmet need","Estimates and Projections of Family Planning Indicators",2024,"United Nations Population Division",392,"Japan","JP","JPN",67,"2016",4,"Median",2,"Female",31,15,49,"15-49",99,"All women",1,"Model-based Estimates",3,"Projection",12.2
4,"Unmet need for family planning: Any method (Percent)","Unmet need","Estimates and Projections of Family Planning Indicators",2024,"United Nations Population Division",392,"Japan","JP","JPN",68,"2017",4,"Median",2,"Female",31,15,49,"15-49",99,"All women",1,"Model-based Estimates",3,"Projection",11.7
4,"Unmet need for family planning: Any method (Percent)","Unmet need","Estimates and Projections of Family Planning Indicators",2024,"United Nations Population Division",392,"Japan","JP","JPN",69,"2018",4,"Median",2,"Female",31,15,49,"15-49",99,"All women",1,"Model-based Estimates",3,"Projection",11.2
4,"Unmet need for family planning: Any method (Percent)","Unmet need","Estimates and Projections of Family Planning Indicators",2024,"United Nations Population Division",392,"Japan","JP","JPN",70,"2019",4,"Median",2,"Female",31,15,49,"15-49",99,"All women",1,"Model-based Estimates",3,"Projection",10.7
4,"Unmet need for family planning: Any method (Percent)","Unmet need","Estimates and Projections of Family Planning Indicators",2024,"United Nations Population Division",392,"Japan","JP","JPN",71,"2020",4,"Median",2,"Female",31,15,49,"15-49",99,"All women",1,"Model-based Estimates",3,"Projection",10.2
4,"Unmet need for family planning: Any method (Percent)","Unmet need","Estimates and Projections of Family Planning Indicators",2024,"United Nations Population Division",392,"Japan","JP","JPN",72,"2021",4,"Median",2,"Female",31,15,49,"15-49",99,"All women",1,"Model-based Estimates",3,"Projection",9.7
4,"Unmet need for family planning: Any method (Percent)","Unmet need","Estimates and Projections of Family Planning Indicators",2024,"United Nations Population Division",392,"Japan","JP","JPN",73,"2022",4,"Median",2,"Female",31,15,49,"15-49",99,"All women",1,"Model-based Estimates",3,"Projection",9.4
4,"Unmet need for family planning: Any method (Percent)","Unmet need","Estimates and Projections of Family Planning Indicators",2024,"United Nations Population Division",398,"Kazakhstan","KZ","KAZ",59,"2008",4,"Median",2,"Female",31,15,49,"15-49",99,"All women",1,"Model-based Estimates",2,"Interpolation",10.3
4,"Unmet need for family planning: Any method (Percent)","Unmet need","Estimates and Projections of Family Planning Indicators",2024,"United Nations Population Division",398,"Kazakhstan","KZ","KAZ",60,"2009",4,"Median",2,"Female",31,15,49,"15-49",99,"All women",1,"Model-based Estimates",2,"Interpolation",10.3
4,"Unmet need for family planning: Any method (Percent)","Unmet need","Estimates and Projections of Family Planning Indicators",2024,"United Nations Population Division",398,"Kazakhstan","KZ","KAZ",61,"2010",4,"Median",2,"Female",31,15,49,"15-49",99,"All women",1,"Model-based Estimates",2,"Interpolation",10.3
4,"Unmet need for family planning: Any method (Percent)","Unmet need","Estimates and Projections of Family Planning Indicators",2024,"United Nations Population Division",398,"Kazakhstan","KZ","KAZ",62,"2011",4,"Median",2,"Female",31,15,49,"15-49",99,"All women",1,"Model-based Estimates",2,"Interpolation",10.3
4,"Unmet need for family planning: Any method (Percent)","Unmet need","Estimates and Projections of Family Planning Indicators",2024,"United Nations Population Division",398,"Kazakhstan","KZ","KAZ",63,"2012",4,"Median",2,"Female",31,15,49,"15-49",99,"All women",1,"Model-based Estimates",2,"Interpolation",10.4
4,"Unmet need for family planning: Any method (Percent)","Unmet need","Estimates and Projections of Family Planning Indicators",2024,"United Nations Population Division",398,"Kazakhstan","KZ","KAZ",64,"2013",4,"Median",2,"Female",31,15,49,"15-49",99,"All women",1,"Model-based Estimates",2,"Interpolation",10.4
4,"Unmet need for family planning: Any method (Percent)","Unmet need","Estimates and Projections of Family Planning Indicators",2024,"United Nations Population Division",398,"Kazakhstan","KZ","KAZ",65,"2014",4,"Median",2,"Female",31,15,49,"15-49",99,"All women",1,"Model-based Estimates",2,"Interpolation",10.5
4,"Unmet need for family planning: Any method (Percent)","Unmet need","Estimates and Projections of Family Planning Indicators",2024,"United Nations Population Division",398,"Kazakhstan","KZ","KAZ",66,"2015",4,"Median",2,"Female",31,15,49,"15-49",99,"All women",1,"Model-based Estimates",2,"Interpolation",10.5
4,"Unmet need for family planning: Any method (Percent)","Unmet need","Estimates and Projections of Family Planning Indicators",2024,"United Nations Population Division",398,"Kazakhstan","KZ","KAZ",67,"2016",4,"Median",2,"Female",31,15,49,"15-49",99,"All women",1,"Model-based Estimates",2,"Interpolation",10.6
4,"Unmet need for family planning: Any method (Percent)","Unmet need","Estimates and Projections of Family Planning Indicators",2024,"United Nations Population Division",398,"Kazakhstan","KZ","KAZ",68,"2017",4,"Median",2,"Female",31,15,49,"15-49",99,"All women",1,"Model-based Estimates",2,"Interpolation",10.8
4,"Unmet need for family planning: Any method (Percent)","Unmet need","Estimates and Projections of Family Planning Indicators",2024,"United Nations Population Division",398,"Kazakhstan","KZ","KAZ",69,"2018",4,"Median",2,"Female",31,15,49,"15-49",99,"All women",1,"Model-based Estimates",2,"Interpolation",10.9
4,"Unmet need for family planning: Any method (Percent)","Unmet need","Estimates and Projections of Family Planning Indicators",2024,"United Nations Population Division",398,"Kazakhstan","KZ","KAZ",70,"2019",4,"Median",2,"Female",31,15,49,"15-49",99,"All women",1,"Model-based Estimates",3,"Projection",10.8
4,"Unmet need for family planning: Any method (Percent)","Unmet need","Estimates and Projections of Family Planning Indicators",2024,"United Nations Population Division",398,"Kazakhstan","KZ","KAZ",71,"2020",4,"Median",2,"Female",31,15,49,"15-49",99,"All women",1,"Model-based Estimates",3,"Projection",10.8
4,"Unmet need for family planning: Any method (Percent)","Unmet need","Estimates and Projections of Family Planning Indicators",2024,"United Nations Population Division",398,"Kazakhstan","KZ","KAZ",72,"2021",4,"Median",2,"Female",31,15,49,"15-49",99,"All women",1,"Model-based Estimates",3,"Projection",10.6
4,"Unmet need for family planning: Any method (Percent)","Unmet need","Estimates and Projections of Family Planning Indicators",2024,"United Nations Population Division",398,"Kazakhstan","KZ","KAZ",73,"2022",4,"Median",2,"Female",31,15,49,"15-49",99,"All women",1,"Model-based Estimates",3,"Projection",10.5
4,"Unmet need for family planning: Any method (Percent)","Unmet need","Estimates and Projections of Family Planning Indicators",2024,"United Nations Population Division",400,"Jordan","JO","JOR",59,"2008",4,"Median",2,"Female",31,15,49,"15-49",99,"All women",1,"Model-based Estimates",2,"Interpolation",7.7
4,"Unmet need for family planning: Any method (Percent)","Unmet need","Estimates and Projections of Family Planning Indicators",2024,"United Nations Population Division",400,"Jordan","JO","JOR",60,"2009",4,"Median",2,"Female",31,15,49,"15-49",99,"All women",1,"Model-based Estimates",2,"Interpolation",7.5
4,"Unmet need for family planning: Any method (Percent)","Unmet need","Estimates and Projections of Family Planning Indicators",2024,"United Nations Population Division",400,"Jordan","JO","JOR",61,"2010",4,"Median",2,"Female",31,15,49,"15-49",99,"All women",1,"Model-based Estimates",2,"Interpolation",7.3
4,"Unmet need for family planning: Any method (Percent)","Unmet need","Estimates and Projections of Family Planning Indicators",2024,"United Nations Population Division",400,"Jordan","JO","JOR",62,"2011",4,"Median",2,"Female",31,15,49,"15-49",99,"All women",1,"Model-based Estimates",2,"Interpolation",7.1
4,"Unmet need for family planning: Any method (Percent)","Unmet need","Estimates and Projections of Family Planning Indicators",2024,"United Nations Population Division",400,"Jordan","JO","JOR",63,"2012",4,"Median",2,"Female",31,15,49,"15-49",99,"All women",1,"Model-based Estimates",2,"Interpolation",7
4,"Unmet need for family planning: Any method (Percent)","Unmet need","Estimates and Projections of Family Planning Indicators",2024,"United Nations Population Division",400,"Jordan","JO","JOR",64,"2013",4,"Median",2,"Female",31,15,49,"15-49",99,"All women",1,"Model-based Estimates",2,"Interpolation",7.1
4,"Unmet need for family planning: Any method (Percent)","Unmet need","Estimates and Projections of Family Planning Indicators",2024,"United Nations Population Division",400,"Jordan","JO","JOR",65,"2014",4,"Median",2,"Female",31,15,49,"15-49",99,"All women",1,"Model-based Estimates",2,"Interpolation",7.3
4,"Unmet need for family planning: Any method (Percent)","Unmet need","Estimates and Projections of Family Planning Indicators",2024,"United Nations Population Division",400,"Jordan","JO","JOR",66,"2015",4,"Median",2,"Female",31,15,49,"15-49",99,"All women",1,"Model-based Estimates",2,"Interpolation",7.5
4,"Unmet need for family planning: Any method (Percent)","Unmet need","Estimates and Projections of Family Planning Indicators",2024,"United Nations Population Division",400,"Jordan","JO","JOR",67,"2016",4,"Median",2,"Female",31,15,49,"15-49",99,"All women",1,"Model-based Estimates",2,"Interpolation",7.6
4,"Unmet need for family planning: Any method (Percent)","Unmet need","Estimates and Projections of Family Planning Indicators",2024,"United Nations Population Division",400,"Jordan","JO","JOR",68,"2017",4,"Median",2,"Female",31,15,49,"15-49",99,"All women",1,"Model-based Estimates",2,"Interpolation",7.7
4,"Unmet need for family planning: Any method (Percent)","Unmet need","Estimates and Projections of Family Planning Indicators",2024,"United Nations Population Division",400,"Jordan","JO","JOR",69,"2018",4,"Median",2,"Female",31,15,49,"15-49",99,"All women",1,"Model-based Estimates",2,"Interpolation",7.6
4,"Unmet need for family planning: Any method (Percent)","Unmet need","Estimates and Projections of Family Planning Indicators",2024,"United Nations Population Division",400,"Jordan","JO","JOR",70,"2019",4,"Median",2,"Female",31,15,49,"15-49",99,"All women",1,"Model-based Estimates",2,"Interpolation",7.5
4,"Unmet need for family planning: Any method (Percent)","Unmet need","Estimates and Projections of Family Planning Indicators",2024,"United Nations Population Division",400,"Jordan","JO","JOR",71,"2020",4,"Median",2,"Female",31,15,49,"15-49",99,"All women",1,"Model-based Estimates",2,"Interpolation",7.3
4,"Unmet need for family planning: Any method (Percent)","Unmet need","Estimates and Projections of Family Planning Indicators",2024,"United Nations Population Division",400,"Jordan","JO","JOR",72,"2021",4,"Median",2,"Female",31,15,49,"15-49",99,"All women",1,"Model-based Estimates",2,"Interpolation",7
4,"Unmet need for family planning: Any method (Percent)","Unmet need","Estimates and Projections of Family Planning Indicators",2024,"United Nations Population Division",400,"Jordan","JO","JOR",73,"2022",4,"Median",2,"Female",31,15,49,"15-49",99,"All women",1,"Model-based Estimates",2,"Interpolation",6.8
4,"Unmet need for family planning: Any method (Percent)","Unmet need","Estimates and Projections of Family Planning Indicators",2024,"United Nations Population Division",408,"Dem. People's Rep. of Korea","KP","PRK",59,"2008",4,"Median",2,"Female",31,15,49,"15-49",99,"All women",1,"Model-based Estimates",2,"Interpolation",10.2
4,"Unmet need for family planning: Any method (Percent)","Unmet need","Estimates and Projections of Family Planning Indicators",2024,"United Nations Population Division",408,"Dem. People's Rep. of Korea","KP","PRK",60,"2009",4,"Median",2,"Female",31,15,49,"15-49",99,"All women",1,"Model-based Estimates",2,"Interpolation",9.8
4,"Unmet need for family planning: Any method (Percent)","Unmet need","Estimates and Projections of Family Planning Indicators",2024,"United Nations Population Division",408,"Dem. People's Rep. of Korea","KP","PRK",61,"2010",4,"Median",2,"Female",31,15,49,"15-49",99,"All women",1,"Model-based Estimates",2,"Interpolation",9.4
4,"Unmet need for family planning: Any method (Percent)","Unmet need","Estimates and Projections of Family Planning Indicators",2024,"United Nations Population Division",408,"Dem. People's Rep. of Korea","KP","PRK",62,"2011",4,"Median",2,"Female",31,15,49,"15-49",99,"All women",1,"Model-based Estimates",2,"Interpolation",8.8
4,"Unmet need for family planning: Any method (Percent)","Unmet need","Estimates and Projections of Family Planning Indicators",2024,"United Nations Population Division",408,"Dem. People's Rep. of Korea","KP","PRK",63,"2012",4,"Median",2,"Female",31,15,49,"15-49",99,"All women",1,"Model-based Estimates",2,"Interpolation",8.2
4,"Unmet need for family planning: Any method (Percent)","Unmet need","Estimates and Projections of Family Planning Indicators",2024,"United Nations Population Division",408,"Dem. People's Rep. of Korea","KP","PRK",64,"2013",4,"Median",2,"Female",31,15,49,"15-49",99,"All women",1,"Model-based Estimates",2,"Interpolation",7.7
4,"Unmet need for family planning: Any method (Percent)","Unmet need","Estimates and Projections of Family Planning Indicators",2024,"United Nations Population Division",408,"Dem. People's Rep. of Korea","KP","PRK",65,"2014",4,"Median",2,"Female",31,15,49,"15-49",99,"All women",1,"Model-based Estimates",2,"Interpolation",7.3
4,"Unmet need for family planning: Any method (Percent)","Unmet need","Estimates and Projections of Family Planning Indicators",2024,"United Nations Population Division",408,"Dem. People's Rep. of Korea","KP","PRK",66,"2015",4,"Median",2,"Female",31,15,49,"15-49",99,"All women",1,"Model-based Estimates",2,"Interpolation",7.1
4,"Unmet need for family planning: Any method (Percent)","Unmet need","Estimates and Projections of Family Planning Indicators",2024,"United Nations Population Division",408,"Dem. People's Rep. of Korea","KP","PRK",67,"2016",4,"Median",2,"Female",31,15,49,"15-49",99,"All women",1,"Model-based Estimates",2,"Interpolation",7
4,"Unmet need for family planning: Any method (Percent)","Unmet need","Estimates and Projections of Family Planning Indicators",2024,"United Nations Population Division",408,"Dem. People's Rep. of Korea","KP","PRK",68,"2017",4,"Median",2,"Female",31,15,49,"15-49",99,"All women",1,"Model-based Estimates",2,"Interpolation",7
4,"Unmet need for family planning: Any method (Percent)","Unmet need","Estimates and Projections of Family Planning Indicators",2024,"United Nations Population Division",408,"Dem. People's Rep. of Korea","KP","PRK",69,"2018",4,"Median",2,"Female",31,15,49,"15-49",99,"All women",1,"Model-based Estimates",3,"Projection",7
4,"Unmet need for family planning: Any method (Percent)","Unmet need","Estimates and Projections of Family Planning Indicators",2024,"United Nations Population Division",408,"Dem. People's Rep. of Korea","KP","PRK",70,"2019",4,"Median",2,"Female",31,15,49,"15-49",99,"All women",1,"Model-based Estimates",3,"Projection",7
4,"Unmet need for family planning: Any method (Percent)","Unmet need","Estimates and Projections of Family Planning Indicators",2024,"United Nations Population Division",408,"Dem. People's Rep. of Korea","KP","PRK",71,"2020",4,"Median",2,"Female",31,15,49,"15-49",99,"All women",1,"Model-based Estimates",3,"Projection",7
4,"Unmet need for family planning: Any method (Percent)","Unmet need","Estimates and Projections of Family Planning Indicators",2024,"United Nations Population Division",408,"Dem. People's Rep. of Korea","KP","PRK",72,"2021",4,"Median",2,"Female",31,15,49,"15-49",99,"All women",1,"Model-based Estimates",3,"Projection",7
4,"Unmet need for family planning: Any method (Percent)","Unmet need","Estimates and Projections of Family Planning Indicators",2024,"United Nations Population Division",408,"Dem. People's Rep. of Korea","KP","PRK",73,"2022",4,"Median",2,"Female",31,15,49,"15-49",99,"All women",1,"Model-based Estimates",3,"Projection",7
4,"Unmet need for family planning: Any method (Percent)","Unmet need","Estimates and Projections of Family Planning Indicators",2024,"United Nations Population Division",410,"Republic of Korea","KR","KOR",59,"2008",4,"Median",2,"Female",31,15,49,"15-49",99,"All women",1,"Model-based Estimates",3,"Projection",5.5
4,"Unmet need for family planning: Any method (Percent)","Unmet need","Estimates and Projections of Family Planning Indicators",2024,"United Nations Population Division",410,"Republic of Korea","KR","KOR",60,"2009",4,"Median",2,"Female",31,15,49,"15-49",99,"All women",1,"Model-based Estimates",3,"Projection",5.5
4,"Unmet need for family planning: Any method (Percent)","Unmet need","Estimates and Projections of Family Planning Indicators",2024,"United Nations Population Division",410,"Republic of Korea","KR","KOR",61,"2010",4,"Median",2,"Female",31,15,49,"15-49",99,"All women",1,"Model-based Estimates",3,"Projection",5.5
4,"Unmet need for family planning: Any method (Percent)","Unmet need","Estimates and Projections of Family Planning Indicators",2024,"United Nations Population Division",410,"Republic of Korea","KR","KOR",62,"2011",4,"Median",2,"Female",31,15,49,"15-49",99,"All women",1,"Model-based Estimates",3,"Projection",5.5
4,"Unmet need for family planning: Any method (Percent)","Unmet need","Estimates and Projections of Family Planning Indicators",2024,"United Nations Population Division",410,"Republic of Korea","KR","KOR",63,"2012",4,"Median",2,"Female",31,15,49,"15-49",99,"All women",1,"Model-based Estimates",3,"Projection",5.4
4,"Unmet need for family planning: Any method (Percent)","Unmet need","Estimates and Projections of Family Planning Indicators",2024,"United Nations Population Division",410,"Republic of Korea","KR","KOR",64,"2013",4,"Median",2,"Female",31,15,49,"15-49",99,"All women",1,"Model-based Estimates",3,"Projection",5.3
4,"Unmet need for family planning: Any method (Percent)","Unmet need","Estimates and Projections of Family Planning Indicators",2024,"United Nations Population Division",410,"Republic of Korea","KR","KOR",65,"2014",4,"Median",2,"Female",31,15,49,"15-49",99,"All women",1,"Model-based Estimates",3,"Projection",5.2
4,"Unmet need for family planning: Any method (Percent)","Unmet need","Estimates and Projections of Family Planning Indicators",2024,"United Nations Population Division",410,"Republic of Korea","KR","KOR",66,"2015",4,"Median",2,"Female",31,15,49,"15-49",99,"All women",1,"Model-based Estimates",3,"Projection",5
4,"Unmet need for family planning: Any method (Percent)","Unmet need","Estimates and Projections of Family Planning Indicators",2024,"United Nations Population Division",410,"Republic of Korea","KR","KOR",67,"2016",4,"Median",2,"Female",31,15,49,"15-49",99,"All women",1,"Model-based Estimates",3,"Projection",4.8
4,"Unmet need for family planning: Any method (Percent)","Unmet need","Estimates and Projections of Family Planning Indicators",2024,"United Nations Population Division",410,"Republic of Korea","KR","KOR",68,"2017",4,"Median",2,"Female",31,15,49,"15-49",99,"All women",1,"Model-based Estimates",3,"Projection",4.7
4,"Unmet need for family planning: Any method (Percent)","Unmet need","Estimates and Projections of Family Planning Indicators",2024,"United Nations Population Division",410,"Republic of Korea","KR","KOR",69,"2018",4,"Median",2,"Female",31,15,49,"15-49",99,"All women",1,"Model-based Estimates",3,"Projection",4.5
4,"Unmet need for family planning: Any method (Percent)","Unmet need","Estimates and Projections of Family Planning Indicators",2024,"United Nations Population Division",410,"Republic of Korea","KR","KOR",70,"2019",4,"Median",2,"Female",31,15,49,"15-49",99,"All women",1,"Model-based Estimates",3,"Projection",4.4
4,"Unmet need for family planning: Any method (Percent)","Unmet need","Estimates and Projections of Family Planning Indicators",2024,"United Nations Population Division",410,"Republic of Korea","KR","KOR",71,"2020",4,"Median",2,"Female",31,15,49,"15-49",99,"All women",1,"Model-based Estimates",3,"Projection",4.3
4,"Unmet need for family planning: Any method (Percent)","Unmet need","Estimates and Projections of Family Planning Indicators",2024,"United Nations Population Division",410,"Republic of Korea","KR","KOR",72,"2021",4,"Median",2,"Female",31,15,49,"15-49",99,"All women",1,"Model-based Estimates",2,"Interpolation",4.2
4,"Unmet need for family planning: Any method (Percent)","Unmet need","Estimates and Projections of Family Planning Indicators",2024,"United Nations Population Division",410,"Republic of Korea","KR","KOR",73,"2022",4,"Median",2,"Female",31,15,49,"15-49",99,"All women",1,"Model-based Estimates",3,"Projection",4.1
4,"Unmet need for family planning: Any method (Percent)","Unmet need","Estimates and Projections of Family Planning Indicators",2024,"United Nations Population Division",414,"Kuwait","KW","KWT",59,"2008",4,"Median",2,"Female",31,15,49,"15-49",99,"All women",1,"Model-based Estimates",3,"Projection",9.7
4,"Unmet need for family planning: Any method (Percent)","Unmet need","Estimates and Projections of Family Planning Indicators",2024,"United Nations Population Division",414,"Kuwait","KW","KWT",60,"2009",4,"Median",2,"Female",31,15,49,"15-49",99,"All women",1,"Model-based Estimates",3,"Projection",9.5
4,"Unmet need for family planning: Any method (Percent)","Unmet need","Estimates and Projections of Family Planning Indicators",2024,"United Nations Population Division",414,"Kuwait","KW","KWT",61,"2010",4,"Median",2,"Female",31,15,49,"15-49",99,"All women",1,"Model-based Estimates",3,"Projection",9.4
4,"Unmet need for family planning: Any method (Percent)","Unmet need","Estimates and Projections of Family Planning Indicators",2024,"United Nations Population Division",414,"Kuwait","KW","KWT",62,"2011",4,"Median",2,"Female",31,15,49,"15-49",99,"All women",1,"Model-based Estimates",3,"Projection",9.4
4,"Unmet need for family planning: Any method (Percent)","Unmet need","Estimates and Projections of Family Planning Indicators",2024,"United Nations Population Division",414,"Kuwait","KW","KWT",63,"2012",4,"Median",2,"Female",31,15,49,"15-49",99,"All women",1,"Model-based Estimates",3,"Projection",9.4
4,"Unmet need for family planning: Any method (Percent)","Unmet need","Estimates and Projections of Family Planning Indicators",2024,"United Nations Population Division",414,"Kuwait","KW","KWT",64,"2013",4,"Median",2,"Female",31,15,49,"15-49",99,"All women",1,"Model-based Estimates",3,"Projection",9.3
4,"Unmet need for family planning: Any method (Percent)","Unmet need","Estimates and Projections of Family Planning Indicators",2024,"United Nations Population Division",414,"Kuwait","KW","KWT",65,"2014",4,"Median",2,"Female",31,15,49,"15-49",99,"All women",1,"Model-based Estimates",3,"Projection",9.2
4,"Unmet need for family planning: Any method (Percent)","Unmet need","Estimates and Projections of Family Planning Indicators",2024,"United Nations Population Division",414,"Kuwait","KW","KWT",66,"2015",4,"Median",2,"Female",31,15,49,"15-49",99,"All women",1,"Model-based Estimates",3,"Projection",9.1
4,"Unmet need for family planning: Any method (Percent)","Unmet need","Estimates and Projections of Family Planning Indicators",2024,"United Nations Population Division",414,"Kuwait","KW","KWT",67,"2016",4,"Median",2,"Female",31,15,49,"15-49",99,"All women",1,"Model-based Estimates",3,"Projection",9
4,"Unmet need for family planning: Any method (Percent)","Unmet need","Estimates and Projections of Family Planning Indicators",2024,"United Nations Population Division",414,"Kuwait","KW","KWT",68,"2017",4,"Median",2,"Female",31,15,49,"15-49",99,"All women",1,"Model-based Estimates",3,"Projection",8.9
4,"Unmet need for family planning: Any method (Percent)","Unmet need","Estimates and Projections of Family Planning Indicators",2024,"United Nations Population Division",414,"Kuwait","KW","KWT",69,"2018",4,"Median",2,"Female",31,15,49,"15-49",99,"All women",1,"Model-based Estimates",3,"Projection",8.7
4,"Unmet need for family planning: Any method (Percent)","Unmet need","Estimates and Projections of Family Planning Indicators",2024,"United Nations Population Division",414,"Kuwait","KW","KWT",70,"2019",4,"Median",2,"Female",31,15,49,"15-49",99,"All women",1,"Model-based Estimates",3,"Projection",8.6
4,"Unmet need for family planning: Any method (Percent)","Unmet need","Estimates and Projections of Family Planning Indicators",2024,"United Nations Population Division",414,"Kuwait","KW","KWT",71,"2020",4,"Median",2,"Female",31,15,49,"15-49",99,"All women",1,"Model-based Estimates",3,"Projection",8.5
4,"Unmet need for family planning: Any method (Percent)","Unmet need","Estimates and Projections of Family Planning Indicators",2024,"United Nations Population Division",414,"Kuwait","KW","KWT",72,"2021",4,"Median",2,"Female",31,15,49,"15-49",99,"All women",1,"Model-based Estimates",3,"Projection",8.2
4,"Unmet need for family planning: Any method (Percent)","Unmet need","Estimates and Projections of Family Planning Indicators",2024,"United Nations Population Division",414,"Kuwait","KW","KWT",73,"2022",4,"Median",2,"Female",31,15,49,"15-49",99,"All women",1,"Model-based Estimates",3,"Projection",8
4,"Unmet need for family planning: Any method (Percent)","Unmet need","Estimates and Projections of Family Planning Indicators",2024,"United Nations Population Division",417,"Kyrgyzstan","KG","KGZ",59,"2008",4,"Median",2,"Female",31,15,49,"15-49",99,"All women",1,"Model-based Estimates",2,"Interpolation",10
4,"Unmet need for family planning: Any method (Percent)","Unmet need","Estimates and Projections of Family Planning Indicators",2024,"United Nations Population Division",417,"Kyrgyzstan","KG","KGZ",60,"2009",4,"Median",2,"Female",31,15,49,"15-49",99,"All women",1,"Model-based Estimates",2,"Interpolation",10.1
4,"Unmet need for family planning: Any method (Percent)","Unmet need","Estimates and Projections of Family Planning Indicators",2024,"United Nations Population Division",417,"Kyrgyzstan","KG","KGZ",61,"2010",4,"Median",2,"Female",31,15,49,"15-49",99,"All women",1,"Model-based Estimates",2,"Interpolation",10.3
4,"Unmet need for family planning: Any method (Percent)","Unmet need","Estimates and Projections of Family Planning Indicators",2024,"United Nations Population Division",417,"Kyrgyzstan","KG","KGZ",62,"2011",4,"Median",2,"Female",31,15,49,"15-49",99,"All women",1,"Model-based Estimates",2,"Interpolation",10.5
4,"Unmet need for family planning: Any method (Percent)","Unmet need","Estimates and Projections of Family Planning Indicators",2024,"United Nations Population Division",417,"Kyrgyzstan","KG","KGZ",63,"2012",4,"Median",2,"Female",31,15,49,"15-49",99,"All women",1,"Model-based Estimates",2,"Interpolation",10.5
4,"Unmet need for family planning: Any method (Percent)","Unmet need","Estimates and Projections of Family Planning Indicators",2024,"United Nations Population Division",417,"Kyrgyzstan","KG","KGZ",64,"2013",4,"Median",2,"Female",31,15,49,"15-49",99,"All women",1,"Model-based Estimates",2,"Interpolation",10.6
4,"Unmet need for family planning: Any method (Percent)","Unmet need","Estimates and Projections of Family Planning Indicators",2024,"United Nations Population Division",417,"Kyrgyzstan","KG","KGZ",65,"2014",4,"Median",2,"Female",31,15,49,"15-49",99,"All women",1,"Model-based Estimates",2,"Interpolation",10.7
4,"Unmet need for family planning: Any method (Percent)","Unmet need","Estimates and Projections of Family Planning Indicators",2024,"United Nations Population Division",417,"Kyrgyzstan","KG","KGZ",66,"2015",4,"Median",2,"Female",31,15,49,"15-49",99,"All women",1,"Model-based Estimates",2,"Interpolation",10.7
4,"Unmet need for family planning: Any method (Percent)","Unmet need","Estimates and Projections of Family Planning Indicators",2024,"United Nations Population Division",417,"Kyrgyzstan","KG","KGZ",67,"2016",4,"Median",2,"Female",31,15,49,"15-49",99,"All women",1,"Model-based Estimates",2,"Interpolation",10.7
4,"Unmet need for family planning: Any method (Percent)","Unmet need","Estimates and Projections of Family Planning Indicators",2024,"United Nations Population Division",417,"Kyrgyzstan","KG","KGZ",68,"2017",4,"Median",2,"Female",31,15,49,"15-49",99,"All women",1,"Model-based Estimates",2,"Interpolation",10.8
4,"Unmet need for family planning: Any method (Percent)","Unmet need","Estimates and Projections of Family Planning Indicators",2024,"United Nations Population Division",417,"Kyrgyzstan","KG","KGZ",69,"2018",4,"Median",2,"Female",31,15,49,"15-49",99,"All women",1,"Model-based Estimates",2,"Interpolation",10.8
4,"Unmet need for family planning: Any method (Percent)","Unmet need","Estimates and Projections of Family Planning Indicators",2024,"United Nations Population Division",417,"Kyrgyzstan","KG","KGZ",70,"2019",4,"Median",2,"Female",31,15,49,"15-49",99,"All women",1,"Model-based Estimates",3,"Projection",10.8
4,"Unmet need for family planning: Any method (Percent)","Unmet need","Estimates and Projections of Family Planning Indicators",2024,"United Nations Population Division",417,"Kyrgyzstan","KG","KGZ",71,"2020",4,"Median",2,"Female",31,15,49,"15-49",99,"All women",1,"Model-based Estimates",3,"Projection",10.7
4,"Unmet need for family planning: Any method (Percent)","Unmet need","Estimates and Projections of Family Planning Indicators",2024,"United Nations Population Division",417,"Kyrgyzstan","KG","KGZ",72,"2021",4,"Median",2,"Female",31,15,49,"15-49",99,"All women",1,"Model-based Estimates",3,"Projection",10.6
4,"Unmet need for family planning: Any method (Percent)","Unmet need","Estimates and Projections of Family Planning Indicators",2024,"United Nations Population Division",417,"Kyrgyzstan","KG","KGZ",73,"2022",4,"Median",2,"Female",31,15,49,"15-49",99,"All women",1,"Model-based Estimates",3,"Projection",10.5
4,"Unmet need for family planning: Any method (Percent)","Unmet need","Estimates and Projections of Family Planning Indicators",2024,"United Nations Population Division",418,"Lao People's Dem. Republic","LA","LAO",59,"2008",4,"Median",2,"Female",31,15,49,"15-49",99,"All women",1,"Model-based Estimates",2,"Interpolation",14.8
4,"Unmet need for family planning: Any method (Percent)","Unmet need","Estimates and Projections of Family Planning Indicators",2024,"United Nations Population Division",418,"Lao People's Dem. Republic","LA","LAO",60,"2009",4,"Median",2,"Female",31,15,49,"15-49",99,"All women",1,"Model-based Estimates",2,"Interpolation",14.3
4,"Unmet need for family planning: Any method (Percent)","Unmet need","Estimates and Projections of Family Planning Indicators",2024,"United Nations Population Division",418,"Lao People's Dem. Republic","LA","LAO",61,"2010",4,"Median",2,"Female",31,15,49,"15-49",99,"All women",1,"Model-based Estimates",2,"Interpolation",13.8
4,"Unmet need for family planning: Any method (Percent)","Unmet need","Estimates and Projections of Family Planning Indicators",2024,"United Nations Population Division",418,"Lao People's Dem. Republic","LA","LAO",62,"2011",4,"Median",2,"Female",31,15,49,"15-49",99,"All women",1,"Model-based Estimates",2,"Interpolation",13.4
4,"Unmet need for family planning: Any method (Percent)","Unmet need","Estimates and Projections of Family Planning Indicators",2024,"United Nations Population Division",418,"Lao People's Dem. Republic","LA","LAO",63,"2012",4,"Median",2,"Female",31,15,49,"15-49",99,"All women",1,"Model-based Estimates",2,"Interpolation",12.9
4,"Unmet need for family planning: Any method (Percent)","Unmet need","Estimates and Projections of Family Planning Indicators",2024,"United Nations Population Division",418,"Lao People's Dem. Republic","LA","LAO",64,"2013",4,"Median",2,"Female",31,15,49,"15-49",99,"All women",1,"Model-based Estimates",2,"Interpolation",12.4
4,"Unmet need for family planning: Any method (Percent)","Unmet need","Estimates and Projections of Family Planning Indicators",2024,"United Nations Population Division",418,"Lao People's Dem. Republic","LA","LAO",65,"2014",4,"Median",2,"Female",31,15,49,"15-49",99,"All women",1,"Model-based Estimates",2,"Interpolation",11.9
4,"Unmet need for family planning: Any method (Percent)","Unmet need","Estimates and Projections of Family Planning Indicators",2024,"United Nations Population Division",418,"Lao People's Dem. Republic","LA","LAO",66,"2015",4,"Median",2,"Female",31,15,49,"15-49",99,"All women",1,"Model-based Estimates",2,"Interpolation",11.5
4,"Unmet need for family planning: Any method (Percent)","Unmet need","Estimates and Projections of Family Planning Indicators",2024,"United Nations Population Division",418,"Lao People's Dem. Republic","LA","LAO",67,"2016",4,"Median",2,"Female",31,15,49,"15-49",99,"All women",1,"Model-based Estimates",2,"Interpolation",11.1
4,"Unmet need for family planning: Any method (Percent)","Unmet need","Estimates and Projections of Family Planning Indicators",2024,"United Nations Population Division",418,"Lao People's Dem. Republic","LA","LAO",68,"2017",4,"Median",2,"Female",31,15,49,"15-49",99,"All women",1,"Model-based Estimates",2,"Interpolation",10.7
4,"Unmet need for family planning: Any method (Percent)","Unmet need","Estimates and Projections of Family Planning Indicators",2024,"United Nations Population Division",418,"Lao People's Dem. Republic","LA","LAO",69,"2018",4,"Median",2,"Female",31,15,49,"15-49",99,"All women",1,"Model-based Estimates",3,"Projection",10.4
4,"Unmet need for family planning: Any method (Percent)","Unmet need","Estimates and Projections of Family Planning Indicators",2024,"United Nations Population Division",418,"Lao People's Dem. Republic","LA","LAO",70,"2019",4,"Median",2,"Female",31,15,49,"15-49",99,"All women",1,"Model-based Estimates",3,"Projection",10.1
4,"Unmet need for family planning: Any method (Percent)","Unmet need","Estimates and Projections of Family Planning Indicators",2024,"United Nations Population Division",418,"Lao People's Dem. Republic","LA","LAO",71,"2020",4,"Median",2,"Female",31,15,49,"15-49",99,"All women",1,"Model-based Estimates",3,"Projection",9.9
4,"Unmet need for family planning: Any method (Percent)","Unmet need","Estimates and Projections of Family Planning Indicators",2024,"United Nations Population Division",418,"Lao People's Dem. Republic","LA","LAO",72,"2021",4,"Median",2,"Female",31,15,49,"15-49",99,"All women",1,"Model-based Estimates",3,"Projection",9.7
4,"Unmet need for family planning: Any method (Percent)","Unmet need","Estimates and Projections of Family Planning Indicators",2024,"United Nations Population Division",418,"Lao People's Dem. Republic","LA","LAO",73,"2022",4,"Median",2,"Female",31,15,49,"15-49",99,"All women",1,"Model-based Estimates",3,"Projection",9.5
4,"Unmet need for family planning: Any method (Percent)","Unmet need","Estimates and Projections of Family Planning Indicators",2024,"United Nations Population Division",422,"Lebanon","LB","LBN",59,"2008",4,"Median",2,"Female",31,15,49,"15-49",99,"All women",1,"Model-based Estimates",3,"Projection",7.9
4,"Unmet need for family planning: Any method (Percent)","Unmet need","Estimates and Projections of Family Planning Indicators",2024,"United Nations Population Division",422,"Lebanon","LB","LBN",60,"2009",4,"Median",2,"Female",31,15,49,"15-49",99,"All women",1,"Model-based Estimates",3,"Projection",7.9
4,"Unmet need for family planning: Any method (Percent)","Unmet need","Estimates and Projections of Family Planning Indicators",2024,"United Nations Population Division",422,"Lebanon","LB","LBN",61,"2010",4,"Median",2,"Female",31,15,49,"15-49",99,"All women",1,"Model-based Estimates",3,"Projection",7.9
4,"Unmet need for family planning: Any method (Percent)","Unmet need","Estimates and Projections of Family Planning Indicators",2024,"United Nations Population Division",422,"Lebanon","LB","LBN",62,"2011",4,"Median",2,"Female",31,15,49,"15-49",99,"All women",1,"Model-based Estimates",3,"Projection",7.8
4,"Unmet need for family planning: Any method (Percent)","Unmet need","Estimates and Projections of Family Planning Indicators",2024,"United Nations Population Division",422,"Lebanon","LB","LBN",63,"2012",4,"Median",2,"Female",31,15,49,"15-49",99,"All women",1,"Model-based Estimates",3,"Projection",7.7
4,"Unmet need for family planning: Any method (Percent)","Unmet need","Estimates and Projections of Family Planning Indicators",2024,"United Nations Population Division",422,"Lebanon","LB","LBN",64,"2013",4,"Median",2,"Female",31,15,49,"15-49",99,"All women",1,"Model-based Estimates",3,"Projection",7.7
4,"Unmet need for family planning: Any method (Percent)","Unmet need","Estimates and Projections of Family Planning Indicators",2024,"United Nations Population Division",422,"Lebanon","LB","LBN",65,"2014",4,"Median",2,"Female",31,15,49,"15-49",99,"All women",1,"Model-based Estimates",3,"Projection",7.6
4,"Unmet need for family planning: Any method (Percent)","Unmet need","Estimates and Projections of Family Planning Indicators",2024,"United Nations Population Division",422,"Lebanon","LB","LBN",66,"2015",4,"Median",2,"Female",31,15,49,"15-49",99,"All women",1,"Model-based Estimates",3,"Projection",7.5
4,"Unmet need for family planning: Any method (Percent)","Unmet need","Estimates and Projections of Family Planning Indicators",2024,"United Nations Population Division",422,"Lebanon","LB","LBN",67,"2016",4,"Median",2,"Female",31,15,49,"15-49",99,"All women",1,"Model-based Estimates",3,"Projection",7.4
4,"Unmet need for family planning: Any method (Percent)","Unmet need","Estimates and Projections of Family Planning Indicators",2024,"United Nations Population Division",422,"Lebanon","LB","LBN",68,"2017",4,"Median",2,"Female",31,15,49,"15-49",99,"All women",1,"Model-based Estimates",3,"Projection",7.3
4,"Unmet need for family planning: Any method (Percent)","Unmet need","Estimates and Projections of Family Planning Indicators",2024,"United Nations Population Division",422,"Lebanon","LB","LBN",69,"2018",4,"Median",2,"Female",31,15,49,"15-49",99,"All women",1,"Model-based Estimates",3,"Projection",7.2
4,"Unmet need for family planning: Any method (Percent)","Unmet need","Estimates and Projections of Family Planning Indicators",2024,"United Nations Population Division",422,"Lebanon","LB","LBN",70,"2019",4,"Median",2,"Female",31,15,49,"15-49",99,"All women",1,"Model-based Estimates",3,"Projection",7
4,"Unmet need for family planning: Any method (Percent)","Unmet need","Estimates and Projections of Family Planning Indicators",2024,"United Nations Population Division",422,"Lebanon","LB","LBN",71,"2020",4,"Median",2,"Female",31,15,49,"15-49",99,"All women",1,"Model-based Estimates",3,"Projection",6.9
4,"Unmet need for family planning: Any method (Percent)","Unmet need","Estimates and Projections of Family Planning Indicators",2024,"United Nations Population Division",422,"Lebanon","LB","LBN",72,"2021",4,"Median",2,"Female",31,15,49,"15-49",99,"All women",1,"Model-based Estimates",3,"Projection",6.8
4,"Unmet need for family planning: Any method (Percent)","Unmet need","Estimates and Projections of Family Planning Indicators",2024,"United Nations Population Division",422,"Lebanon","LB","LBN",73,"2022",4,"Median",2,"Female",31,15,49,"15-49",99,"All women",1,"Model-based Estimates",3,"Projection",6.7
4,"Unmet need for family planning: Any method (Percent)","Unmet need","Estimates and Projections of Family Planning Indicators",2024,"United Nations Population Division",458,"Malaysia","MY","MYS",59,"2008",4,"Median",2,"Female",31,15,49,"15-49",99,"All women",1,"Model-based Estimates",3,"Projection",10.7
4,"Unmet need for family planning: Any method (Percent)","Unmet need","Estimates and Projections of Family Planning Indicators",2024,"United Nations Population Division",458,"Malaysia","MY","MYS",60,"2009",4,"Median",2,"Female",31,15,49,"15-49",99,"All women",1,"Model-based Estimates",3,"Projection",10.6
4,"Unmet need for family planning: Any method (Percent)","Unmet need","Estimates and Projections of Family Planning Indicators",2024,"United Nations Population Division",458,"Malaysia","MY","MYS",61,"2010",4,"Median",2,"Female",31,15,49,"15-49",99,"All women",1,"Model-based Estimates",3,"Projection",10.6
4,"Unmet need for family planning: Any method (Percent)","Unmet need","Estimates and Projections of Family Planning Indicators",2024,"United Nations Population Division",458,"Malaysia","MY","MYS",62,"2011",4,"Median",2,"Female",31,15,49,"15-49",99,"All women",1,"Model-based Estimates",3,"Projection",10.7
4,"Unmet need for family planning: Any method (Percent)","Unmet need","Estimates and Projections of Family Planning Indicators",2024,"United Nations Population Division",458,"Malaysia","MY","MYS",63,"2012",4,"Median",2,"Female",31,15,49,"15-49",99,"All women",1,"Model-based Estimates",3,"Projection",10.7
4,"Unmet need for family planning: Any method (Percent)","Unmet need","Estimates and Projections of Family Planning Indicators",2024,"United Nations Population Division",458,"Malaysia","MY","MYS",64,"2013",4,"Median",2,"Female",31,15,49,"15-49",99,"All women",1,"Model-based Estimates",3,"Projection",10.7
4,"Unmet need for family planning: Any method (Percent)","Unmet need","Estimates and Projections of Family Planning Indicators",2024,"United Nations Population Division",458,"Malaysia","MY","MYS",65,"2014",4,"Median",2,"Female",31,15,49,"15-49",99,"All women",1,"Model-based Estimates",3,"Projection",10.9
4,"Unmet need for family planning: Any method (Percent)","Unmet need","Estimates and Projections of Family Planning Indicators",2024,"United Nations Population Division",458,"Malaysia","MY","MYS",66,"2015",4,"Median",2,"Female",31,15,49,"15-49",99,"All women",1,"Model-based Estimates",3,"Projection",11
4,"Unmet need for family planning: Any method (Percent)","Unmet need","Estimates and Projections of Family Planning Indicators",2024,"United Nations Population Division",458,"Malaysia","MY","MYS",67,"2016",4,"Median",2,"Female",31,15,49,"15-49",99,"All women",1,"Model-based Estimates",3,"Projection",11.1
4,"Unmet need for family planning: Any method (Percent)","Unmet need","Estimates and Projections of Family Planning Indicators",2024,"United Nations Population Division",458,"Malaysia","MY","MYS",68,"2017",4,"Median",2,"Female",31,15,49,"15-49",99,"All women",1,"Model-based Estimates",3,"Projection",11.2
4,"Unmet need for family planning: Any method (Percent)","Unmet need","Estimates and Projections of Family Planning Indicators",2024,"United Nations Population Division",458,"Malaysia","MY","MYS",69,"2018",4,"Median",2,"Female",31,15,49,"15-49",99,"All women",1,"Model-based Estimates",3,"Projection",11.4
4,"Unmet need for family planning: Any method (Percent)","Unmet need","Estimates and Projections of Family Planning Indicators",2024,"United Nations Population Division",458,"Malaysia","MY","MYS",70,"2019",4,"Median",2,"Female",31,15,49,"15-49",99,"All women",1,"Model-based Estimates",3,"Projection",11.5
4,"Unmet need for family planning: Any method (Percent)","Unmet need","Estimates and Projections of Family Planning Indicators",2024,"United Nations Population Division",458,"Malaysia","MY","MYS",71,"2020",4,"Median",2,"Female",31,15,49,"15-49",99,"All women",1,"Model-based Estimates",3,"Projection",11.7
4,"Unmet need for family planning: Any method (Percent)","Unmet need","Estimates and Projections of Family Planning Indicators",2024,"United Nations Population Division",458,"Malaysia","MY","MYS",72,"2021",4,"Median",2,"Female",31,15,49,"15-49",99,"All women",1,"Model-based Estimates",3,"Projection",11.8
4,"Unmet need for family planning: Any method (Percent)","Unmet need","Estimates and Projections of Family Planning Indicators",2024,"United Nations Population Division",458,"Malaysia","MY","MYS",73,"2022",4,"Median",2,"Female",31,15,49,"15-49",99,"All women",1,"Model-based Estimates",2,"Interpolation",11.9
4,"Unmet need for family planning: Any method (Percent)","Unmet need","Estimates and Projections of Family Planning Indicators",2024,"United Nations Population Division",462,"Maldives","MV","MDV",59,"2008",4,"Median",2,"Female",31,15,49,"15-49",99,"All women",1,"Model-based Estimates",3,"Projection",18.5
4,"Unmet need for family planning: Any method (Percent)","Unmet need","Estimates and Projections of Family Planning Indicators",2024,"United Nations Population Division",462,"Maldives","MV","MDV",60,"2009",4,"Median",2,"Female",31,15,49,"15-49",99,"All women",1,"Model-based Estimates",2,"Interpolation",19.2
4,"Unmet need for family planning: Any method (Percent)","Unmet need","Estimates and Projections of Family Planning Indicators",2024,"United Nations Population Division",462,"Maldives","MV","MDV",61,"2010",4,"Median",2,"Female",31,15,49,"15-49",99,"All women",1,"Model-based Estimates",2,"Interpolation",19.6
4,"Unmet need for family planning: Any method (Percent)","Unmet need","Estimates and Projections of Family Planning Indicators",2024,"United Nations Population Division",462,"Maldives","MV","MDV",62,"2011",4,"Median",2,"Female",31,15,49,"15-49",99,"All women",1,"Model-based Estimates",2,"Interpolation",20.1
4,"Unmet need for family planning: Any method (Percent)","Unmet need","Estimates and Projections of Family Planning Indicators",2024,"United Nations Population Division",462,"Maldives","MV","MDV",63,"2012",4,"Median",2,"Female",31,15,49,"15-49",99,"All women",1,"Model-based Estimates",2,"Interpolation",20.6
4,"Unmet need for family planning: Any method (Percent)","Unmet need","Estimates and Projections of Family Planning Indicators",2024,"United Nations Population Division",462,"Maldives","MV","MDV",64,"2013",4,"Median",2,"Female",31,15,49,"15-49",99,"All women",1,"Model-based Estimates",2,"Interpolation",21
4,"Unmet need for family planning: Any method (Percent)","Unmet need","Estimates and Projections of Family Planning Indicators",2024,"United Nations Population Division",462,"Maldives","MV","MDV",65,"2014",4,"Median",2,"Female",31,15,49,"15-49",99,"All women",1,"Model-based Estimates",2,"Interpolation",21.4
4,"Unmet need for family planning: Any method (Percent)","Unmet need","Estimates and Projections of Family Planning Indicators",2024,"United Nations Population Division",462,"Maldives","MV","MDV",66,"2015",4,"Median",2,"Female",31,15,49,"15-49",99,"All women",1,"Model-based Estimates",2,"Interpolation",21.7
4,"Unmet need for family planning: Any method (Percent)","Unmet need","Estimates and Projections of Family Planning Indicators",2024,"United Nations Population Division",462,"Maldives","MV","MDV",67,"2016",4,"Median",2,"Female",31,15,49,"15-49",99,"All women",1,"Model-based Estimates",2,"Interpolation",21.8
4,"Unmet need for family planning: Any method (Percent)","Unmet need","Estimates and Projections of Family Planning Indicators",2024,"United Nations Population Division",462,"Maldives","MV","MDV",68,"2017",4,"Median",2,"Female",31,15,49,"15-49",99,"All women",1,"Model-based Estimates",2,"Interpolation",21.9
4,"Unmet need for family planning: Any method (Percent)","Unmet need","Estimates and Projections of Family Planning Indicators",2024,"United Nations Population Division",462,"Maldives","MV","MDV",69,"2018",4,"Median",2,"Female",31,15,49,"15-49",99,"All women",1,"Model-based Estimates",3,"Projection",21.9
4,"Unmet need for family planning: Any method (Percent)","Unmet need","Estimates and Projections of Family Planning Indicators",2024,"United Nations Population Division",462,"Maldives","MV","MDV",70,"2019",4,"Median",2,"Female",31,15,49,"15-49",99,"All women",1,"Model-based Estimates",3,"Projection",21.8
4,"Unmet need for family planning: Any method (Percent)","Unmet need","Estimates and Projections of Family Planning Indicators",2024,"United Nations Population Division",462,"Maldives","MV","MDV",71,"2020",4,"Median",2,"Female",31,15,49,"15-49",99,"All women",1,"Model-based Estimates",3,"Projection",21.7
4,"Unmet need for family planning: Any method (Percent)","Unmet need","Estimates and Projections of Family Planning Indicators",2024,"United Nations Population Division",462,"Maldives","MV","MDV",72,"2021",4,"Median",2,"Female",31,15,49,"15-49",99,"All women",1,"Model-based Estimates",3,"Projection",21.5
4,"Unmet need for family planning: Any method (Percent)","Unmet need","Estimates and Projections of Family Planning Indicators",2024,"United Nations Population Division",462,"Maldives","MV","MDV",73,"2022",4,"Median",2,"Female",31,15,49,"15-49",99,"All women",1,"Model-based Estimates",3,"Projection",21.3
4,"Unmet need for family planning: Any method (Percent)","Unmet need","Estimates and Projections of Family Planning Indicators",2024,"United Nations Population Division",496,"Mongolia","MN","MNG",59,"2008",4,"Median",2,"Female",31,15,49,"15-49",99,"All women",1,"Model-based Estimates",2,"Interpolation",11.3
4,"Unmet need for family planning: Any method (Percent)","Unmet need","Estimates and Projections of Family Planning Indicators",2024,"United Nations Population Division",496,"Mongolia","MN","MNG",60,"2009",4,"Median",2,"Female",31,15,49,"15-49",99,"All women",1,"Model-based Estimates",2,"Interpolation",11.8
4,"Unmet need for family planning: Any method (Percent)","Unmet need","Estimates and Projections of Family Planning Indicators",2024,"United Nations Population Division",496,"Mongolia","MN","MNG",61,"2010",4,"Median",2,"Female",31,15,49,"15-49",99,"All women",1,"Model-based Estimates",2,"Interpolation",12.3
4,"Unmet need for family planning: Any method (Percent)","Unmet need","Estimates and Projections of Family Planning Indicators",2024,"United Nations Population Division",496,"Mongolia","MN","MNG",62,"2011",4,"Median",2,"Female",31,15,49,"15-49",99,"All women",1,"Model-based Estimates",2,"Interpolation",12.5
4,"Unmet need for family planning: Any method (Percent)","Unmet need","Estimates and Projections of Family Planning Indicators",2024,"United Nations Population Division",496,"Mongolia","MN","MNG",63,"2012",4,"Median",2,"Female",31,15,49,"15-49",99,"All women",1,"Model-based Estimates",2,"Interpolation",12.7
4,"Unmet need for family planning: Any method (Percent)","Unmet need","Estimates and Projections of Family Planning Indicators",2024,"United Nations Population Division",496,"Mongolia","MN","MNG",64,"2013",4,"Median",2,"Female",31,15,49,"15-49",99,"All women",1,"Model-based Estimates",2,"Interpolation",12.9
4,"Unmet need for family planning: Any method (Percent)","Unmet need","Estimates and Projections of Family Planning Indicators",2024,"United Nations Population Division",496,"Mongolia","MN","MNG",65,"2014",4,"Median",2,"Female",31,15,49,"15-49",99,"All women",1,"Model-based Estimates",2,"Interpolation",13
4,"Unmet need for family planning: Any method (Percent)","Unmet need","Estimates and Projections of Family Planning Indicators",2024,"United Nations Population Division",496,"Mongolia","MN","MNG",66,"2015",4,"Median",2,"Female",31,15,49,"15-49",99,"All women",1,"Model-based Estimates",2,"Interpolation",13.1
4,"Unmet need for family planning: Any method (Percent)","Unmet need","Estimates and Projections of Family Planning Indicators",2024,"United Nations Population Division",496,"Mongolia","MN","MNG",67,"2016",4,"Median",2,"Female",31,15,49,"15-49",99,"All women",1,"Model-based Estimates",2,"Interpolation",13.1
4,"Unmet need for family planning: Any method (Percent)","Unmet need","Estimates and Projections of Family Planning Indicators",2024,"United Nations Population Division",496,"Mongolia","MN","MNG",68,"2017",4,"Median",2,"Female",31,15,49,"15-49",99,"All women",1,"Model-based Estimates",2,"Interpolation",13.2
4,"Unmet need for family planning: Any method (Percent)","Unmet need","Estimates and Projections of Family Planning Indicators",2024,"United Nations Population Division",496,"Mongolia","MN","MNG",69,"2018",4,"Median",2,"Female",31,15,49,"15-49",99,"All women",1,"Model-based Estimates",2,"Interpolation",13.3
4,"Unmet need for family planning: Any method (Percent)","Unmet need","Estimates and Projections of Family Planning Indicators",2024,"United Nations Population Division",496,"Mongolia","MN","MNG",70,"2019",4,"Median",2,"Female",31,15,49,"15-49",99,"All women",1,"Model-based Estimates",3,"Projection",13.1
4,"Unmet need for family planning: Any method (Percent)","Unmet need","Estimates and Projections of Family Planning Indicators",2024,"United Nations Population Division",496,"Mongolia","MN","MNG",71,"2020",4,"Median",2,"Female",31,15,49,"15-49",99,"All women",1,"Model-based Estimates",3,"Projection",12.9
4,"Unmet need for family planning: Any method (Percent)","Unmet need","Estimates and Projections of Family Planning Indicators",2024,"United Nations Population Division",496,"Mongolia","MN","MNG",72,"2021",4,"Median",2,"Female",31,15,49,"15-49",99,"All women",1,"Model-based Estimates",3,"Projection",12.7
4,"Unmet need for family planning: Any method (Percent)","Unmet need","Estimates and Projections of Family Planning Indicators",2024,"United Nations Population Division",496,"Mongolia","MN","MNG",73,"2022",4,"Median",2,"Female",31,15,49,"15-49",99,"All women",1,"Model-based Estimates",3,"Projection",12.4
4,"Unmet need for family planning: Any method (Percent)","Unmet need","Estimates and Projections of Family Planning Indicators",2024,"United Nations Population Division",512,"Oman","OM","OMN",59,"2008",4,"Median",2,"Female",31,15,49,"15-49",99,"All women",1,"Model-based Estimates",2,"Interpolation",18.2
4,"Unmet need for family planning: Any method (Percent)","Unmet need","Estimates and Projections of Family Planning Indicators",2024,"United Nations Population Division",512,"Oman","OM","OMN",60,"2009",4,"Median",2,"Female",31,15,49,"15-49",99,"All women",1,"Model-based Estimates",2,"Interpolation",17.9
4,"Unmet need for family planning: Any method (Percent)","Unmet need","Estimates and Projections of Family Planning Indicators",2024,"United Nations Population Division",512,"Oman","OM","OMN",61,"2010",4,"Median",2,"Female",31,15,49,"15-49",99,"All women",1,"Model-based Estimates",2,"Interpolation",17.6
4,"Unmet need for family planning: Any method (Percent)","Unmet need","Estimates and Projections of Family Planning Indicators",2024,"United Nations Population Division",512,"Oman","OM","OMN",62,"2011",4,"Median",2,"Female",31,15,49,"15-49",99,"All women",1,"Model-based Estimates",2,"Interpolation",17.3
4,"Unmet need for family planning: Any method (Percent)","Unmet need","Estimates and Projections of Family Planning Indicators",2024,"United Nations Population Division",512,"Oman","OM","OMN",63,"2012",4,"Median",2,"Female",31,15,49,"15-49",99,"All women",1,"Model-based Estimates",2,"Interpolation",17.1
4,"Unmet need for family planning: Any method (Percent)","Unmet need","Estimates and Projections of Family Planning Indicators",2024,"United Nations Population Division",512,"Oman","OM","OMN",64,"2013",4,"Median",2,"Female",31,15,49,"15-49",99,"All women",1,"Model-based Estimates",2,"Interpolation",16.8
4,"Unmet need for family planning: Any method (Percent)","Unmet need","Estimates and Projections of Family Planning Indicators",2024,"United Nations Population Division",512,"Oman","OM","OMN",65,"2014",4,"Median",2,"Female",31,15,49,"15-49",99,"All women",1,"Model-based Estimates",2,"Interpolation",16.4
4,"Unmet need for family planning: Any method (Percent)","Unmet need","Estimates and Projections of Family Planning Indicators",2024,"United Nations Population Division",512,"Oman","OM","OMN",66,"2015",4,"Median",2,"Female",31,15,49,"15-49",99,"All women",1,"Model-based Estimates",3,"Projection",16.3
4,"Unmet need for family planning: Any method (Percent)","Unmet need","Estimates and Projections of Family Planning Indicators",2024,"United Nations Population Division",512,"Oman","OM","OMN",67,"2016",4,"Median",2,"Female",31,15,49,"15-49",99,"All women",1,"Model-based Estimates",3,"Projection",16.1
4,"Unmet need for family planning: Any method (Percent)","Unmet need","Estimates and Projections of Family Planning Indicators",2024,"United Nations Population Division",512,"Oman","OM","OMN",68,"2017",4,"Median",2,"Female",31,15,49,"15-49",99,"All women",1,"Model-based Estimates",3,"Projection",15.9
4,"Unmet need for family planning: Any method (Percent)","Unmet need","Estimates and Projections of Family Planning Indicators",2024,"United Nations Population Division",512,"Oman","OM","OMN",69,"2018",4,"Median",2,"Female",31,15,49,"15-49",99,"All women",1,"Model-based Estimates",3,"Projection",15.6
4,"Unmet need for family planning: Any method (Percent)","Unmet need","Estimates and Projections of Family Planning Indicators",2024,"United Nations Population Division",512,"Oman","OM","OMN",70,"2019",4,"Median",2,"Female",31,15,49,"15-49",99,"All women",1,"Model-based Estimates",3,"Projection",15.4
4,"Unmet need for family planning: Any method (Percent)","Unmet need","Estimates and Projections of Family Planning Indicators",2024,"United Nations Population Division",512,"Oman","OM","OMN",71,"2020",4,"Median",2,"Female",31,15,49,"15-49",99,"All women",1,"Model-based Estimates",3,"Projection",15.1
4,"Unmet need for family planning: Any method (Percent)","Unmet need","Estimates and Projections of Family Planning Indicators",2024,"United Nations Population Division",512,"Oman","OM","OMN",72,"2021",4,"Median",2,"Female",31,15,49,"15-49",99,"All women",1,"Model-based Estimates",3,"Projection",14.7
4,"Unmet need for family planning: Any method (Percent)","Unmet need","Estimates and Projections of Family Planning Indicators",2024,"United Nations Population Division",512,"Oman","OM","OMN",73,"2022",4,"Median",2,"Female",31,15,49,"15-49",99,"All women",1,"Model-based Estimates",3,"Projection",14.4
4,"Unmet need for family planning: Any method (Percent)","Unmet need","Estimates and Projections of Family Planning Indicators",2024,"United Nations Population Division",524,"Nepal","NP","NPL",59,"2008",4,"Median",2,"Female",31,15,49,"15-49",99,"All women",1,"Model-based Estimates",2,"Interpolation",19.9
4,"Unmet need for family planning: Any method (Percent)","Unmet need","Estimates and Projections of Family Planning Indicators",2024,"United Nations Population Division",524,"Nepal","NP","NPL",60,"2009",4,"Median",2,"Female",31,15,49,"15-49",99,"All women",1,"Model-based Estimates",2,"Interpolation",20.1
4,"Unmet need for family planning: Any method (Percent)","Unmet need","Estimates and Projections of Family Planning Indicators",2024,"United Nations Population Division",524,"Nepal","NP","NPL",61,"2010",4,"Median",2,"Female",31,15,49,"15-49",99,"All women",1,"Model-based Estimates",2,"Interpolation",20.4
4,"Unmet need for family planning: Any method (Percent)","Unmet need","Estimates and Projections of Family Planning Indicators",2024,"United Nations Population Division",524,"Nepal","NP","NPL",62,"2011",4,"Median",2,"Female",31,15,49,"15-49",99,"All women",1,"Model-based Estimates",2,"Interpolation",20.7
4,"Unmet need for family planning: Any method (Percent)","Unmet need","Estimates and Projections of Family Planning Indicators",2024,"United Nations Population Division",524,"Nepal","NP","NPL",63,"2012",4,"Median",2,"Female",31,15,49,"15-49",99,"All women",1,"Model-based Estimates",2,"Interpolation",20.1
4,"Unmet need for family planning: Any method (Percent)","Unmet need","Estimates and Projections of Family Planning Indicators",2024,"United Nations Population Division",524,"Nepal","NP","NPL",64,"2013",4,"Median",2,"Female",31,15,49,"15-49",99,"All women",1,"Model-based Estimates",2,"Interpolation",19.6
4,"Unmet need for family planning: Any method (Percent)","Unmet need","Estimates and Projections of Family Planning Indicators",2024,"United Nations Population Division",524,"Nepal","NP","NPL",65,"2014",4,"Median",2,"Female",31,15,49,"15-49",99,"All women",1,"Model-based Estimates",2,"Interpolation",19.1
4,"Unmet need for family planning: Any method (Percent)","Unmet need","Estimates and Projections of Family Planning Indicators",2024,"United Nations Population Division",524,"Nepal","NP","NPL",66,"2015",4,"Median",2,"Female",31,15,49,"15-49",99,"All women",1,"Model-based Estimates",2,"Interpolation",18.7
4,"Unmet need for family planning: Any method (Percent)","Unmet need","Estimates and Projections of Family Planning Indicators",2024,"United Nations Population Division",524,"Nepal","NP","NPL",67,"2016",4,"Median",2,"Female",31,15,49,"15-49",99,"All women",1,"Model-based Estimates",2,"Interpolation",18.4
4,"Unmet need for family planning: Any method (Percent)","Unmet need","Estimates and Projections of Family Planning Indicators",2024,"United Nations Population Division",524,"Nepal","NP","NPL",68,"2017",4,"Median",2,"Female",31,15,49,"15-49",99,"All women",1,"Model-based Estimates",2,"Interpolation",18.1
4,"Unmet need for family planning: Any method (Percent)","Unmet need","Estimates and Projections of Family Planning Indicators",2024,"United Nations Population Division",524,"Nepal","NP","NPL",69,"2018",4,"Median",2,"Female",31,15,49,"15-49",99,"All women",1,"Model-based Estimates",2,"Interpolation",17.8
4,"Unmet need for family planning: Any method (Percent)","Unmet need","Estimates and Projections of Family Planning Indicators",2024,"United Nations Population Division",524,"Nepal","NP","NPL",70,"2019",4,"Median",2,"Female",31,15,49,"15-49",99,"All women",1,"Model-based Estimates",2,"Interpolation",17.6
4,"Unmet need for family planning: Any method (Percent)","Unmet need","Estimates and Projections of Family Planning Indicators",2024,"United Nations Population Division",524,"Nepal","NP","NPL",71,"2020",4,"Median",2,"Female",31,15,49,"15-49",99,"All women",1,"Model-based Estimates",2,"Interpolation",17.3
4,"Unmet need for family planning: Any method (Percent)","Unmet need","Estimates and Projections of Family Planning Indicators",2024,"United Nations Population Division",524,"Nepal","NP","NPL",72,"2021",4,"Median",2,"Female",31,15,49,"15-49",99,"All women",1,"Model-based Estimates",2,"Interpolation",17
4,"Unmet need for family planning: Any method (Percent)","Unmet need","Estimates and Projections of Family Planning Indicators",2024,"United Nations Population Division",524,"Nepal","NP","NPL",73,"2022",4,"Median",2,"Female",31,15,49,"15-49",99,"All women",1,"Model-based Estimates",2,"Interpolation",16.7
4,"Unmet need for family planning: Any method (Percent)","Unmet need","Estimates and Projections of Family Planning Indicators",2024,"United Nations Population Division",586,"Pakistan","PK","PAK",59,"2008",4,"Median",2,"Female",31,15,49,"15-49",99,"All women",1,"Model-based Estimates",2,"Interpolation",15.2
4,"Unmet need for family planning: Any method (Percent)","Unmet need","Estimates and Projections of Family Planning Indicators",2024,"United Nations Population Division",586,"Pakistan","PK","PAK",60,"2009",4,"Median",2,"Female",31,15,49,"15-49",99,"All women",1,"Model-based Estimates",2,"Interpolation",14.8
4,"Unmet need for family planning: Any method (Percent)","Unmet need","Estimates and Projections of Family Planning Indicators",2024,"United Nations Population Division",586,"Pakistan","PK","PAK",61,"2010",4,"Median",2,"Female",31,15,49,"15-49",99,"All women",1,"Model-based Estimates",2,"Interpolation",14.3
4,"Unmet need for family planning: Any method (Percent)","Unmet need","Estimates and Projections of Family Planning Indicators",2024,"United Nations Population Division",586,"Pakistan","PK","PAK",62,"2011",4,"Median",2,"Female",31,15,49,"15-49",99,"All women",1,"Model-based Estimates",2,"Interpolation",13.9
4,"Unmet need for family planning: Any method (Percent)","Unmet need","Estimates and Projections of Family Planning Indicators",2024,"United Nations Population Division",586,"Pakistan","PK","PAK",63,"2012",4,"Median",2,"Female",31,15,49,"15-49",99,"All women",1,"Model-based Estimates",2,"Interpolation",13.5
4,"Unmet need for family planning: Any method (Percent)","Unmet need","Estimates and Projections of Family Planning Indicators",2024,"United Nations Population Division",586,"Pakistan","PK","PAK",64,"2013",4,"Median",2,"Female",31,15,49,"15-49",99,"All women",1,"Model-based Estimates",2,"Interpolation",13
4,"Unmet need for family planning: Any method (Percent)","Unmet need","Estimates and Projections of Family Planning Indicators",2024,"United Nations Population Division",586,"Pakistan","PK","PAK",65,"2014",4,"Median",2,"Female",31,15,49,"15-49",99,"All women",1,"Model-based Estimates",2,"Interpolation",12.6
4,"Unmet need for family planning: Any method (Percent)","Unmet need","Estimates and Projections of Family Planning Indicators",2024,"United Nations Population Division",586,"Pakistan","PK","PAK",66,"2015",4,"Median",2,"Female",31,15,49,"15-49",99,"All women",1,"Model-based Estimates",2,"Interpolation",12.2
4,"Unmet need for family planning: Any method (Percent)","Unmet need","Estimates and Projections of Family Planning Indicators",2024,"United Nations Population Division",586,"Pakistan","PK","PAK",67,"2016",4,"Median",2,"Female",31,15,49,"15-49",99,"All women",1,"Model-based Estimates",2,"Interpolation",11.7
4,"Unmet need for family planning: Any method (Percent)","Unmet need","Estimates and Projections of Family Planning Indicators",2024,"United Nations Population Division",586,"Pakistan","PK","PAK",68,"2017",4,"Median",2,"Female",31,15,49,"15-49",99,"All women",1,"Model-based Estimates",2,"Interpolation",11.3
4,"Unmet need for family planning: Any method (Percent)","Unmet need","Estimates and Projections of Family Planning Indicators",2024,"United Nations Population Division",586,"Pakistan","PK","PAK",69,"2018",4,"Median",2,"Female",31,15,49,"15-49",99,"All women",1,"Model-based Estimates",2,"Interpolation",11.2
4,"Unmet need for family planning: Any method (Percent)","Unmet need","Estimates and Projections of Family Planning Indicators",2024,"United Nations Population Division",586,"Pakistan","PK","PAK",70,"2019",4,"Median",2,"Female",31,15,49,"15-49",99,"All women",1,"Model-based Estimates",3,"Projection",11.1
4,"Unmet need for family planning: Any method (Percent)","Unmet need","Estimates and Projections of Family Planning Indicators",2024,"United Nations Population Division",586,"Pakistan","PK","PAK",71,"2020",4,"Median",2,"Female",31,15,49,"15-49",99,"All women",1,"Model-based Estimates",3,"Projection",11.1
4,"Unmet need for family planning: Any method (Percent)","Unmet need","Estimates and Projections of Family Planning Indicators",2024,"United Nations Population Division",586,"Pakistan","PK","PAK",72,"2021",4,"Median",2,"Female",31,15,49,"15-49",99,"All women",1,"Model-based Estimates",3,"Projection",11
4,"Unmet need for family planning: Any method (Percent)","Unmet need","Estimates and Projections of Family Planning Indicators",2024,"United Nations Population Division",586,"Pakistan","PK","PAK",73,"2022",4,"Median",2,"Female",31,15,49,"15-49",99,"All women",1,"Model-based Estimates",3,"Projection",11
4,"Unmet need for family planning: Any method (Percent)","Unmet need","Estimates and Projections of Family Planning Indicators",2024,"United Nations Population Division",608,"Philippines","PH","PHL",59,"2008",4,"Median",2,"Female",31,15,49,"15-49",99,"All women",1,"Model-based Estimates",2,"Interpolation",13.8
4,"Unmet need for family planning: Any method (Percent)","Unmet need","Estimates and Projections of Family Planning Indicators",2024,"United Nations Population Division",608,"Philippines","PH","PHL",60,"2009",4,"Median",2,"Female",31,15,49,"15-49",99,"All women",1,"Model-based Estimates",2,"Interpolation",13.4
4,"Unmet need for family planning: Any method (Percent)","Unmet need","Estimates and Projections of Family Planning Indicators",2024,"United Nations Population Division",608,"Philippines","PH","PHL",61,"2010",4,"Median",2,"Female",31,15,49,"15-49",99,"All women",1,"Model-based Estimates",2,"Interpolation",12.9
4,"Unmet need for family planning: Any method (Percent)","Unmet need","Estimates and Projections of Family Planning Indicators",2024,"United Nations Population Division",608,"Philippines","PH","PHL",62,"2011",4,"Median",2,"Female",31,15,49,"15-49",99,"All women",1,"Model-based Estimates",2,"Interpolation",12.4
4,"Unmet need for family planning: Any method (Percent)","Unmet need","Estimates and Projections of Family Planning Indicators",2024,"United Nations Population Division",608,"Philippines","PH","PHL",63,"2012",4,"Median",2,"Female",31,15,49,"15-49",99,"All women",1,"Model-based Estimates",2,"Interpolation",11.9
4,"Unmet need for family planning: Any method (Percent)","Unmet need","Estimates and Projections of Family Planning Indicators",2024,"United Nations Population Division",608,"Philippines","PH","PHL",64,"2013",4,"Median",2,"Female",31,15,49,"15-49",99,"All women",1,"Model-based Estimates",2,"Interpolation",11.4
4,"Unmet need for family planning: Any method (Percent)","Unmet need","Estimates and Projections of Family Planning Indicators",2024,"United Nations Population Division",608,"Philippines","PH","PHL",65,"2014",4,"Median",2,"Female",31,15,49,"15-49",99,"All women",1,"Model-based Estimates",2,"Interpolation",11
4,"Unmet need for family planning: Any method (Percent)","Unmet need","Estimates and Projections of Family Planning Indicators",2024,"United Nations Population Division",608,"Philippines","PH","PHL",66,"2015",4,"Median",2,"Female",31,15,49,"15-49",99,"All women",1,"Model-based Estimates",2,"Interpolation",10.7
4,"Unmet need for family planning: Any method (Percent)","Unmet need","Estimates and Projections of Family Planning Indicators",2024,"United Nations Population Division",608,"Philippines","PH","PHL",67,"2016",4,"Median",2,"Female",31,15,49,"15-49",99,"All women",1,"Model-based Estimates",2,"Interpolation",10.4
4,"Unmet need for family planning: Any method (Percent)","Unmet need","Estimates and Projections of Family Planning Indicators",2024,"United Nations Population Division",608,"Philippines","PH","PHL",68,"2017",4,"Median",2,"Female",31,15,49,"15-49",99,"All women",1,"Model-based Estimates",2,"Interpolation",10.1
4,"Unmet need for family planning: Any method (Percent)","Unmet need","Estimates and Projections of Family Planning Indicators",2024,"United Nations Population Division",608,"Philippines","PH","PHL",69,"2018",4,"Median",2,"Female",31,15,49,"15-49",99,"All women",1,"Model-based Estimates",2,"Interpolation",9.6
4,"Unmet need for family planning: Any method (Percent)","Unmet need","Estimates and Projections of Family Planning Indicators",2024,"United Nations Population Division",608,"Philippines","PH","PHL",70,"2019",4,"Median",2,"Female",31,15,49,"15-49",99,"All women",1,"Model-based Estimates",2,"Interpolation",9.1
4,"Unmet need for family planning: Any method (Percent)","Unmet need","Estimates and Projections of Family Planning Indicators",2024,"United Nations Population Division",608,"Philippines","PH","PHL",71,"2020",4,"Median",2,"Female",31,15,49,"15-49",99,"All women",1,"Model-based Estimates",2,"Interpolation",8.6
4,"Unmet need for family planning: Any method (Percent)","Unmet need","Estimates and Projections of Family Planning Indicators",2024,"United Nations Population Division",608,"Philippines","PH","PHL",72,"2021",4,"Median",2,"Female",31,15,49,"15-49",99,"All women",1,"Model-based Estimates",2,"Interpolation",8.1
4,"Unmet need for family planning: Any method (Percent)","Unmet need","Estimates and Projections of Family Planning Indicators",2024,"United Nations Population Division",608,"Philippines","PH","PHL",73,"2022",4,"Median",2,"Female",31,15,49,"15-49",99,"All women",1,"Model-based Estimates",2,"Interpolation",7.7
4,"Unmet need for family planning: Any method (Percent)","Unmet need","Estimates and Projections of Family Planning Indicators",2024,"United Nations Population Division",626,"Timor-Leste","TL","TLS",59,"2008",4,"Median",2,"Female",31,15,49,"15-49",99,"All women",1,"Model-based Estimates",2,"Interpolation",20
4,"Unmet need for family planning: Any method (Percent)","Unmet need","Estimates and Projections of Family Planning Indicators",2024,"United Nations Population Division",626,"Timor-Leste","TL","TLS",60,"2009",4,"Median",2,"Female",31,15,49,"15-49",99,"All women",1,"Model-based Estimates",2,"Interpolation",20.2
4,"Unmet need for family planning: Any method (Percent)","Unmet need","Estimates and Projections of Family Planning Indicators",2024,"United Nations Population Division",626,"Timor-Leste","TL","TLS",61,"2010",4,"Median",2,"Female",31,15,49,"15-49",99,"All women",1,"Model-based Estimates",2,"Interpolation",19.6
4,"Unmet need for family planning: Any method (Percent)","Unmet need","Estimates and Projections of Family Planning Indicators",2024,"United Nations Population Division",626,"Timor-Leste","TL","TLS",62,"2011",4,"Median",2,"Female",31,15,49,"15-49",99,"All women",1,"Model-based Estimates",2,"Interpolation",18.8
4,"Unmet need for family planning: Any method (Percent)","Unmet need","Estimates and Projections of Family Planning Indicators",2024,"United Nations Population Division",626,"Timor-Leste","TL","TLS",63,"2012",4,"Median",2,"Female",31,15,49,"15-49",99,"All women",1,"Model-based Estimates",2,"Interpolation",18
4,"Unmet need for family planning: Any method (Percent)","Unmet need","Estimates and Projections of Family Planning Indicators",2024,"United Nations Population Division",626,"Timor-Leste","TL","TLS",64,"2013",4,"Median",2,"Female",31,15,49,"15-49",99,"All women",1,"Model-based Estimates",2,"Interpolation",17.3
4,"Unmet need for family planning: Any method (Percent)","Unmet need","Estimates and Projections of Family Planning Indicators",2024,"United Nations Population Division",626,"Timor-Leste","TL","TLS",65,"2014",4,"Median",2,"Female",31,15,49,"15-49",99,"All women",1,"Model-based Estimates",2,"Interpolation",16.6
4,"Unmet need for family planning: Any method (Percent)","Unmet need","Estimates and Projections of Family Planning Indicators",2024,"United Nations Population Division",626,"Timor-Leste","TL","TLS",66,"2015",4,"Median",2,"Female",31,15,49,"15-49",99,"All women",1,"Model-based Estimates",2,"Interpolation",16
4,"Unmet need for family planning: Any method (Percent)","Unmet need","Estimates and Projections of Family Planning Indicators",2024,"United Nations Population Division",626,"Timor-Leste","TL","TLS",67,"2016",4,"Median",2,"Female",31,15,49,"15-49",99,"All women",1,"Model-based Estimates",2,"Interpolation",15.4
4,"Unmet need for family planning: Any method (Percent)","Unmet need","Estimates and Projections of Family Planning Indicators",2024,"United Nations Population Division",626,"Timor-Leste","TL","TLS",68,"2017",4,"Median",2,"Female",31,15,49,"15-49",99,"All women",1,"Model-based Estimates",3,"Projection",15.1
4,"Unmet need for family planning: Any method (Percent)","Unmet need","Estimates and Projections of Family Planning Indicators",2024,"United Nations Population Division",626,"Timor-Leste","TL","TLS",69,"2018",4,"Median",2,"Female",31,15,49,"15-49",99,"All women",1,"Model-based Estimates",3,"Projection",14.8
4,"Unmet need for family planning: Any method (Percent)","Unmet need","Estimates and Projections of Family Planning Indicators",2024,"United Nations Population Division",626,"Timor-Leste","TL","TLS",70,"2019",4,"Median",2,"Female",31,15,49,"15-49",99,"All women",1,"Model-based Estimates",3,"Projection",14.4
4,"Unmet need for family planning: Any method (Percent)","Unmet need","Estimates and Projections of Family Planning Indicators",2024,"United Nations Population Division",626,"Timor-Leste","TL","TLS",71,"2020",4,"Median",2,"Female",31,15,49,"15-49",99,"All women",1,"Model-based Estimates",3,"Projection",14
4,"Unmet need for family planning: Any method (Percent)","Unmet need","Estimates and Projections of Family Planning Indicators",2024,"United Nations Population Division",626,"Timor-Leste","TL","TLS",72,"2021",4,"Median",2,"Female",31,15,49,"15-49",99,"All women",1,"Model-based Estimates",3,"Projection",13.7
4,"Unmet need for family planning: Any method (Percent)","Unmet need","Estimates and Projections of Family Planning Indicators",2024,"United Nations Population Division",626,"Timor-Leste","TL","TLS",73,"2022",4,"Median",2,"Female",31,15,49,"15-49",99,"All women",1,"Model-based Estimates",3,"Projection",13.4
4,"Unmet need for family planning: Any method (Percent)","Unmet need","Estimates and Projections of Family Planning Indicators",2024,"United Nations Population Division",634,"Qatar","QA","QAT",59,"2008",4,"Median",2,"Female",31,15,49,"15-49",99,"All women",1,"Model-based Estimates",3,"Projection",10.5
4,"Unmet need for family planning: Any method (Percent)","Unmet need","Estimates and Projections of Family Planning Indicators",2024,"United Nations Population Division",634,"Qatar","QA","QAT",60,"2009",4,"Median",2,"Female",31,15,49,"15-49",99,"All women",1,"Model-based Estimates",3,"Projection",10.5
4,"Unmet need for family planning: Any method (Percent)","Unmet need","Estimates and Projections of Family Planning Indicators",2024,"United Nations Population Division",634,"Qatar","QA","QAT",61,"2010",4,"Median",2,"Female",31,15,49,"15-49",99,"All women",1,"Model-based Estimates",3,"Projection",10.5
4,"Unmet need for family planning: Any method (Percent)","Unmet need","Estimates and Projections of Family Planning Indicators",2024,"United Nations Population Division",634,"Qatar","QA","QAT",62,"2011",4,"Median",2,"Female",31,15,49,"15-49",99,"All women",1,"Model-based Estimates",3,"Projection",10.4
4,"Unmet need for family planning: Any method (Percent)","Unmet need","Estimates and Projections of Family Planning Indicators",2024,"United Nations Population Division",634,"Qatar","QA","QAT",63,"2012",4,"Median",2,"Female",31,15,49,"15-49",99,"All women",1,"Model-based Estimates",2,"Interpolation",10.4
4,"Unmet need for family planning: Any method (Percent)","Unmet need","Estimates and Projections of Family Planning Indicators",2024,"United Nations Population Division",634,"Qatar","QA","QAT",64,"2013",4,"Median",2,"Female",31,15,49,"15-49",99,"All women",1,"Model-based Estimates",3,"Projection",10.4
4,"Unmet need for family planning: Any method (Percent)","Unmet need","Estimates and Projections of Family Planning Indicators",2024,"United Nations Population Division",634,"Qatar","QA","QAT",65,"2014",4,"Median",2,"Female",31,15,49,"15-49",99,"All women",1,"Model-based Estimates",3,"Projection",10.3
4,"Unmet need for family planning: Any method (Percent)","Unmet need","Estimates and Projections of Family Planning Indicators",2024,"United Nations Population Division",634,"Qatar","QA","QAT",66,"2015",4,"Median",2,"Female",31,15,49,"15-49",99,"All women",1,"Model-based Estimates",3,"Projection",10.2
4,"Unmet need for family planning: Any method (Percent)","Unmet need","Estimates and Projections of Family Planning Indicators",2024,"United Nations Population Division",634,"Qatar","QA","QAT",67,"2016",4,"Median",2,"Female",31,15,49,"15-49",99,"All women",1,"Model-based Estimates",3,"Projection",10.2
4,"Unmet need for family planning: Any method (Percent)","Unmet need","Estimates and Projections of Family Planning Indicators",2024,"United Nations Population Division",634,"Qatar","QA","QAT",68,"2017",4,"Median",2,"Female",31,15,49,"15-49",99,"All women",1,"Model-based Estimates",3,"Projection",10.1
4,"Unmet need for family planning: Any method (Percent)","Unmet need","Estimates and Projections of Family Planning Indicators",2024,"United Nations Population Division",634,"Qatar","QA","QAT",69,"2018",4,"Median",2,"Female",31,15,49,"15-49",99,"All women",1,"Model-based Estimates",3,"Projection",10.1
4,"Unmet need for family planning: Any method (Percent)","Unmet need","Estimates and Projections of Family Planning Indicators",2024,"United Nations Population Division",634,"Qatar","QA","QAT",70,"2019",4,"Median",2,"Female",31,15,49,"15-49",99,"All women",1,"Model-based Estimates",3,"Projection",10
4,"Unmet need for family planning: Any method (Percent)","Unmet need","Estimates and Projections of Family Planning Indicators",2024,"United Nations Population Division",634,"Qatar","QA","QAT",71,"2020",4,"Median",2,"Female",31,15,49,"15-49",99,"All women",1,"Model-based Estimates",3,"Projection",9.9
4,"Unmet need for family planning: Any method (Percent)","Unmet need","Estimates and Projections of Family Planning Indicators",2024,"United Nations Population Division",634,"Qatar","QA","QAT",72,"2021",4,"Median",2,"Female",31,15,49,"15-49",99,"All women",1,"Model-based Estimates",3,"Projection",9.8
4,"Unmet need for family planning: Any method (Percent)","Unmet need","Estimates and Projections of Family Planning Indicators",2024,"United Nations Population Division",634,"Qatar","QA","QAT",73,"2022",4,"Median",2,"Female",31,15,49,"15-49",99,"All women",1,"Model-based Estimates",3,"Projection",9.7
4,"Unmet need for family planning: Any method (Percent)","Unmet need","Estimates and Projections of Family Planning Indicators",2024,"United Nations Population Division",682,"Saudi Arabia","SA","SAU",59,"2008",4,"Median",2,"Female",31,15,49,"15-49",99,"All women",1,"Model-based Estimates",3,"Projection",15
4,"Unmet need for family planning: Any method (Percent)","Unmet need","Estimates and Projections of Family Planning Indicators",2024,"United Nations Population Division",682,"Saudi Arabia","SA","SAU",60,"2009",4,"Median",2,"Female",31,15,49,"15-49",99,"All women",1,"Model-based Estimates",3,"Projection",14.9
4,"Unmet need for family planning: Any method (Percent)","Unmet need","Estimates and Projections of Family Planning Indicators",2024,"United Nations Population Division",682,"Saudi Arabia","SA","SAU",61,"2010",4,"Median",2,"Female",31,15,49,"15-49",99,"All women",1,"Model-based Estimates",3,"Projection",14.9
4,"Unmet need for family planning: Any method (Percent)","Unmet need","Estimates and Projections of Family Planning Indicators",2024,"United Nations Population Division",682,"Saudi Arabia","SA","SAU",62,"2011",4,"Median",2,"Female",31,15,49,"15-49",99,"All women",1,"Model-based Estimates",3,"Projection",14.9
4,"Unmet need for family planning: Any method (Percent)","Unmet need","Estimates and Projections of Family Planning Indicators",2024,"United Nations Population Division",682,"Saudi Arabia","SA","SAU",63,"2012",4,"Median",2,"Female",31,15,49,"15-49",99,"All women",1,"Model-based Estimates",3,"Projection",15
4,"Unmet need for family planning: Any method (Percent)","Unmet need","Estimates and Projections of Family Planning Indicators",2024,"United Nations Population Division",682,"Saudi Arabia","SA","SAU",64,"2013",4,"Median",2,"Female",31,15,49,"15-49",99,"All women",1,"Model-based Estimates",3,"Projection",15
4,"Unmet need for family planning: Any method (Percent)","Unmet need","Estimates and Projections of Family Planning Indicators",2024,"United Nations Population Division",682,"Saudi Arabia","SA","SAU",65,"2014",4,"Median",2,"Female",31,15,49,"15-49",99,"All women",1,"Model-based Estimates",3,"Projection",15.1
4,"Unmet need for family planning: Any method (Percent)","Unmet need","Estimates and Projections of Family Planning Indicators",2024,"United Nations Population Division",682,"Saudi Arabia","SA","SAU",66,"2015",4,"Median",2,"Female",31,15,49,"15-49",99,"All women",1,"Model-based Estimates",3,"Projection",15.1
4,"Unmet need for family planning: Any method (Percent)","Unmet need","Estimates and Projections of Family Planning Indicators",2024,"United Nations Population Division",682,"Saudi Arabia","SA","SAU",67,"2016",4,"Median",2,"Female",31,15,49,"15-49",99,"All women",1,"Model-based Estimates",3,"Projection",15.1
4,"Unmet need for family planning: Any method (Percent)","Unmet need","Estimates and Projections of Family Planning Indicators",2024,"United Nations Population Division",682,"Saudi Arabia","SA","SAU",68,"2017",4,"Median",2,"Female",31,15,49,"15-49",99,"All women",1,"Model-based Estimates",3,"Projection",14.9
4,"Unmet need for family planning: Any method (Percent)","Unmet need","Estimates and Projections of Family Planning Indicators",2024,"United Nations Population Division",682,"Saudi Arabia","SA","SAU",69,"2018",4,"Median",2,"Female",31,15,49,"15-49",99,"All women",1,"Model-based Estimates",3,"Projection",14.7
4,"Unmet need for family planning: Any method (Percent)","Unmet need","Estimates and Projections of Family Planning Indicators",2024,"United Nations Population Division",682,"Saudi Arabia","SA","SAU",70,"2019",4,"Median",2,"Female",31,15,49,"15-49",99,"All women",1,"Model-based Estimates",3,"Projection",14.3
4,"Unmet need for family planning: Any method (Percent)","Unmet need","Estimates and Projections of Family Planning Indicators",2024,"United Nations Population Division",682,"Saudi Arabia","SA","SAU",71,"2020",4,"Median",2,"Female",31,15,49,"15-49",99,"All women",1,"Model-based Estimates",3,"Projection",13.8
4,"Unmet need for family planning: Any method (Percent)","Unmet need","Estimates and Projections of Family Planning Indicators",2024,"United Nations Population Division",682,"Saudi Arabia","SA","SAU",72,"2021",4,"Median",2,"Female",31,15,49,"15-49",99,"All women",1,"Model-based Estimates",3,"Projection",13.3
4,"Unmet need for family planning: Any method (Percent)","Unmet need","Estimates and Projections of Family Planning Indicators",2024,"United Nations Population Division",682,"Saudi Arabia","SA","SAU",73,"2022",4,"Median",2,"Female",31,15,49,"15-49",99,"All women",1,"Model-based Estimates",3,"Projection",12.7
4,"Unmet need for family planning: Any method (Percent)","Unmet need","Estimates and Projections of Family Planning Indicators",2024,"United Nations Population Division",702,"Singapore","SG","SGP",59,"2008",4,"Median",2,"Female",31,15,49,"15-49",99,"All women",1,"Model-based Estimates",3,"Projection",6.1
4,"Unmet need for family planning: Any method (Percent)","Unmet need","Estimates and Projections of Family Planning Indicators",2024,"United Nations Population Division",702,"Singapore","SG","SGP",60,"2009",4,"Median",2,"Female",31,15,49,"15-49",99,"All women",1,"Model-based Estimates",3,"Projection",6
4,"Unmet need for family planning: Any method (Percent)","Unmet need","Estimates and Projections of Family Planning Indicators",2024,"United Nations Population Division",702,"Singapore","SG","SGP",61,"2010",4,"Median",2,"Female",31,15,49,"15-49",99,"All women",1,"Model-based Estimates",3,"Projection",5.9
4,"Unmet need for family planning: Any method (Percent)","Unmet need","Estimates and Projections of Family Planning Indicators",2024,"United Nations Population Division",702,"Singapore","SG","SGP",62,"2011",4,"Median",2,"Female",31,15,49,"15-49",99,"All women",1,"Model-based Estimates",3,"Projection",5.7
4,"Unmet need for family planning: Any method (Percent)","Unmet need","Estimates and Projections of Family Planning Indicators",2024,"United Nations Population Division",702,"Singapore","SG","SGP",63,"2012",4,"Median",2,"Female",31,15,49,"15-49",99,"All women",1,"Model-based Estimates",3,"Projection",5.6
4,"Unmet need for family planning: Any method (Percent)","Unmet need","Estimates and Projections of Family Planning Indicators",2024,"United Nations Population Division",702,"Singapore","SG","SGP",64,"2013",4,"Median",2,"Female",31,15,49,"15-49",99,"All women",1,"Model-based Estimates",3,"Projection",5.5
4,"Unmet need for family planning: Any method (Percent)","Unmet need","Estimates and Projections of Family Planning Indicators",2024,"United Nations Population Division",702,"Singapore","SG","SGP",65,"2014",4,"Median",2,"Female",31,15,49,"15-49",99,"All women",1,"Model-based Estimates",3,"Projection",5.3
4,"Unmet need for family planning: Any method (Percent)","Unmet need","Estimates and Projections of Family Planning Indicators",2024,"United Nations Population Division",702,"Singapore","SG","SGP",66,"2015",4,"Median",2,"Female",31,15,49,"15-49",99,"All women",1,"Model-based Estimates",3,"Projection",5.2
4,"Unmet need for family planning: Any method (Percent)","Unmet need","Estimates and Projections of Family Planning Indicators",2024,"United Nations Population Division",702,"Singapore","SG","SGP",67,"2016",4,"Median",2,"Female",31,15,49,"15-49",99,"All women",1,"Model-based Estimates",3,"Projection",5.1
4,"Unmet need for family planning: Any method (Percent)","Unmet need","Estimates and Projections of Family Planning Indicators",2024,"United Nations Population Division",702,"Singapore","SG","SGP",68,"2017",4,"Median",2,"Female",31,15,49,"15-49",99,"All women",1,"Model-based Estimates",3,"Projection",5
4,"Unmet need for family planning: Any method (Percent)","Unmet need","Estimates and Projections of Family Planning Indicators",2024,"United Nations Population Division",702,"Singapore","SG","SGP",69,"2018",4,"Median",2,"Female",31,15,49,"15-49",99,"All women",1,"Model-based Estimates",3,"Projection",4.9
4,"Unmet need for family planning: Any method (Percent)","Unmet need","Estimates and Projections of Family Planning Indicators",2024,"United Nations Population Division",702,"Singapore","SG","SGP",70,"2019",4,"Median",2,"Female",31,15,49,"15-49",99,"All women",1,"Model-based Estimates",3,"Projection",4.9
4,"Unmet need for family planning: Any method (Percent)","Unmet need","Estimates and Projections of Family Planning Indicators",2024,"United Nations Population Division",702,"Singapore","SG","SGP",71,"2020",4,"Median",2,"Female",31,15,49,"15-49",99,"All women",1,"Model-based Estimates",3,"Projection",4.8
4,"Unmet need for family planning: Any method (Percent)","Unmet need","Estimates and Projections of Family Planning Indicators",2024,"United Nations Population Division",702,"Singapore","SG","SGP",72,"2021",4,"Median",2,"Female",31,15,49,"15-49",99,"All women",1,"Model-based Estimates",3,"Projection",4.8
4,"Unmet need for family planning: Any method (Percent)","Unmet need","Estimates and Projections of Family Planning Indicators",2024,"United Nations Population Division",702,"Singapore","SG","SGP",73,"2022",4,"Median",2,"Female",31,15,49,"15-49",99,"All women",1,"Model-based Estimates",3,"Projection",4.7
4,"Unmet need for family planning: Any method (Percent)","Unmet need","Estimates and Projections of Family Planning Indicators",2024,"United Nations Population Division",704,"Viet Nam","VN","VNM",59,"2008",4,"Median",2,"Female",31,15,49,"15-49",99,"All women",1,"Model-based Estimates",2,"Interpolation",3.4
4,"Unmet need for family planning: Any method (Percent)","Unmet need","Estimates and Projections of Family Planning Indicators",2024,"United Nations Population Division",704,"Viet Nam","VN","VNM",60,"2009",4,"Median",2,"Female",31,15,49,"15-49",99,"All women",1,"Model-based Estimates",2,"Interpolation",3.4
4,"Unmet need for family planning: Any method (Percent)","Unmet need","Estimates and Projections of Family Planning Indicators",2024,"United Nations Population Division",704,"Viet Nam","VN","VNM",61,"2010",4,"Median",2,"Female",31,15,49,"15-49",99,"All women",1,"Model-based Estimates",2,"Interpolation",3.4
4,"Unmet need for family planning: Any method (Percent)","Unmet need","Estimates and Projections of Family Planning Indicators",2024,"United Nations Population Division",704,"Viet Nam","VN","VNM",62,"2011",4,"Median",2,"Female",31,15,49,"15-49",99,"All women",1,"Model-based Estimates",2,"Interpolation",3.5
4,"Unmet need for family planning: Any method (Percent)","Unmet need","Estimates and Projections of Family Planning Indicators",2024,"United Nations Population Division",704,"Viet Nam","VN","VNM",63,"2012",4,"Median",2,"Female",31,15,49,"15-49",99,"All women",1,"Model-based Estimates",2,"Interpolation",3.6
4,"Unmet need for family planning: Any method (Percent)","Unmet need","Estimates and Projections of Family Planning Indicators",2024,"United Nations Population Division",704,"Viet Nam","VN","VNM",64,"2013",4,"Median",2,"Female",31,15,49,"15-49",99,"All women",1,"Model-based Estimates",2,"Interpolation",3.6
4,"Unmet need for family planning: Any method (Percent)","Unmet need","Estimates and Projections of Family Planning Indicators",2024,"United Nations Population Division",704,"Viet Nam","VN","VNM",65,"2014",4,"Median",2,"Female",31,15,49,"15-49",99,"All women",1,"Model-based Estimates",2,"Interpolation",3.7
4,"Unmet need for family planning: Any method (Percent)","Unmet need","Estimates and Projections of Family Planning Indicators",2024,"United Nations Population Division",704,"Viet Nam","VN","VNM",66,"2015",4,"Median",2,"Female",31,15,49,"15-49",99,"All women",1,"Model-based Estimates",2,"Interpolation",3.8
4,"Unmet need for family planning: Any method (Percent)","Unmet need","Estimates and Projections of Family Planning Indicators",2024,"United Nations Population Division",704,"Viet Nam","VN","VNM",67,"2016",4,"Median",2,"Female",31,15,49,"15-49",99,"All women",1,"Model-based Estimates",2,"Interpolation",3.9
4,"Unmet need for family planning: Any method (Percent)","Unmet need","Estimates and Projections of Family Planning Indicators",2024,"United Nations Population Division",704,"Viet Nam","VN","VNM",68,"2017",4,"Median",2,"Female",31,15,49,"15-49",99,"All women",1,"Model-based Estimates",2,"Interpolation",4
4,"Unmet need for family planning: Any method (Percent)","Unmet need","Estimates and Projections of Family Planning Indicators",2024,"United Nations Population Division",704,"Viet Nam","VN","VNM",69,"2018",4,"Median",2,"Female",31,15,49,"15-49",99,"All women",1,"Model-based Estimates",2,"Interpolation",4.1
4,"Unmet need for family planning: Any method (Percent)","Unmet need","Estimates and Projections of Family Planning Indicators",2024,"United Nations Population Division",704,"Viet Nam","VN","VNM",70,"2019",4,"Median",2,"Female",31,15,49,"15-49",99,"All women",1,"Model-based Estimates",2,"Interpolation",4.1
4,"Unmet need for family planning: Any method (Percent)","Unmet need","Estimates and Projections of Family Planning Indicators",2024,"United Nations Population Division",704,"Viet Nam","VN","VNM",71,"2020",4,"Median",2,"Female",31,15,49,"15-49",99,"All women",1,"Model-based Estimates",2,"Interpolation",4.2
4,"Unmet need for family planning: Any method (Percent)","Unmet need","Estimates and Projections of Family Planning Indicators",2024,"United Nations Population Division",704,"Viet Nam","VN","VNM",72,"2021",4,"Median",2,"Female",31,15,49,"15-49",99,"All women",1,"Model-based Estimates",2,"Interpolation",4.2
4,"Unmet need for family planning: Any method (Percent)","Unmet need","Estimates and Projections of Family Planning Indicators",2024,"United Nations Population Division",704,"Viet Nam","VN","VNM",73,"2022",4,"Median",2,"Female",31,15,49,"15-49",99,"All women",1,"Model-based Estimates",3,"Projection",4.2
4,"Unmet need for family planning: Any method (Percent)","Unmet need","Estimates and Projections of Family Planning Indicators",2024,"United Nations Population Division",760,"Syrian Arab Republic","SY","SYR",59,"2008",4,"Median",2,"Female",31,15,49,"15-49",99,"All women",1,"Model-based Estimates",3,"Projection",8.8
4,"Unmet need for family planning: Any method (Percent)","Unmet need","Estimates and Projections of Family Planning Indicators",2024,"United Nations Population Division",760,"Syrian Arab Republic","SY","SYR",60,"2009",4,"Median",2,"Female",31,15,49,"15-49",99,"All women",1,"Model-based Estimates",2,"Interpolation",8.9
4,"Unmet need for family planning: Any method (Percent)","Unmet need","Estimates and Projections of Family Planning Indicators",2024,"United Nations Population Division",760,"Syrian Arab Republic","SY","SYR",61,"2010",4,"Median",2,"Female",31,15,49,"15-49",99,"All women",1,"Model-based Estimates",3,"Projection",8.8
4,"Unmet need for family planning: Any method (Percent)","Unmet need","Estimates and Projections of Family Planning Indicators",2024,"United Nations Population Division",760,"Syrian Arab Republic","SY","SYR",62,"2011",4,"Median",2,"Female",31,15,49,"15-49",99,"All women",1,"Model-based Estimates",3,"Projection",8.7
4,"Unmet need for family planning: Any method (Percent)","Unmet need","Estimates and Projections of Family Planning Indicators",2024,"United Nations Population Division",760,"Syrian Arab Republic","SY","SYR",63,"2012",4,"Median",2,"Female",31,15,49,"15-49",99,"All women",1,"Model-based Estimates",3,"Projection",8.6
4,"Unmet need for family planning: Any method (Percent)","Unmet need","Estimates and Projections of Family Planning Indicators",2024,"United Nations Population Division",760,"Syrian Arab Republic","SY","SYR",64,"2013",4,"Median",2,"Female",31,15,49,"15-49",99,"All women",1,"Model-based Estimates",3,"Projection",8.5
4,"Unmet need for family planning: Any method (Percent)","Unmet need","Estimates and Projections of Family Planning Indicators",2024,"United Nations Population Division",760,"Syrian Arab Republic","SY","SYR",65,"2014",4,"Median",2,"Female",31,15,49,"15-49",99,"All women",1,"Model-based Estimates",3,"Projection",8.4
4,"Unmet need for family planning: Any method (Percent)","Unmet need","Estimates and Projections of Family Planning Indicators",2024,"United Nations Population Division",760,"Syrian Arab Republic","SY","SYR",66,"2015",4,"Median",2,"Female",31,15,49,"15-49",99,"All women",1,"Model-based Estimates",3,"Projection",8.2
4,"Unmet need for family planning: Any method (Percent)","Unmet need","Estimates and Projections of Family Planning Indicators",2024,"United Nations Population Division",760,"Syrian Arab Republic","SY","SYR",67,"2016",4,"Median",2,"Female",31,15,49,"15-49",99,"All women",1,"Model-based Estimates",3,"Projection",8
4,"Unmet need for family planning: Any method (Percent)","Unmet need","Estimates and Projections of Family Planning Indicators",2024,"United Nations Population Division",760,"Syrian Arab Republic","SY","SYR",68,"2017",4,"Median",2,"Female",31,15,49,"15-49",99,"All women",1,"Model-based Estimates",3,"Projection",7.7
4,"Unmet need for family planning: Any method (Percent)","Unmet need","Estimates and Projections of Family Planning Indicators",2024,"United Nations Population Division",760,"Syrian Arab Republic","SY","SYR",69,"2018",4,"Median",2,"Female",31,15,49,"15-49",99,"All women",1,"Model-based Estimates",3,"Projection",7.5
4,"Unmet need for family planning: Any method (Percent)","Unmet need","Estimates and Projections of Family Planning Indicators",2024,"United Nations Population Division",760,"Syrian Arab Republic","SY","SYR",70,"2019",4,"Median",2,"Female",31,15,49,"15-49",99,"All women",1,"Model-based Estimates",3,"Projection",7.4
4,"Unmet need for family planning: Any method (Percent)","Unmet need","Estimates and Projections of Family Planning Indicators",2024,"United Nations Population Division",760,"Syrian Arab Republic","SY","SYR",71,"2020",4,"Median",2,"Female",31,15,49,"15-49",99,"All women",1,"Model-based Estimates",3,"Projection",7.3
4,"Unmet need for family planning: Any method (Percent)","Unmet need","Estimates and Projections of Family Planning Indicators",2024,"United Nations Population Division",760,"Syrian Arab Republic","SY","SYR",72,"2021",4,"Median",2,"Female",31,15,49,"15-49",99,"All women",1,"Model-based Estimates",3,"Projection",7.2
4,"Unmet need for family planning: Any method (Percent)","Unmet need","Estimates and Projections of Family Planning Indicators",2024,"United Nations Population Division",760,"Syrian Arab Republic","SY","SYR",73,"2022",4,"Median",2,"Female",31,15,49,"15-49",99,"All women",1,"Model-based Estimates",3,"Projection",7.1
4,"Unmet need for family planning: Any method (Percent)","Unmet need","Estimates and Projections of Family Planning Indicators",2024,"United Nations Population Division",762,"Tajikistan","TJ","TJK",59,"2008",4,"Median",2,"Female",31,15,49,"15-49",99,"All women",1,"Model-based Estimates",3,"Projection",14.4
4,"Unmet need for family planning: Any method (Percent)","Unmet need","Estimates and Projections of Family Planning Indicators",2024,"United Nations Population Division",762,"Tajikistan","TJ","TJK",60,"2009",4,"Median",2,"Female",31,15,49,"15-49",99,"All women",1,"Model-based Estimates",3,"Projection",14.6
4,"Unmet need for family planning: Any method (Percent)","Unmet need","Estimates and Projections of Family Planning Indicators",2024,"United Nations Population Division",762,"Tajikistan","TJ","TJK",61,"2010",4,"Median",2,"Female",31,15,49,"15-49",99,"All women",1,"Model-based Estimates",3,"Projection",14.8
4,"Unmet need for family planning: Any method (Percent)","Unmet need","Estimates and Projections of Family Planning Indicators",2024,"United Nations Population Division",762,"Tajikistan","TJ","TJK",62,"2011",4,"Median",2,"Female",31,15,49,"15-49",99,"All women",1,"Model-based Estimates",3,"Projection",15
4,"Unmet need for family planning: Any method (Percent)","Unmet need","Estimates and Projections of Family Planning Indicators",2024,"United Nations Population Division",762,"Tajikistan","TJ","TJK",63,"2012",4,"Median",2,"Female",31,15,49,"15-49",99,"All women",1,"Model-based Estimates",2,"Interpolation",15.2
4,"Unmet need for family planning: Any method (Percent)","Unmet need","Estimates and Projections of Family Planning Indicators",2024,"United Nations Population Division",762,"Tajikistan","TJ","TJK",64,"2013",4,"Median",2,"Female",31,15,49,"15-49",99,"All women",1,"Model-based Estimates",2,"Interpolation",15.3
4,"Unmet need for family planning: Any method (Percent)","Unmet need","Estimates and Projections of Family Planning Indicators",2024,"United Nations Population Division",762,"Tajikistan","TJ","TJK",65,"2014",4,"Median",2,"Female",31,15,49,"15-49",99,"All women",1,"Model-based Estimates",2,"Interpolation",15.4
4,"Unmet need for family planning: Any method (Percent)","Unmet need","Estimates and Projections of Family Planning Indicators",2024,"United Nations Population Division",762,"Tajikistan","TJ","TJK",66,"2015",4,"Median",2,"Female",31,15,49,"15-49",99,"All women",1,"Model-based Estimates",2,"Interpolation",15.4
4,"Unmet need for family planning: Any method (Percent)","Unmet need","Estimates and Projections of Family Planning Indicators",2024,"United Nations Population Division",762,"Tajikistan","TJ","TJK",67,"2016",4,"Median",2,"Female",31,15,49,"15-49",99,"All women",1,"Model-based Estimates",2,"Interpolation",15.4
4,"Unmet need for family planning: Any method (Percent)","Unmet need","Estimates and Projections of Family Planning Indicators",2024,"United Nations Population Division",762,"Tajikistan","TJ","TJK",68,"2017",4,"Median",2,"Female",31,15,49,"15-49",99,"All women",1,"Model-based Estimates",2,"Interpolation",15.4
4,"Unmet need for family planning: Any method (Percent)","Unmet need","Estimates and Projections of Family Planning Indicators",2024,"United Nations Population Division",762,"Tajikistan","TJ","TJK",69,"2018",4,"Median",2,"Female",31,15,49,"15-49",99,"All women",1,"Model-based Estimates",3,"Projection",15.4
4,"Unmet need for family planning: Any method (Percent)","Unmet need","Estimates and Projections of Family Planning Indicators",2024,"United Nations Population Division",762,"Tajikistan","TJ","TJK",70,"2019",4,"Median",2,"Female",31,15,49,"15-49",99,"All women",1,"Model-based Estimates",3,"Projection",15.3
4,"Unmet need for family planning: Any method (Percent)","Unmet need","Estimates and Projections of Family Planning Indicators",2024,"United Nations Population Division",762,"Tajikistan","TJ","TJK",71,"2020",4,"Median",2,"Female",31,15,49,"15-49",99,"All women",1,"Model-based Estimates",3,"Projection",15.2
4,"Unmet need for family planning: Any method (Percent)","Unmet need","Estimates and Projections of Family Planning Indicators",2024,"United Nations Population Division",762,"Tajikistan","TJ","TJK",72,"2021",4,"Median",2,"Female",31,15,49,"15-49",99,"All women",1,"Model-based Estimates",3,"Projection",15.2
4,"Unmet need for family planning: Any method (Percent)","Unmet need","Estimates and Projections of Family Planning Indicators",2024,"United Nations Population Division",762,"Tajikistan","TJ","TJK",73,"2022",4,"Median",2,"Female",31,15,49,"15-49",99,"All women",1,"Model-based Estimates",3,"Projection",15.1
4,"Unmet need for family planning: Any method (Percent)","Unmet need","Estimates and Projections of Family Planning Indicators",2024,"United Nations Population Division",764,"Thailand","TH","THA",59,"2008",4,"Median",2,"Female",31,15,49,"15-49",99,"All women",1,"Model-based Estimates",2,"Interpolation",3.5
4,"Unmet need for family planning: Any method (Percent)","Unmet need","Estimates and Projections of Family Planning Indicators",2024,"United Nations Population Division",764,"Thailand","TH","THA",60,"2009",4,"Median",2,"Female",31,15,49,"15-49",99,"All women",1,"Model-based Estimates",2,"Interpolation",3.5
4,"Unmet need for family planning: Any method (Percent)","Unmet need","Estimates and Projections of Family Planning Indicators",2024,"United Nations Population Division",764,"Thailand","TH","THA",61,"2010",4,"Median",2,"Female",31,15,49,"15-49",99,"All women",1,"Model-based Estimates",2,"Interpolation",3.4
4,"Unmet need for family planning: Any method (Percent)","Unmet need","Estimates and Projections of Family Planning Indicators",2024,"United Nations Population Division",764,"Thailand","TH","THA",62,"2011",4,"Median",2,"Female",31,15,49,"15-49",99,"All women",1,"Model-based Estimates",2,"Interpolation",3.4
4,"Unmet need for family planning: Any method (Percent)","Unmet need","Estimates and Projections of Family Planning Indicators",2024,"United Nations Population Division",764,"Thailand","TH","THA",63,"2012",4,"Median",2,"Female",31,15,49,"15-49",99,"All women",1,"Model-based Estimates",2,"Interpolation",3.4
4,"Unmet need for family planning: Any method (Percent)","Unmet need","Estimates and Projections of Family Planning Indicators",2024,"United Nations Population Division",764,"Thailand","TH","THA",64,"2013",4,"Median",2,"Female",31,15,49,"15-49",99,"All women",1,"Model-based Estimates",2,"Interpolation",3.4
4,"Unmet need for family planning: Any method (Percent)","Unmet need","Estimates and Projections of Family Planning Indicators",2024,"United Nations Population Division",764,"Thailand","TH","THA",65,"2014",4,"Median",2,"Female",31,15,49,"15-49",99,"All women",1,"Model-based Estimates",2,"Interpolation",3.4
4,"Unmet need for family planning: Any method (Percent)","Unmet need","Estimates and Projections of Family Planning Indicators",2024,"United Nations Population Division",764,"Thailand","TH","THA",66,"2015",4,"Median",2,"Female",31,15,49,"15-49",99,"All women",1,"Model-based Estimates",2,"Interpolation",3.5
4,"Unmet need for family planning: Any method (Percent)","Unmet need","Estimates and Projections of Family Planning Indicators",2024,"United Nations Population Division",764,"Thailand","TH","THA",67,"2016",4,"Median",2,"Female",31,15,49,"15-49",99,"All women",1,"Model-based Estimates",2,"Interpolation",3.5
4,"Unmet need for family planning: Any method (Percent)","Unmet need","Estimates and Projections of Family Planning Indicators",2024,"United Nations Population Division",764,"Thailand","TH","THA",68,"2017",4,"Median",2,"Female",31,15,49,"15-49",99,"All women",1,"Model-based Estimates",2,"Interpolation",3.6
4,"Unmet need for family planning: Any method (Percent)","Unmet need","Estimates and Projections of Family Planning Indicators",2024,"United Nations Population Division",764,"Thailand","TH","THA",69,"2018",4,"Median",2,"Female",31,15,49,"15-49",99,"All women",1,"Model-based Estimates",2,"Interpolation",3.7
4,"Unmet need for family planning: Any method (Percent)","Unmet need","Estimates and Projections of Family Planning Indicators",2024,"United Nations Population Division",764,"Thailand","TH","THA",70,"2019",4,"Median",2,"Female",31,15,49,"15-49",99,"All women",1,"Model-based Estimates",2,"Interpolation",3.7
4,"Unmet need for family planning: Any method (Percent)","Unmet need","Estimates and Projections of Family Planning Indicators",2024,"United Nations Population Division",764,"Thailand","TH","THA",71,"2020",4,"Median",2,"Female",31,15,49,"15-49",99,"All women",1,"Model-based Estimates",2,"Interpolation",3.8
4,"Unmet need for family planning: Any method (Percent)","Unmet need","Estimates and Projections of Family Planning Indicators",2024,"United Nations Population Division",764,"Thailand","TH","THA",72,"2021",4,"Median",2,"Female",31,15,49,"15-49",99,"All women",1,"Model-based Estimates",2,"Interpolation",3.8
4,"Unmet need for family planning: Any method (Percent)","Unmet need","Estimates and Projections of Family Planning Indicators",2024,"United Nations Population Division",764,"Thailand","TH","THA",73,"2022",4,"Median",2,"Female",31,15,49,"15-49",99,"All women",1,"Model-based Estimates",2,"Interpolation",3.8
4,"Unmet need for family planning: Any method (Percent)","Unmet need","Estimates and Projections of Family Planning Indicators",2024,"United Nations Population Division",784,"United Arab Emirates","AE","ARE",59,"2008",4,"Median",2,"Female",31,15,49,"15-49",99,"All women",1,"Model-based Estimates",3,"Projection",14.1
4,"Unmet need for family planning: Any method (Percent)","Unmet need","Estimates and Projections of Family Planning Indicators",2024,"United Nations Population Division",784,"United Arab Emirates","AE","ARE",60,"2009",4,"Median",2,"Female",31,15,49,"15-49",99,"All women",1,"Model-based Estimates",3,"Projection",13.8
4,"Unmet need for family planning: Any method (Percent)","Unmet need","Estimates and Projections of Family Planning Indicators",2024,"United Nations Population Division",784,"United Arab Emirates","AE","ARE",61,"2010",4,"Median",2,"Female",31,15,49,"15-49",99,"All women",1,"Model-based Estimates",3,"Projection",13.6
4,"Unmet need for family planning: Any method (Percent)","Unmet need","Estimates and Projections of Family Planning Indicators",2024,"United Nations Population Division",784,"United Arab Emirates","AE","ARE",62,"2011",4,"Median",2,"Female",31,15,49,"15-49",99,"All women",1,"Model-based Estimates",3,"Projection",13.4
4,"Unmet need for family planning: Any method (Percent)","Unmet need","Estimates and Projections of Family Planning Indicators",2024,"United Nations Population Division",784,"United Arab Emirates","AE","ARE",63,"2012",4,"Median",2,"Female",31,15,49,"15-49",99,"All women",1,"Model-based Estimates",3,"Projection",13.1
4,"Unmet need for family planning: Any method (Percent)","Unmet need","Estimates and Projections of Family Planning Indicators",2024,"United Nations Population Division",784,"United Arab Emirates","AE","ARE",64,"2013",4,"Median",2,"Female",31,15,49,"15-49",99,"All women",1,"Model-based Estimates",3,"Projection",12.9
4,"Unmet need for family planning: Any method (Percent)","Unmet need","Estimates and Projections of Family Planning Indicators",2024,"United Nations Population Division",784,"United Arab Emirates","AE","ARE",65,"2014",4,"Median",2,"Female",31,15,49,"15-49",99,"All women",1,"Model-based Estimates",3,"Projection",12.8
4,"Unmet need for family planning: Any method (Percent)","Unmet need","Estimates and Projections of Family Planning Indicators",2024,"United Nations Population Division",784,"United Arab Emirates","AE","ARE",66,"2015",4,"Median",2,"Female",31,15,49,"15-49",99,"All women",1,"Model-based Estimates",3,"Projection",12.5
4,"Unmet need for family planning: Any method (Percent)","Unmet need","Estimates and Projections of Family Planning Indicators",2024,"United Nations Population Division",784,"United Arab Emirates","AE","ARE",67,"2016",4,"Median",2,"Female",31,15,49,"15-49",99,"All women",1,"Model-based Estimates",3,"Projection",12.3
4,"Unmet need for family planning: Any method (Percent)","Unmet need","Estimates and Projections of Family Planning Indicators",2024,"United Nations Population Division",784,"United Arab Emirates","AE","ARE",68,"2017",4,"Median",2,"Female",31,15,49,"15-49",99,"All women",1,"Model-based Estimates",3,"Projection",12.2
4,"Unmet need for family planning: Any method (Percent)","Unmet need","Estimates and Projections of Family Planning Indicators",2024,"United Nations Population Division",784,"United Arab Emirates","AE","ARE",69,"2018",4,"Median",2,"Female",31,15,49,"15-49",99,"All women",1,"Model-based Estimates",3,"Projection",12
4,"Unmet need for family planning: Any method (Percent)","Unmet need","Estimates and Projections of Family Planning Indicators",2024,"United Nations Population Division",784,"United Arab Emirates","AE","ARE",70,"2019",4,"Median",2,"Female",31,15,49,"15-49",99,"All women",1,"Model-based Estimates",3,"Projection",11.8
4,"Unmet need for family planning: Any method (Percent)","Unmet need","Estimates and Projections of Family Planning Indicators",2024,"United Nations Population Division",784,"United Arab Emirates","AE","ARE",71,"2020",4,"Median",2,"Female",31,15,49,"15-49",99,"All women",1,"Model-based Estimates",3,"Projection",11.7
4,"Unmet need for family planning: Any method (Percent)","Unmet need","Estimates and Projections of Family Planning Indicators",2024,"United Nations Population Division",784,"United Arab Emirates","AE","ARE",72,"2021",4,"Median",2,"Female",31,15,49,"15-49",99,"All women",1,"Model-based Estimates",3,"Projection",11.5
4,"Unmet need for family planning: Any method (Percent)","Unmet need","Estimates and Projections of Family Planning Indicators",2024,"United Nations Population Division",784,"United Arab Emirates","AE","ARE",73,"2022",4,"Median",2,"Female",31,15,49,"15-49",99,"All women",1,"Model-based Estimates",3,"Projection",11.3
4,"Unmet need for family planning: Any method (Percent)","Unmet need","Estimates and Projections of Family Planning Indicators",2024,"United Nations Population Division",792,"Türkiye","TR","TUR",59,"2008",4,"Median",2,"Female",31,15,49,"15-49",99,"All women",1,"Model-based Estimates",2,"Interpolation",6.1
4,"Unmet need for family planning: Any method (Percent)","Unmet need","Estimates and Projections of Family Planning Indicators",2024,"United Nations Population Division",792,"Türkiye","TR","TUR",60,"2009",4,"Median",2,"Female",31,15,49,"15-49",99,"All women",1,"Model-based Estimates",2,"Interpolation",5.9
4,"Unmet need for family planning: Any method (Percent)","Unmet need","Estimates and Projections of Family Planning Indicators",2024,"United Nations Population Division",792,"Türkiye","TR","TUR",61,"2010",4,"Median",2,"Female",31,15,49,"15-49",99,"All women",1,"Model-based Estimates",2,"Interpolation",5.8
4,"Unmet need for family planning: Any method (Percent)","Unmet need","Estimates and Projections of Family Planning Indicators",2024,"United Nations Population Division",792,"Türkiye","TR","TUR",62,"2011",4,"Median",2,"Female",31,15,49,"15-49",99,"All women",1,"Model-based Estimates",2,"Interpolation",5.7
4,"Unmet need for family planning: Any method (Percent)","Unmet need","Estimates and Projections of Family Planning Indicators",2024,"United Nations Population Division",792,"Türkiye","TR","TUR",63,"2012",4,"Median",2,"Female",31,15,49,"15-49",99,"All women",1,"Model-based Estimates",2,"Interpolation",5.6
4,"Unmet need for family planning: Any method (Percent)","Unmet need","Estimates and Projections of Family Planning Indicators",2024,"United Nations Population Division",792,"Türkiye","TR","TUR",64,"2013",4,"Median",2,"Female",31,15,49,"15-49",99,"All women",1,"Model-based Estimates",2,"Interpolation",5.6
4,"Unmet need for family planning: Any method (Percent)","Unmet need","Estimates and Projections of Family Planning Indicators",2024,"United Nations Population Division",792,"Türkiye","TR","TUR",65,"2014",4,"Median",2,"Female",31,15,49,"15-49",99,"All women",1,"Model-based Estimates",2,"Interpolation",5.6
4,"Unmet need for family planning: Any method (Percent)","Unmet need","Estimates and Projections of Family Planning Indicators",2024,"United Nations Population Division",792,"Türkiye","TR","TUR",66,"2015",4,"Median",2,"Female",31,15,49,"15-49",99,"All women",1,"Model-based Estimates",2,"Interpolation",5.7
4,"Unmet need for family planning: Any method (Percent)","Unmet need","Estimates and Projections of Family Planning Indicators",2024,"United Nations Population Division",792,"Türkiye","TR","TUR",67,"2016",4,"Median",2,"Female",31,15,49,"15-49",99,"All women",1,"Model-based Estimates",2,"Interpolation",5.8
4,"Unmet need for family planning: Any method (Percent)","Unmet need","Estimates and Projections of Family Planning Indicators",2024,"United Nations Population Division",792,"Türkiye","TR","TUR",68,"2017",4,"Median",2,"Female",31,15,49,"15-49",99,"All women",1,"Model-based Estimates",2,"Interpolation",5.9
4,"Unmet need for family planning: Any method (Percent)","Unmet need","Estimates and Projections of Family Planning Indicators",2024,"United Nations Population Division",792,"Türkiye","TR","TUR",69,"2018",4,"Median",2,"Female",31,15,49,"15-49",99,"All women",1,"Model-based Estimates",2,"Interpolation",6
4,"Unmet need for family planning: Any method (Percent)","Unmet need","Estimates and Projections of Family Planning Indicators",2024,"United Nations Population Division",792,"Türkiye","TR","TUR",70,"2019",4,"Median",2,"Female",31,15,49,"15-49",99,"All women",1,"Model-based Estimates",3,"Projection",6
4,"Unmet need for family planning: Any method (Percent)","Unmet need","Estimates and Projections of Family Planning Indicators",2024,"United Nations Population Division",792,"Türkiye","TR","TUR",71,"2020",4,"Median",2,"Female",31,15,49,"15-49",99,"All women",1,"Model-based Estimates",3,"Projection",5.9
4,"Unmet need for family planning: Any method (Percent)","Unmet need","Estimates and Projections of Family Planning Indicators",2024,"United Nations Population Division",792,"Türkiye","TR","TUR",72,"2021",4,"Median",2,"Female",31,15,49,"15-49",99,"All women",1,"Model-based Estimates",3,"Projection",5.9
4,"Unmet need for family planning: Any method (Percent)","Unmet need","Estimates and Projections of Family Planning Indicators",2024,"United Nations Population Division",792,"Türkiye","TR","TUR",73,"2022",4,"Median",2,"Female",31,15,49,"15-49",99,"All women",1,"Model-based Estimates",3,"Projection",5.8
4,"Unmet need for family planning: Any method (Percent)","Unmet need","Estimates and Projections of Family Planning Indicators",2024,"United Nations Population Division",795,"Turkmenistan","TM","TKM",59,"2008",4,"Median",2,"Female",31,15,49,"15-49",99,"All women",1,"Model-based Estimates",2,"Interpolation",8.7
4,"Unmet need for family planning: Any method (Percent)","Unmet need","Estimates and Projections of Family Planning Indicators",2024,"United Nations Population Division",795,"Turkmenistan","TM","TKM",60,"2009",4,"Median",2,"Female",31,15,49,"15-49",99,"All women",1,"Model-based Estimates",2,"Interpolation",8.6
4,"Unmet need for family planning: Any method (Percent)","Unmet need","Estimates and Projections of Family Planning Indicators",2024,"United Nations Population Division",795,"Turkmenistan","TM","TKM",61,"2010",4,"Median",2,"Female",31,15,49,"15-49",99,"All women",1,"Model-based Estimates",2,"Interpolation",8.6
4,"Unmet need for family planning: Any method (Percent)","Unmet need","Estimates and Projections of Family Planning Indicators",2024,"United Nations Population Division",795,"Turkmenistan","TM","TKM",62,"2011",4,"Median",2,"Female",31,15,49,"15-49",99,"All women",1,"Model-based Estimates",2,"Interpolation",8.5
4,"Unmet need for family planning: Any method (Percent)","Unmet need","Estimates and Projections of Family Planning Indicators",2024,"United Nations Population Division",795,"Turkmenistan","TM","TKM",63,"2012",4,"Median",2,"Female",31,15,49,"15-49",99,"All women",1,"Model-based Estimates",2,"Interpolation",8.4
4,"Unmet need for family planning: Any method (Percent)","Unmet need","Estimates and Projections of Family Planning Indicators",2024,"United Nations Population Division",795,"Turkmenistan","TM","TKM",64,"2013",4,"Median",2,"Female",31,15,49,"15-49",99,"All women",1,"Model-based Estimates",2,"Interpolation",8.4
4,"Unmet need for family planning: Any method (Percent)","Unmet need","Estimates and Projections of Family Planning Indicators",2024,"United Nations Population Division",795,"Turkmenistan","TM","TKM",65,"2014",4,"Median",2,"Female",31,15,49,"15-49",99,"All women",1,"Model-based Estimates",2,"Interpolation",8.4
4,"Unmet need for family planning: Any method (Percent)","Unmet need","Estimates and Projections of Family Planning Indicators",2024,"United Nations Population Division",795,"Turkmenistan","TM","TKM",66,"2015",4,"Median",2,"Female",31,15,49,"15-49",99,"All women",1,"Model-based Estimates",2,"Interpolation",8.3
4,"Unmet need for family planning: Any method (Percent)","Unmet need","Estimates and Projections of Family Planning Indicators",2024,"United Nations Population Division",795,"Turkmenistan","TM","TKM",67,"2016",4,"Median",2,"Female",31,15,49,"15-49",99,"All women",1,"Model-based Estimates",2,"Interpolation",8.3
4,"Unmet need for family planning: Any method (Percent)","Unmet need","Estimates and Projections of Family Planning Indicators",2024,"United Nations Population Division",795,"Turkmenistan","TM","TKM",68,"2017",4,"Median",2,"Female",31,15,49,"15-49",99,"All women",1,"Model-based Estimates",2,"Interpolation",8.3
4,"Unmet need for family planning: Any method (Percent)","Unmet need","Estimates and Projections of Family Planning Indicators",2024,"United Nations Population Division",795,"Turkmenistan","TM","TKM",69,"2018",4,"Median",2,"Female",31,15,49,"15-49",99,"All women",1,"Model-based Estimates",2,"Interpolation",8.3
4,"Unmet need for family planning: Any method (Percent)","Unmet need","Estimates and Projections of Family Planning Indicators",2024,"United Nations Population Division",795,"Turkmenistan","TM","TKM",70,"2019",4,"Median",2,"Female",31,15,49,"15-49",99,"All women",1,"Model-based Estimates",2,"Interpolation",8.3
4,"Unmet need for family planning: Any method (Percent)","Unmet need","Estimates and Projections of Family Planning Indicators",2024,"United Nations Population Division",795,"Turkmenistan","TM","TKM",71,"2020",4,"Median",2,"Female",31,15,49,"15-49",99,"All women",1,"Model-based Estimates",3,"Projection",8.3
4,"Unmet need for family planning: Any method (Percent)","Unmet need","Estimates and Projections of Family Planning Indicators",2024,"United Nations Population Division",795,"Turkmenistan","TM","TKM",72,"2021",4,"Median",2,"Female",31,15,49,"15-49",99,"All women",1,"Model-based Estimates",3,"Projection",8.3
4,"Unmet need for family planning: Any method (Percent)","Unmet need","Estimates and Projections of Family Planning Indicators",2024,"United Nations Population Division",795,"Turkmenistan","TM","TKM",73,"2022",4,"Median",2,"Female",31,15,49,"15-49",99,"All women",1,"Model-based Estimates",3,"Projection",8.3
4,"Unmet need for family planning: Any method (Percent)","Unmet need","Estimates and Projections of Family Planning Indicators",2024,"United Nations Population Division",860,"Uzbekistan","UZ","UZB",59,"2008",4,"Median",2,"Female",31,15,49,"15-49",99,"All women",1,"Model-based Estimates",2,"Interpolation",6.9
4,"Unmet need for family planning: Any method (Percent)","Unmet need","Estimates and Projections of Family Planning Indicators",2024,"United Nations Population Division",860,"Uzbekistan","UZ","UZB",60,"2009",4,"Median",2,"Female",31,15,49,"15-49",99,"All women",1,"Model-based Estimates",2,"Interpolation",7
4,"Unmet need for family planning: Any method (Percent)","Unmet need","Estimates and Projections of Family Planning Indicators",2024,"United Nations Population Division",860,"Uzbekistan","UZ","UZB",61,"2010",4,"Median",2,"Female",31,15,49,"15-49",99,"All women",1,"Model-based Estimates",2,"Interpolation",7.1
4,"Unmet need for family planning: Any method (Percent)","Unmet need","Estimates and Projections of Family Planning Indicators",2024,"United Nations Population Division",860,"Uzbekistan","UZ","UZB",62,"2011",4,"Median",2,"Female",31,15,49,"15-49",99,"All women",1,"Model-based Estimates",2,"Interpolation",7.2
4,"Unmet need for family planning: Any method (Percent)","Unmet need","Estimates and Projections of Family Planning Indicators",2024,"United Nations Population Division",860,"Uzbekistan","UZ","UZB",63,"2012",4,"Median",2,"Female",31,15,49,"15-49",99,"All women",1,"Model-based Estimates",2,"Interpolation",7.3
4,"Unmet need for family planning: Any method (Percent)","Unmet need","Estimates and Projections of Family Planning Indicators",2024,"United Nations Population Division",860,"Uzbekistan","UZ","UZB",64,"2013",4,"Median",2,"Female",31,15,49,"15-49",99,"All women",1,"Model-based Estimates",2,"Interpolation",7.4
4,"Unmet need for family planning: Any method (Percent)","Unmet need","Estimates and Projections of Family Planning Indicators",2024,"United Nations Population Division",860,"Uzbekistan","UZ","UZB",65,"2014",4,"Median",2,"Female",31,15,49,"15-49",99,"All women",1,"Model-based Estimates",2,"Interpolation",7.5
4,"Unmet need for family planning: Any method (Percent)","Unmet need","Estimates and Projections of Family Planning Indicators",2024,"United Nations Population Division",860,"Uzbekistan","UZ","UZB",66,"2015",4,"Median",2,"Female",31,15,49,"15-49",99,"All women",1,"Model-based Estimates",2,"Interpolation",7.7
4,"Unmet need for family planning: Any method (Percent)","Unmet need","Estimates and Projections of Family Planning Indicators",2024,"United Nations Population Division",860,"Uzbekistan","UZ","UZB",67,"2016",4,"Median",2,"Female",31,15,49,"15-49",99,"All women",1,"Model-based Estimates",2,"Interpolation",7.8
4,"Unmet need for family planning: Any method (Percent)","Unmet need","Estimates and Projections of Family Planning Indicators",2024,"United Nations Population Division",860,"Uzbekistan","UZ","UZB",68,"2017",4,"Median",2,"Female",31,15,49,"15-49",99,"All women",1,"Model-based Estimates",2,"Interpolation",7.9
4,"Unmet need for family planning: Any method (Percent)","Unmet need","Estimates and Projections of Family Planning Indicators",2024,"United Nations Population Division",860,"Uzbekistan","UZ","UZB",69,"2018",4,"Median",2,"Female",31,15,49,"15-49",99,"All women",1,"Model-based Estimates",2,"Interpolation",8
4,"Unmet need for family planning: Any method (Percent)","Unmet need","Estimates and Projections of Family Planning Indicators",2024,"United Nations Population Division",860,"Uzbekistan","UZ","UZB",70,"2019",4,"Median",2,"Female",31,15,49,"15-49",99,"All women",1,"Model-based Estimates",2,"Interpolation",8.1
4,"Unmet need for family planning: Any method (Percent)","Unmet need","Estimates and Projections of Family Planning Indicators",2024,"United Nations Population Division",860,"Uzbekistan","UZ","UZB",71,"2020",4,"Median",2,"Female",31,15,49,"15-49",99,"All women",1,"Model-based Estimates",2,"Interpolation",8.2
4,"Unmet need for family planning: Any method (Percent)","Unmet need","Estimates and Projections of Family Planning Indicators",2024,"United Nations Population Division",860,"Uzbekistan","UZ","UZB",72,"2021",4,"Median",2,"Female",31,15,49,"15-49",99,"All women",1,"Model-based Estimates",2,"Interpolation",8.2
4,"Unmet need for family planning: Any method (Percent)","Unmet need","Estimates and Projections of Family Planning Indicators",2024,"United Nations Population Division",860,"Uzbekistan","UZ","UZB",73,"2022",4,"Median",2,"Female",31,15,49,"15-49",99,"All women",1,"Model-based Estimates",2,"Interpolation",8.2
4,"Unmet need for family planning: Any method (Percent)","Unmet need","Estimates and Projections of Family Planning Indicators",2024,"United Nations Population Division",887,"Yemen","YE","YEM",59,"2008",4,"Median",2,"Female",31,15,49,"15-49",99,"All women",1,"Model-based Estimates",2,"Interpolation",19
4,"Unmet need for family planning: Any method (Percent)","Unmet need","Estimates and Projections of Family Planning Indicators",2024,"United Nations Population Division",887,"Yemen","YE","YEM",60,"2009",4,"Median",2,"Female",31,15,49,"15-49",99,"All women",1,"Model-based Estimates",2,"Interpolation",18.8
4,"Unmet need for family planning: Any method (Percent)","Unmet need","Estimates and Projections of Family Planning Indicators",2024,"United Nations Population Division",887,"Yemen","YE","YEM",61,"2010",4,"Median",2,"Female",31,15,49,"15-49",99,"All women",1,"Model-based Estimates",2,"Interpolation",18.5
4,"Unmet need for family planning: Any method (Percent)","Unmet need","Estimates and Projections of Family Planning Indicators",2024,"United Nations Population Division",887,"Yemen","YE","YEM",62,"2011",4,"Median",2,"Female",31,15,49,"15-49",99,"All women",1,"Model-based Estimates",2,"Interpolation",18.3
4,"Unmet need for family planning: Any method (Percent)","Unmet need","Estimates and Projections of Family Planning Indicators",2024,"United Nations Population Division",887,"Yemen","YE","YEM",63,"2012",4,"Median",2,"Female",31,15,49,"15-49",99,"All women",1,"Model-based Estimates",2,"Interpolation",18.1
4,"Unmet need for family planning: Any method (Percent)","Unmet need","Estimates and Projections of Family Planning Indicators",2024,"United Nations Population Division",887,"Yemen","YE","YEM",64,"2013",4,"Median",2,"Female",31,15,49,"15-49",99,"All women",1,"Model-based Estimates",2,"Interpolation",17.9
4,"Unmet need for family planning: Any method (Percent)","Unmet need","Estimates and Projections of Family Planning Indicators",2024,"United Nations Population Division",887,"Yemen","YE","YEM",65,"2014",4,"Median",2,"Female",31,15,49,"15-49",99,"All women",1,"Model-based Estimates",3,"Projection",17.6
4,"Unmet need for family planning: Any method (Percent)","Unmet need","Estimates and Projections of Family Planning Indicators",2024,"United Nations Population Division",887,"Yemen","YE","YEM",66,"2015",4,"Median",2,"Female",31,15,49,"15-49",99,"All women",1,"Model-based Estimates",3,"Projection",17.3
4,"Unmet need for family planning: Any method (Percent)","Unmet need","Estimates and Projections of Family Planning Indicators",2024,"United Nations Population Division",887,"Yemen","YE","YEM",67,"2016",4,"Median",2,"Female",31,15,49,"15-49",99,"All women",1,"Model-based Estimates",3,"Projection",17
4,"Unmet need for family planning: Any method (Percent)","Unmet need","Estimates and Projections of Family Planning Indicators",2024,"United Nations Population Division",887,"Yemen","YE","YEM",68,"2017",4,"Median",2,"Female",31,15,49,"15-49",99,"All women",1,"Model-based Estimates",3,"Projection",16.6
4,"Unmet need for family planning: Any method (Percent)","Unmet need","Estimates and Projections of Family Planning Indicators",2024,"United Nations Population Division",887,"Yemen","YE","YEM",69,"2018",4,"Median",2,"Female",31,15,49,"15-49",99,"All women",1,"Model-based Estimates",3,"Projection",16.3
4,"Unmet need for family planning: Any method (Percent)","Unmet need","Estimates and Projections of Family Planning Indicators",2024,"United Nations Population Division",887,"Yemen","YE","YEM",70,"2019",4,"Median",2,"Female",31,15,49,"15-49",99,"All women",1,"Model-based Estimates",3,"Projection",15.9
4,"Unmet need for family planning: Any method (Percent)","Unmet need","Estimates and Projections of Family Planning Indicators",2024,"United Nations Population Division",887,"Yemen","YE","YEM",71,"2020",4,"Median",2,"Female",31,15,49,"15-49",99,"All women",1,"Model-based Estimates",3,"Projection",15.6
4,"Unmet need for family planning: Any method (Percent)","Unmet need","Estimates and Projections of Family Planning Indicators",2024,"United Nations Population Division",887,"Yemen","YE","YEM",72,"2021",4,"Median",2,"Female",31,15,49,"15-49",99,"All women",1,"Model-based Estimates",3,"Projection",15.2
4,"Unmet need for family planning: Any method (Percent)","Unmet need","Estimates and Projections of Family Planning Indicators",2024,"United Nations Population Division",887,"Yemen","YE","YEM",73,"2022",4,"Median",2,"Female",31,15,49,"15-49",99,"All women",1,"Model-based Estimates",3,"Projection",14.8
