IndicatorId,IndicatorName,IndicatorShortName,Source,SourceYear,Author,LocationId,Location,Iso2,Iso3,TimeId,Time,VariantId,Variant,SexId,Sex,AgeId,AgeStart,AgeEnd,Age,CategoryId,Category,EstimateTypeId,EstimateType,EstimateMethodId,EstimateMethod,Value
4,"Unmet need for family planning: Any method (Percent)","Unmet need","Estimates and Projections of Family Planning Indicators",2024,"United Nations Population Division",8,"Albania","AL","ALB",59,"2008",4,"Median",2,"Female",31,15,49,"15-49",99,"All women",1,"Model-based Estimates",2,"Interpolation",10.1
4,"Unmet need for family planning: Any method (Percent)","Unmet need","Estimates and Projections of Family Planning Indicators",2024,"United Nations Population Division",8,"Albania","AL","ALB",60,"2009",4,"Median",2,"Female",31,15,49,"15-49",99,"All women",1,"Model-based Estimates",2,"Interpolation",10.3
4,"Unmet need for family planning: Any method (Percent)","Unmet need","Estimates and Projections of Family Planning Indicators",2024,"United Nations Population Division",8,"Albania","AL","ALB",61,"2010",4,"Median",2,"Female",31,15,49,"15-49",99,"All women",1,"Model-based Estimates",2,"Interpolation",10.2
4,"Unmet need for family planning: Any method (Percent)","Unmet need","Estimates and Projections of Family Planning Indicators",2024,"United Nations Population Division",8,"Albania","AL","ALB",62,"2011",4,"Median",2,"Female",31,15,49,"15-49",99,"All women",1,"Model-based Estimates",2,"Interpolation",10.1
4,"Unmet need for family planning: Any method (Percent)","Unmet need","Estimates and Projections of Family Planning Indicators",2024,"United Nations Population Division",8,"Albania","AL","ALB",63,"2012",4,"Median",2,"Female",31,15,49,"15-49",99,"All women",1,"Model-based Estimates",2,"Interpolation",10
4,"Unmet need for family planning: Any method (Percent)","Unmet need","Estimates and Projections of Family Planning Indicators",2024,"United Nations Population Division",8,"Albania","AL","ALB",64,"2013",4,"Median",2,"Female",31,15,49,"15-49",99,"All women",1,"Model-based Estimates",2,"Interpolation",9.9
4,"Unmet need for family planning: Any method (Percent)","Unmet need","Estimates and Projections of Family Planning Indicators",2024,"United Nations Population Division",8,"Albania","AL","ALB",65,"2014",4,"Median",2,"Female",31,15,49,"15-49",99,"All women",1,"Model-based Estimates",2,"Interpolation",9.9
4,"Unmet need for family planning: Any method (Percent)","Unmet need","Estimates and Projections of Family Planning Indicators",2024,"United Nations Population Division",8,"Albania","AL","ALB",66,"2015",4,"Median",2,"Female",31,15,49,"15-49",99,"All women",1,"Model-based Estimates",2,"Interpolation",9.8
4,"Unmet need for family planning: Any method (Percent)","Unmet need","Estimates and Projections of Family Planning Indicators",2024,"United Nations Population Division",8,"Albania","AL","ALB",67,"2016",4,"Median",2,"Female",31,15,49,"15-49",99,"All women",1,"Model-based Estimates",2,"Interpolation",9.7
4,"Unmet need for family planning: Any method (Percent)","Unmet need","Estimates and Projections of Family Planning Indicators",2024,"United Nations Population Division",8,"Albania","AL","ALB",68,"2017",4,"Median",2,"Female",31,15,49,"15-49",99,"All women",1,"Model-based Estimates",2,"Interpolation",9.7
4,"Unmet need for family planning: Any method (Percent)","Unmet need","Estimates and Projections of Family Planning Indicators",2024,"United Nations Population Division",8,"Albania","AL","ALB",69,"2018",4,"Median",2,"Female",31,15,49,"15-49",99,"All women",1,"Model-based Estimates",2,"Interpolation",9.7
4,"Unmet need for family planning: Any method (Percent)","Unmet need","Estimates and Projections of Family Planning Indicators",2024,"United Nations Population Division",8,"Albania","AL","ALB",70,"2019",4,"Median",2,"Female",31,15,49,"15-49",99,"All women",1,"Model-based Estimates",3,"Projection",9.7
4,"Unmet need for family planning: Any method (Percent)","Unmet need","Estimates and Projections of Family Planning Indicators",2024,"United Nations Population Division",8,"Albania","AL","ALB",71,"2020",4,"Median",2,"Female",31,15,49,"15-49",99,"All women",1,"Model-based Estimates",3,"Projection",9.7
4,"Unmet need for family planning: Any method (Percent)","Unmet need","Estimates and Projections of Family Planning Indicators",2024,"United Nations Population Division",8,"Albania","AL","ALB",72,"2021",4,"Median",2,"Female",31,15,49,"15-49",99,"All women",1,"Model-based Estimates",3,"Projection",9.7
4,"Unmet need for family planning: Any method (Percent)","Unmet need","Estimates and Projections of Family Planning Indicators",2024,"United Nations Population Division",8,"Albania","AL","ALB",73,"2022",4,"Median",2,"Female",31,15,49,"15-49",99,"All women",1,"Model-based Estimates",3,"Projection",9.6
4,"Unmet need for family planning: Any method (Percent)","Unmet need","Estimates and Projections of Family Planning Indicators",2024,"United Nations Population Division",40,"Austria","AT","AUT",59,"2008",4,"Median",2,"Female",31,15,49,"15-49",99,"All women",1,"Model-based Estimates",3,"Projection",6
4,"Unmet need for family planning: Any method (Percent)","Unmet need","Estimates and Projections of Family Planning Indicators",2024,"United Nations Population Division",40,"Austria","AT","AUT",60,"2009",4,"Median",2,"Female",31,15,49,"15-49",99,"All women",1,"Model-based Estimates",3,"Projection",5.9
4,"Unmet need for family planning: Any method (Percent)","Unmet need","Estimates and Projections of Family Planning Indicators",2024,"United Nations Population Division",40,"Austria","AT","AUT",61,"2010",4,"Median",2,"Female",31,15,49,"15-49",99,"All women",1,"Model-based Estimates",3,"Projection",5.8
4,"Unmet need for family planning: Any method (Percent)","Unmet need","Estimates and Projections of Family Planning Indicators",2024,"United Nations Population Division",40,"Austria","AT","AUT",62,"2011",4,"Median",2,"Female",31,15,49,"15-49",99,"All women",1,"Model-based Estimates",3,"Projection",5.7
4,"Unmet need for family planning: Any method (Percent)","Unmet need","Estimates and Projections of Family Planning Indicators",2024,"United Nations Population Division",40,"Austria","AT","AUT",63,"2012",4,"Median",2,"Female",31,15,49,"15-49",99,"All women",1,"Model-based Estimates",3,"Projection",5.6
4,"Unmet need for family planning: Any method (Percent)","Unmet need","Estimates and Projections of Family Planning Indicators",2024,"United Nations Population Division",40,"Austria","AT","AUT",64,"2013",4,"Median",2,"Female",31,15,49,"15-49",99,"All women",1,"Model-based Estimates",3,"Projection",5.7
4,"Unmet need for family planning: Any method (Percent)","Unmet need","Estimates and Projections of Family Planning Indicators",2024,"United Nations Population Division",40,"Austria","AT","AUT",65,"2014",4,"Median",2,"Female",31,15,49,"15-49",99,"All women",1,"Model-based Estimates",3,"Projection",5.8
4,"Unmet need for family planning: Any method (Percent)","Unmet need","Estimates and Projections of Family Planning Indicators",2024,"United Nations Population Division",40,"Austria","AT","AUT",66,"2015",4,"Median",2,"Female",31,15,49,"15-49",99,"All women",1,"Model-based Estimates",3,"Projection",5.8
4,"Unmet need for family planning: Any method (Percent)","Unmet need","Estimates and Projections of Family Planning Indicators",2024,"United Nations Population Division",40,"Austria","AT","AUT",67,"2016",4,"Median",2,"Female",31,15,49,"15-49",99,"All women",1,"Model-based Estimates",3,"Projection",5.7
4,"Unmet need for family planning: Any method (Percent)","Unmet need","Estimates and Projections of Family Planning Indicators",2024,"United Nations Population Division",40,"Austria","AT","AUT",68,"2017",4,"Median",2,"Female",31,15,49,"15-49",99,"All women",1,"Model-based Estimates",3,"Projection",5.6
4,"Unmet need for family planning: Any method (Percent)","Unmet need","Estimates and Projections of Family Planning Indicators",2024,"United Nations Population Division",40,"Austria","AT","AUT",69,"2018",4,"Median",2,"Female",31,15,49,"15-49",99,"All women",1,"Model-based Estimates",3,"Projection",5.5
4,"Unmet need for family planning: Any method (Percent)","Unmet need","Estimates and Projections of Family Planning Indicators",2024,"United Nations Population Division",40,"Austria","AT","AUT",70,"2019",4,"Median",2,"Female",31,15,49,"15-49",99,"All women",1,"Model-based Estimates",3,"Projection",5.3
4,"Unmet need for family planning: Any method (Percent)","Unmet need","Estimates and Projections of Family Planning Indicators",2024,"United Nations Population Division",40,"Austria","AT","AUT",71,"2020",4,"Median",2,"Female",31,15,49,"15-49",99,"All women",1,"Model-based Estimates",3,"Projection",5.2
4,"Unmet need for family planning: Any method (Percent)","Unmet need","Estimates and Projections of Family Planning Indicators",2024,"United Nations Population Division",40,"Austria","AT","AUT",72,"2021",4,"Median",2,"Female",31,15,49,"15-49",99,"All women",1,"Model-based Estimates",3,"Projection",5.2
4,"Unmet need for family planning: Any method (Percent)","Unmet need","Estimates and Projections of Family Planning Indicators",2024,"United Nations Population Division",40,"Austria","AT","AUT",73,"2022",4,"Median",2,"Female",31,15,49,"15-49",99,"All women",1,"Model-based Estimates",3,"Projection",5.1
4,"Unmet need for family planning: Any method (Percent)","Unmet need","Estimates and Projections of Family Planning Indicators",2024,"United Nations Population Division",56,"Belgium","BE","BEL",59,"2008",4,"Median",2,"Female",31,15,49,"15-49",99,"All women",1,"Model-based Estimates",3,"Projection",6.4
4,"Unmet need for family planning: Any method (Percent)","Unmet need","Estimates and Projections of Family Planning Indicators",2024,"United Nations Population Division",56,"Belgium","BE","BEL",60,"2009",4,"Median",2,"Female",31,15,49,"15-49",99,"All women",1,"Model-based Estimates",3,"Projection",6.2
4,"Unmet need for family planning: Any method (Percent)","Unmet need","Estimates and Projections of Family Planning Indicators",2024,"United Nations Population Division",56,"Belgium","BE","BEL",61,"2010",4,"Median",2,"Female",31,15,49,"15-49",99,"All women",1,"Model-based Estimates",3,"Projection",6.1
4,"Unmet need for family planning: Any method (Percent)","Unmet need","Estimates and Projections of Family Planning Indicators",2024,"United Nations Population Division",56,"Belgium","BE","BEL",62,"2011",4,"Median",2,"Female",31,15,49,"15-49",99,"All women",1,"Model-based Estimates",3,"Projection",5.9
4,"Unmet need for family planning: Any method (Percent)","Unmet need","Estimates and Projections of Family Planning Indicators",2024,"United Nations Population Division",56,"Belgium","BE","BEL",63,"2012",4,"Median",2,"Female",31,15,49,"15-49",99,"All women",1,"Model-based Estimates",3,"Projection",5.8
4,"Unmet need for family planning: Any method (Percent)","Unmet need","Estimates and Projections of Family Planning Indicators",2024,"United Nations Population Division",56,"Belgium","BE","BEL",64,"2013",4,"Median",2,"Female",31,15,49,"15-49",99,"All women",1,"Model-based Estimates",3,"Projection",5.7
4,"Unmet need for family planning: Any method (Percent)","Unmet need","Estimates and Projections of Family Planning Indicators",2024,"United Nations Population Division",56,"Belgium","BE","BEL",65,"2014",4,"Median",2,"Female",31,15,49,"15-49",99,"All women",1,"Model-based Estimates",3,"Projection",5.7
4,"Unmet need for family planning: Any method (Percent)","Unmet need","Estimates and Projections of Family Planning Indicators",2024,"United Nations Population Division",56,"Belgium","BE","BEL",66,"2015",4,"Median",2,"Female",31,15,49,"15-49",99,"All women",1,"Model-based Estimates",3,"Projection",5.7
4,"Unmet need for family planning: Any method (Percent)","Unmet need","Estimates and Projections of Family Planning Indicators",2024,"United Nations Population Division",56,"Belgium","BE","BEL",67,"2016",4,"Median",2,"Female",31,15,49,"15-49",99,"All women",1,"Model-based Estimates",3,"Projection",5.7
4,"Unmet need for family planning: Any method (Percent)","Unmet need","Estimates and Projections of Family Planning Indicators",2024,"United Nations Population Division",56,"Belgium","BE","BEL",68,"2017",4,"Median",2,"Female",31,15,49,"15-49",99,"All women",1,"Model-based Estimates",3,"Projection",5.7
4,"Unmet need for family planning: Any method (Percent)","Unmet need","Estimates and Projections of Family Planning Indicators",2024,"United Nations Population Division",56,"Belgium","BE","BEL",69,"2018",4,"Median",2,"Female",31,15,49,"15-49",99,"All women",1,"Model-based Estimates",3,"Projection",5.7
4,"Unmet need for family planning: Any method (Percent)","Unmet need","Estimates and Projections of Family Planning Indicators",2024,"United Nations Population Division",56,"Belgium","BE","BEL",70,"2019",4,"Median",2,"Female",31,15,49,"15-49",99,"All women",1,"Model-based Estimates",3,"Projection",5.7
4,"Unmet need for family planning: Any method (Percent)","Unmet need","Estimates and Projections of Family Planning Indicators",2024,"United Nations Population Division",56,"Belgium","BE","BEL",71,"2020",4,"Median",2,"Female",31,15,49,"15-49",99,"All women",1,"Model-based Estimates",3,"Projection",5.7
4,"Unmet need for family planning: Any method (Percent)","Unmet need","Estimates and Projections of Family Planning Indicators",2024,"United Nations Population Division",56,"Belgium","BE","BEL",72,"2021",4,"Median",2,"Female",31,15,49,"15-49",99,"All women",1,"Model-based Estimates",3,"Projection",5.6
4,"Unmet need for family planning: Any method (Percent)","Unmet need","Estimates and Projections of Family Planning Indicators",2024,"United Nations Population Division",56,"Belgium","BE","BEL",73,"2022",4,"Median",2,"Female",31,15,49,"15-49",99,"All women",1,"Model-based Estimates",3,"Projection",5.6
4,"Unmet need for family planning: Any method (Percent)","Unmet need","Estimates and Projections of Family Planning Indicators",2024,"United Nations Population Division",70,"Bosnia and Herzegovina","BA","BIH",59,"2008",4,"Median",2,"Female",31,15,49,"15-49",99,"All women",1,"Model-based Estimates",3,"Projection",8.8
4,"Unmet need for family planning: Any method (Percent)","Unmet need","Estimates and Projections of Family Planning Indicators",2024,"United Nations Population Division",70,"Bosnia and Herzegovina","BA","BIH",60,"2009",4,"Median",2,"Female",31,15,49,"15-49",99,"All women",1,"Model-based Estimates",3,"Projection",8.8
4,"Unmet need for family planning: Any method (Percent)","Unmet need","Estimates and Projections of Family Planning Indicators",2024,"United Nations Population Division",70,"Bosnia and Herzegovina","BA","BIH",61,"2010",4,"Median",2,"Female",31,15,49,"15-49",99,"All women",1,"Model-based Estimates",3,"Projection",8.9
4,"Unmet need for family planning: Any method (Percent)","Unmet need","Estimates and Projections of Family Planning Indicators",2024,"United Nations Population Division",70,"Bosnia and Herzegovina","BA","BIH",62,"2011",4,"Median",2,"Female",31,15,49,"15-49",99,"All women",1,"Model-based Estimates",2,"Interpolation",8.9
4,"Unmet need for family planning: Any method (Percent)","Unmet need","Estimates and Projections of Family Planning Indicators",2024,"United Nations Population Division",70,"Bosnia and Herzegovina","BA","BIH",63,"2012",4,"Median",2,"Female",31,15,49,"15-49",99,"All women",1,"Model-based Estimates",2,"Interpolation",8.9
4,"Unmet need for family planning: Any method (Percent)","Unmet need","Estimates and Projections of Family Planning Indicators",2024,"United Nations Population Division",70,"Bosnia and Herzegovina","BA","BIH",64,"2013",4,"Median",2,"Female",31,15,49,"15-49",99,"All women",1,"Model-based Estimates",3,"Projection",8.9
4,"Unmet need for family planning: Any method (Percent)","Unmet need","Estimates and Projections of Family Planning Indicators",2024,"United Nations Population Division",70,"Bosnia and Herzegovina","BA","BIH",65,"2014",4,"Median",2,"Female",31,15,49,"15-49",99,"All women",1,"Model-based Estimates",3,"Projection",9
4,"Unmet need for family planning: Any method (Percent)","Unmet need","Estimates and Projections of Family Planning Indicators",2024,"United Nations Population Division",70,"Bosnia and Herzegovina","BA","BIH",66,"2015",4,"Median",2,"Female",31,15,49,"15-49",99,"All women",1,"Model-based Estimates",3,"Projection",9
4,"Unmet need for family planning: Any method (Percent)","Unmet need","Estimates and Projections of Family Planning Indicators",2024,"United Nations Population Division",70,"Bosnia and Herzegovina","BA","BIH",67,"2016",4,"Median",2,"Female",31,15,49,"15-49",99,"All women",1,"Model-based Estimates",3,"Projection",9
4,"Unmet need for family planning: Any method (Percent)","Unmet need","Estimates and Projections of Family Planning Indicators",2024,"United Nations Population Division",70,"Bosnia and Herzegovina","BA","BIH",68,"2017",4,"Median",2,"Female",31,15,49,"15-49",99,"All women",1,"Model-based Estimates",3,"Projection",9
4,"Unmet need for family planning: Any method (Percent)","Unmet need","Estimates and Projections of Family Planning Indicators",2024,"United Nations Population Division",70,"Bosnia and Herzegovina","BA","BIH",69,"2018",4,"Median",2,"Female",31,15,49,"15-49",99,"All women",1,"Model-based Estimates",3,"Projection",9
4,"Unmet need for family planning: Any method (Percent)","Unmet need","Estimates and Projections of Family Planning Indicators",2024,"United Nations Population Division",70,"Bosnia and Herzegovina","BA","BIH",70,"2019",4,"Median",2,"Female",31,15,49,"15-49",99,"All women",1,"Model-based Estimates",3,"Projection",9
4,"Unmet need for family planning: Any method (Percent)","Unmet need","Estimates and Projections of Family Planning Indicators",2024,"United Nations Population Division",70,"Bosnia and Herzegovina","BA","BIH",71,"2020",4,"Median",2,"Female",31,15,49,"15-49",99,"All women",1,"Model-based Estimates",3,"Projection",9
4,"Unmet need for family planning: Any method (Percent)","Unmet need","Estimates and Projections of Family Planning Indicators",2024,"United Nations Population Division",70,"Bosnia and Herzegovina","BA","BIH",72,"2021",4,"Median",2,"Female",31,15,49,"15-49",99,"All women",1,"Model-based Estimates",3,"Projection",8.9
4,"Unmet need for family planning: Any method (Percent)","Unmet need","Estimates and Projections of Family Planning Indicators",2024,"United Nations Population Division",70,"Bosnia and Herzegovina","BA","BIH",73,"2022",4,"Median",2,"Female",31,15,49,"15-49",99,"All women",1,"Model-based Estimates",3,"Projection",8.9
4,"Unmet need for family planning: Any method (Percent)","Unmet need","Estimates and Projections of Family Planning Indicators",2024,"United Nations Population Division",100,"Bulgaria","BG","BGR",59,"2008",4,"Median",2,"Female",31,15,49,"15-49",99,"All women",1,"Model-based Estimates",3,"Projection",6
4,"Unmet need for family planning: Any method (Percent)","Unmet need","Estimates and Projections of Family Planning Indicators",2024,"United Nations Population Division",100,"Bulgaria","BG","BGR",60,"2009",4,"Median",2,"Female",31,15,49,"15-49",99,"All women",1,"Model-based Estimates",3,"Projection",6
4,"Unmet need for family planning: Any method (Percent)","Unmet need","Estimates and Projections of Family Planning Indicators",2024,"United Nations Population Division",100,"Bulgaria","BG","BGR",61,"2010",4,"Median",2,"Female",31,15,49,"15-49",99,"All women",1,"Model-based Estimates",3,"Projection",5.9
4,"Unmet need for family planning: Any method (Percent)","Unmet need","Estimates and Projections of Family Planning Indicators",2024,"United Nations Population Division",100,"Bulgaria","BG","BGR",62,"2011",4,"Median",2,"Female",31,15,49,"15-49",99,"All women",1,"Model-based Estimates",3,"Projection",5.9
4,"Unmet need for family planning: Any method (Percent)","Unmet need","Estimates and Projections of Family Planning Indicators",2024,"United Nations Population Division",100,"Bulgaria","BG","BGR",63,"2012",4,"Median",2,"Female",31,15,49,"15-49",99,"All women",1,"Model-based Estimates",3,"Projection",5.8
4,"Unmet need for family planning: Any method (Percent)","Unmet need","Estimates and Projections of Family Planning Indicators",2024,"United Nations Population Division",100,"Bulgaria","BG","BGR",64,"2013",4,"Median",2,"Female",31,15,49,"15-49",99,"All women",1,"Model-based Estimates",3,"Projection",5.8
4,"Unmet need for family planning: Any method (Percent)","Unmet need","Estimates and Projections of Family Planning Indicators",2024,"United Nations Population Division",100,"Bulgaria","BG","BGR",65,"2014",4,"Median",2,"Female",31,15,49,"15-49",99,"All women",1,"Model-based Estimates",3,"Projection",5.7
4,"Unmet need for family planning: Any method (Percent)","Unmet need","Estimates and Projections of Family Planning Indicators",2024,"United Nations Population Division",100,"Bulgaria","BG","BGR",66,"2015",4,"Median",2,"Female",31,15,49,"15-49",99,"All women",1,"Model-based Estimates",3,"Projection",5.6
4,"Unmet need for family planning: Any method (Percent)","Unmet need","Estimates and Projections of Family Planning Indicators",2024,"United Nations Population Division",100,"Bulgaria","BG","BGR",67,"2016",4,"Median",2,"Female",31,15,49,"15-49",99,"All women",1,"Model-based Estimates",3,"Projection",5.6
4,"Unmet need for family planning: Any method (Percent)","Unmet need","Estimates and Projections of Family Planning Indicators",2024,"United Nations Population Division",100,"Bulgaria","BG","BGR",68,"2017",4,"Median",2,"Female",31,15,49,"15-49",99,"All women",1,"Model-based Estimates",3,"Projection",5.5
4,"Unmet need for family planning: Any method (Percent)","Unmet need","Estimates and Projections of Family Planning Indicators",2024,"United Nations Population Division",100,"Bulgaria","BG","BGR",69,"2018",4,"Median",2,"Female",31,15,49,"15-49",99,"All women",1,"Model-based Estimates",3,"Projection",5.5
4,"Unmet need for family planning: Any method (Percent)","Unmet need","Estimates and Projections of Family Planning Indicators",2024,"United Nations Population Division",100,"Bulgaria","BG","BGR",70,"2019",4,"Median",2,"Female",31,15,49,"15-49",99,"All women",1,"Model-based Estimates",3,"Projection",5.5
4,"Unmet need for family planning: Any method (Percent)","Unmet need","Estimates and Projections of Family Planning Indicators",2024,"United Nations Population Division",100,"Bulgaria","BG","BGR",71,"2020",4,"Median",2,"Female",31,15,49,"15-49",99,"All women",1,"Model-based Estimates",3,"Projection",5.4
4,"Unmet need for family planning: Any method (Percent)","Unmet need","Estimates and Projections of Family Planning Indicators",2024,"United Nations Population Division",100,"Bulgaria","BG","BGR",72,"2021",4,"Median",2,"Female",31,15,49,"15-49",99,"All women",1,"Model-based Estimates",3,"Projection",5.3
4,"Unmet need for family planning: Any method (Percent)","Unmet need","Estimates and Projections of Family Planning Indicators",2024,"United Nations Population Division",100,"Bulgaria","BG","BGR",73,"2022",4,"Median",2,"Female",31,15,49,"15-49",99,"All women",1,"Model-based Estimates",3,"Projection",5.3
4,"Unmet need for family planning: Any method (Percent)","Unmet need","Estimates and Projections of Family Planning Indicators",2024,"United Nations Population Division",112,"Belarus","BY","BLR",59,"2008",4,"Median",2,"Female",31,15,49,"15-49",99,"All women",1,"Model-based Estimates",3,"Projection",9.1
4,"Unmet need for family planning: Any method (Percent)","Unmet need","Estimates and Projections of Family Planning Indicators",2024,"United Nations Population Division",112,"Belarus","BY","BLR",60,"2009",4,"Median",2,"Female",31,15,49,"15-49",99,"All women",1,"Model-based Estimates",3,"Projection",9.1
4,"Unmet need for family planning: Any method (Percent)","Unmet need","Estimates and Projections of Family Planning Indicators",2024,"United Nations Population Division",112,"Belarus","BY","BLR",61,"2010",4,"Median",2,"Female",31,15,49,"15-49",99,"All women",1,"Model-based Estimates",3,"Projection",9.2
4,"Unmet need for family planning: Any method (Percent)","Unmet need","Estimates and Projections of Family Planning Indicators",2024,"United Nations Population Division",112,"Belarus","BY","BLR",62,"2011",4,"Median",2,"Female",31,15,49,"15-49",99,"All women",1,"Model-based Estimates",3,"Projection",9.2
4,"Unmet need for family planning: Any method (Percent)","Unmet need","Estimates and Projections of Family Planning Indicators",2024,"United Nations Population Division",112,"Belarus","BY","BLR",63,"2012",4,"Median",2,"Female",31,15,49,"15-49",99,"All women",1,"Model-based Estimates",2,"Interpolation",9.3
4,"Unmet need for family planning: Any method (Percent)","Unmet need","Estimates and Projections of Family Planning Indicators",2024,"United Nations Population Division",112,"Belarus","BY","BLR",64,"2013",4,"Median",2,"Female",31,15,49,"15-49",99,"All women",1,"Model-based Estimates",2,"Interpolation",9.5
4,"Unmet need for family planning: Any method (Percent)","Unmet need","Estimates and Projections of Family Planning Indicators",2024,"United Nations Population Division",112,"Belarus","BY","BLR",65,"2014",4,"Median",2,"Female",31,15,49,"15-49",99,"All women",1,"Model-based Estimates",2,"Interpolation",9.6
4,"Unmet need for family planning: Any method (Percent)","Unmet need","Estimates and Projections of Family Planning Indicators",2024,"United Nations Population Division",112,"Belarus","BY","BLR",66,"2015",4,"Median",2,"Female",31,15,49,"15-49",99,"All women",1,"Model-based Estimates",2,"Interpolation",9.8
4,"Unmet need for family planning: Any method (Percent)","Unmet need","Estimates and Projections of Family Planning Indicators",2024,"United Nations Population Division",112,"Belarus","BY","BLR",67,"2016",4,"Median",2,"Female",31,15,49,"15-49",99,"All women",1,"Model-based Estimates",2,"Interpolation",10
4,"Unmet need for family planning: Any method (Percent)","Unmet need","Estimates and Projections of Family Planning Indicators",2024,"United Nations Population Division",112,"Belarus","BY","BLR",68,"2017",4,"Median",2,"Female",31,15,49,"15-49",99,"All women",1,"Model-based Estimates",2,"Interpolation",10.3
4,"Unmet need for family planning: Any method (Percent)","Unmet need","Estimates and Projections of Family Planning Indicators",2024,"United Nations Population Division",112,"Belarus","BY","BLR",69,"2018",4,"Median",2,"Female",31,15,49,"15-49",99,"All women",1,"Model-based Estimates",2,"Interpolation",10.6
4,"Unmet need for family planning: Any method (Percent)","Unmet need","Estimates and Projections of Family Planning Indicators",2024,"United Nations Population Division",112,"Belarus","BY","BLR",70,"2019",4,"Median",2,"Female",31,15,49,"15-49",99,"All women",1,"Model-based Estimates",2,"Interpolation",10.9
4,"Unmet need for family planning: Any method (Percent)","Unmet need","Estimates and Projections of Family Planning Indicators",2024,"United Nations Population Division",112,"Belarus","BY","BLR",71,"2020",4,"Median",2,"Female",31,15,49,"15-49",99,"All women",1,"Model-based Estimates",3,"Projection",10.9
4,"Unmet need for family planning: Any method (Percent)","Unmet need","Estimates and Projections of Family Planning Indicators",2024,"United Nations Population Division",112,"Belarus","BY","BLR",72,"2021",4,"Median",2,"Female",31,15,49,"15-49",99,"All women",1,"Model-based Estimates",3,"Projection",10.9
4,"Unmet need for family planning: Any method (Percent)","Unmet need","Estimates and Projections of Family Planning Indicators",2024,"United Nations Population Division",112,"Belarus","BY","BLR",73,"2022",4,"Median",2,"Female",31,15,49,"15-49",99,"All women",1,"Model-based Estimates",3,"Projection",10.8
4,"Unmet need for family planning: Any method (Percent)","Unmet need","Estimates and Projections of Family Planning Indicators",2024,"United Nations Population Division",191,"Croatia","HR","HRV",59,"2008",4,"Median",2,"Female",31,15,49,"15-49",99,"All women",1,"Model-based Estimates",3,"Projection",5.4
4,"Unmet need for family planning: Any method (Percent)","Unmet need","Estimates and Projections of Family Planning Indicators",2024,"United Nations Population Division",191,"Croatia","HR","HRV",60,"2009",4,"Median",2,"Female",31,15,49,"15-49",99,"All women",1,"Model-based Estimates",3,"Projection",5.4
4,"Unmet need for family planning: Any method (Percent)","Unmet need","Estimates and Projections of Family Planning Indicators",2024,"United Nations Population Division",191,"Croatia","HR","HRV",61,"2010",4,"Median",2,"Female",31,15,49,"15-49",99,"All women",1,"Model-based Estimates",3,"Projection",5.3
4,"Unmet need for family planning: Any method (Percent)","Unmet need","Estimates and Projections of Family Planning Indicators",2024,"United Nations Population Division",191,"Croatia","HR","HRV",62,"2011",4,"Median",2,"Female",31,15,49,"15-49",99,"All women",1,"Model-based Estimates",3,"Projection",5.2
4,"Unmet need for family planning: Any method (Percent)","Unmet need","Estimates and Projections of Family Planning Indicators",2024,"United Nations Population Division",191,"Croatia","HR","HRV",63,"2012",4,"Median",2,"Female",31,15,49,"15-49",99,"All women",1,"Model-based Estimates",3,"Projection",5.1
4,"Unmet need for family planning: Any method (Percent)","Unmet need","Estimates and Projections of Family Planning Indicators",2024,"United Nations Population Division",191,"Croatia","HR","HRV",64,"2013",4,"Median",2,"Female",31,15,49,"15-49",99,"All women",1,"Model-based Estimates",3,"Projection",5.1
4,"Unmet need for family planning: Any method (Percent)","Unmet need","Estimates and Projections of Family Planning Indicators",2024,"United Nations Population Division",191,"Croatia","HR","HRV",65,"2014",4,"Median",2,"Female",31,15,49,"15-49",99,"All women",1,"Model-based Estimates",3,"Projection",5
4,"Unmet need for family planning: Any method (Percent)","Unmet need","Estimates and Projections of Family Planning Indicators",2024,"United Nations Population Division",191,"Croatia","HR","HRV",66,"2015",4,"Median",2,"Female",31,15,49,"15-49",99,"All women",1,"Model-based Estimates",3,"Projection",5
4,"Unmet need for family planning: Any method (Percent)","Unmet need","Estimates and Projections of Family Planning Indicators",2024,"United Nations Population Division",191,"Croatia","HR","HRV",67,"2016",4,"Median",2,"Female",31,15,49,"15-49",99,"All women",1,"Model-based Estimates",3,"Projection",4.9
4,"Unmet need for family planning: Any method (Percent)","Unmet need","Estimates and Projections of Family Planning Indicators",2024,"United Nations Population Division",191,"Croatia","HR","HRV",68,"2017",4,"Median",2,"Female",31,15,49,"15-49",99,"All women",1,"Model-based Estimates",3,"Projection",4.9
4,"Unmet need for family planning: Any method (Percent)","Unmet need","Estimates and Projections of Family Planning Indicators",2024,"United Nations Population Division",191,"Croatia","HR","HRV",69,"2018",4,"Median",2,"Female",31,15,49,"15-49",99,"All women",1,"Model-based Estimates",3,"Projection",4.8
4,"Unmet need for family planning: Any method (Percent)","Unmet need","Estimates and Projections of Family Planning Indicators",2024,"United Nations Population Division",191,"Croatia","HR","HRV",70,"2019",4,"Median",2,"Female",31,15,49,"15-49",99,"All women",1,"Model-based Estimates",3,"Projection",4.7
4,"Unmet need for family planning: Any method (Percent)","Unmet need","Estimates and Projections of Family Planning Indicators",2024,"United Nations Population Division",191,"Croatia","HR","HRV",71,"2020",4,"Median",2,"Female",31,15,49,"15-49",99,"All women",1,"Model-based Estimates",3,"Projection",4.7
4,"Unmet need for family planning: Any method (Percent)","Unmet need","Estimates and Projections of Family Planning Indicators",2024,"United Nations Population Division",191,"Croatia","HR","HRV",72,"2021",4,"Median",2,"Female",31,15,49,"15-49",99,"All women",1,"Model-based Estimates",3,"Projection",4.6
4,"Unmet need for family planning: Any method (Percent)","Unmet need","Estimates and Projections of Family Planning Indicators",2024,"United Nations Population Division",191,"Croatia","HR","HRV",73,"2022",4,"Median",2,"Female",31,15,49,"15-49",99,"All women",1,"Model-based Estimates",3,"Projection",4.5
4,"Unmet need for family planning: Any method (Percent)","Unmet need","Estimates and Projections of Family Planning Indicators",2024,"United Nations Population Division",203,"Czechia","CZ","CZE",59,"2008",4,"Median",2,"Female",31,15,49,"15-49",99,"All women",1,"Model-based Estimates",2,"Interpolation",4.5
4,"Unmet need for family planning: Any method (Percent)","Unmet need","Estimates and Projections of Family Planning Indicators",2024,"United Nations Population Division",203,"Czechia","CZ","CZE",60,"2009",4,"Median",2,"Female",31,15,49,"15-49",99,"All women",1,"Model-based Estimates",3,"Projection",4.4
4,"Unmet need for family planning: Any method (Percent)","Unmet need","Estimates and Projections of Family Planning Indicators",2024,"United Nations Population Division",203,"Czechia","CZ","CZE",61,"2010",4,"Median",2,"Female",31,15,49,"15-49",99,"All women",1,"Model-based Estimates",3,"Projection",4.3
4,"Unmet need for family planning: Any method (Percent)","Unmet need","Estimates and Projections of Family Planning Indicators",2024,"United Nations Population Division",203,"Czechia","CZ","CZE",62,"2011",4,"Median",2,"Female",31,15,49,"15-49",99,"All women",1,"Model-based Estimates",3,"Projection",4.3
4,"Unmet need for family planning: Any method (Percent)","Unmet need","Estimates and Projections of Family Planning Indicators",2024,"United Nations Population Division",203,"Czechia","CZ","CZE",63,"2012",4,"Median",2,"Female",31,15,49,"15-49",99,"All women",1,"Model-based Estimates",3,"Projection",4.3
4,"Unmet need for family planning: Any method (Percent)","Unmet need","Estimates and Projections of Family Planning Indicators",2024,"United Nations Population Division",203,"Czechia","CZ","CZE",64,"2013",4,"Median",2,"Female",31,15,49,"15-49",99,"All women",1,"Model-based Estimates",3,"Projection",4.2
4,"Unmet need for family planning: Any method (Percent)","Unmet need","Estimates and Projections of Family Planning Indicators",2024,"United Nations Population Division",203,"Czechia","CZ","CZE",65,"2014",4,"Median",2,"Female",31,15,49,"15-49",99,"All women",1,"Model-based Estimates",3,"Projection",4.2
4,"Unmet need for family planning: Any method (Percent)","Unmet need","Estimates and Projections of Family Planning Indicators",2024,"United Nations Population Division",203,"Czechia","CZ","CZE",66,"2015",4,"Median",2,"Female",31,15,49,"15-49",99,"All women",1,"Model-based Estimates",3,"Projection",4.2
4,"Unmet need for family planning: Any method (Percent)","Unmet need","Estimates and Projections of Family Planning Indicators",2024,"United Nations Population Division",203,"Czechia","CZ","CZE",67,"2016",4,"Median",2,"Female",31,15,49,"15-49",99,"All women",1,"Model-based Estimates",3,"Projection",4.2
4,"Unmet need for family planning: Any method (Percent)","Unmet need","Estimates and Projections of Family Planning Indicators",2024,"United Nations Population Division",203,"Czechia","CZ","CZE",68,"2017",4,"Median",2,"Female",31,15,49,"15-49",99,"All women",1,"Model-based Estimates",3,"Projection",4.2
4,"Unmet need for family planning: Any method (Percent)","Unmet need","Estimates and Projections of Family Planning Indicators",2024,"United Nations Population Division",203,"Czechia","CZ","CZE",69,"2018",4,"Median",2,"Female",31,15,49,"15-49",99,"All women",1,"Model-based Estimates",3,"Projection",4.1
4,"Unmet need for family planning: Any method (Percent)","Unmet need","Estimates and Projections of Family Planning Indicators",2024,"United Nations Population Division",203,"Czechia","CZ","CZE",70,"2019",4,"Median",2,"Female",31,15,49,"15-49",99,"All women",1,"Model-based Estimates",3,"Projection",4.1
4,"Unmet need for family planning: Any method (Percent)","Unmet need","Estimates and Projections of Family Planning Indicators",2024,"United Nations Population Division",203,"Czechia","CZ","CZE",71,"2020",4,"Median",2,"Female",31,15,49,"15-49",99,"All women",1,"Model-based Estimates",3,"Projection",4.1
4,"Unmet need for family planning: Any method (Percent)","Unmet need","Estimates and Projections of Family Planning Indicators",2024,"United Nations Population Division",203,"Czechia","CZ","CZE",72,"2021",4,"Median",2,"Female",31,15,49,"15-49",99,"All women",1,"Model-based Estimates",3,"Projection",4.1
4,"Unmet need for family planning: Any method (Percent)","Unmet need","Estimates and Projections of Family Planning Indicators",2024,"United Nations Population Division",203,"Czechia","CZ","CZE",73,"2022",4,"Median",2,"Female",31,15,49,"15-49",99,"All women",1,"Model-based Estimates",3,"Projection",4.1
4,"Unmet need for family planning: Any method (Percent)","Unmet need","Estimates and Projections of Family Planning Indicators",2024,"United Nations Population Division",208,"Denmark","DK","DNK",59,"2008",4,"Median",2,"Female",31,15,49,"15-49",99,"All women",1,"Model-based Estimates",3,"Projection",5.1
4,"Unmet need for family planning: Any method (Percent)","Unmet need","Estimates and Projections of Family Planning Indicators",2024,"United Nations Population Division",208,"Denmark","DK","DNK",60,"2009",4,"Median",2,"Female",31,15,49,"15-49",99,"All women",1,"Model-based Estimates",3,"Projection",5
4,"Unmet need for family planning: Any method (Percent)","Unmet need","Estimates and Projections of Family Planning Indicators",2024,"United Nations Population Division",208,"Denmark","DK","DNK",61,"2010",4,"Median",2,"Female",31,15,49,"15-49",99,"All women",1,"Model-based Estimates",3,"Projection",5
4,"Unmet need for family planning: Any method (Percent)","Unmet need","Estimates and Projections of Family Planning Indicators",2024,"United Nations Population Division",208,"Denmark","DK","DNK",62,"2011",4,"Median",2,"Female",31,15,49,"15-49",99,"All women",1,"Model-based Estimates",3,"Projection",5
4,"Unmet need for family planning: Any method (Percent)","Unmet need","Estimates and Projections of Family Planning Indicators",2024,"United Nations Population Division",208,"Denmark","DK","DNK",63,"2012",4,"Median",2,"Female",31,15,49,"15-49",99,"All women",1,"Model-based Estimates",3,"Projection",4.9
4,"Unmet need for family planning: Any method (Percent)","Unmet need","Estimates and Projections of Family Planning Indicators",2024,"United Nations Population Division",208,"Denmark","DK","DNK",64,"2013",4,"Median",2,"Female",31,15,49,"15-49",99,"All women",1,"Model-based Estimates",3,"Projection",4.9
4,"Unmet need for family planning: Any method (Percent)","Unmet need","Estimates and Projections of Family Planning Indicators",2024,"United Nations Population Division",208,"Denmark","DK","DNK",65,"2014",4,"Median",2,"Female",31,15,49,"15-49",99,"All women",1,"Model-based Estimates",3,"Projection",4.9
4,"Unmet need for family planning: Any method (Percent)","Unmet need","Estimates and Projections of Family Planning Indicators",2024,"United Nations Population Division",208,"Denmark","DK","DNK",66,"2015",4,"Median",2,"Female",31,15,49,"15-49",99,"All women",1,"Model-based Estimates",3,"Projection",4.8
4,"Unmet need for family planning: Any method (Percent)","Unmet need","Estimates and Projections of Family Planning Indicators",2024,"United Nations Population Division",208,"Denmark","DK","DNK",67,"2016",4,"Median",2,"Female",31,15,49,"15-49",99,"All women",1,"Model-based Estimates",3,"Projection",4.8
4,"Unmet need for family planning: Any method (Percent)","Unmet need","Estimates and Projections of Family Planning Indicators",2024,"United Nations Population Division",208,"Denmark","DK","DNK",68,"2017",4,"Median",2,"Female",31,15,49,"15-49",99,"All women",1,"Model-based Estimates",3,"Projection",4.8
4,"Unmet need for family planning: Any method (Percent)","Unmet need","Estimates and Projections of Family Planning Indicators",2024,"United Nations Population Division",208,"Denmark","DK","DNK",69,"2018",4,"Median",2,"Female",31,15,49,"15-49",99,"All women",1,"Model-based Estimates",3,"Projection",4.8
4,"Unmet need for family planning: Any method (Percent)","Unmet need","Estimates and Projections of Family Planning Indicators",2024,"United Nations Population Division",208,"Denmark","DK","DNK",70,"2019",4,"Median",2,"Female",31,15,49,"15-49",99,"All women",1,"Model-based Estimates",3,"Projection",4.8
4,"Unmet need for family planning: Any method (Percent)","Unmet need","Estimates and Projections of Family Planning Indicators",2024,"United Nations Population Division",208,"Denmark","DK","DNK",71,"2020",4,"Median",2,"Female",31,15,49,"15-49",99,"All women",1,"Model-based Estimates",3,"Projection",4.8
4,"Unmet need for family planning: Any method (Percent)","Unmet need","Estimates and Projections of Family Planning Indicators",2024,"United Nations Population Division",208,"Denmark","DK","DNK",72,"2021",4,"Median",2,"Female",31,15,49,"15-49",99,"All women",1,"Model-based Estimates",3,"Projection",4.7
4,"Unmet need for family planning: Any method (Percent)","Unmet need","Estimates and Projections of Family Planning Indicators",2024,"United Nations Population Division",208,"Denmark","DK","DNK",73,"2022",4,"Median",2,"Female",31,15,49,"15-49",99,"All women",1,"Model-based Estimates",3,"Projection",4.7
4,"Unmet need for family planning: Any method (Percent)","Unmet need","Estimates and Projections of Family Planning Indicators",2024,"United Nations Population Division",233,"Estonia","EE","EST",59,"2008",4,"Median",2,"Female",31,15,49,"15-49",99,"All women",1,"Model-based Estimates",2,"Interpolation",5.9
4,"Unmet need for family planning: Any method (Percent)","Unmet need","Estimates and Projections of Family Planning Indicators",2024,"United Nations Population Division",233,"Estonia","EE","EST",60,"2009",4,"Median",2,"Female",31,15,49,"15-49",99,"All women",1,"Model-based Estimates",2,"Interpolation",5.9
4,"Unmet need for family planning: Any method (Percent)","Unmet need","Estimates and Projections of Family Planning Indicators",2024,"United Nations Population Division",233,"Estonia","EE","EST",61,"2010",4,"Median",2,"Female",31,15,49,"15-49",99,"All women",1,"Model-based Estimates",2,"Interpolation",5.8
4,"Unmet need for family planning: Any method (Percent)","Unmet need","Estimates and Projections of Family Planning Indicators",2024,"United Nations Population Division",233,"Estonia","EE","EST",62,"2011",4,"Median",2,"Female",31,15,49,"15-49",99,"All women",1,"Model-based Estimates",2,"Interpolation",5.7
4,"Unmet need for family planning: Any method (Percent)","Unmet need","Estimates and Projections of Family Planning Indicators",2024,"United Nations Population Division",233,"Estonia","EE","EST",63,"2012",4,"Median",2,"Female",31,15,49,"15-49",99,"All women",1,"Model-based Estimates",2,"Interpolation",5.5
4,"Unmet need for family planning: Any method (Percent)","Unmet need","Estimates and Projections of Family Planning Indicators",2024,"United Nations Population Division",233,"Estonia","EE","EST",64,"2013",4,"Median",2,"Female",31,15,49,"15-49",99,"All women",1,"Model-based Estimates",2,"Interpolation",5.4
4,"Unmet need for family planning: Any method (Percent)","Unmet need","Estimates and Projections of Family Planning Indicators",2024,"United Nations Population Division",233,"Estonia","EE","EST",65,"2014",4,"Median",2,"Female",31,15,49,"15-49",99,"All women",1,"Model-based Estimates",2,"Interpolation",5.3
4,"Unmet need for family planning: Any method (Percent)","Unmet need","Estimates and Projections of Family Planning Indicators",2024,"United Nations Population Division",233,"Estonia","EE","EST",66,"2015",4,"Median",2,"Female",31,15,49,"15-49",99,"All women",1,"Model-based Estimates",3,"Projection",5.2
4,"Unmet need for family planning: Any method (Percent)","Unmet need","Estimates and Projections of Family Planning Indicators",2024,"United Nations Population Division",233,"Estonia","EE","EST",67,"2016",4,"Median",2,"Female",31,15,49,"15-49",99,"All women",1,"Model-based Estimates",3,"Projection",5.1
4,"Unmet need for family planning: Any method (Percent)","Unmet need","Estimates and Projections of Family Planning Indicators",2024,"United Nations Population Division",233,"Estonia","EE","EST",68,"2017",4,"Median",2,"Female",31,15,49,"15-49",99,"All women",1,"Model-based Estimates",3,"Projection",5.1
4,"Unmet need for family planning: Any method (Percent)","Unmet need","Estimates and Projections of Family Planning Indicators",2024,"United Nations Population Division",233,"Estonia","EE","EST",69,"2018",4,"Median",2,"Female",31,15,49,"15-49",99,"All women",1,"Model-based Estimates",3,"Projection",5
4,"Unmet need for family planning: Any method (Percent)","Unmet need","Estimates and Projections of Family Planning Indicators",2024,"United Nations Population Division",233,"Estonia","EE","EST",70,"2019",4,"Median",2,"Female",31,15,49,"15-49",99,"All women",1,"Model-based Estimates",3,"Projection",5
4,"Unmet need for family planning: Any method (Percent)","Unmet need","Estimates and Projections of Family Planning Indicators",2024,"United Nations Population Division",233,"Estonia","EE","EST",71,"2020",4,"Median",2,"Female",31,15,49,"15-49",99,"All women",1,"Model-based Estimates",3,"Projection",5
4,"Unmet need for family planning: Any method (Percent)","Unmet need","Estimates and Projections of Family Planning Indicators",2024,"United Nations Population Division",233,"Estonia","EE","EST",72,"2021",4,"Median",2,"Female",31,15,49,"15-49",99,"All women",1,"Model-based Estimates",3,"Projection",4.9
4,"Unmet need for family planning: Any method (Percent)","Unmet need","Estimates and Projections of Family Planning Indicators",2024,"United Nations Population Division",233,"Estonia","EE","EST",73,"2022",4,"Median",2,"Female",31,15,49,"15-49",99,"All women",1,"Model-based Estimates",3,"Projection",4.9
4,"Unmet need for family planning: Any method (Percent)","Unmet need","Estimates and Projections of Family Planning Indicators",2024,"United Nations Population Division",246,"Finland","FI","FIN",59,"2008",4,"Median",2,"Female",31,15,49,"15-49",99,"All women",1,"Model-based Estimates",3,"Projection",4.9
4,"Unmet need for family planning: Any method (Percent)","Unmet need","Estimates and Projections of Family Planning Indicators",2024,"United Nations Population Division",246,"Finland","FI","FIN",60,"2009",4,"Median",2,"Female",31,15,49,"15-49",99,"All women",1,"Model-based Estimates",3,"Projection",4.6
4,"Unmet need for family planning: Any method (Percent)","Unmet need","Estimates and Projections of Family Planning Indicators",2024,"United Nations Population Division",246,"Finland","FI","FIN",61,"2010",4,"Median",2,"Female",31,15,49,"15-49",99,"All women",1,"Model-based Estimates",3,"Projection",4.3
4,"Unmet need for family planning: Any method (Percent)","Unmet need","Estimates and Projections of Family Planning Indicators",2024,"United Nations Population Division",246,"Finland","FI","FIN",62,"2011",4,"Median",2,"Female",31,15,49,"15-49",99,"All women",1,"Model-based Estimates",3,"Projection",4.1
4,"Unmet need for family planning: Any method (Percent)","Unmet need","Estimates and Projections of Family Planning Indicators",2024,"United Nations Population Division",246,"Finland","FI","FIN",63,"2012",4,"Median",2,"Female",31,15,49,"15-49",99,"All women",1,"Model-based Estimates",3,"Projection",3.8
4,"Unmet need for family planning: Any method (Percent)","Unmet need","Estimates and Projections of Family Planning Indicators",2024,"United Nations Population Division",246,"Finland","FI","FIN",64,"2013",4,"Median",2,"Female",31,15,49,"15-49",99,"All women",1,"Model-based Estimates",3,"Projection",3.6
4,"Unmet need for family planning: Any method (Percent)","Unmet need","Estimates and Projections of Family Planning Indicators",2024,"United Nations Population Division",246,"Finland","FI","FIN",65,"2014",4,"Median",2,"Female",31,15,49,"15-49",99,"All women",1,"Model-based Estimates",3,"Projection",3.4
4,"Unmet need for family planning: Any method (Percent)","Unmet need","Estimates and Projections of Family Planning Indicators",2024,"United Nations Population Division",246,"Finland","FI","FIN",66,"2015",4,"Median",2,"Female",31,15,49,"15-49",99,"All women",1,"Model-based Estimates",3,"Projection",3.2
4,"Unmet need for family planning: Any method (Percent)","Unmet need","Estimates and Projections of Family Planning Indicators",2024,"United Nations Population Division",246,"Finland","FI","FIN",67,"2016",4,"Median",2,"Female",31,15,49,"15-49",99,"All women",1,"Model-based Estimates",3,"Projection",3.1
4,"Unmet need for family planning: Any method (Percent)","Unmet need","Estimates and Projections of Family Planning Indicators",2024,"United Nations Population Division",246,"Finland","FI","FIN",68,"2017",4,"Median",2,"Female",31,15,49,"15-49",99,"All women",1,"Model-based Estimates",3,"Projection",3.1
4,"Unmet need for family planning: Any method (Percent)","Unmet need","Estimates and Projections of Family Planning Indicators",2024,"United Nations Population Division",246,"Finland","FI","FIN",69,"2018",4,"Median",2,"Female",31,15,49,"15-49",99,"All women",1,"Model-based Estimates",3,"Projection",3
4,"Unmet need for family planning: Any method (Percent)","Unmet need","Estimates and Projections of Family Planning Indicators",2024,"United Nations Population Division",246,"Finland","FI","FIN",70,"2019",4,"Median",2,"Female",31,15,49,"15-49",99,"All women",1,"Model-based Estimates",3,"Projection",3
4,"Unmet need for family planning: Any method (Percent)","Unmet need","Estimates and Projections of Family Planning Indicators",2024,"United Nations Population Division",246,"Finland","FI","FIN",71,"2020",4,"Median",2,"Female",31,15,49,"15-49",99,"All women",1,"Model-based Estimates",3,"Projection",3
4,"Unmet need for family planning: Any method (Percent)","Unmet need","Estimates and Projections of Family Planning Indicators",2024,"United Nations Population Division",246,"Finland","FI","FIN",72,"2021",4,"Median",2,"Female",31,15,49,"15-49",99,"All women",1,"Model-based Estimates",3,"Projection",3
4,"Unmet need for family planning: Any method (Percent)","Unmet need","Estimates and Projections of Family Planning Indicators",2024,"United Nations Population Division",246,"Finland","FI","FIN",73,"2022",4,"Median",2,"Female",31,15,49,"15-49",99,"All women",1,"Model-based Estimates",3,"Projection",3
4,"Unmet need for family planning: Any method (Percent)","Unmet need","Estimates and Projections of Family Planning Indicators",2024,"United Nations Population Division",250,"France","FR","FRA",59,"2008",4,"Median",2,"Female",31,15,49,"15-49",99,"All women",1,"Model-based Estimates",3,"Projection",3.7
4,"Unmet need for family planning: Any method (Percent)","Unmet need","Estimates and Projections of Family Planning Indicators",2024,"United Nations Population Division",250,"France","FR","FRA",60,"2009",4,"Median",2,"Female",31,15,49,"15-49",99,"All women",1,"Model-based Estimates",3,"Projection",3.6
4,"Unmet need for family planning: Any method (Percent)","Unmet need","Estimates and Projections of Family Planning Indicators",2024,"United Nations Population Division",250,"France","FR","FRA",61,"2010",4,"Median",2,"Female",31,15,49,"15-49",99,"All women",1,"Model-based Estimates",3,"Projection",3.5
4,"Unmet need for family planning: Any method (Percent)","Unmet need","Estimates and Projections of Family Planning Indicators",2024,"United Nations Population Division",250,"France","FR","FRA",62,"2011",4,"Median",2,"Female",31,15,49,"15-49",99,"All women",1,"Model-based Estimates",3,"Projection",3.5
4,"Unmet need for family planning: Any method (Percent)","Unmet need","Estimates and Projections of Family Planning Indicators",2024,"United Nations Population Division",250,"France","FR","FRA",63,"2012",4,"Median",2,"Female",31,15,49,"15-49",99,"All women",1,"Model-based Estimates",3,"Projection",3.5
4,"Unmet need for family planning: Any method (Percent)","Unmet need","Estimates and Projections of Family Planning Indicators",2024,"United Nations Population Division",250,"France","FR","FRA",64,"2013",4,"Median",2,"Female",31,15,49,"15-49",99,"All women",1,"Model-based Estimates",3,"Projection",3.5
4,"Unmet need for family planning: Any method (Percent)","Unmet need","Estimates and Projections of Family Planning Indicators",2024,"United Nations Population Division",250,"France","FR","FRA",65,"2014",4,"Median",2,"Female",31,15,49,"15-49",99,"All women",1,"Model-based Estimates",3,"Projection",3.5
4,"Unmet need for family planning: Any method (Percent)","Unmet need","Estimates and Projections of Family Planning Indicators",2024,"United Nations Population Division",250,"France","FR","FRA",66,"2015",4,"Median",2,"Female",31,15,49,"15-49",99,"All women",1,"Model-based Estimates",3,"Projection",3.5
4,"Unmet need for family planning: Any method (Percent)","Unmet need","Estimates and Projections of Family Planning Indicators",2024,"United Nations Population Division",250,"France","FR","FRA",67,"2016",4,"Median",2,"Female",31,15,49,"15-49",99,"All women",1,"Model-based Estimates",3,"Projection",3.5
4,"Unmet need for family planning: Any method (Percent)","Unmet need","Estimates and Projections of Family Planning Indicators",2024,"United Nations Population Division",250,"France","FR","FRA",68,"2017",4,"Median",2,"Female",31,15,49,"15-49",99,"All women",1,"Model-based Estimates",3,"Projection",3.5
4,"Unmet need for family planning: Any method (Percent)","Unmet need","Estimates and Projections of Family Planning Indicators",2024,"United Nations Population Division",250,"France","FR","FRA",69,"2018",4,"Median",2,"Female",31,15,49,"15-49",99,"All women",1,"Model-based Estimates",3,"Projection",3.5
4,"Unmet need for family planning: Any method (Percent)","Unmet need","Estimates and Projections of Family Planning Indicators",2024,"United Nations Population Division",250,"France","FR","FRA",70,"2019",4,"Median",2,"Female",31,15,49,"15-49",99,"All women",1,"Model-based Estimates",3,"Projection",3.5
4,"Unmet need for family planning: Any method (Percent)","Unmet need","Estimates and Projections of Family Planning Indicators",2024,"United Nations Population Division",250,"France","FR","FRA",71,"2020",4,"Median",2,"Female",31,15,49,"15-49",99,"All women",1,"Model-based Estimates",3,"Projection",3.5
4,"Unmet need for family planning: Any method (Percent)","Unmet need","Estimates and Projections of Family Planning Indicators",2024,"United Nations Population Division",250,"France","FR","FRA",72,"2021",4,"Median",2,"Female",31,15,49,"15-49",99,"All women",1,"Model-based Estimates",3,"Projection",3.5
4,"Unmet need for family planning: Any method (Percent)","Unmet need","Estimates and Projections of Family Planning Indicators",2024,"United Nations Population Division",250,"France","FR","FRA",73,"2022",4,"Median",2,"Female",31,15,49,"15-49",99,"All women",1,"Model-based Estimates",3,"Projection",3.5
4,"Unmet need for family planning: Any method (Percent)","Unmet need","Estimates and Projections of Family Planning Indicators",2024,"United Nations Population Division",276,"Germany","DE","DEU",59,"2008",4,"Median",2,"Female",31,15,49,"15-49",99,"All women",1,"Model-based Estimates",3,"Projection",6
4,"Unmet need for family planning: Any method (Percent)","Unmet need","Estimates and Projections of Family Planning Indicators",2024,"United Nations Population Division",276,"Germany","DE","DEU",60,"2009",4,"Median",2,"Female",31,15,49,"15-49",99,"All women",1,"Model-based Estimates",3,"Projection",5.6
4,"Unmet need for family planning: Any method (Percent)","Unmet need","Estimates and Projections of Family Planning Indicators",2024,"United Nations Population Division",276,"Germany","DE","DEU",61,"2010",4,"Median",2,"Female",31,15,49,"15-49",99,"All women",1,"Model-based Estimates",3,"Projection",5.3
4,"Unmet need for family planning: Any method (Percent)","Unmet need","Estimates and Projections of Family Planning Indicators",2024,"United Nations Population Division",276,"Germany","DE","DEU",62,"2011",4,"Median",2,"Female",31,15,49,"15-49",99,"All women",1,"Model-based Estimates",3,"Projection",5.1
4,"Unmet need for family planning: Any method (Percent)","Unmet need","Estimates and Projections of Family Planning Indicators",2024,"United Nations Population Division",276,"Germany","DE","DEU",63,"2012",4,"Median",2,"Female",31,15,49,"15-49",99,"All women",1,"Model-based Estimates",3,"Projection",5.1
4,"Unmet need for family planning: Any method (Percent)","Unmet need","Estimates and Projections of Family Planning Indicators",2024,"United Nations Population Division",276,"Germany","DE","DEU",64,"2013",4,"Median",2,"Female",31,15,49,"15-49",99,"All women",1,"Model-based Estimates",3,"Projection",5.2
4,"Unmet need for family planning: Any method (Percent)","Unmet need","Estimates and Projections of Family Planning Indicators",2024,"United Nations Population Division",276,"Germany","DE","DEU",65,"2014",4,"Median",2,"Female",31,15,49,"15-49",99,"All women",1,"Model-based Estimates",3,"Projection",5.4
4,"Unmet need for family planning: Any method (Percent)","Unmet need","Estimates and Projections of Family Planning Indicators",2024,"United Nations Population Division",276,"Germany","DE","DEU",66,"2015",4,"Median",2,"Female",31,15,49,"15-49",99,"All women",1,"Model-based Estimates",3,"Projection",5.6
4,"Unmet need for family planning: Any method (Percent)","Unmet need","Estimates and Projections of Family Planning Indicators",2024,"United Nations Population Division",276,"Germany","DE","DEU",67,"2016",4,"Median",2,"Female",31,15,49,"15-49",99,"All women",1,"Model-based Estimates",3,"Projection",5.9
4,"Unmet need for family planning: Any method (Percent)","Unmet need","Estimates and Projections of Family Planning Indicators",2024,"United Nations Population Division",276,"Germany","DE","DEU",68,"2017",4,"Median",2,"Female",31,15,49,"15-49",99,"All women",1,"Model-based Estimates",3,"Projection",6.1
4,"Unmet need for family planning: Any method (Percent)","Unmet need","Estimates and Projections of Family Planning Indicators",2024,"United Nations Population Division",276,"Germany","DE","DEU",69,"2018",4,"Median",2,"Female",31,15,49,"15-49",99,"All women",1,"Model-based Estimates",3,"Projection",6.3
4,"Unmet need for family planning: Any method (Percent)","Unmet need","Estimates and Projections of Family Planning Indicators",2024,"United Nations Population Division",276,"Germany","DE","DEU",70,"2019",4,"Median",2,"Female",31,15,49,"15-49",99,"All women",1,"Model-based Estimates",3,"Projection",6.4
4,"Unmet need for family planning: Any method (Percent)","Unmet need","Estimates and Projections of Family Planning Indicators",2024,"United Nations Population Division",276,"Germany","DE","DEU",71,"2020",4,"Median",2,"Female",31,15,49,"15-49",99,"All women",1,"Model-based Estimates",3,"Projection",6.4
4,"Unmet need for family planning: Any method (Percent)","Unmet need","Estimates and Projections of Family Planning Indicators",2024,"United Nations Population Division",276,"Germany","DE","DEU",72,"2021",4,"Median",2,"Female",31,15,49,"15-49",99,"All women",1,"Model-based Estimates",3,"Projection",6.4
4,"Unmet need for family planning: Any method (Percent)","Unmet need","Estimates and Projections of Family Planning Indicators",2024,"United Nations Population Division",276,"Germany","DE","DEU",73,"2022",4,"Median",2,"Female",31,15,49,"15-49",99,"All women",1,"Model-based Estimates",3,"Projection",6.4
4,"Unmet need for family planning: Any method (Percent)","Unmet need","Estimates and Projections of Family Planning Indicators",2024,"United Nations Population Division",300,"Greece","GR","GRC",59,"2008",4,"Median",2,"Female",31,15,49,"15-49",99,"All women",1,"Model-based Estimates",3,"Projection",4.4
4,"Unmet need for family planning: Any method (Percent)","Unmet need","Estimates and Projections of Family Planning Indicators",2024,"United Nations Population Division",300,"Greece","GR","GRC",60,"2009",4,"Median",2,"Female",31,15,49,"15-49",99,"All women",1,"Model-based Estimates",3,"Projection",4.4
4,"Unmet need for family planning: Any method (Percent)","Unmet need","Estimates and Projections of Family Planning Indicators",2024,"United Nations Population Division",300,"Greece","GR","GRC",61,"2010",4,"Median",2,"Female",31,15,49,"15-49",99,"All women",1,"Model-based Estimates",3,"Projection",4.4
4,"Unmet need for family planning: Any method (Percent)","Unmet need","Estimates and Projections of Family Planning Indicators",2024,"United Nations Population Division",300,"Greece","GR","GRC",62,"2011",4,"Median",2,"Female",31,15,49,"15-49",99,"All women",1,"Model-based Estimates",3,"Projection",4.4
4,"Unmet need for family planning: Any method (Percent)","Unmet need","Estimates and Projections of Family Planning Indicators",2024,"United Nations Population Division",300,"Greece","GR","GRC",63,"2012",4,"Median",2,"Female",31,15,49,"15-49",99,"All women",1,"Model-based Estimates",3,"Projection",4.4
4,"Unmet need for family planning: Any method (Percent)","Unmet need","Estimates and Projections of Family Planning Indicators",2024,"United Nations Population Division",300,"Greece","GR","GRC",64,"2013",4,"Median",2,"Female",31,15,49,"15-49",99,"All women",1,"Model-based Estimates",3,"Projection",4.4
4,"Unmet need for family planning: Any method (Percent)","Unmet need","Estimates and Projections of Family Planning Indicators",2024,"United Nations Population Division",300,"Greece","GR","GRC",65,"2014",4,"Median",2,"Female",31,15,49,"15-49",99,"All women",1,"Model-based Estimates",3,"Projection",4.4
4,"Unmet need for family planning: Any method (Percent)","Unmet need","Estimates and Projections of Family Planning Indicators",2024,"United Nations Population Division",300,"Greece","GR","GRC",66,"2015",4,"Median",2,"Female",31,15,49,"15-49",99,"All women",1,"Model-based Estimates",3,"Projection",4.4
4,"Unmet need for family planning: Any method (Percent)","Unmet need","Estimates and Projections of Family Planning Indicators",2024,"United Nations Population Division",300,"Greece","GR","GRC",67,"2016",4,"Median",2,"Female",31,15,49,"15-49",99,"All women",1,"Model-based Estimates",3,"Projection",4.4
4,"Unmet need for family planning: Any method (Percent)","Unmet need","Estimates and Projections of Family Planning Indicators",2024,"United Nations Population Division",300,"Greece","GR","GRC",68,"2017",4,"Median",2,"Female",31,15,49,"15-49",99,"All women",1,"Model-based Estimates",3,"Projection",4.3
4,"Unmet need for family planning: Any method (Percent)","Unmet need","Estimates and Projections of Family Planning Indicators",2024,"United Nations Population Division",300,"Greece","GR","GRC",69,"2018",4,"Median",2,"Female",31,15,49,"15-49",99,"All women",1,"Model-based Estimates",3,"Projection",4.3
4,"Unmet need for family planning: Any method (Percent)","Unmet need","Estimates and Projections of Family Planning Indicators",2024,"United Nations Population Division",300,"Greece","GR","GRC",70,"2019",4,"Median",2,"Female",31,15,49,"15-49",99,"All women",1,"Model-based Estimates",3,"Projection",4.3
4,"Unmet need for family planning: Any method (Percent)","Unmet need","Estimates and Projections of Family Planning Indicators",2024,"United Nations Population Division",300,"Greece","GR","GRC",71,"2020",4,"Median",2,"Female",31,15,49,"15-49",99,"All women",1,"Model-based Estimates",3,"Projection",4.2
4,"Unmet need for family planning: Any method (Percent)","Unmet need","Estimates and Projections of Family Planning Indicators",2024,"United Nations Population Division",300,"Greece","GR","GRC",72,"2021",4,"Median",2,"Female",31,15,49,"15-49",99,"All women",1,"Model-based Estimates",3,"Projection",4.2
4,"Unmet need for family planning: Any method (Percent)","Unmet need","Estimates and Projections of Family Planning Indicators",2024,"United Nations Population Division",300,"Greece","GR","GRC",73,"2022",4,"Median",2,"Female",31,15,49,"15-49",99,"All women",1,"Model-based Estimates",3,"Projection",4.2
4,"Unmet need for family planning: Any method (Percent)","Unmet need","Estimates and Projections of Family Planning Indicators",2024,"United Nations Population Division",348,"Hungary","HU","HUN",59,"2008",4,"Median",2,"Female",31,15,49,"15-49",99,"All women",1,"Model-based Estimates",3,"Projection",7
4,"Unmet need for family planning: Any method (Percent)","Unmet need","Estimates and Projections of Family Planning Indicators",2024,"United Nations Population Division",348,"Hungary","HU","HUN",60,"2009",4,"Median",2,"Female",31,15,49,"15-49",99,"All women",1,"Model-based Estimates",3,"Projection",7
4,"Unmet need for family planning: Any method (Percent)","Unmet need","Estimates and Projections of Family Planning Indicators",2024,"United Nations Population Division",348,"Hungary","HU","HUN",61,"2010",4,"Median",2,"Female",31,15,49,"15-49",99,"All women",1,"Model-based Estimates",3,"Projection",7
4,"Unmet need for family planning: Any method (Percent)","Unmet need","Estimates and Projections of Family Planning Indicators",2024,"United Nations Population Division",348,"Hungary","HU","HUN",62,"2011",4,"Median",2,"Female",31,15,49,"15-49",99,"All women",1,"Model-based Estimates",3,"Projection",7
4,"Unmet need for family planning: Any method (Percent)","Unmet need","Estimates and Projections of Family Planning Indicators",2024,"United Nations Population Division",348,"Hungary","HU","HUN",63,"2012",4,"Median",2,"Female",31,15,49,"15-49",99,"All women",1,"Model-based Estimates",3,"Projection",7
4,"Unmet need for family planning: Any method (Percent)","Unmet need","Estimates and Projections of Family Planning Indicators",2024,"United Nations Population Division",348,"Hungary","HU","HUN",64,"2013",4,"Median",2,"Female",31,15,49,"15-49",99,"All women",1,"Model-based Estimates",3,"Projection",7
4,"Unmet need for family planning: Any method (Percent)","Unmet need","Estimates and Projections of Family Planning Indicators",2024,"United Nations Population Division",348,"Hungary","HU","HUN",65,"2014",4,"Median",2,"Female",31,15,49,"15-49",99,"All women",1,"Model-based Estimates",3,"Projection",7
4,"Unmet need for family planning: Any method (Percent)","Unmet need","Estimates and Projections of Family Planning Indicators",2024,"United Nations Population Division",348,"Hungary","HU","HUN",66,"2015",4,"Median",2,"Female",31,15,49,"15-49",99,"All women",1,"Model-based Estimates",3,"Projection",7
4,"Unmet need for family planning: Any method (Percent)","Unmet need","Estimates and Projections of Family Planning Indicators",2024,"United Nations Population Division",348,"Hungary","HU","HUN",67,"2016",4,"Median",2,"Female",31,15,49,"15-49",99,"All women",1,"Model-based Estimates",3,"Projection",7
4,"Unmet need for family planning: Any method (Percent)","Unmet need","Estimates and Projections of Family Planning Indicators",2024,"United Nations Population Division",348,"Hungary","HU","HUN",68,"2017",4,"Median",2,"Female",31,15,49,"15-49",99,"All women",1,"Model-based Estimates",3,"Projection",7
4,"Unmet need for family planning: Any method (Percent)","Unmet need","Estimates and Projections of Family Planning Indicators",2024,"United Nations Population Division",348,"Hungary","HU","HUN",69,"2018",4,"Median",2,"Female",31,15,49,"15-49",99,"All women",1,"Model-based Estimates",3,"Projection",7
4,"Unmet need for family planning: Any method (Percent)","Unmet need","Estimates and Projections of Family Planning Indicators",2024,"United Nations Population Division",348,"Hungary","HU","HUN",70,"2019",4,"Median",2,"Female",31,15,49,"15-49",99,"All women",1,"Model-based Estimates",3,"Projection",7
4,"Unmet need for family planning: Any method (Percent)","Unmet need","Estimates and Projections of Family Planning Indicators",2024,"United Nations Population Division",348,"Hungary","HU","HUN",71,"2020",4,"Median",2,"Female",31,15,49,"15-49",99,"All women",1,"Model-based Estimates",3,"Projection",7
4,"Unmet need for family planning: Any method (Percent)","Unmet need","Estimates and Projections of Family Planning Indicators",2024,"United Nations Population Division",348,"Hungary","HU","HUN",72,"2021",4,"Median",2,"Female",31,15,49,"15-49",99,"All women",1,"Model-based Estimates",3,"Projection",6.9
4,"Unmet need for family planning: Any method (Percent)","Unmet need","Estimates and Projections of Family Planning Indicators",2024,"United Nations Population Division",348,"Hungary","HU","HUN",73,"2022",4,"Median",2,"Female",31,15,49,"15-49",99,"All women",1,"Model-based Estimates",3,"Projection",6.9
4,"Unmet need for family planning: Any method (Percent)","Unmet need","Estimates and Projections of Family Planning Indicators",2024,"United Nations Population Division",372,"Ireland","IE","IRL",59,"2008",4,"Median",2,"Female",31,15,49,"15-49",99,"All women",1,"Model-based Estimates",3,"Projection",5.8
4,"Unmet need for family planning: Any method (Percent)","Unmet need","Estimates and Projections of Family Planning Indicators",2024,"United Nations Population Division",372,"Ireland","IE","IRL",60,"2009",4,"Median",2,"Female",31,15,49,"15-49",99,"All women",1,"Model-based Estimates",3,"Projection",5.8
4,"Unmet need for family planning: Any method (Percent)","Unmet need","Estimates and Projections of Family Planning Indicators",2024,"United Nations Population Division",372,"Ireland","IE","IRL",61,"2010",4,"Median",2,"Female",31,15,49,"15-49",99,"All women",1,"Model-based Estimates",3,"Projection",5.8
4,"Unmet need for family planning: Any method (Percent)","Unmet need","Estimates and Projections of Family Planning Indicators",2024,"United Nations Population Division",372,"Ireland","IE","IRL",62,"2011",4,"Median",2,"Female",31,15,49,"15-49",99,"All women",1,"Model-based Estimates",3,"Projection",5.8
4,"Unmet need for family planning: Any method (Percent)","Unmet need","Estimates and Projections of Family Planning Indicators",2024,"United Nations Population Division",372,"Ireland","IE","IRL",63,"2012",4,"Median",2,"Female",31,15,49,"15-49",99,"All women",1,"Model-based Estimates",3,"Projection",5.8
4,"Unmet need for family planning: Any method (Percent)","Unmet need","Estimates and Projections of Family Planning Indicators",2024,"United Nations Population Division",372,"Ireland","IE","IRL",64,"2013",4,"Median",2,"Female",31,15,49,"15-49",99,"All women",1,"Model-based Estimates",3,"Projection",5.8
4,"Unmet need for family planning: Any method (Percent)","Unmet need","Estimates and Projections of Family Planning Indicators",2024,"United Nations Population Division",372,"Ireland","IE","IRL",65,"2014",4,"Median",2,"Female",31,15,49,"15-49",99,"All women",1,"Model-based Estimates",3,"Projection",5.7
4,"Unmet need for family planning: Any method (Percent)","Unmet need","Estimates and Projections of Family Planning Indicators",2024,"United Nations Population Division",372,"Ireland","IE","IRL",66,"2015",4,"Median",2,"Female",31,15,49,"15-49",99,"All women",1,"Model-based Estimates",3,"Projection",5.7
4,"Unmet need for family planning: Any method (Percent)","Unmet need","Estimates and Projections of Family Planning Indicators",2024,"United Nations Population Division",372,"Ireland","IE","IRL",67,"2016",4,"Median",2,"Female",31,15,49,"15-49",99,"All women",1,"Model-based Estimates",3,"Projection",5.6
4,"Unmet need for family planning: Any method (Percent)","Unmet need","Estimates and Projections of Family Planning Indicators",2024,"United Nations Population Division",372,"Ireland","IE","IRL",68,"2017",4,"Median",2,"Female",31,15,49,"15-49",99,"All women",1,"Model-based Estimates",3,"Projection",5.6
4,"Unmet need for family planning: Any method (Percent)","Unmet need","Estimates and Projections of Family Planning Indicators",2024,"United Nations Population Division",372,"Ireland","IE","IRL",69,"2018",4,"Median",2,"Female",31,15,49,"15-49",99,"All women",1,"Model-based Estimates",3,"Projection",5.6
4,"Unmet need for family planning: Any method (Percent)","Unmet need","Estimates and Projections of Family Planning Indicators",2024,"United Nations Population Division",372,"Ireland","IE","IRL",70,"2019",4,"Median",2,"Female",31,15,49,"15-49",99,"All women",1,"Model-based Estimates",3,"Projection",5.5
4,"Unmet need for family planning: Any method (Percent)","Unmet need","Estimates and Projections of Family Planning Indicators",2024,"United Nations Population Division",372,"Ireland","IE","IRL",71,"2020",4,"Median",2,"Female",31,15,49,"15-49",99,"All women",1,"Model-based Estimates",3,"Projection",5.5
4,"Unmet need for family planning: Any method (Percent)","Unmet need","Estimates and Projections of Family Planning Indicators",2024,"United Nations Population Division",372,"Ireland","IE","IRL",72,"2021",4,"Median",2,"Female",31,15,49,"15-49",99,"All women",1,"Model-based Estimates",3,"Projection",5.4
4,"Unmet need for family planning: Any method (Percent)","Unmet need","Estimates and Projections of Family Planning Indicators",2024,"United Nations Population Division",372,"Ireland","IE","IRL",73,"2022",4,"Median",2,"Female",31,15,49,"15-49",99,"All women",1,"Model-based Estimates",3,"Projection",5.4
4,"Unmet need for family planning: Any method (Percent)","Unmet need","Estimates and Projections of Family Planning Indicators",2024,"United Nations Population Division",380,"Italy","IT","ITA",59,"2008",4,"Median",2,"Female",31,15,49,"15-49",99,"All women",1,"Model-based Estimates",3,"Projection",5.7
4,"Unmet need for family planning: Any method (Percent)","Unmet need","Estimates and Projections of Family Planning Indicators",2024,"United Nations Population Division",380,"Italy","IT","ITA",60,"2009",4,"Median",2,"Female",31,15,49,"15-49",99,"All women",1,"Model-based Estimates",3,"Projection",5.7
4,"Unmet need for family planning: Any method (Percent)","Unmet need","Estimates and Projections of Family Planning Indicators",2024,"United Nations Population Division",380,"Italy","IT","ITA",61,"2010",4,"Median",2,"Female",31,15,49,"15-49",99,"All women",1,"Model-based Estimates",3,"Projection",5.7
4,"Unmet need for family planning: Any method (Percent)","Unmet need","Estimates and Projections of Family Planning Indicators",2024,"United Nations Population Division",380,"Italy","IT","ITA",62,"2011",4,"Median",2,"Female",31,15,49,"15-49",99,"All women",1,"Model-based Estimates",3,"Projection",5.7
4,"Unmet need for family planning: Any method (Percent)","Unmet need","Estimates and Projections of Family Planning Indicators",2024,"United Nations Population Division",380,"Italy","IT","ITA",63,"2012",4,"Median",2,"Female",31,15,49,"15-49",99,"All women",1,"Model-based Estimates",3,"Projection",5.6
4,"Unmet need for family planning: Any method (Percent)","Unmet need","Estimates and Projections of Family Planning Indicators",2024,"United Nations Population Division",380,"Italy","IT","ITA",64,"2013",4,"Median",2,"Female",31,15,49,"15-49",99,"All women",1,"Model-based Estimates",3,"Projection",5.6
4,"Unmet need for family planning: Any method (Percent)","Unmet need","Estimates and Projections of Family Planning Indicators",2024,"United Nations Population Division",380,"Italy","IT","ITA",65,"2014",4,"Median",2,"Female",31,15,49,"15-49",99,"All women",1,"Model-based Estimates",3,"Projection",5.6
4,"Unmet need for family planning: Any method (Percent)","Unmet need","Estimates and Projections of Family Planning Indicators",2024,"United Nations Population Division",380,"Italy","IT","ITA",66,"2015",4,"Median",2,"Female",31,15,49,"15-49",99,"All women",1,"Model-based Estimates",3,"Projection",5.6
4,"Unmet need for family planning: Any method (Percent)","Unmet need","Estimates and Projections of Family Planning Indicators",2024,"United Nations Population Division",380,"Italy","IT","ITA",67,"2016",4,"Median",2,"Female",31,15,49,"15-49",99,"All women",1,"Model-based Estimates",3,"Projection",5.5
4,"Unmet need for family planning: Any method (Percent)","Unmet need","Estimates and Projections of Family Planning Indicators",2024,"United Nations Population Division",380,"Italy","IT","ITA",68,"2017",4,"Median",2,"Female",31,15,49,"15-49",99,"All women",1,"Model-based Estimates",3,"Projection",5.5
4,"Unmet need for family planning: Any method (Percent)","Unmet need","Estimates and Projections of Family Planning Indicators",2024,"United Nations Population Division",380,"Italy","IT","ITA",69,"2018",4,"Median",2,"Female",31,15,49,"15-49",99,"All women",1,"Model-based Estimates",3,"Projection",5.4
4,"Unmet need for family planning: Any method (Percent)","Unmet need","Estimates and Projections of Family Planning Indicators",2024,"United Nations Population Division",380,"Italy","IT","ITA",70,"2019",4,"Median",2,"Female",31,15,49,"15-49",99,"All women",1,"Model-based Estimates",3,"Projection",5.4
4,"Unmet need for family planning: Any method (Percent)","Unmet need","Estimates and Projections of Family Planning Indicators",2024,"United Nations Population Division",380,"Italy","IT","ITA",71,"2020",4,"Median",2,"Female",31,15,49,"15-49",99,"All women",1,"Model-based Estimates",3,"Projection",5.3
4,"Unmet need for family planning: Any method (Percent)","Unmet need","Estimates and Projections of Family Planning Indicators",2024,"United Nations Population Division",380,"Italy","IT","ITA",72,"2021",4,"Median",2,"Female",31,15,49,"15-49",99,"All women",1,"Model-based Estimates",3,"Projection",5.3
4,"Unmet need for family planning: Any method (Percent)","Unmet need","Estimates and Projections of Family Planning Indicators",2024,"United Nations Population Division",380,"Italy","IT","ITA",73,"2022",4,"Median",2,"Female",31,15,49,"15-49",99,"All women",1,"Model-based Estimates",3,"Projection",5.2
4,"Unmet need for family planning: Any method (Percent)","Unmet need","Estimates and Projections of Family Planning Indicators",2024,"United Nations Population Division",412,"Kosovo (under UNSC res. 1244)","XK","XKX",59,"2008",4,"Median",2,"Female",31,15,49,"15-49",99,"All women",1,"Model-based Estimates",3,"Projection",5.4
4,"Unmet need for family planning: Any method (Percent)","Unmet need","Estimates and Projections of Family Planning Indicators",2024,"United Nations Population Division",412,"Kosovo (under UNSC res. 1244)","XK","XKX",60,"2009",4,"Median",2,"Female",31,15,49,"15-49",99,"All women",1,"Model-based Estimates",3,"Projection",5.5
4,"Unmet need for family planning: Any method (Percent)","Unmet need","Estimates and Projections of Family Planning Indicators",2024,"United Nations Population Division",412,"Kosovo (under UNSC res. 1244)","XK","XKX",61,"2010",4,"Median",2,"Female",31,15,49,"15-49",99,"All women",1,"Model-based Estimates",3,"Projection",5.6
4,"Unmet need for family planning: Any method (Percent)","Unmet need","Estimates and Projections of Family Planning Indicators",2024,"United Nations Population Division",412,"Kosovo (under UNSC res. 1244)","XK","XKX",62,"2011",4,"Median",2,"Female",31,15,49,"15-49",99,"All women",1,"Model-based Estimates",3,"Projection",5.7
4,"Unmet need for family planning: Any method (Percent)","Unmet need","Estimates and Projections of Family Planning Indicators",2024,"United Nations Population Division",412,"Kosovo (under UNSC res. 1244)","XK","XKX",63,"2012",4,"Median",2,"Female",31,15,49,"15-49",99,"All women",1,"Model-based Estimates",3,"Projection",5.8
4,"Unmet need for family planning: Any method (Percent)","Unmet need","Estimates and Projections of Family Planning Indicators",2024,"United Nations Population Division",412,"Kosovo (under UNSC res. 1244)","XK","XKX",64,"2013",4,"Median",2,"Female",31,15,49,"15-49",99,"All women",1,"Model-based Estimates",2,"Interpolation",5.9
4,"Unmet need for family planning: Any method (Percent)","Unmet need","Estimates and Projections of Family Planning Indicators",2024,"United Nations Population Division",412,"Kosovo (under UNSC res. 1244)","XK","XKX",65,"2014",4,"Median",2,"Female",31,15,49,"15-49",99,"All women",1,"Model-based Estimates",2,"Interpolation",6
4,"Unmet need for family planning: Any method (Percent)","Unmet need","Estimates and Projections of Family Planning Indicators",2024,"United Nations Population Division",412,"Kosovo (under UNSC res. 1244)","XK","XKX",66,"2015",4,"Median",2,"Female",31,15,49,"15-49",99,"All women",1,"Model-based Estimates",2,"Interpolation",6.1
4,"Unmet need for family planning: Any method (Percent)","Unmet need","Estimates and Projections of Family Planning Indicators",2024,"United Nations Population Division",412,"Kosovo (under UNSC res. 1244)","XK","XKX",67,"2016",4,"Median",2,"Female",31,15,49,"15-49",99,"All women",1,"Model-based Estimates",2,"Interpolation",6.2
4,"Unmet need for family planning: Any method (Percent)","Unmet need","Estimates and Projections of Family Planning Indicators",2024,"United Nations Population Division",412,"Kosovo (under UNSC res. 1244)","XK","XKX",68,"2017",4,"Median",2,"Female",31,15,49,"15-49",99,"All women",1,"Model-based Estimates",2,"Interpolation",6.3
4,"Unmet need for family planning: Any method (Percent)","Unmet need","Estimates and Projections of Family Planning Indicators",2024,"United Nations Population Division",412,"Kosovo (under UNSC res. 1244)","XK","XKX",69,"2018",4,"Median",2,"Female",31,15,49,"15-49",99,"All women",1,"Model-based Estimates",2,"Interpolation",6.4
4,"Unmet need for family planning: Any method (Percent)","Unmet need","Estimates and Projections of Family Planning Indicators",2024,"United Nations Population Division",412,"Kosovo (under UNSC res. 1244)","XK","XKX",70,"2019",4,"Median",2,"Female",31,15,49,"15-49",99,"All women",1,"Model-based Estimates",2,"Interpolation",6.5
4,"Unmet need for family planning: Any method (Percent)","Unmet need","Estimates and Projections of Family Planning Indicators",2024,"United Nations Population Division",412,"Kosovo (under UNSC res. 1244)","XK","XKX",71,"2020",4,"Median",2,"Female",31,15,49,"15-49",99,"All women",1,"Model-based Estimates",2,"Interpolation",6.6
4,"Unmet need for family planning: Any method (Percent)","Unmet need","Estimates and Projections of Family Planning Indicators",2024,"United Nations Population Division",412,"Kosovo (under UNSC res. 1244)","XK","XKX",72,"2021",4,"Median",2,"Female",31,15,49,"15-49",99,"All women",1,"Model-based Estimates",3,"Projection",6.7
4,"Unmet need for family planning: Any method (Percent)","Unmet need","Estimates and Projections of Family Planning Indicators",2024,"United Nations Population Division",412,"Kosovo (under UNSC res. 1244)","XK","XKX",73,"2022",4,"Median",2,"Female",31,15,49,"15-49",99,"All women",1,"Model-based Estimates",3,"Projection",6.8
4,"Unmet need for family planning: Any method (Percent)","Unmet need","Estimates and Projections of Family Planning Indicators",2024,"United Nations Population Division",428,"Latvia","LV","LVA",59,"2008",4,"Median",2,"Female",31,15,49,"15-49",99,"All women",1,"Model-based Estimates",3,"Projection",6.4
4,"Unmet need for family planning: Any method (Percent)","Unmet need","Estimates and Projections of Family Planning Indicators",2024,"United Nations Population Division",428,"Latvia","LV","LVA",60,"2009",4,"Median",2,"Female",31,15,49,"15-49",99,"All women",1,"Model-based Estimates",3,"Projection",6.4
4,"Unmet need for family planning: Any method (Percent)","Unmet need","Estimates and Projections of Family Planning Indicators",2024,"United Nations Population Division",428,"Latvia","LV","LVA",61,"2010",4,"Median",2,"Female",31,15,49,"15-49",99,"All women",1,"Model-based Estimates",3,"Projection",6.4
4,"Unmet need for family planning: Any method (Percent)","Unmet need","Estimates and Projections of Family Planning Indicators",2024,"United Nations Population Division",428,"Latvia","LV","LVA",62,"2011",4,"Median",2,"Female",31,15,49,"15-49",99,"All women",1,"Model-based Estimates",3,"Projection",6.3
4,"Unmet need for family planning: Any method (Percent)","Unmet need","Estimates and Projections of Family Planning Indicators",2024,"United Nations Population Division",428,"Latvia","LV","LVA",63,"2012",4,"Median",2,"Female",31,15,49,"15-49",99,"All women",1,"Model-based Estimates",3,"Projection",6.3
4,"Unmet need for family planning: Any method (Percent)","Unmet need","Estimates and Projections of Family Planning Indicators",2024,"United Nations Population Division",428,"Latvia","LV","LVA",64,"2013",4,"Median",2,"Female",31,15,49,"15-49",99,"All women",1,"Model-based Estimates",3,"Projection",6.3
4,"Unmet need for family planning: Any method (Percent)","Unmet need","Estimates and Projections of Family Planning Indicators",2024,"United Nations Population Division",428,"Latvia","LV","LVA",65,"2014",4,"Median",2,"Female",31,15,49,"15-49",99,"All women",1,"Model-based Estimates",3,"Projection",6.2
4,"Unmet need for family planning: Any method (Percent)","Unmet need","Estimates and Projections of Family Planning Indicators",2024,"United Nations Population Division",428,"Latvia","LV","LVA",66,"2015",4,"Median",2,"Female",31,15,49,"15-49",99,"All women",1,"Model-based Estimates",3,"Projection",6.2
4,"Unmet need for family planning: Any method (Percent)","Unmet need","Estimates and Projections of Family Planning Indicators",2024,"United Nations Population Division",428,"Latvia","LV","LVA",67,"2016",4,"Median",2,"Female",31,15,49,"15-49",99,"All women",1,"Model-based Estimates",3,"Projection",6.1
4,"Unmet need for family planning: Any method (Percent)","Unmet need","Estimates and Projections of Family Planning Indicators",2024,"United Nations Population Division",428,"Latvia","LV","LVA",68,"2017",4,"Median",2,"Female",31,15,49,"15-49",99,"All women",1,"Model-based Estimates",3,"Projection",6.1
4,"Unmet need for family planning: Any method (Percent)","Unmet need","Estimates and Projections of Family Planning Indicators",2024,"United Nations Population Division",428,"Latvia","LV","LVA",69,"2018",4,"Median",2,"Female",31,15,49,"15-49",99,"All women",1,"Model-based Estimates",3,"Projection",6.1
4,"Unmet need for family planning: Any method (Percent)","Unmet need","Estimates and Projections of Family Planning Indicators",2024,"United Nations Population Division",428,"Latvia","LV","LVA",70,"2019",4,"Median",2,"Female",31,15,49,"15-49",99,"All women",1,"Model-based Estimates",3,"Projection",6
4,"Unmet need for family planning: Any method (Percent)","Unmet need","Estimates and Projections of Family Planning Indicators",2024,"United Nations Population Division",428,"Latvia","LV","LVA",71,"2020",4,"Median",2,"Female",31,15,49,"15-49",99,"All women",1,"Model-based Estimates",3,"Projection",5.9
4,"Unmet need for family planning: Any method (Percent)","Unmet need","Estimates and Projections of Family Planning Indicators",2024,"United Nations Population Division",428,"Latvia","LV","LVA",72,"2021",4,"Median",2,"Female",31,15,49,"15-49",99,"All women",1,"Model-based Estimates",3,"Projection",5.9
4,"Unmet need for family planning: Any method (Percent)","Unmet need","Estimates and Projections of Family Planning Indicators",2024,"United Nations Population Division",428,"Latvia","LV","LVA",73,"2022",4,"Median",2,"Female",31,15,49,"15-49",99,"All women",1,"Model-based Estimates",3,"Projection",5.8
4,"Unmet need for family planning: Any method (Percent)","Unmet need","Estimates and Projections of Family Planning Indicators",2024,"United Nations Population Division",440,"Lithuania","LT","LTU",59,"2008",4,"Median",2,"Female",31,15,49,"15-49",99,"All women",1,"Model-based Estimates",3,"Projection",6.6
4,"Unmet need for family planning: Any method (Percent)","Unmet need","Estimates and Projections of Family Planning Indicators",2024,"United Nations Population Division",440,"Lithuania","LT","LTU",60,"2009",4,"Median",2,"Female",31,15,49,"15-49",99,"All women",1,"Model-based Estimates",3,"Projection",6.5
4,"Unmet need for family planning: Any method (Percent)","Unmet need","Estimates and Projections of Family Planning Indicators",2024,"United Nations Population Division",440,"Lithuania","LT","LTU",61,"2010",4,"Median",2,"Female",31,15,49,"15-49",99,"All women",1,"Model-based Estimates",3,"Projection",6.4
4,"Unmet need for family planning: Any method (Percent)","Unmet need","Estimates and Projections of Family Planning Indicators",2024,"United Nations Population Division",440,"Lithuania","LT","LTU",62,"2011",4,"Median",2,"Female",31,15,49,"15-49",99,"All women",1,"Model-based Estimates",3,"Projection",6.3
4,"Unmet need for family planning: Any method (Percent)","Unmet need","Estimates and Projections of Family Planning Indicators",2024,"United Nations Population Division",440,"Lithuania","LT","LTU",63,"2012",4,"Median",2,"Female",31,15,49,"15-49",99,"All women",1,"Model-based Estimates",3,"Projection",6.3
4,"Unmet need for family planning: Any method (Percent)","Unmet need","Estimates and Projections of Family Planning Indicators",2024,"United Nations Population Division",440,"Lithuania","LT","LTU",64,"2013",4,"Median",2,"Female",31,15,49,"15-49",99,"All women",1,"Model-based Estimates",3,"Projection",6.3
4,"Unmet need for family planning: Any method (Percent)","Unmet need","Estimates and Projections of Family Planning Indicators",2024,"United Nations Population Division",440,"Lithuania","LT","LTU",65,"2014",4,"Median",2,"Female",31,15,49,"15-49",99,"All women",1,"Model-based Estimates",3,"Projection",6.3
4,"Unmet need for family planning: Any method (Percent)","Unmet need","Estimates and Projections of Family Planning Indicators",2024,"United Nations Population Division",440,"Lithuania","LT","LTU",66,"2015",4,"Median",2,"Female",31,15,49,"15-49",99,"All women",1,"Model-based Estimates",3,"Projection",6.2
4,"Unmet need for family planning: Any method (Percent)","Unmet need","Estimates and Projections of Family Planning Indicators",2024,"United Nations Population Division",440,"Lithuania","LT","LTU",67,"2016",4,"Median",2,"Female",31,15,49,"15-49",99,"All women",1,"Model-based Estimates",3,"Projection",6.2
4,"Unmet need for family planning: Any method (Percent)","Unmet need","Estimates and Projections of Family Planning Indicators",2024,"United Nations Population Division",440,"Lithuania","LT","LTU",68,"2017",4,"Median",2,"Female",31,15,49,"15-49",99,"All women",1,"Model-based Estimates",3,"Projection",6.3
4,"Unmet need for family planning: Any method (Percent)","Unmet need","Estimates and Projections of Family Planning Indicators",2024,"United Nations Population Division",440,"Lithuania","LT","LTU",69,"2018",4,"Median",2,"Female",31,15,49,"15-49",99,"All women",1,"Model-based Estimates",3,"Projection",6.2
4,"Unmet need for family planning: Any method (Percent)","Unmet need","Estimates and Projections of Family Planning Indicators",2024,"United Nations Population Division",440,"Lithuania","LT","LTU",70,"2019",4,"Median",2,"Female",31,15,49,"15-49",99,"All women",1,"Model-based Estimates",3,"Projection",6.2
4,"Unmet need for family planning: Any method (Percent)","Unmet need","Estimates and Projections of Family Planning Indicators",2024,"United Nations Population Division",440,"Lithuania","LT","LTU",71,"2020",4,"Median",2,"Female",31,15,49,"15-49",99,"All women",1,"Model-based Estimates",3,"Projection",6.2
4,"Unmet need for family planning: Any method (Percent)","Unmet need","Estimates and Projections of Family Planning Indicators",2024,"United Nations Population Division",440,"Lithuania","LT","LTU",72,"2021",4,"Median",2,"Female",31,15,49,"15-49",99,"All women",1,"Model-based Estimates",3,"Projection",6.2
4,"Unmet need for family planning: Any method (Percent)","Unmet need","Estimates and Projections of Family Planning Indicators",2024,"United Nations Population Division",440,"Lithuania","LT","LTU",73,"2022",4,"Median",2,"Female",31,15,49,"15-49",99,"All women",1,"Model-based Estimates",3,"Projection",6.2
4,"Unmet need for family planning: Any method (Percent)","Unmet need","Estimates and Projections of Family Planning Indicators",2024,"United Nations Population Division",470,"Malta","MT","MLT",59,"2008",4,"Median",2,"Female",31,15,49,"15-49",99,"All women",1,"Model-based Estimates",3,"Projection",3
4,"Unmet need for family planning: Any method (Percent)","Unmet need","Estimates and Projections of Family Planning Indicators",2024,"United Nations Population Division",470,"Malta","MT","MLT",60,"2009",4,"Median",2,"Female",31,15,49,"15-49",99,"All women",1,"Model-based Estimates",3,"Projection",3
4,"Unmet need for family planning: Any method (Percent)","Unmet need","Estimates and Projections of Family Planning Indicators",2024,"United Nations Population Division",470,"Malta","MT","MLT",61,"2010",4,"Median",2,"Female",31,15,49,"15-49",99,"All women",1,"Model-based Estimates",3,"Projection",3
4,"Unmet need for family planning: Any method (Percent)","Unmet need","Estimates and Projections of Family Planning Indicators",2024,"United Nations Population Division",470,"Malta","MT","MLT",62,"2011",4,"Median",2,"Female",31,15,49,"15-49",99,"All women",1,"Model-based Estimates",3,"Projection",3
4,"Unmet need for family planning: Any method (Percent)","Unmet need","Estimates and Projections of Family Planning Indicators",2024,"United Nations Population Division",470,"Malta","MT","MLT",63,"2012",4,"Median",2,"Female",31,15,49,"15-49",99,"All women",1,"Model-based Estimates",3,"Projection",3
4,"Unmet need for family planning: Any method (Percent)","Unmet need","Estimates and Projections of Family Planning Indicators",2024,"United Nations Population Division",470,"Malta","MT","MLT",64,"2013",4,"Median",2,"Female",31,15,49,"15-49",99,"All women",1,"Model-based Estimates",3,"Projection",3
4,"Unmet need for family planning: Any method (Percent)","Unmet need","Estimates and Projections of Family Planning Indicators",2024,"United Nations Population Division",470,"Malta","MT","MLT",65,"2014",4,"Median",2,"Female",31,15,49,"15-49",99,"All women",1,"Model-based Estimates",3,"Projection",3
4,"Unmet need for family planning: Any method (Percent)","Unmet need","Estimates and Projections of Family Planning Indicators",2024,"United Nations Population Division",470,"Malta","MT","MLT",66,"2015",4,"Median",2,"Female",31,15,49,"15-49",99,"All women",1,"Model-based Estimates",3,"Projection",3
4,"Unmet need for family planning: Any method (Percent)","Unmet need","Estimates and Projections of Family Planning Indicators",2024,"United Nations Population Division",470,"Malta","MT","MLT",67,"2016",4,"Median",2,"Female",31,15,49,"15-49",99,"All women",1,"Model-based Estimates",3,"Projection",3
4,"Unmet need for family planning: Any method (Percent)","Unmet need","Estimates and Projections of Family Planning Indicators",2024,"United Nations Population Division",470,"Malta","MT","MLT",68,"2017",4,"Median",2,"Female",31,15,49,"15-49",99,"All women",1,"Model-based Estimates",3,"Projection",3
4,"Unmet need for family planning: Any method (Percent)","Unmet need","Estimates and Projections of Family Planning Indicators",2024,"United Nations Population Division",470,"Malta","MT","MLT",69,"2018",4,"Median",2,"Female",31,15,49,"15-49",99,"All women",1,"Model-based Estimates",3,"Projection",3.1
4,"Unmet need for family planning: Any method (Percent)","Unmet need","Estimates and Projections of Family Planning Indicators",2024,"United Nations Population Division",470,"Malta","MT","MLT",70,"2019",4,"Median",2,"Female",31,15,49,"15-49",99,"All women",1,"Model-based Estimates",3,"Projection",3.1
4,"Unmet need for family planning: Any method (Percent)","Unmet need","Estimates and Projections of Family Planning Indicators",2024,"United Nations Population Division",470,"Malta","MT","MLT",71,"2020",4,"Median",2,"Female",31,15,49,"15-49",99,"All women",1,"Model-based Estimates",3,"Projection",3.1
4,"Unmet need for family planning: Any method (Percent)","Unmet need","Estimates and Projections of Family Planning Indicators",2024,"United Nations Population Division",470,"Malta","MT","MLT",72,"2021",4,"Median",2,"Female",31,15,49,"15-49",99,"All women",1,"Model-based Estimates",3,"Projection",3.1
4,"Unmet need for family planning: Any method (Percent)","Unmet need","Estimates and Projections of Family Planning Indicators",2024,"United Nations Population Division",470,"Malta","MT","MLT",73,"2022",4,"Median",2,"Female",31,15,49,"15-49",99,"All women",1,"Model-based Estimates",3,"Projection",3.1
4,"Unmet need for family planning: Any method (Percent)","Unmet need","Estimates and Projections of Family Planning Indicators",2024,"United Nations Population Division",498,"Republic of Moldova","MD","MDA",59,"2008",4,"Median",2,"Female",31,15,49,"15-49",99,"All women",1,"Model-based Estimates",2,"Interpolation",9.4
4,"Unmet need for family planning: Any method (Percent)","Unmet need","Estimates and Projections of Family Planning Indicators",2024,"United Nations Population Division",498,"Republic of Moldova","MD","MDA",60,"2009",4,"Median",2,"Female",31,15,49,"15-49",99,"All women",1,"Model-based Estimates",2,"Interpolation",9.6
4,"Unmet need for family planning: Any method (Percent)","Unmet need","Estimates and Projections of Family Planning Indicators",2024,"United Nations Population Division",498,"Republic of Moldova","MD","MDA",61,"2010",4,"Median",2,"Female",31,15,49,"15-49",99,"All women",1,"Model-based Estimates",2,"Interpolation",9.8
4,"Unmet need for family planning: Any method (Percent)","Unmet need","Estimates and Projections of Family Planning Indicators",2024,"United Nations Population Division",498,"Republic of Moldova","MD","MDA",62,"2011",4,"Median",2,"Female",31,15,49,"15-49",99,"All women",1,"Model-based Estimates",2,"Interpolation",10
4,"Unmet need for family planning: Any method (Percent)","Unmet need","Estimates and Projections of Family Planning Indicators",2024,"United Nations Population Division",498,"Republic of Moldova","MD","MDA",63,"2012",4,"Median",2,"Female",31,15,49,"15-49",99,"All women",1,"Model-based Estimates",2,"Interpolation",10.2
4,"Unmet need for family planning: Any method (Percent)","Unmet need","Estimates and Projections of Family Planning Indicators",2024,"United Nations Population Division",498,"Republic of Moldova","MD","MDA",64,"2013",4,"Median",2,"Female",31,15,49,"15-49",99,"All women",1,"Model-based Estimates",2,"Interpolation",10.5
4,"Unmet need for family planning: Any method (Percent)","Unmet need","Estimates and Projections of Family Planning Indicators",2024,"United Nations Population Division",498,"Republic of Moldova","MD","MDA",65,"2014",4,"Median",2,"Female",31,15,49,"15-49",99,"All women",1,"Model-based Estimates",2,"Interpolation",10.8
4,"Unmet need for family planning: Any method (Percent)","Unmet need","Estimates and Projections of Family Planning Indicators",2024,"United Nations Population Division",498,"Republic of Moldova","MD","MDA",66,"2015",4,"Median",2,"Female",31,15,49,"15-49",99,"All women",1,"Model-based Estimates",2,"Interpolation",11.1
4,"Unmet need for family planning: Any method (Percent)","Unmet need","Estimates and Projections of Family Planning Indicators",2024,"United Nations Population Division",498,"Republic of Moldova","MD","MDA",67,"2016",4,"Median",2,"Female",31,15,49,"15-49",99,"All women",1,"Model-based Estimates",2,"Interpolation",11.4
4,"Unmet need for family planning: Any method (Percent)","Unmet need","Estimates and Projections of Family Planning Indicators",2024,"United Nations Population Division",498,"Republic of Moldova","MD","MDA",68,"2017",4,"Median",2,"Female",31,15,49,"15-49",99,"All women",1,"Model-based Estimates",2,"Interpolation",11.7
4,"Unmet need for family planning: Any method (Percent)","Unmet need","Estimates and Projections of Family Planning Indicators",2024,"United Nations Population Division",498,"Republic of Moldova","MD","MDA",69,"2018",4,"Median",2,"Female",31,15,49,"15-49",99,"All women",1,"Model-based Estimates",2,"Interpolation",12
4,"Unmet need for family planning: Any method (Percent)","Unmet need","Estimates and Projections of Family Planning Indicators",2024,"United Nations Population Division",498,"Republic of Moldova","MD","MDA",70,"2019",4,"Median",2,"Female",31,15,49,"15-49",99,"All women",1,"Model-based Estimates",2,"Interpolation",12.2
4,"Unmet need for family planning: Any method (Percent)","Unmet need","Estimates and Projections of Family Planning Indicators",2024,"United Nations Population Division",498,"Republic of Moldova","MD","MDA",71,"2020",4,"Median",2,"Female",31,15,49,"15-49",99,"All women",1,"Model-based Estimates",2,"Interpolation",12.4
4,"Unmet need for family planning: Any method (Percent)","Unmet need","Estimates and Projections of Family Planning Indicators",2024,"United Nations Population Division",498,"Republic of Moldova","MD","MDA",72,"2021",4,"Median",2,"Female",31,15,49,"15-49",99,"All women",1,"Model-based Estimates",3,"Projection",12.3
4,"Unmet need for family planning: Any method (Percent)","Unmet need","Estimates and Projections of Family Planning Indicators",2024,"United Nations Population Division",498,"Republic of Moldova","MD","MDA",73,"2022",4,"Median",2,"Female",31,15,49,"15-49",99,"All women",1,"Model-based Estimates",3,"Projection",12.2
4,"Unmet need for family planning: Any method (Percent)","Unmet need","Estimates and Projections of Family Planning Indicators",2024,"United Nations Population Division",499,"Montenegro","ME","MNE",59,"2008",4,"Median",2,"Female",31,15,49,"15-49",99,"All women",1,"Model-based Estimates",3,"Projection",13.5
4,"Unmet need for family planning: Any method (Percent)","Unmet need","Estimates and Projections of Family Planning Indicators",2024,"United Nations Population Division",499,"Montenegro","ME","MNE",60,"2009",4,"Median",2,"Female",31,15,49,"15-49",99,"All women",1,"Model-based Estimates",3,"Projection",13.8
4,"Unmet need for family planning: Any method (Percent)","Unmet need","Estimates and Projections of Family Planning Indicators",2024,"United Nations Population Division",499,"Montenegro","ME","MNE",61,"2010",4,"Median",2,"Female",31,15,49,"15-49",99,"All women",1,"Model-based Estimates",3,"Projection",14.1
4,"Unmet need for family planning: Any method (Percent)","Unmet need","Estimates and Projections of Family Planning Indicators",2024,"United Nations Population Division",499,"Montenegro","ME","MNE",62,"2011",4,"Median",2,"Female",31,15,49,"15-49",99,"All women",1,"Model-based Estimates",3,"Projection",14.4
4,"Unmet need for family planning: Any method (Percent)","Unmet need","Estimates and Projections of Family Planning Indicators",2024,"United Nations Population Division",499,"Montenegro","ME","MNE",63,"2012",4,"Median",2,"Female",31,15,49,"15-49",99,"All women",1,"Model-based Estimates",3,"Projection",14.7
4,"Unmet need for family planning: Any method (Percent)","Unmet need","Estimates and Projections of Family Planning Indicators",2024,"United Nations Population Division",499,"Montenegro","ME","MNE",64,"2013",4,"Median",2,"Female",31,15,49,"15-49",99,"All women",1,"Model-based Estimates",2,"Interpolation",15
4,"Unmet need for family planning: Any method (Percent)","Unmet need","Estimates and Projections of Family Planning Indicators",2024,"United Nations Population Division",499,"Montenegro","ME","MNE",65,"2014",4,"Median",2,"Female",31,15,49,"15-49",99,"All women",1,"Model-based Estimates",2,"Interpolation",15.1
4,"Unmet need for family planning: Any method (Percent)","Unmet need","Estimates and Projections of Family Planning Indicators",2024,"United Nations Population Division",499,"Montenegro","ME","MNE",66,"2015",4,"Median",2,"Female",31,15,49,"15-49",99,"All women",1,"Model-based Estimates",2,"Interpolation",15.1
4,"Unmet need for family planning: Any method (Percent)","Unmet need","Estimates and Projections of Family Planning Indicators",2024,"United Nations Population Division",499,"Montenegro","ME","MNE",67,"2016",4,"Median",2,"Female",31,15,49,"15-49",99,"All women",1,"Model-based Estimates",2,"Interpolation",15.1
4,"Unmet need for family planning: Any method (Percent)","Unmet need","Estimates and Projections of Family Planning Indicators",2024,"United Nations Population Division",499,"Montenegro","ME","MNE",68,"2017",4,"Median",2,"Female",31,15,49,"15-49",99,"All women",1,"Model-based Estimates",2,"Interpolation",15.1
4,"Unmet need for family planning: Any method (Percent)","Unmet need","Estimates and Projections of Family Planning Indicators",2024,"United Nations Population Division",499,"Montenegro","ME","MNE",69,"2018",4,"Median",2,"Female",31,15,49,"15-49",99,"All women",1,"Model-based Estimates",2,"Interpolation",15.1
4,"Unmet need for family planning: Any method (Percent)","Unmet need","Estimates and Projections of Family Planning Indicators",2024,"United Nations Population Division",499,"Montenegro","ME","MNE",70,"2019",4,"Median",2,"Female",31,15,49,"15-49",99,"All women",1,"Model-based Estimates",3,"Projection",15.1
4,"Unmet need for family planning: Any method (Percent)","Unmet need","Estimates and Projections of Family Planning Indicators",2024,"United Nations Population Division",499,"Montenegro","ME","MNE",71,"2020",4,"Median",2,"Female",31,15,49,"15-49",99,"All women",1,"Model-based Estimates",3,"Projection",15
4,"Unmet need for family planning: Any method (Percent)","Unmet need","Estimates and Projections of Family Planning Indicators",2024,"United Nations Population Division",499,"Montenegro","ME","MNE",72,"2021",4,"Median",2,"Female",31,15,49,"15-49",99,"All women",1,"Model-based Estimates",3,"Projection",14.9
4,"Unmet need for family planning: Any method (Percent)","Unmet need","Estimates and Projections of Family Planning Indicators",2024,"United Nations Population Division",499,"Montenegro","ME","MNE",73,"2022",4,"Median",2,"Female",31,15,49,"15-49",99,"All women",1,"Model-based Estimates",3,"Projection",14.8
4,"Unmet need for family planning: Any method (Percent)","Unmet need","Estimates and Projections of Family Planning Indicators",2024,"United Nations Population Division",528,"Netherlands","NL","NLD",59,"2008",4,"Median",2,"Female",31,15,49,"15-49",99,"All women",1,"Model-based Estimates",3,"Projection",5.6
4,"Unmet need for family planning: Any method (Percent)","Unmet need","Estimates and Projections of Family Planning Indicators",2024,"United Nations Population Division",528,"Netherlands","NL","NLD",60,"2009",4,"Median",2,"Female",31,15,49,"15-49",99,"All women",1,"Model-based Estimates",3,"Projection",5.6
4,"Unmet need for family planning: Any method (Percent)","Unmet need","Estimates and Projections of Family Planning Indicators",2024,"United Nations Population Division",528,"Netherlands","NL","NLD",61,"2010",4,"Median",2,"Female",31,15,49,"15-49",99,"All women",1,"Model-based Estimates",3,"Projection",5.6
4,"Unmet need for family planning: Any method (Percent)","Unmet need","Estimates and Projections of Family Planning Indicators",2024,"United Nations Population Division",528,"Netherlands","NL","NLD",62,"2011",4,"Median",2,"Female",31,15,49,"15-49",99,"All women",1,"Model-based Estimates",3,"Projection",5.6
4,"Unmet need for family planning: Any method (Percent)","Unmet need","Estimates and Projections of Family Planning Indicators",2024,"United Nations Population Division",528,"Netherlands","NL","NLD",63,"2012",4,"Median",2,"Female",31,15,49,"15-49",99,"All women",1,"Model-based Estimates",3,"Projection",5.6
4,"Unmet need for family planning: Any method (Percent)","Unmet need","Estimates and Projections of Family Planning Indicators",2024,"United Nations Population Division",528,"Netherlands","NL","NLD",64,"2013",4,"Median",2,"Female",31,15,49,"15-49",99,"All women",1,"Model-based Estimates",3,"Projection",5.6
4,"Unmet need for family planning: Any method (Percent)","Unmet need","Estimates and Projections of Family Planning Indicators",2024,"United Nations Population Division",528,"Netherlands","NL","NLD",65,"2014",4,"Median",2,"Female",31,15,49,"15-49",99,"All women",1,"Model-based Estimates",3,"Projection",5.6
4,"Unmet need for family planning: Any method (Percent)","Unmet need","Estimates and Projections of Family Planning Indicators",2024,"United Nations Population Division",528,"Netherlands","NL","NLD",66,"2015",4,"Median",2,"Female",31,15,49,"15-49",99,"All women",1,"Model-based Estimates",3,"Projection",5.5
4,"Unmet need for family planning: Any method (Percent)","Unmet need","Estimates and Projections of Family Planning Indicators",2024,"United Nations Population Division",528,"Netherlands","NL","NLD",67,"2016",4,"Median",2,"Female",31,15,49,"15-49",99,"All women",1,"Model-based Estimates",3,"Projection",5.5
4,"Unmet need for family planning: Any method (Percent)","Unmet need","Estimates and Projections of Family Planning Indicators",2024,"United Nations Population Division",528,"Netherlands","NL","NLD",68,"2017",4,"Median",2,"Female",31,15,49,"15-49",99,"All women",1,"Model-based Estimates",3,"Projection",5.4
4,"Unmet need for family planning: Any method (Percent)","Unmet need","Estimates and Projections of Family Planning Indicators",2024,"United Nations Population Division",528,"Netherlands","NL","NLD",69,"2018",4,"Median",2,"Female",31,15,49,"15-49",99,"All women",1,"Model-based Estimates",3,"Projection",5.4
4,"Unmet need for family planning: Any method (Percent)","Unmet need","Estimates and Projections of Family Planning Indicators",2024,"United Nations Population Division",528,"Netherlands","NL","NLD",70,"2019",4,"Median",2,"Female",31,15,49,"15-49",99,"All women",1,"Model-based Estimates",3,"Projection",5.3
4,"Unmet need for family planning: Any method (Percent)","Unmet need","Estimates and Projections of Family Planning Indicators",2024,"United Nations Population Division",528,"Netherlands","NL","NLD",71,"2020",4,"Median",2,"Female",31,15,49,"15-49",99,"All women",1,"Model-based Estimates",3,"Projection",5.3
4,"Unmet need for family planning: Any method (Percent)","Unmet need","Estimates and Projections of Family Planning Indicators",2024,"United Nations Population Division",528,"Netherlands","NL","NLD",72,"2021",4,"Median",2,"Female",31,15,49,"15-49",99,"All women",1,"Model-based Estimates",3,"Projection",5.3
4,"Unmet need for family planning: Any method (Percent)","Unmet need","Estimates and Projections of Family Planning Indicators",2024,"United Nations Population Division",528,"Netherlands","NL","NLD",73,"2022",4,"Median",2,"Female",31,15,49,"15-49",99,"All women",1,"Model-based Estimates",3,"Projection",5.2
4,"Unmet need for family planning: Any method (Percent)","Unmet need","Estimates and Projections of Family Planning Indicators",2024,"United Nations Population Division",578,"Norway","NO","NOR",59,"2008",4,"Median",2,"Female",31,15,49,"15-49",99,"All women",1,"Model-based Estimates",3,"Projection",3.4
4,"Unmet need for family planning: Any method (Percent)","Unmet need","Estimates and Projections of Family Planning Indicators",2024,"United Nations Population Division",578,"Norway","NO","NOR",60,"2009",4,"Median",2,"Female",31,15,49,"15-49",99,"All women",1,"Model-based Estimates",3,"Projection",3.3
4,"Unmet need for family planning: Any method (Percent)","Unmet need","Estimates and Projections of Family Planning Indicators",2024,"United Nations Population Division",578,"Norway","NO","NOR",61,"2010",4,"Median",2,"Female",31,15,49,"15-49",99,"All women",1,"Model-based Estimates",3,"Projection",3.3
4,"Unmet need for family planning: Any method (Percent)","Unmet need","Estimates and Projections of Family Planning Indicators",2024,"United Nations Population Division",578,"Norway","NO","NOR",62,"2011",4,"Median",2,"Female",31,15,49,"15-49",99,"All women",1,"Model-based Estimates",3,"Projection",3.3
4,"Unmet need for family planning: Any method (Percent)","Unmet need","Estimates and Projections of Family Planning Indicators",2024,"United Nations Population Division",578,"Norway","NO","NOR",63,"2012",4,"Median",2,"Female",31,15,49,"15-49",99,"All women",1,"Model-based Estimates",3,"Projection",3.3
4,"Unmet need for family planning: Any method (Percent)","Unmet need","Estimates and Projections of Family Planning Indicators",2024,"United Nations Population Division",578,"Norway","NO","NOR",64,"2013",4,"Median",2,"Female",31,15,49,"15-49",99,"All women",1,"Model-based Estimates",3,"Projection",3.3
4,"Unmet need for family planning: Any method (Percent)","Unmet need","Estimates and Projections of Family Planning Indicators",2024,"United Nations Population Division",578,"Norway","NO","NOR",65,"2014",4,"Median",2,"Female",31,15,49,"15-49",99,"All women",1,"Model-based Estimates",3,"Projection",3.3
4,"Unmet need for family planning: Any method (Percent)","Unmet need","Estimates and Projections of Family Planning Indicators",2024,"United Nations Population Division",578,"Norway","NO","NOR",66,"2015",4,"Median",2,"Female",31,15,49,"15-49",99,"All women",1,"Model-based Estimates",3,"Projection",3.3
4,"Unmet need for family planning: Any method (Percent)","Unmet need","Estimates and Projections of Family Planning Indicators",2024,"United Nations Population Division",578,"Norway","NO","NOR",67,"2016",4,"Median",2,"Female",31,15,49,"15-49",99,"All women",1,"Model-based Estimates",3,"Projection",3.3
4,"Unmet need for family planning: Any method (Percent)","Unmet need","Estimates and Projections of Family Planning Indicators",2024,"United Nations Population Division",578,"Norway","NO","NOR",68,"2017",4,"Median",2,"Female",31,15,49,"15-49",99,"All women",1,"Model-based Estimates",3,"Projection",3.3
4,"Unmet need for family planning: Any method (Percent)","Unmet need","Estimates and Projections of Family Planning Indicators",2024,"United Nations Population Division",578,"Norway","NO","NOR",69,"2018",4,"Median",2,"Female",31,15,49,"15-49",99,"All women",1,"Model-based Estimates",3,"Projection",3.3
4,"Unmet need for family planning: Any method (Percent)","Unmet need","Estimates and Projections of Family Planning Indicators",2024,"United Nations Population Division",578,"Norway","NO","NOR",70,"2019",4,"Median",2,"Female",31,15,49,"15-49",99,"All women",1,"Model-based Estimates",3,"Projection",3.3
4,"Unmet need for family planning: Any method (Percent)","Unmet need","Estimates and Projections of Family Planning Indicators",2024,"United Nations Population Division",578,"Norway","NO","NOR",71,"2020",4,"Median",2,"Female",31,15,49,"15-49",99,"All women",1,"Model-based Estimates",3,"Projection",3.3
4,"Unmet need for family planning: Any method (Percent)","Unmet need","Estimates and Projections of Family Planning Indicators",2024,"United Nations Population Division",578,"Norway","NO","NOR",72,"2021",4,"Median",2,"Female",31,15,49,"15-49",99,"All women",1,"Model-based Estimates",3,"Projection",3.3
4,"Unmet need for family planning: Any method (Percent)","Unmet need","Estimates and Projections of Family Planning Indicators",2024,"United Nations Population Division",578,"Norway","NO","NOR",73,"2022",4,"Median",2,"Female",31,15,49,"15-49",99,"All women",1,"Model-based Estimates",3,"Projection",3.3
4,"Unmet need for family planning: Any method (Percent)","Unmet need","Estimates and Projections of Family Planning Indicators",2024,"United Nations Population Division",616,"Poland","PL","POL",59,"2008",4,"Median",2,"Female",31,15,49,"15-49",99,"All women",1,"Model-based Estimates",3,"Projection",7.2
4,"Unmet need for family planning: Any method (Percent)","Unmet need","Estimates and Projections of Family Planning Indicators",2024,"United Nations Population Division",616,"Poland","PL","POL",60,"2009",4,"Median",2,"Female",31,15,49,"15-49",99,"All women",1,"Model-based Estimates",3,"Projection",7.2
4,"Unmet need for family planning: Any method (Percent)","Unmet need","Estimates and Projections of Family Planning Indicators",2024,"United Nations Population Division",616,"Poland","PL","POL",61,"2010",4,"Median",2,"Female",31,15,49,"15-49",99,"All women",1,"Model-based Estimates",3,"Projection",7.2
4,"Unmet need for family planning: Any method (Percent)","Unmet need","Estimates and Projections of Family Planning Indicators",2024,"United Nations Population Division",616,"Poland","PL","POL",62,"2011",4,"Median",2,"Female",31,15,49,"15-49",99,"All women",1,"Model-based Estimates",3,"Projection",7.1
4,"Unmet need for family planning: Any method (Percent)","Unmet need","Estimates and Projections of Family Planning Indicators",2024,"United Nations Population Division",616,"Poland","PL","POL",63,"2012",4,"Median",2,"Female",31,15,49,"15-49",99,"All women",1,"Model-based Estimates",3,"Projection",6.9
4,"Unmet need for family planning: Any method (Percent)","Unmet need","Estimates and Projections of Family Planning Indicators",2024,"United Nations Population Division",616,"Poland","PL","POL",64,"2013",4,"Median",2,"Female",31,15,49,"15-49",99,"All women",1,"Model-based Estimates",3,"Projection",6.8
4,"Unmet need for family planning: Any method (Percent)","Unmet need","Estimates and Projections of Family Planning Indicators",2024,"United Nations Population Division",616,"Poland","PL","POL",65,"2014",4,"Median",2,"Female",31,15,49,"15-49",99,"All women",1,"Model-based Estimates",3,"Projection",6.6
4,"Unmet need for family planning: Any method (Percent)","Unmet need","Estimates and Projections of Family Planning Indicators",2024,"United Nations Population Division",616,"Poland","PL","POL",66,"2015",4,"Median",2,"Female",31,15,49,"15-49",99,"All women",1,"Model-based Estimates",3,"Projection",6.5
4,"Unmet need for family planning: Any method (Percent)","Unmet need","Estimates and Projections of Family Planning Indicators",2024,"United Nations Population Division",616,"Poland","PL","POL",67,"2016",4,"Median",2,"Female",31,15,49,"15-49",99,"All women",1,"Model-based Estimates",3,"Projection",6.5
4,"Unmet need for family planning: Any method (Percent)","Unmet need","Estimates and Projections of Family Planning Indicators",2024,"United Nations Population Division",616,"Poland","PL","POL",68,"2017",4,"Median",2,"Female",31,15,49,"15-49",99,"All women",1,"Model-based Estimates",3,"Projection",6.4
4,"Unmet need for family planning: Any method (Percent)","Unmet need","Estimates and Projections of Family Planning Indicators",2024,"United Nations Population Division",616,"Poland","PL","POL",69,"2018",4,"Median",2,"Female",31,15,49,"15-49",99,"All women",1,"Model-based Estimates",3,"Projection",6.4
4,"Unmet need for family planning: Any method (Percent)","Unmet need","Estimates and Projections of Family Planning Indicators",2024,"United Nations Population Division",616,"Poland","PL","POL",70,"2019",4,"Median",2,"Female",31,15,49,"15-49",99,"All women",1,"Model-based Estimates",3,"Projection",6.3
4,"Unmet need for family planning: Any method (Percent)","Unmet need","Estimates and Projections of Family Planning Indicators",2024,"United Nations Population Division",616,"Poland","PL","POL",71,"2020",4,"Median",2,"Female",31,15,49,"15-49",99,"All women",1,"Model-based Estimates",3,"Projection",6.3
4,"Unmet need for family planning: Any method (Percent)","Unmet need","Estimates and Projections of Family Planning Indicators",2024,"United Nations Population Division",616,"Poland","PL","POL",72,"2021",4,"Median",2,"Female",31,15,49,"15-49",99,"All women",1,"Model-based Estimates",3,"Projection",6.3
4,"Unmet need for family planning: Any method (Percent)","Unmet need","Estimates and Projections of Family Planning Indicators",2024,"United Nations Population Division",616,"Poland","PL","POL",73,"2022",4,"Median",2,"Female",31,15,49,"15-49",99,"All women",1,"Model-based Estimates",3,"Projection",6.3
4,"Unmet need for family planning: Any method (Percent)","Unmet need","Estimates and Projections of Family Planning Indicators",2024,"United Nations Population Division",620,"Portugal","PT","PRT",59,"2008",4,"Median",2,"Female",31,15,49,"15-49",99,"All women",1,"Model-based Estimates",3,"Projection",3.9
4,"Unmet need for family planning: Any method (Percent)","Unmet need","Estimates and Projections of Family Planning Indicators",2024,"United Nations Population Division",620,"Portugal","PT","PRT",60,"2009",4,"Median",2,"Female",31,15,49,"15-49",99,"All women",1,"Model-based Estimates",3,"Projection",4
4,"Unmet need for family planning: Any method (Percent)","Unmet need","Estimates and Projections of Family Planning Indicators",2024,"United Nations Population Division",620,"Portugal","PT","PRT",61,"2010",4,"Median",2,"Female",31,15,49,"15-49",99,"All women",1,"Model-based Estimates",3,"Projection",4.1
4,"Unmet need for family planning: Any method (Percent)","Unmet need","Estimates and Projections of Family Planning Indicators",2024,"United Nations Population Division",620,"Portugal","PT","PRT",62,"2011",4,"Median",2,"Female",31,15,49,"15-49",99,"All women",1,"Model-based Estimates",3,"Projection",4.2
4,"Unmet need for family planning: Any method (Percent)","Unmet need","Estimates and Projections of Family Planning Indicators",2024,"United Nations Population Division",620,"Portugal","PT","PRT",63,"2012",4,"Median",2,"Female",31,15,49,"15-49",99,"All women",1,"Model-based Estimates",3,"Projection",4.3
4,"Unmet need for family planning: Any method (Percent)","Unmet need","Estimates and Projections of Family Planning Indicators",2024,"United Nations Population Division",620,"Portugal","PT","PRT",64,"2013",4,"Median",2,"Female",31,15,49,"15-49",99,"All women",1,"Model-based Estimates",3,"Projection",4.4
4,"Unmet need for family planning: Any method (Percent)","Unmet need","Estimates and Projections of Family Planning Indicators",2024,"United Nations Population Division",620,"Portugal","PT","PRT",65,"2014",4,"Median",2,"Female",31,15,49,"15-49",99,"All women",1,"Model-based Estimates",3,"Projection",4.5
4,"Unmet need for family planning: Any method (Percent)","Unmet need","Estimates and Projections of Family Planning Indicators",2024,"United Nations Population Division",620,"Portugal","PT","PRT",66,"2015",4,"Median",2,"Female",31,15,49,"15-49",99,"All women",1,"Model-based Estimates",3,"Projection",4.5
4,"Unmet need for family planning: Any method (Percent)","Unmet need","Estimates and Projections of Family Planning Indicators",2024,"United Nations Population Division",620,"Portugal","PT","PRT",67,"2016",4,"Median",2,"Female",31,15,49,"15-49",99,"All women",1,"Model-based Estimates",3,"Projection",4.5
4,"Unmet need for family planning: Any method (Percent)","Unmet need","Estimates and Projections of Family Planning Indicators",2024,"United Nations Population Division",620,"Portugal","PT","PRT",68,"2017",4,"Median",2,"Female",31,15,49,"15-49",99,"All women",1,"Model-based Estimates",3,"Projection",4.4
4,"Unmet need for family planning: Any method (Percent)","Unmet need","Estimates and Projections of Family Planning Indicators",2024,"United Nations Population Division",620,"Portugal","PT","PRT",69,"2018",4,"Median",2,"Female",31,15,49,"15-49",99,"All women",1,"Model-based Estimates",3,"Projection",4.4
4,"Unmet need for family planning: Any method (Percent)","Unmet need","Estimates and Projections of Family Planning Indicators",2024,"United Nations Population Division",620,"Portugal","PT","PRT",70,"2019",4,"Median",2,"Female",31,15,49,"15-49",99,"All women",1,"Model-based Estimates",3,"Projection",4.3
4,"Unmet need for family planning: Any method (Percent)","Unmet need","Estimates and Projections of Family Planning Indicators",2024,"United Nations Population Division",620,"Portugal","PT","PRT",71,"2020",4,"Median",2,"Female",31,15,49,"15-49",99,"All women",1,"Model-based Estimates",3,"Projection",4.3
4,"Unmet need for family planning: Any method (Percent)","Unmet need","Estimates and Projections of Family Planning Indicators",2024,"United Nations Population Division",620,"Portugal","PT","PRT",72,"2021",4,"Median",2,"Female",31,15,49,"15-49",99,"All women",1,"Model-based Estimates",3,"Projection",4.2
4,"Unmet need for family planning: Any method (Percent)","Unmet need","Estimates and Projections of Family Planning Indicators",2024,"United Nations Population Division",620,"Portugal","PT","PRT",73,"2022",4,"Median",2,"Female",31,15,49,"15-49",99,"All women",1,"Model-based Estimates",3,"Projection",4.2
4,"Unmet need for family planning: Any method (Percent)","Unmet need","Estimates and Projections of Family Planning Indicators",2024,"United Nations Population Division",642,"Romania","RO","ROU",59,"2008",4,"Median",2,"Female",31,15,49,"15-49",99,"All women",1,"Model-based Estimates",3,"Projection",6.4
4,"Unmet need for family planning: Any method (Percent)","Unmet need","Estimates and Projections of Family Planning Indicators",2024,"United Nations Population Division",642,"Romania","RO","ROU",60,"2009",4,"Median",2,"Female",31,15,49,"15-49",99,"All women",1,"Model-based Estimates",3,"Projection",6.4
4,"Unmet need for family planning: Any method (Percent)","Unmet need","Estimates and Projections of Family Planning Indicators",2024,"United Nations Population Division",642,"Romania","RO","ROU",61,"2010",4,"Median",2,"Female",31,15,49,"15-49",99,"All women",1,"Model-based Estimates",3,"Projection",6.4
4,"Unmet need for family planning: Any method (Percent)","Unmet need","Estimates and Projections of Family Planning Indicators",2024,"United Nations Population Division",642,"Romania","RO","ROU",62,"2011",4,"Median",2,"Female",31,15,49,"15-49",99,"All women",1,"Model-based Estimates",3,"Projection",6.3
4,"Unmet need for family planning: Any method (Percent)","Unmet need","Estimates and Projections of Family Planning Indicators",2024,"United Nations Population Division",642,"Romania","RO","ROU",63,"2012",4,"Median",2,"Female",31,15,49,"15-49",99,"All women",1,"Model-based Estimates",3,"Projection",6.3
4,"Unmet need for family planning: Any method (Percent)","Unmet need","Estimates and Projections of Family Planning Indicators",2024,"United Nations Population Division",642,"Romania","RO","ROU",64,"2013",4,"Median",2,"Female",31,15,49,"15-49",99,"All women",1,"Model-based Estimates",3,"Projection",6.3
4,"Unmet need for family planning: Any method (Percent)","Unmet need","Estimates and Projections of Family Planning Indicators",2024,"United Nations Population Division",642,"Romania","RO","ROU",65,"2014",4,"Median",2,"Female",31,15,49,"15-49",99,"All women",1,"Model-based Estimates",3,"Projection",6.3
4,"Unmet need for family planning: Any method (Percent)","Unmet need","Estimates and Projections of Family Planning Indicators",2024,"United Nations Population Division",642,"Romania","RO","ROU",66,"2015",4,"Median",2,"Female",31,15,49,"15-49",99,"All women",1,"Model-based Estimates",3,"Projection",6.3
4,"Unmet need for family planning: Any method (Percent)","Unmet need","Estimates and Projections of Family Planning Indicators",2024,"United Nations Population Division",642,"Romania","RO","ROU",67,"2016",4,"Median",2,"Female",31,15,49,"15-49",99,"All women",1,"Model-based Estimates",3,"Projection",6.2
4,"Unmet need for family planning: Any method (Percent)","Unmet need","Estimates and Projections of Family Planning Indicators",2024,"United Nations Population Division",642,"Romania","RO","ROU",68,"2017",4,"Median",2,"Female",31,15,49,"15-49",99,"All women",1,"Model-based Estimates",3,"Projection",6.2
4,"Unmet need for family planning: Any method (Percent)","Unmet need","Estimates and Projections of Family Planning Indicators",2024,"United Nations Population Division",642,"Romania","RO","ROU",69,"2018",4,"Median",2,"Female",31,15,49,"15-49",99,"All women",1,"Model-based Estimates",3,"Projection",6.2
4,"Unmet need for family planning: Any method (Percent)","Unmet need","Estimates and Projections of Family Planning Indicators",2024,"United Nations Population Division",642,"Romania","RO","ROU",70,"2019",4,"Median",2,"Female",31,15,49,"15-49",99,"All women",1,"Model-based Estimates",3,"Projection",6.2
4,"Unmet need for family planning: Any method (Percent)","Unmet need","Estimates and Projections of Family Planning Indicators",2024,"United Nations Population Division",642,"Romania","RO","ROU",71,"2020",4,"Median",2,"Female",31,15,49,"15-49",99,"All women",1,"Model-based Estimates",3,"Projection",6.1
4,"Unmet need for family planning: Any method (Percent)","Unmet need","Estimates and Projections of Family Planning Indicators",2024,"United Nations Population Division",642,"Romania","RO","ROU",72,"2021",4,"Median",2,"Female",31,15,49,"15-49",99,"All women",1,"Model-based Estimates",3,"Projection",6.1
4,"Unmet need for family planning: Any method (Percent)","Unmet need","Estimates and Projections of Family Planning Indicators",2024,"United Nations Population Division",642,"Romania","RO","ROU",73,"2022",4,"Median",2,"Female",31,15,49,"15-49",99,"All women",1,"Model-based Estimates",3,"Projection",6.1
4,"Unmet need for family planning: Any method (Percent)","Unmet need","Estimates and Projections of Family Planning Indicators",2024,"United Nations Population Division",643,"Russian Federation","RU","RUS",59,"2008",4,"Median",2,"Female",31,15,49,"15-49",99,"All women",1,"Model-based Estimates",3,"Projection",7.5
4,"Unmet need for family planning: Any method (Percent)","Unmet need","Estimates and Projections of Family Planning Indicators",2024,"United Nations Population Division",643,"Russian Federation","RU","RUS",60,"2009",4,"Median",2,"Female",31,15,49,"15-49",99,"All women",1,"Model-based Estimates",3,"Projection",7.5
4,"Unmet need for family planning: Any method (Percent)","Unmet need","Estimates and Projections of Family Planning Indicators",2024,"United Nations Population Division",643,"Russian Federation","RU","RUS",61,"2010",4,"Median",2,"Female",31,15,49,"15-49",99,"All women",1,"Model-based Estimates",3,"Projection",7.5
4,"Unmet need for family planning: Any method (Percent)","Unmet need","Estimates and Projections of Family Planning Indicators",2024,"United Nations Population Division",643,"Russian Federation","RU","RUS",62,"2011",4,"Median",2,"Female",31,15,49,"15-49",99,"All women",1,"Model-based Estimates",2,"Interpolation",7.5
4,"Unmet need for family planning: Any method (Percent)","Unmet need","Estimates and Projections of Family Planning Indicators",2024,"United Nations Population Division",643,"Russian Federation","RU","RUS",63,"2012",4,"Median",2,"Female",31,15,49,"15-49",99,"All women",1,"Model-based Estimates",3,"Projection",7.5
4,"Unmet need for family planning: Any method (Percent)","Unmet need","Estimates and Projections of Family Planning Indicators",2024,"United Nations Population Division",643,"Russian Federation","RU","RUS",64,"2013",4,"Median",2,"Female",31,15,49,"15-49",99,"All women",1,"Model-based Estimates",3,"Projection",7.5
4,"Unmet need for family planning: Any method (Percent)","Unmet need","Estimates and Projections of Family Planning Indicators",2024,"United Nations Population Division",643,"Russian Federation","RU","RUS",65,"2014",4,"Median",2,"Female",31,15,49,"15-49",99,"All women",1,"Model-based Estimates",3,"Projection",7.5
4,"Unmet need for family planning: Any method (Percent)","Unmet need","Estimates and Projections of Family Planning Indicators",2024,"United Nations Population Division",643,"Russian Federation","RU","RUS",66,"2015",4,"Median",2,"Female",31,15,49,"15-49",99,"All women",1,"Model-based Estimates",3,"Projection",7.5
4,"Unmet need for family planning: Any method (Percent)","Unmet need","Estimates and Projections of Family Planning Indicators",2024,"United Nations Population Division",643,"Russian Federation","RU","RUS",67,"2016",4,"Median",2,"Female",31,15,49,"15-49",99,"All women",1,"Model-based Estimates",3,"Projection",7.4
4,"Unmet need for family planning: Any method (Percent)","Unmet need","Estimates and Projections of Family Planning Indicators",2024,"United Nations Population Division",643,"Russian Federation","RU","RUS",68,"2017",4,"Median",2,"Female",31,15,49,"15-49",99,"All women",1,"Model-based Estimates",3,"Projection",7.4
4,"Unmet need for family planning: Any method (Percent)","Unmet need","Estimates and Projections of Family Planning Indicators",2024,"United Nations Population Division",643,"Russian Federation","RU","RUS",69,"2018",4,"Median",2,"Female",31,15,49,"15-49",99,"All women",1,"Model-based Estimates",3,"Projection",7.4
4,"Unmet need for family planning: Any method (Percent)","Unmet need","Estimates and Projections of Family Planning Indicators",2024,"United Nations Population Division",643,"Russian Federation","RU","RUS",70,"2019",4,"Median",2,"Female",31,15,49,"15-49",99,"All women",1,"Model-based Estimates",3,"Projection",7.4
4,"Unmet need for family planning: Any method (Percent)","Unmet need","Estimates and Projections of Family Planning Indicators",2024,"United Nations Population Division",643,"Russian Federation","RU","RUS",71,"2020",4,"Median",2,"Female",31,15,49,"15-49",99,"All women",1,"Model-based Estimates",3,"Projection",7.3
4,"Unmet need for family planning: Any method (Percent)","Unmet need","Estimates and Projections of Family Planning Indicators",2024,"United Nations Population Division",643,"Russian Federation","RU","RUS",72,"2021",4,"Median",2,"Female",31,15,49,"15-49",99,"All women",1,"Model-based Estimates",3,"Projection",7.3
4,"Unmet need for family planning: Any method (Percent)","Unmet need","Estimates and Projections of Family Planning Indicators",2024,"United Nations Population Division",643,"Russian Federation","RU","RUS",73,"2022",4,"Median",2,"Female",31,15,49,"15-49",99,"All women",1,"Model-based Estimates",3,"Projection",7.2
4,"Unmet need for family planning: Any method (Percent)","Unmet need","Estimates and Projections of Family Planning Indicators",2024,"United Nations Population Division",688,"Serbia","RS","SRB",59,"2008",4,"Median",2,"Female",31,15,49,"15-49",99,"All women",1,"Model-based Estimates",3,"Projection",6.8
4,"Unmet need for family planning: Any method (Percent)","Unmet need","Estimates and Projections of Family Planning Indicators",2024,"United Nations Population Division",688,"Serbia","RS","SRB",60,"2009",4,"Median",2,"Female",31,15,49,"15-49",99,"All women",1,"Model-based Estimates",3,"Projection",6.7
4,"Unmet need for family planning: Any method (Percent)","Unmet need","Estimates and Projections of Family Planning Indicators",2024,"United Nations Population Division",688,"Serbia","RS","SRB",61,"2010",4,"Median",2,"Female",31,15,49,"15-49",99,"All women",1,"Model-based Estimates",2,"Interpolation",6.6
4,"Unmet need for family planning: Any method (Percent)","Unmet need","Estimates and Projections of Family Planning Indicators",2024,"United Nations Population Division",688,"Serbia","RS","SRB",62,"2011",4,"Median",2,"Female",31,15,49,"15-49",99,"All women",1,"Model-based Estimates",2,"Interpolation",6.7
4,"Unmet need for family planning: Any method (Percent)","Unmet need","Estimates and Projections of Family Planning Indicators",2024,"United Nations Population Division",688,"Serbia","RS","SRB",63,"2012",4,"Median",2,"Female",31,15,49,"15-49",99,"All women",1,"Model-based Estimates",2,"Interpolation",6.8
4,"Unmet need for family planning: Any method (Percent)","Unmet need","Estimates and Projections of Family Planning Indicators",2024,"United Nations Population Division",688,"Serbia","RS","SRB",64,"2013",4,"Median",2,"Female",31,15,49,"15-49",99,"All women",1,"Model-based Estimates",2,"Interpolation",6.9
4,"Unmet need for family planning: Any method (Percent)","Unmet need","Estimates and Projections of Family Planning Indicators",2024,"United Nations Population Division",688,"Serbia","RS","SRB",65,"2014",4,"Median",2,"Female",31,15,49,"15-49",99,"All women",1,"Model-based Estimates",2,"Interpolation",7
4,"Unmet need for family planning: Any method (Percent)","Unmet need","Estimates and Projections of Family Planning Indicators",2024,"United Nations Population Division",688,"Serbia","RS","SRB",66,"2015",4,"Median",2,"Female",31,15,49,"15-49",99,"All women",1,"Model-based Estimates",2,"Interpolation",6.9
4,"Unmet need for family planning: Any method (Percent)","Unmet need","Estimates and Projections of Family Planning Indicators",2024,"United Nations Population Division",688,"Serbia","RS","SRB",67,"2016",4,"Median",2,"Female",31,15,49,"15-49",99,"All women",1,"Model-based Estimates",2,"Interpolation",6.9
4,"Unmet need for family planning: Any method (Percent)","Unmet need","Estimates and Projections of Family Planning Indicators",2024,"United Nations Population Division",688,"Serbia","RS","SRB",68,"2017",4,"Median",2,"Female",31,15,49,"15-49",99,"All women",1,"Model-based Estimates",2,"Interpolation",6.8
4,"Unmet need for family planning: Any method (Percent)","Unmet need","Estimates and Projections of Family Planning Indicators",2024,"United Nations Population Division",688,"Serbia","RS","SRB",69,"2018",4,"Median",2,"Female",31,15,49,"15-49",99,"All women",1,"Model-based Estimates",2,"Interpolation",6.7
4,"Unmet need for family planning: Any method (Percent)","Unmet need","Estimates and Projections of Family Planning Indicators",2024,"United Nations Population Division",688,"Serbia","RS","SRB",70,"2019",4,"Median",2,"Female",31,15,49,"15-49",99,"All women",1,"Model-based Estimates",2,"Interpolation",6.6
4,"Unmet need for family planning: Any method (Percent)","Unmet need","Estimates and Projections of Family Planning Indicators",2024,"United Nations Population Division",688,"Serbia","RS","SRB",71,"2020",4,"Median",2,"Female",31,15,49,"15-49",99,"All women",1,"Model-based Estimates",3,"Projection",6.5
4,"Unmet need for family planning: Any method (Percent)","Unmet need","Estimates and Projections of Family Planning Indicators",2024,"United Nations Population Division",688,"Serbia","RS","SRB",72,"2021",4,"Median",2,"Female",31,15,49,"15-49",99,"All women",1,"Model-based Estimates",3,"Projection",6.4
4,"Unmet need for family planning: Any method (Percent)","Unmet need","Estimates and Projections of Family Planning Indicators",2024,"United Nations Population Division",688,"Serbia","RS","SRB",73,"2022",4,"Median",2,"Female",31,15,49,"15-49",99,"All women",1,"Model-based Estimates",3,"Projection",6.3
4,"Unmet need for family planning: Any method (Percent)","Unmet need","Estimates and Projections of Family Planning Indicators",2024,"United Nations Population Division",703,"Slovakia","SK","SVK",59,"2008",4,"Median",2,"Female",31,15,49,"15-49",99,"All women",1,"Model-based Estimates",3,"Projection",5.1
4,"Unmet need for family planning: Any method (Percent)","Unmet need","Estimates and Projections of Family Planning Indicators",2024,"United Nations Population Division",703,"Slovakia","SK","SVK",60,"2009",4,"Median",2,"Female",31,15,49,"15-49",99,"All women",1,"Model-based Estimates",3,"Projection",5.1
4,"Unmet need for family planning: Any method (Percent)","Unmet need","Estimates and Projections of Family Planning Indicators",2024,"United Nations Population Division",703,"Slovakia","SK","SVK",61,"2010",4,"Median",2,"Female",31,15,49,"15-49",99,"All women",1,"Model-based Estimates",3,"Projection",5.1
4,"Unmet need for family planning: Any method (Percent)","Unmet need","Estimates and Projections of Family Planning Indicators",2024,"United Nations Population Division",703,"Slovakia","SK","SVK",62,"2011",4,"Median",2,"Female",31,15,49,"15-49",99,"All women",1,"Model-based Estimates",3,"Projection",5.1
4,"Unmet need for family planning: Any method (Percent)","Unmet need","Estimates and Projections of Family Planning Indicators",2024,"United Nations Population Division",703,"Slovakia","SK","SVK",63,"2012",4,"Median",2,"Female",31,15,49,"15-49",99,"All women",1,"Model-based Estimates",3,"Projection",5.1
4,"Unmet need for family planning: Any method (Percent)","Unmet need","Estimates and Projections of Family Planning Indicators",2024,"United Nations Population Division",703,"Slovakia","SK","SVK",64,"2013",4,"Median",2,"Female",31,15,49,"15-49",99,"All women",1,"Model-based Estimates",3,"Projection",5.1
4,"Unmet need for family planning: Any method (Percent)","Unmet need","Estimates and Projections of Family Planning Indicators",2024,"United Nations Population Division",703,"Slovakia","SK","SVK",65,"2014",4,"Median",2,"Female",31,15,49,"15-49",99,"All women",1,"Model-based Estimates",3,"Projection",5
4,"Unmet need for family planning: Any method (Percent)","Unmet need","Estimates and Projections of Family Planning Indicators",2024,"United Nations Population Division",703,"Slovakia","SK","SVK",66,"2015",4,"Median",2,"Female",31,15,49,"15-49",99,"All women",1,"Model-based Estimates",3,"Projection",5
4,"Unmet need for family planning: Any method (Percent)","Unmet need","Estimates and Projections of Family Planning Indicators",2024,"United Nations Population Division",703,"Slovakia","SK","SVK",67,"2016",4,"Median",2,"Female",31,15,49,"15-49",99,"All women",1,"Model-based Estimates",3,"Projection",5
4,"Unmet need for family planning: Any method (Percent)","Unmet need","Estimates and Projections of Family Planning Indicators",2024,"United Nations Population Division",703,"Slovakia","SK","SVK",68,"2017",4,"Median",2,"Female",31,15,49,"15-49",99,"All women",1,"Model-based Estimates",3,"Projection",5
4,"Unmet need for family planning: Any method (Percent)","Unmet need","Estimates and Projections of Family Planning Indicators",2024,"United Nations Population Division",703,"Slovakia","SK","SVK",69,"2018",4,"Median",2,"Female",31,15,49,"15-49",99,"All women",1,"Model-based Estimates",3,"Projection",5
4,"Unmet need for family planning: Any method (Percent)","Unmet need","Estimates and Projections of Family Planning Indicators",2024,"United Nations Population Division",703,"Slovakia","SK","SVK",70,"2019",4,"Median",2,"Female",31,15,49,"15-49",99,"All women",1,"Model-based Estimates",3,"Projection",5
4,"Unmet need for family planning: Any method (Percent)","Unmet need","Estimates and Projections of Family Planning Indicators",2024,"United Nations Population Division",703,"Slovakia","SK","SVK",71,"2020",4,"Median",2,"Female",31,15,49,"15-49",99,"All women",1,"Model-based Estimates",3,"Projection",4.9
4,"Unmet need for family planning: Any method (Percent)","Unmet need","Estimates and Projections of Family Planning Indicators",2024,"United Nations Population Division",703,"Slovakia","SK","SVK",72,"2021",4,"Median",2,"Female",31,15,49,"15-49",99,"All women",1,"Model-based Estimates",3,"Projection",4.9
4,"Unmet need for family planning: Any method (Percent)","Unmet need","Estimates and Projections of Family Planning Indicators",2024,"United Nations Population Division",703,"Slovakia","SK","SVK",73,"2022",4,"Median",2,"Female",31,15,49,"15-49",99,"All women",1,"Model-based Estimates",3,"Projection",4.9
4,"Unmet need for family planning: Any method (Percent)","Unmet need","Estimates and Projections of Family Planning Indicators",2024,"United Nations Population Division",705,"Slovenia","SI","SVN",59,"2008",4,"Median",2,"Female",31,15,49,"15-49",99,"All women",1,"Model-based Estimates",3,"Projection",3.3
4,"Unmet need for family planning: Any method (Percent)","Unmet need","Estimates and Projections of Family Planning Indicators",2024,"United Nations Population Division",705,"Slovenia","SI","SVN",60,"2009",4,"Median",2,"Female",31,15,49,"15-49",99,"All women",1,"Model-based Estimates",3,"Projection",3.3
4,"Unmet need for family planning: Any method (Percent)","Unmet need","Estimates and Projections of Family Planning Indicators",2024,"United Nations Population Division",705,"Slovenia","SI","SVN",61,"2010",4,"Median",2,"Female",31,15,49,"15-49",99,"All women",1,"Model-based Estimates",3,"Projection",3.3
4,"Unmet need for family planning: Any method (Percent)","Unmet need","Estimates and Projections of Family Planning Indicators",2024,"United Nations Population Division",705,"Slovenia","SI","SVN",62,"2011",4,"Median",2,"Female",31,15,49,"15-49",99,"All women",1,"Model-based Estimates",3,"Projection",3.3
4,"Unmet need for family planning: Any method (Percent)","Unmet need","Estimates and Projections of Family Planning Indicators",2024,"United Nations Population Division",705,"Slovenia","SI","SVN",63,"2012",4,"Median",2,"Female",31,15,49,"15-49",99,"All women",1,"Model-based Estimates",3,"Projection",3.3
4,"Unmet need for family planning: Any method (Percent)","Unmet need","Estimates and Projections of Family Planning Indicators",2024,"United Nations Population Division",705,"Slovenia","SI","SVN",64,"2013",4,"Median",2,"Female",31,15,49,"15-49",99,"All women",1,"Model-based Estimates",3,"Projection",3.2
4,"Unmet need for family planning: Any method (Percent)","Unmet need","Estimates and Projections of Family Planning Indicators",2024,"United Nations Population Division",705,"Slovenia","SI","SVN",65,"2014",4,"Median",2,"Female",31,15,49,"15-49",99,"All women",1,"Model-based Estimates",3,"Projection",3.2
4,"Unmet need for family planning: Any method (Percent)","Unmet need","Estimates and Projections of Family Planning Indicators",2024,"United Nations Population Division",705,"Slovenia","SI","SVN",66,"2015",4,"Median",2,"Female",31,15,49,"15-49",99,"All women",1,"Model-based Estimates",3,"Projection",3.2
4,"Unmet need for family planning: Any method (Percent)","Unmet need","Estimates and Projections of Family Planning Indicators",2024,"United Nations Population Division",705,"Slovenia","SI","SVN",67,"2016",4,"Median",2,"Female",31,15,49,"15-49",99,"All women",1,"Model-based Estimates",3,"Projection",3.2
4,"Unmet need for family planning: Any method (Percent)","Unmet need","Estimates and Projections of Family Planning Indicators",2024,"United Nations Population Division",705,"Slovenia","SI","SVN",68,"2017",4,"Median",2,"Female",31,15,49,"15-49",99,"All women",1,"Model-based Estimates",3,"Projection",3.1
4,"Unmet need for family planning: Any method (Percent)","Unmet need","Estimates and Projections of Family Planning Indicators",2024,"United Nations Population Division",705,"Slovenia","SI","SVN",69,"2018",4,"Median",2,"Female",31,15,49,"15-49",99,"All women",1,"Model-based Estimates",3,"Projection",3.1
4,"Unmet need for family planning: Any method (Percent)","Unmet need","Estimates and Projections of Family Planning Indicators",2024,"United Nations Population Division",705,"Slovenia","SI","SVN",70,"2019",4,"Median",2,"Female",31,15,49,"15-49",99,"All women",1,"Model-based Estimates",3,"Projection",3.1
4,"Unmet need for family planning: Any method (Percent)","Unmet need","Estimates and Projections of Family Planning Indicators",2024,"United Nations Population Division",705,"Slovenia","SI","SVN",71,"2020",4,"Median",2,"Female",31,15,49,"15-49",99,"All women",1,"Model-based Estimates",3,"Projection",3.1
4,"Unmet need for family planning: Any method (Percent)","Unmet need","Estimates and Projections of Family Planning Indicators",2024,"United Nations Population Division",705,"Slovenia","SI","SVN",72,"2021",4,"Median",2,"Female",31,15,49,"15-49",99,"All women",1,"Model-based Estimates",3,"Projection",3
4,"Unmet need for family planning: Any method (Percent)","Unmet need","Estimates and Projections of Family Planning Indicators",2024,"United Nations Population Division",705,"Slovenia","SI","SVN",73,"2022",4,"Median",2,"Female",31,15,49,"15-49",99,"All women",1,"Model-based Estimates",3,"Projection",3
4,"Unmet need for family planning: Any method (Percent)","Unmet need","Estimates and Projections of Family Planning Indicators",2024,"United Nations Population Division",724,"Spain","ES","ESP",59,"2008",4,"Median",2,"Female",31,15,49,"15-49",99,"All women",1,"Model-based Estimates",3,"Projection",6.9
4,"Unmet need for family planning: Any method (Percent)","Unmet need","Estimates and Projections of Family Planning Indicators",2024,"United Nations Population Division",724,"Spain","ES","ESP",60,"2009",4,"Median",2,"Female",31,15,49,"15-49",99,"All women",1,"Model-based Estimates",3,"Projection",6.9
4,"Unmet need for family planning: Any method (Percent)","Unmet need","Estimates and Projections of Family Planning Indicators",2024,"United Nations Population Division",724,"Spain","ES","ESP",61,"2010",4,"Median",2,"Female",31,15,49,"15-49",99,"All women",1,"Model-based Estimates",3,"Projection",7
4,"Unmet need for family planning: Any method (Percent)","Unmet need","Estimates and Projections of Family Planning Indicators",2024,"United Nations Population Division",724,"Spain","ES","ESP",62,"2011",4,"Median",2,"Female",31,15,49,"15-49",99,"All women",1,"Model-based Estimates",3,"Projection",7.1
4,"Unmet need for family planning: Any method (Percent)","Unmet need","Estimates and Projections of Family Planning Indicators",2024,"United Nations Population Division",724,"Spain","ES","ESP",63,"2012",4,"Median",2,"Female",31,15,49,"15-49",99,"All women",1,"Model-based Estimates",3,"Projection",7.2
4,"Unmet need for family planning: Any method (Percent)","Unmet need","Estimates and Projections of Family Planning Indicators",2024,"United Nations Population Division",724,"Spain","ES","ESP",64,"2013",4,"Median",2,"Female",31,15,49,"15-49",99,"All women",1,"Model-based Estimates",3,"Projection",7.3
4,"Unmet need for family planning: Any method (Percent)","Unmet need","Estimates and Projections of Family Planning Indicators",2024,"United Nations Population Division",724,"Spain","ES","ESP",65,"2014",4,"Median",2,"Female",31,15,49,"15-49",99,"All women",1,"Model-based Estimates",3,"Projection",7.4
4,"Unmet need for family planning: Any method (Percent)","Unmet need","Estimates and Projections of Family Planning Indicators",2024,"United Nations Population Division",724,"Spain","ES","ESP",66,"2015",4,"Median",2,"Female",31,15,49,"15-49",99,"All women",1,"Model-based Estimates",3,"Projection",7.5
4,"Unmet need for family planning: Any method (Percent)","Unmet need","Estimates and Projections of Family Planning Indicators",2024,"United Nations Population Division",724,"Spain","ES","ESP",67,"2016",4,"Median",2,"Female",31,15,49,"15-49",99,"All women",1,"Model-based Estimates",3,"Projection",7.5
4,"Unmet need for family planning: Any method (Percent)","Unmet need","Estimates and Projections of Family Planning Indicators",2024,"United Nations Population Division",724,"Spain","ES","ESP",68,"2017",4,"Median",2,"Female",31,15,49,"15-49",99,"All women",1,"Model-based Estimates",3,"Projection",7.5
4,"Unmet need for family planning: Any method (Percent)","Unmet need","Estimates and Projections of Family Planning Indicators",2024,"United Nations Population Division",724,"Spain","ES","ESP",69,"2018",4,"Median",2,"Female",31,15,49,"15-49",99,"All women",1,"Model-based Estimates",3,"Projection",7.3
4,"Unmet need for family planning: Any method (Percent)","Unmet need","Estimates and Projections of Family Planning Indicators",2024,"United Nations Population Division",724,"Spain","ES","ESP",70,"2019",4,"Median",2,"Female",31,15,49,"15-49",99,"All women",1,"Model-based Estimates",3,"Projection",7.1
4,"Unmet need for family planning: Any method (Percent)","Unmet need","Estimates and Projections of Family Planning Indicators",2024,"United Nations Population Division",724,"Spain","ES","ESP",71,"2020",4,"Median",2,"Female",31,15,49,"15-49",99,"All women",1,"Model-based Estimates",3,"Projection",6.8
4,"Unmet need for family planning: Any method (Percent)","Unmet need","Estimates and Projections of Family Planning Indicators",2024,"United Nations Population Division",724,"Spain","ES","ESP",72,"2021",4,"Median",2,"Female",31,15,49,"15-49",99,"All women",1,"Model-based Estimates",3,"Projection",6.4
4,"Unmet need for family planning: Any method (Percent)","Unmet need","Estimates and Projections of Family Planning Indicators",2024,"United Nations Population Division",724,"Spain","ES","ESP",73,"2022",4,"Median",2,"Female",31,15,49,"15-49",99,"All women",1,"Model-based Estimates",3,"Projection",6
4,"Unmet need for family planning: Any method (Percent)","Unmet need","Estimates and Projections of Family Planning Indicators",2024,"United Nations Population Division",752,"Sweden","SE","SWE",59,"2008",4,"Median",2,"Female",31,15,49,"15-49",99,"All women",1,"Model-based Estimates",3,"Projection",5.8
4,"Unmet need for family planning: Any method (Percent)","Unmet need","Estimates and Projections of Family Planning Indicators",2024,"United Nations Population Division",752,"Sweden","SE","SWE",60,"2009",4,"Median",2,"Female",31,15,49,"15-49",99,"All women",1,"Model-based Estimates",3,"Projection",5.8
4,"Unmet need for family planning: Any method (Percent)","Unmet need","Estimates and Projections of Family Planning Indicators",2024,"United Nations Population Division",752,"Sweden","SE","SWE",61,"2010",4,"Median",2,"Female",31,15,49,"15-49",99,"All women",1,"Model-based Estimates",3,"Projection",5.8
4,"Unmet need for family planning: Any method (Percent)","Unmet need","Estimates and Projections of Family Planning Indicators",2024,"United Nations Population Division",752,"Sweden","SE","SWE",62,"2011",4,"Median",2,"Female",31,15,49,"15-49",99,"All women",1,"Model-based Estimates",3,"Projection",5.8
4,"Unmet need for family planning: Any method (Percent)","Unmet need","Estimates and Projections of Family Planning Indicators",2024,"United Nations Population Division",752,"Sweden","SE","SWE",63,"2012",4,"Median",2,"Female",31,15,49,"15-49",99,"All women",1,"Model-based Estimates",3,"Projection",5.8
4,"Unmet need for family planning: Any method (Percent)","Unmet need","Estimates and Projections of Family Planning Indicators",2024,"United Nations Population Division",752,"Sweden","SE","SWE",64,"2013",4,"Median",2,"Female",31,15,49,"15-49",99,"All women",1,"Model-based Estimates",2,"Interpolation",5.8
4,"Unmet need for family planning: Any method (Percent)","Unmet need","Estimates and Projections of Family Planning Indicators",2024,"United Nations Population Division",752,"Sweden","SE","SWE",65,"2014",4,"Median",2,"Female",31,15,49,"15-49",99,"All women",1,"Model-based Estimates",2,"Interpolation",5.8
4,"Unmet need for family planning: Any method (Percent)","Unmet need","Estimates and Projections of Family Planning Indicators",2024,"United Nations Population Division",752,"Sweden","SE","SWE",66,"2015",4,"Median",2,"Female",31,15,49,"15-49",99,"All women",1,"Model-based Estimates",2,"Interpolation",5.8
4,"Unmet need for family planning: Any method (Percent)","Unmet need","Estimates and Projections of Family Planning Indicators",2024,"United Nations Population Division",752,"Sweden","SE","SWE",67,"2016",4,"Median",2,"Female",31,15,49,"15-49",99,"All women",1,"Model-based Estimates",2,"Interpolation",5.9
4,"Unmet need for family planning: Any method (Percent)","Unmet need","Estimates and Projections of Family Planning Indicators",2024,"United Nations Population Division",752,"Sweden","SE","SWE",68,"2017",4,"Median",2,"Female",31,15,49,"15-49",99,"All women",1,"Model-based Estimates",2,"Interpolation",5.9
4,"Unmet need for family planning: Any method (Percent)","Unmet need","Estimates and Projections of Family Planning Indicators",2024,"United Nations Population Division",752,"Sweden","SE","SWE",69,"2018",4,"Median",2,"Female",31,15,49,"15-49",99,"All women",1,"Model-based Estimates",3,"Projection",5.9
4,"Unmet need for family planning: Any method (Percent)","Unmet need","Estimates and Projections of Family Planning Indicators",2024,"United Nations Population Division",752,"Sweden","SE","SWE",70,"2019",4,"Median",2,"Female",31,15,49,"15-49",99,"All women",1,"Model-based Estimates",3,"Projection",5.9
4,"Unmet need for family planning: Any method (Percent)","Unmet need","Estimates and Projections of Family Planning Indicators",2024,"United Nations Population Division",752,"Sweden","SE","SWE",71,"2020",4,"Median",2,"Female",31,15,49,"15-49",99,"All women",1,"Model-based Estimates",3,"Projection",5.9
4,"Unmet need for family planning: Any method (Percent)","Unmet need","Estimates and Projections of Family Planning Indicators",2024,"United Nations Population Division",752,"Sweden","SE","SWE",72,"2021",4,"Median",2,"Female",31,15,49,"15-49",99,"All women",1,"Model-based Estimates",3,"Projection",5.8
4,"Unmet need for family planning: Any method (Percent)","Unmet need","Estimates and Projections of Family Planning Indicators",2024,"United Nations Population Division",752,"Sweden","SE","SWE",73,"2022",4,"Median",2,"Female",31,15,49,"15-49",99,"All women",1,"Model-based Estimates",3,"Projection",5.8
4,"Unmet need for family planning: Any method (Percent)","Unmet need","Estimates and Projections of Family Planning Indicators",2024,"United Nations Population Division",756,"Switzerland","CH","CHE",59,"2008",4,"Median",2,"Female",31,15,49,"15-49",99,"All women",1,"Model-based Estimates",3,"Projection",4.2
4,"Unmet need for family planning: Any method (Percent)","Unmet need","Estimates and Projections of Family Planning Indicators",2024,"United Nations Population Division",756,"Switzerland","CH","CHE",60,"2009",4,"Median",2,"Female",31,15,49,"15-49",99,"All women",1,"Model-based Estimates",3,"Projection",4.2
4,"Unmet need for family planning: Any method (Percent)","Unmet need","Estimates and Projections of Family Planning Indicators",2024,"United Nations Population Division",756,"Switzerland","CH","CHE",61,"2010",4,"Median",2,"Female",31,15,49,"15-49",99,"All women",1,"Model-based Estimates",3,"Projection",4.2
4,"Unmet need for family planning: Any method (Percent)","Unmet need","Estimates and Projections of Family Planning Indicators",2024,"United Nations Population Division",756,"Switzerland","CH","CHE",62,"2011",4,"Median",2,"Female",31,15,49,"15-49",99,"All women",1,"Model-based Estimates",3,"Projection",4.2
4,"Unmet need for family planning: Any method (Percent)","Unmet need","Estimates and Projections of Family Planning Indicators",2024,"United Nations Population Division",756,"Switzerland","CH","CHE",63,"2012",4,"Median",2,"Female",31,15,49,"15-49",99,"All women",1,"Model-based Estimates",3,"Projection",4.2
4,"Unmet need for family planning: Any method (Percent)","Unmet need","Estimates and Projections of Family Planning Indicators",2024,"United Nations Population Division",756,"Switzerland","CH","CHE",64,"2013",4,"Median",2,"Female",31,15,49,"15-49",99,"All women",1,"Model-based Estimates",3,"Projection",4.3
4,"Unmet need for family planning: Any method (Percent)","Unmet need","Estimates and Projections of Family Planning Indicators",2024,"United Nations Population Division",756,"Switzerland","CH","CHE",65,"2014",4,"Median",2,"Female",31,15,49,"15-49",99,"All women",1,"Model-based Estimates",3,"Projection",4.3
4,"Unmet need for family planning: Any method (Percent)","Unmet need","Estimates and Projections of Family Planning Indicators",2024,"United Nations Population Division",756,"Switzerland","CH","CHE",66,"2015",4,"Median",2,"Female",31,15,49,"15-49",99,"All women",1,"Model-based Estimates",3,"Projection",4.3
4,"Unmet need for family planning: Any method (Percent)","Unmet need","Estimates and Projections of Family Planning Indicators",2024,"United Nations Population Division",756,"Switzerland","CH","CHE",67,"2016",4,"Median",2,"Female",31,15,49,"15-49",99,"All women",1,"Model-based Estimates",3,"Projection",4.3
4,"Unmet need for family planning: Any method (Percent)","Unmet need","Estimates and Projections of Family Planning Indicators",2024,"United Nations Population Division",756,"Switzerland","CH","CHE",68,"2017",4,"Median",2,"Female",31,15,49,"15-49",99,"All women",1,"Model-based Estimates",3,"Projection",4.4
4,"Unmet need for family planning: Any method (Percent)","Unmet need","Estimates and Projections of Family Planning Indicators",2024,"United Nations Population Division",756,"Switzerland","CH","CHE",69,"2018",4,"Median",2,"Female",31,15,49,"15-49",99,"All women",1,"Model-based Estimates",3,"Projection",4.4
4,"Unmet need for family planning: Any method (Percent)","Unmet need","Estimates and Projections of Family Planning Indicators",2024,"United Nations Population Division",756,"Switzerland","CH","CHE",70,"2019",4,"Median",2,"Female",31,15,49,"15-49",99,"All women",1,"Model-based Estimates",3,"Projection",4.4
4,"Unmet need for family planning: Any method (Percent)","Unmet need","Estimates and Projections of Family Planning Indicators",2024,"United Nations Population Division",756,"Switzerland","CH","CHE",71,"2020",4,"Median",2,"Female",31,15,49,"15-49",99,"All women",1,"Model-based Estimates",3,"Projection",4.4
4,"Unmet need for family planning: Any method (Percent)","Unmet need","Estimates and Projections of Family Planning Indicators",2024,"United Nations Population Division",756,"Switzerland","CH","CHE",72,"2021",4,"Median",2,"Female",31,15,49,"15-49",99,"All women",1,"Model-based Estimates",3,"Projection",4.4
4,"Unmet need for family planning: Any method (Percent)","Unmet need","Estimates and Projections of Family Planning Indicators",2024,"United Nations Population Division",756,"Switzerland","CH","CHE",73,"2022",4,"Median",2,"Female",31,15,49,"15-49",99,"All women",1,"Model-based Estimates",3,"Projection",4.4
4,"Unmet need for family planning: Any method (Percent)","Unmet need","Estimates and Projections of Family Planning Indicators",2024,"United Nations Population Division",804,"Ukraine","UA","UKR",59,"2008",4,"Median",2,"Female",31,15,49,"15-49",99,"All women",1,"Model-based Estimates",2,"Interpolation",6.8
4,"Unmet need for family planning: Any method (Percent)","Unmet need","Estimates and Projections of Family Planning Indicators",2024,"United Nations Population Division",804,"Ukraine","UA","UKR",60,"2009",4,"Median",2,"Female",31,15,49,"15-49",99,"All women",1,"Model-based Estimates",2,"Interpolation",6.7
4,"Unmet need for family planning: Any method (Percent)","Unmet need","Estimates and Projections of Family Planning Indicators",2024,"United Nations Population Division",804,"Ukraine","UA","UKR",61,"2010",4,"Median",2,"Female",31,15,49,"15-49",99,"All women",1,"Model-based Estimates",2,"Interpolation",6.6
4,"Unmet need for family planning: Any method (Percent)","Unmet need","Estimates and Projections of Family Planning Indicators",2024,"United Nations Population Division",804,"Ukraine","UA","UKR",62,"2011",4,"Median",2,"Female",31,15,49,"15-49",99,"All women",1,"Model-based Estimates",2,"Interpolation",6.5
4,"Unmet need for family planning: Any method (Percent)","Unmet need","Estimates and Projections of Family Planning Indicators",2024,"United Nations Population Division",804,"Ukraine","UA","UKR",63,"2012",4,"Median",2,"Female",31,15,49,"15-49",99,"All women",1,"Model-based Estimates",2,"Interpolation",6.3
4,"Unmet need for family planning: Any method (Percent)","Unmet need","Estimates and Projections of Family Planning Indicators",2024,"United Nations Population Division",804,"Ukraine","UA","UKR",64,"2013",4,"Median",2,"Female",31,15,49,"15-49",99,"All women",1,"Model-based Estimates",3,"Projection",6.3
4,"Unmet need for family planning: Any method (Percent)","Unmet need","Estimates and Projections of Family Planning Indicators",2024,"United Nations Population Division",804,"Ukraine","UA","UKR",65,"2014",4,"Median",2,"Female",31,15,49,"15-49",99,"All women",1,"Model-based Estimates",3,"Projection",6.3
4,"Unmet need for family planning: Any method (Percent)","Unmet need","Estimates and Projections of Family Planning Indicators",2024,"United Nations Population Division",804,"Ukraine","UA","UKR",66,"2015",4,"Median",2,"Female",31,15,49,"15-49",99,"All women",1,"Model-based Estimates",3,"Projection",6.4
4,"Unmet need for family planning: Any method (Percent)","Unmet need","Estimates and Projections of Family Planning Indicators",2024,"United Nations Population Division",804,"Ukraine","UA","UKR",67,"2016",4,"Median",2,"Female",31,15,49,"15-49",99,"All women",1,"Model-based Estimates",3,"Projection",6.4
4,"Unmet need for family planning: Any method (Percent)","Unmet need","Estimates and Projections of Family Planning Indicators",2024,"United Nations Population Division",804,"Ukraine","UA","UKR",68,"2017",4,"Median",2,"Female",31,15,49,"15-49",99,"All women",1,"Model-based Estimates",3,"Projection",6.3
4,"Unmet need for family planning: Any method (Percent)","Unmet need","Estimates and Projections of Family Planning Indicators",2024,"United Nations Population Division",804,"Ukraine","UA","UKR",69,"2018",4,"Median",2,"Female",31,15,49,"15-49",99,"All women",1,"Model-based Estimates",3,"Projection",6.3
4,"Unmet need for family planning: Any method (Percent)","Unmet need","Estimates and Projections of Family Planning Indicators",2024,"United Nations Population Division",804,"Ukraine","UA","UKR",70,"2019",4,"Median",2,"Female",31,15,49,"15-49",99,"All women",1,"Model-based Estimates",3,"Projection",6.3
4,"Unmet need for family planning: Any method (Percent)","Unmet need","Estimates and Projections of Family Planning Indicators",2024,"United Nations Population Division",804,"Ukraine","UA","UKR",71,"2020",4,"Median",2,"Female",31,15,49,"15-49",99,"All women",1,"Model-based Estimates",3,"Projection",6.3
4,"Unmet need for family planning: Any method (Percent)","Unmet need","Estimates and Projections of Family Planning Indicators",2024,"United Nations Population Division",804,"Ukraine","UA","UKR",72,"2021",4,"Median",2,"Female",31,15,49,"15-49",99,"All women",1,"Model-based Estimates",3,"Projection",6.2
4,"Unmet need for family planning: Any method (Percent)","Unmet need","Estimates and Projections of Family Planning Indicators",2024,"United Nations Population Division",804,"Ukraine","UA","UKR",73,"2022",4,"Median",2,"Female",31,15,49,"15-49",99,"All women",1,"Model-based Estimates",3,"Projection",6.2
4,"Unmet need for family planning: Any method (Percent)","Unmet need","Estimates and Projections of Family Planning Indicators",2024,"United Nations Population Division",807,"North Macedonia","MK","MKD",59,"2008",4,"Median",2,"Female",31,15,49,"15-49",99,"All women",1,"Model-based Estimates",3,"Projection",9.7
4,"Unmet need for family planning: Any method (Percent)","Unmet need","Estimates and Projections of Family Planning Indicators",2024,"United Nations Population Division",807,"North Macedonia","MK","MKD",60,"2009",4,"Median",2,"Female",31,15,49,"15-49",99,"All women",1,"Model-based Estimates",3,"Projection",9.8
4,"Unmet need for family planning: Any method (Percent)","Unmet need","Estimates and Projections of Family Planning Indicators",2024,"United Nations Population Division",807,"North Macedonia","MK","MKD",61,"2010",4,"Median",2,"Female",31,15,49,"15-49",99,"All women",1,"Model-based Estimates",3,"Projection",9.8
4,"Unmet need for family planning: Any method (Percent)","Unmet need","Estimates and Projections of Family Planning Indicators",2024,"United Nations Population Division",807,"North Macedonia","MK","MKD",62,"2011",4,"Median",2,"Female",31,15,49,"15-49",99,"All women",1,"Model-based Estimates",2,"Interpolation",9.8
4,"Unmet need for family planning: Any method (Percent)","Unmet need","Estimates and Projections of Family Planning Indicators",2024,"United Nations Population Division",807,"North Macedonia","MK","MKD",63,"2012",4,"Median",2,"Female",31,15,49,"15-49",99,"All women",1,"Model-based Estimates",2,"Interpolation",9.8
4,"Unmet need for family planning: Any method (Percent)","Unmet need","Estimates and Projections of Family Planning Indicators",2024,"United Nations Population Division",807,"North Macedonia","MK","MKD",64,"2013",4,"Median",2,"Female",31,15,49,"15-49",99,"All women",1,"Model-based Estimates",2,"Interpolation",9.7
4,"Unmet need for family planning: Any method (Percent)","Unmet need","Estimates and Projections of Family Planning Indicators",2024,"United Nations Population Division",807,"North Macedonia","MK","MKD",65,"2014",4,"Median",2,"Female",31,15,49,"15-49",99,"All women",1,"Model-based Estimates",2,"Interpolation",9.6
4,"Unmet need for family planning: Any method (Percent)","Unmet need","Estimates and Projections of Family Planning Indicators",2024,"United Nations Population Division",807,"North Macedonia","MK","MKD",66,"2015",4,"Median",2,"Female",31,15,49,"15-49",99,"All women",1,"Model-based Estimates",2,"Interpolation",9.6
4,"Unmet need for family planning: Any method (Percent)","Unmet need","Estimates and Projections of Family Planning Indicators",2024,"United Nations Population Division",807,"North Macedonia","MK","MKD",67,"2016",4,"Median",2,"Female",31,15,49,"15-49",99,"All women",1,"Model-based Estimates",2,"Interpolation",9.4
4,"Unmet need for family planning: Any method (Percent)","Unmet need","Estimates and Projections of Family Planning Indicators",2024,"United Nations Population Division",807,"North Macedonia","MK","MKD",68,"2017",4,"Median",2,"Female",31,15,49,"15-49",99,"All women",1,"Model-based Estimates",2,"Interpolation",9.3
4,"Unmet need for family planning: Any method (Percent)","Unmet need","Estimates and Projections of Family Planning Indicators",2024,"United Nations Population Division",807,"North Macedonia","MK","MKD",69,"2018",4,"Median",2,"Female",31,15,49,"15-49",99,"All women",1,"Model-based Estimates",2,"Interpolation",9.2
4,"Unmet need for family planning: Any method (Percent)","Unmet need","Estimates and Projections of Family Planning Indicators",2024,"United Nations Population Division",807,"North Macedonia","MK","MKD",70,"2019",4,"Median",2,"Female",31,15,49,"15-49",99,"All women",1,"Model-based Estimates",2,"Interpolation",9.1
4,"Unmet need for family planning: Any method (Percent)","Unmet need","Estimates and Projections of Family Planning Indicators",2024,"United Nations Population Division",807,"North Macedonia","MK","MKD",71,"2020",4,"Median",2,"Female",31,15,49,"15-49",99,"All women",1,"Model-based Estimates",3,"Projection",9.1
4,"Unmet need for family planning: Any method (Percent)","Unmet need","Estimates and Projections of Family Planning Indicators",2024,"United Nations Population Division",807,"North Macedonia","MK","MKD",72,"2021",4,"Median",2,"Female",31,15,49,"15-49",99,"All women",1,"Model-based Estimates",3,"Projection",9.1
4,"Unmet need for family planning: Any method (Percent)","Unmet need","Estimates and Projections of Family Planning Indicators",2024,"United Nations Population Division",807,"North Macedonia","MK","MKD",73,"2022",4,"Median",2,"Female",31,15,49,"15-49",99,"All women",1,"Model-based Estimates",3,"Projection",9
4,"Unmet need for family planning: Any method (Percent)","Unmet need","Estimates and Projections of Family Planning Indicators",2024,"United Nations Population Division",826,"United Kingdom","GB","GBR",59,"2008",4,"Median",2,"Female",31,15,49,"15-49",99,"All women",1,"Model-based Estimates",3,"Projection",4.2
4,"Unmet need for family planning: Any method (Percent)","Unmet need","Estimates and Projections of Family Planning Indicators",2024,"United Nations Population Division",826,"United Kingdom","GB","GBR",60,"2009",4,"Median",2,"Female",31,15,49,"15-49",99,"All women",1,"Model-based Estimates",3,"Projection",4.4
4,"Unmet need for family planning: Any method (Percent)","Unmet need","Estimates and Projections of Family Planning Indicators",2024,"United Nations Population Division",826,"United Kingdom","GB","GBR",61,"2010",4,"Median",2,"Female",31,15,49,"15-49",99,"All women",1,"Model-based Estimates",2,"Interpolation",4.6
4,"Unmet need for family planning: Any method (Percent)","Unmet need","Estimates and Projections of Family Planning Indicators",2024,"United Nations Population Division",826,"United Kingdom","GB","GBR",62,"2011",4,"Median",2,"Female",31,15,49,"15-49",99,"All women",1,"Model-based Estimates",2,"Interpolation",4.7
4,"Unmet need for family planning: Any method (Percent)","Unmet need","Estimates and Projections of Family Planning Indicators",2024,"United Nations Population Division",826,"United Kingdom","GB","GBR",63,"2012",4,"Median",2,"Female",31,15,49,"15-49",99,"All women",1,"Model-based Estimates",2,"Interpolation",4.8
4,"Unmet need for family planning: Any method (Percent)","Unmet need","Estimates and Projections of Family Planning Indicators",2024,"United Nations Population Division",826,"United Kingdom","GB","GBR",64,"2013",4,"Median",2,"Female",31,15,49,"15-49",99,"All women",1,"Model-based Estimates",3,"Projection",4.9
4,"Unmet need for family planning: Any method (Percent)","Unmet need","Estimates and Projections of Family Planning Indicators",2024,"United Nations Population Division",826,"United Kingdom","GB","GBR",65,"2014",4,"Median",2,"Female",31,15,49,"15-49",99,"All women",1,"Model-based Estimates",3,"Projection",4.9
4,"Unmet need for family planning: Any method (Percent)","Unmet need","Estimates and Projections of Family Planning Indicators",2024,"United Nations Population Division",826,"United Kingdom","GB","GBR",66,"2015",4,"Median",2,"Female",31,15,49,"15-49",99,"All women",1,"Model-based Estimates",3,"Projection",4.8
4,"Unmet need for family planning: Any method (Percent)","Unmet need","Estimates and Projections of Family Planning Indicators",2024,"United Nations Population Division",826,"United Kingdom","GB","GBR",67,"2016",4,"Median",2,"Female",31,15,49,"15-49",99,"All women",1,"Model-based Estimates",3,"Projection",4.8
4,"Unmet need for family planning: Any method (Percent)","Unmet need","Estimates and Projections of Family Planning Indicators",2024,"United Nations Population Division",826,"United Kingdom","GB","GBR",68,"2017",4,"Median",2,"Female",31,15,49,"15-49",99,"All women",1,"Model-based Estimates",3,"Projection",4.8
4,"Unmet need for family planning: Any method (Percent)","Unmet need","Estimates and Projections of Family Planning Indicators",2024,"United Nations Population Division",826,"United Kingdom","GB","GBR",69,"2018",4,"Median",2,"Female",31,15,49,"15-49",99,"All women",1,"Model-based Estimates",3,"Projection",4.8
4,"Unmet need for family planning: Any method (Percent)","Unmet need","Estimates and Projections of Family Planning Indicators",2024,"United Nations Population Division",826,"United Kingdom","GB","GBR",70,"2019",4,"Median",2,"Female",31,15,49,"15-49",99,"All women",1,"Model-based Estimates",3,"Projection",4.7
4,"Unmet need for family planning: Any method (Percent)","Unmet need","Estimates and Projections of Family Planning Indicators",2024,"United Nations Population Division",826,"United Kingdom","GB","GBR",71,"2020",4,"Median",2,"Female",31,15,49,"15-49",99,"All women",1,"Model-based Estimates",3,"Projection",4.7
4,"Unmet need for family planning: Any method (Percent)","Unmet need","Estimates and Projections of Family Planning Indicators",2024,"United Nations Population Division",826,"United Kingdom","GB","GBR",72,"2021",4,"Median",2,"Female",31,15,49,"15-49",99,"All women",1,"Model-based Estimates",3,"Projection",4.6
4,"Unmet need for family planning: Any method (Percent)","Unmet need","Estimates and Projections of Family Planning Indicators",2024,"United Nations Population Division",826,"United Kingdom","GB","GBR",73,"2022",4,"Median",2,"Female",31,15,49,"15-49",99,"All women",1,"Model-based Estimates",3,"Projection",4.6
