IndicatorId,IndicatorName,IndicatorShortName,Source,SourceYear,Author,LocationId,Location,Iso2,Iso3,TimeId,Time,VariantId,Variant,SexId,Sex,AgeId,AgeStart,AgeEnd,Age,CategoryId,Category,EstimateTypeId,EstimateType,EstimateMethodId,EstimateMethod,Value
4,"Unmet need for family planning: Any method (Percent)","Unmet need","Estimates and Projections of Family Planning Indicators",2024,"United Nations Population Division",28,"Antigua and Barbuda","AG","ATG",59,"2008",4,"Median",2,"Female",31,15,49,"15-49",99,"All women",1,"Model-based Estimates",3,"Projection",11
4,"Unmet need for family planning: Any method (Percent)","Unmet need","Estimates and Projections of Family Planning Indicators",2024,"United Nations Population Division",28,"Antigua and Barbuda","AG","ATG",60,"2009",4,"Median",2,"Female",31,15,49,"15-49",99,"All women",1,"Model-based Estimates",3,"Projection",10.9
4,"Unmet need for family planning: Any method (Percent)","Unmet need","Estimates and Projections of Family Planning Indicators",2024,"United Nations Population Division",28,"Antigua and Barbuda","AG","ATG",61,"2010",4,"Median",2,"Female",31,15,49,"15-49",99,"All women",1,"Model-based Estimates",3,"Projection",10.8
4,"Unmet need for family planning: Any method (Percent)","Unmet need","Estimates and Projections of Family Planning Indicators",2024,"United Nations Population Division",28,"Antigua and Barbuda","AG","ATG",62,"2011",4,"Median",2,"Female",31,15,49,"15-49",99,"All women",1,"Model-based Estimates",3,"Projection",10.8
4,"Unmet need for family planning: Any method (Percent)","Unmet need","Estimates and Projections of Family Planning Indicators",2024,"United Nations Population Division",28,"Antigua and Barbuda","AG","ATG",63,"2012",4,"Median",2,"Female",31,15,49,"15-49",99,"All women",1,"Model-based Estimates",3,"Projection",10.7
4,"Unmet need for family planning: Any method (Percent)","Unmet need","Estimates and Projections of Family Planning Indicators",2024,"United Nations Population Division",28,"Antigua and Barbuda","AG","ATG",64,"2013",4,"Median",2,"Female",31,15,49,"15-49",99,"All women",1,"Model-based Estimates",3,"Projection",10.7
4,"Unmet need for family planning: Any method (Percent)","Unmet need","Estimates and Projections of Family Planning Indicators",2024,"United Nations Population Division",28,"Antigua and Barbuda","AG","ATG",65,"2014",4,"Median",2,"Female",31,15,49,"15-49",99,"All women",1,"Model-based Estimates",3,"Projection",10.6
4,"Unmet need for family planning: Any method (Percent)","Unmet need","Estimates and Projections of Family Planning Indicators",2024,"United Nations Population Division",28,"Antigua and Barbuda","AG","ATG",66,"2015",4,"Median",2,"Female",31,15,49,"15-49",99,"All women",1,"Model-based Estimates",3,"Projection",10.5
4,"Unmet need for family planning: Any method (Percent)","Unmet need","Estimates and Projections of Family Planning Indicators",2024,"United Nations Population Division",28,"Antigua and Barbuda","AG","ATG",67,"2016",4,"Median",2,"Female",31,15,49,"15-49",99,"All women",1,"Model-based Estimates",3,"Projection",10.5
4,"Unmet need for family planning: Any method (Percent)","Unmet need","Estimates and Projections of Family Planning Indicators",2024,"United Nations Population Division",28,"Antigua and Barbuda","AG","ATG",68,"2017",4,"Median",2,"Female",31,15,49,"15-49",99,"All women",1,"Model-based Estimates",3,"Projection",10.4
4,"Unmet need for family planning: Any method (Percent)","Unmet need","Estimates and Projections of Family Planning Indicators",2024,"United Nations Population Division",28,"Antigua and Barbuda","AG","ATG",69,"2018",4,"Median",2,"Female",31,15,49,"15-49",99,"All women",1,"Model-based Estimates",3,"Projection",10.3
4,"Unmet need for family planning: Any method (Percent)","Unmet need","Estimates and Projections of Family Planning Indicators",2024,"United Nations Population Division",28,"Antigua and Barbuda","AG","ATG",70,"2019",4,"Median",2,"Female",31,15,49,"15-49",99,"All women",1,"Model-based Estimates",3,"Projection",10.3
4,"Unmet need for family planning: Any method (Percent)","Unmet need","Estimates and Projections of Family Planning Indicators",2024,"United Nations Population Division",28,"Antigua and Barbuda","AG","ATG",71,"2020",4,"Median",2,"Female",31,15,49,"15-49",99,"All women",1,"Model-based Estimates",3,"Projection",10.2
4,"Unmet need for family planning: Any method (Percent)","Unmet need","Estimates and Projections of Family Planning Indicators",2024,"United Nations Population Division",28,"Antigua and Barbuda","AG","ATG",72,"2021",4,"Median",2,"Female",31,15,49,"15-49",99,"All women",1,"Model-based Estimates",3,"Projection",10.2
4,"Unmet need for family planning: Any method (Percent)","Unmet need","Estimates and Projections of Family Planning Indicators",2024,"United Nations Population Division",28,"Antigua and Barbuda","AG","ATG",73,"2022",4,"Median",2,"Female",31,15,49,"15-49",99,"All women",1,"Model-based Estimates",3,"Projection",10.1
4,"Unmet need for family planning: Any method (Percent)","Unmet need","Estimates and Projections of Family Planning Indicators",2024,"United Nations Population Division",32,"Argentina","AR","ARG",59,"2008",4,"Median",2,"Female",31,15,49,"15-49",99,"All women",1,"Model-based Estimates",3,"Projection",10.1
4,"Unmet need for family planning: Any method (Percent)","Unmet need","Estimates and Projections of Family Planning Indicators",2024,"United Nations Population Division",32,"Argentina","AR","ARG",60,"2009",4,"Median",2,"Female",31,15,49,"15-49",99,"All women",1,"Model-based Estimates",3,"Projection",10.3
4,"Unmet need for family planning: Any method (Percent)","Unmet need","Estimates and Projections of Family Planning Indicators",2024,"United Nations Population Division",32,"Argentina","AR","ARG",61,"2010",4,"Median",2,"Female",31,15,49,"15-49",99,"All women",1,"Model-based Estimates",3,"Projection",10.5
4,"Unmet need for family planning: Any method (Percent)","Unmet need","Estimates and Projections of Family Planning Indicators",2024,"United Nations Population Division",32,"Argentina","AR","ARG",62,"2011",4,"Median",2,"Female",31,15,49,"15-49",99,"All women",1,"Model-based Estimates",3,"Projection",10.6
4,"Unmet need for family planning: Any method (Percent)","Unmet need","Estimates and Projections of Family Planning Indicators",2024,"United Nations Population Division",32,"Argentina","AR","ARG",63,"2012",4,"Median",2,"Female",31,15,49,"15-49",99,"All women",1,"Model-based Estimates",3,"Projection",10.7
4,"Unmet need for family planning: Any method (Percent)","Unmet need","Estimates and Projections of Family Planning Indicators",2024,"United Nations Population Division",32,"Argentina","AR","ARG",64,"2013",4,"Median",2,"Female",31,15,49,"15-49",99,"All women",1,"Model-based Estimates",3,"Projection",10.7
4,"Unmet need for family planning: Any method (Percent)","Unmet need","Estimates and Projections of Family Planning Indicators",2024,"United Nations Population Division",32,"Argentina","AR","ARG",65,"2014",4,"Median",2,"Female",31,15,49,"15-49",99,"All women",1,"Model-based Estimates",3,"Projection",10.6
4,"Unmet need for family planning: Any method (Percent)","Unmet need","Estimates and Projections of Family Planning Indicators",2024,"United Nations Population Division",32,"Argentina","AR","ARG",66,"2015",4,"Median",2,"Female",31,15,49,"15-49",99,"All women",1,"Model-based Estimates",3,"Projection",10.6
4,"Unmet need for family planning: Any method (Percent)","Unmet need","Estimates and Projections of Family Planning Indicators",2024,"United Nations Population Division",32,"Argentina","AR","ARG",67,"2016",4,"Median",2,"Female",31,15,49,"15-49",99,"All women",1,"Model-based Estimates",3,"Projection",10.6
4,"Unmet need for family planning: Any method (Percent)","Unmet need","Estimates and Projections of Family Planning Indicators",2024,"United Nations Population Division",32,"Argentina","AR","ARG",68,"2017",4,"Median",2,"Female",31,15,49,"15-49",99,"All women",1,"Model-based Estimates",3,"Projection",10.6
4,"Unmet need for family planning: Any method (Percent)","Unmet need","Estimates and Projections of Family Planning Indicators",2024,"United Nations Population Division",32,"Argentina","AR","ARG",69,"2018",4,"Median",2,"Female",31,15,49,"15-49",99,"All women",1,"Model-based Estimates",3,"Projection",10.6
4,"Unmet need for family planning: Any method (Percent)","Unmet need","Estimates and Projections of Family Planning Indicators",2024,"United Nations Population Division",32,"Argentina","AR","ARG",70,"2019",4,"Median",2,"Female",31,15,49,"15-49",99,"All women",1,"Model-based Estimates",2,"Interpolation",10.6
4,"Unmet need for family planning: Any method (Percent)","Unmet need","Estimates and Projections of Family Planning Indicators",2024,"United Nations Population Division",32,"Argentina","AR","ARG",71,"2020",4,"Median",2,"Female",31,15,49,"15-49",99,"All women",1,"Model-based Estimates",2,"Interpolation",10.5
4,"Unmet need for family planning: Any method (Percent)","Unmet need","Estimates and Projections of Family Planning Indicators",2024,"United Nations Population Division",32,"Argentina","AR","ARG",72,"2021",4,"Median",2,"Female",31,15,49,"15-49",99,"All women",1,"Model-based Estimates",3,"Projection",10.3
4,"Unmet need for family planning: Any method (Percent)","Unmet need","Estimates and Projections of Family Planning Indicators",2024,"United Nations Population Division",32,"Argentina","AR","ARG",73,"2022",4,"Median",2,"Female",31,15,49,"15-49",99,"All women",1,"Model-based Estimates",3,"Projection",10.2
4,"Unmet need for family planning: Any method (Percent)","Unmet need","Estimates and Projections of Family Planning Indicators",2024,"United Nations Population Division",44,"Bahamas","BS","BHS",59,"2008",4,"Median",2,"Female",31,15,49,"15-49",99,"All women",1,"Model-based Estimates",3,"Projection",10.4
4,"Unmet need for family planning: Any method (Percent)","Unmet need","Estimates and Projections of Family Planning Indicators",2024,"United Nations Population Division",44,"Bahamas","BS","BHS",60,"2009",4,"Median",2,"Female",31,15,49,"15-49",99,"All women",1,"Model-based Estimates",3,"Projection",10.4
4,"Unmet need for family planning: Any method (Percent)","Unmet need","Estimates and Projections of Family Planning Indicators",2024,"United Nations Population Division",44,"Bahamas","BS","BHS",61,"2010",4,"Median",2,"Female",31,15,49,"15-49",99,"All women",1,"Model-based Estimates",3,"Projection",10.3
4,"Unmet need for family planning: Any method (Percent)","Unmet need","Estimates and Projections of Family Planning Indicators",2024,"United Nations Population Division",44,"Bahamas","BS","BHS",62,"2011",4,"Median",2,"Female",31,15,49,"15-49",99,"All women",1,"Model-based Estimates",3,"Projection",10.3
4,"Unmet need for family planning: Any method (Percent)","Unmet need","Estimates and Projections of Family Planning Indicators",2024,"United Nations Population Division",44,"Bahamas","BS","BHS",63,"2012",4,"Median",2,"Female",31,15,49,"15-49",99,"All women",1,"Model-based Estimates",3,"Projection",10.3
4,"Unmet need for family planning: Any method (Percent)","Unmet need","Estimates and Projections of Family Planning Indicators",2024,"United Nations Population Division",44,"Bahamas","BS","BHS",64,"2013",4,"Median",2,"Female",31,15,49,"15-49",99,"All women",1,"Model-based Estimates",3,"Projection",10.2
4,"Unmet need for family planning: Any method (Percent)","Unmet need","Estimates and Projections of Family Planning Indicators",2024,"United Nations Population Division",44,"Bahamas","BS","BHS",65,"2014",4,"Median",2,"Female",31,15,49,"15-49",99,"All women",1,"Model-based Estimates",3,"Projection",10.2
4,"Unmet need for family planning: Any method (Percent)","Unmet need","Estimates and Projections of Family Planning Indicators",2024,"United Nations Population Division",44,"Bahamas","BS","BHS",66,"2015",4,"Median",2,"Female",31,15,49,"15-49",99,"All women",1,"Model-based Estimates",3,"Projection",10.2
4,"Unmet need for family planning: Any method (Percent)","Unmet need","Estimates and Projections of Family Planning Indicators",2024,"United Nations Population Division",44,"Bahamas","BS","BHS",67,"2016",4,"Median",2,"Female",31,15,49,"15-49",99,"All women",1,"Model-based Estimates",3,"Projection",10.1
4,"Unmet need for family planning: Any method (Percent)","Unmet need","Estimates and Projections of Family Planning Indicators",2024,"United Nations Population Division",44,"Bahamas","BS","BHS",68,"2017",4,"Median",2,"Female",31,15,49,"15-49",99,"All women",1,"Model-based Estimates",3,"Projection",10.1
4,"Unmet need for family planning: Any method (Percent)","Unmet need","Estimates and Projections of Family Planning Indicators",2024,"United Nations Population Division",44,"Bahamas","BS","BHS",69,"2018",4,"Median",2,"Female",31,15,49,"15-49",99,"All women",1,"Model-based Estimates",3,"Projection",10.1
4,"Unmet need for family planning: Any method (Percent)","Unmet need","Estimates and Projections of Family Planning Indicators",2024,"United Nations Population Division",44,"Bahamas","BS","BHS",70,"2019",4,"Median",2,"Female",31,15,49,"15-49",99,"All women",1,"Model-based Estimates",3,"Projection",10
4,"Unmet need for family planning: Any method (Percent)","Unmet need","Estimates and Projections of Family Planning Indicators",2024,"United Nations Population Division",44,"Bahamas","BS","BHS",71,"2020",4,"Median",2,"Female",31,15,49,"15-49",99,"All women",1,"Model-based Estimates",3,"Projection",10
4,"Unmet need for family planning: Any method (Percent)","Unmet need","Estimates and Projections of Family Planning Indicators",2024,"United Nations Population Division",44,"Bahamas","BS","BHS",72,"2021",4,"Median",2,"Female",31,15,49,"15-49",99,"All women",1,"Model-based Estimates",3,"Projection",10
4,"Unmet need for family planning: Any method (Percent)","Unmet need","Estimates and Projections of Family Planning Indicators",2024,"United Nations Population Division",44,"Bahamas","BS","BHS",73,"2022",4,"Median",2,"Female",31,15,49,"15-49",99,"All women",1,"Model-based Estimates",3,"Projection",10
4,"Unmet need for family planning: Any method (Percent)","Unmet need","Estimates and Projections of Family Planning Indicators",2024,"United Nations Population Division",52,"Barbados","BB","BRB",59,"2008",4,"Median",2,"Female",31,15,49,"15-49",99,"All women",1,"Model-based Estimates",3,"Projection",13.7
4,"Unmet need for family planning: Any method (Percent)","Unmet need","Estimates and Projections of Family Planning Indicators",2024,"United Nations Population Division",52,"Barbados","BB","BRB",60,"2009",4,"Median",2,"Female",31,15,49,"15-49",99,"All women",1,"Model-based Estimates",3,"Projection",13.7
4,"Unmet need for family planning: Any method (Percent)","Unmet need","Estimates and Projections of Family Planning Indicators",2024,"United Nations Population Division",52,"Barbados","BB","BRB",61,"2010",4,"Median",2,"Female",31,15,49,"15-49",99,"All women",1,"Model-based Estimates",3,"Projection",13.7
4,"Unmet need for family planning: Any method (Percent)","Unmet need","Estimates and Projections of Family Planning Indicators",2024,"United Nations Population Division",52,"Barbados","BB","BRB",62,"2011",4,"Median",2,"Female",31,15,49,"15-49",99,"All women",1,"Model-based Estimates",3,"Projection",13.6
4,"Unmet need for family planning: Any method (Percent)","Unmet need","Estimates and Projections of Family Planning Indicators",2024,"United Nations Population Division",52,"Barbados","BB","BRB",63,"2012",4,"Median",2,"Female",31,15,49,"15-49",99,"All women",1,"Model-based Estimates",2,"Interpolation",13.6
4,"Unmet need for family planning: Any method (Percent)","Unmet need","Estimates and Projections of Family Planning Indicators",2024,"United Nations Population Division",52,"Barbados","BB","BRB",64,"2013",4,"Median",2,"Female",31,15,49,"15-49",99,"All women",1,"Model-based Estimates",3,"Projection",13.4
4,"Unmet need for family planning: Any method (Percent)","Unmet need","Estimates and Projections of Family Planning Indicators",2024,"United Nations Population Division",52,"Barbados","BB","BRB",65,"2014",4,"Median",2,"Female",31,15,49,"15-49",99,"All women",1,"Model-based Estimates",3,"Projection",13.4
4,"Unmet need for family planning: Any method (Percent)","Unmet need","Estimates and Projections of Family Planning Indicators",2024,"United Nations Population Division",52,"Barbados","BB","BRB",66,"2015",4,"Median",2,"Female",31,15,49,"15-49",99,"All women",1,"Model-based Estimates",3,"Projection",13.3
4,"Unmet need for family planning: Any method (Percent)","Unmet need","Estimates and Projections of Family Planning Indicators",2024,"United Nations Population Division",52,"Barbados","BB","BRB",67,"2016",4,"Median",2,"Female",31,15,49,"15-49",99,"All women",1,"Model-based Estimates",3,"Projection",13.1
4,"Unmet need for family planning: Any method (Percent)","Unmet need","Estimates and Projections of Family Planning Indicators",2024,"United Nations Population Division",52,"Barbados","BB","BRB",68,"2017",4,"Median",2,"Female",31,15,49,"15-49",99,"All women",1,"Model-based Estimates",3,"Projection",13
4,"Unmet need for family planning: Any method (Percent)","Unmet need","Estimates and Projections of Family Planning Indicators",2024,"United Nations Population Division",52,"Barbados","BB","BRB",69,"2018",4,"Median",2,"Female",31,15,49,"15-49",99,"All women",1,"Model-based Estimates",3,"Projection",12.9
4,"Unmet need for family planning: Any method (Percent)","Unmet need","Estimates and Projections of Family Planning Indicators",2024,"United Nations Population Division",52,"Barbados","BB","BRB",70,"2019",4,"Median",2,"Female",31,15,49,"15-49",99,"All women",1,"Model-based Estimates",3,"Projection",12.8
4,"Unmet need for family planning: Any method (Percent)","Unmet need","Estimates and Projections of Family Planning Indicators",2024,"United Nations Population Division",52,"Barbados","BB","BRB",71,"2020",4,"Median",2,"Female",31,15,49,"15-49",99,"All women",1,"Model-based Estimates",3,"Projection",12.7
4,"Unmet need for family planning: Any method (Percent)","Unmet need","Estimates and Projections of Family Planning Indicators",2024,"United Nations Population Division",52,"Barbados","BB","BRB",72,"2021",4,"Median",2,"Female",31,15,49,"15-49",99,"All women",1,"Model-based Estimates",3,"Projection",12.6
4,"Unmet need for family planning: Any method (Percent)","Unmet need","Estimates and Projections of Family Planning Indicators",2024,"United Nations Population Division",52,"Barbados","BB","BRB",73,"2022",4,"Median",2,"Female",31,15,49,"15-49",99,"All women",1,"Model-based Estimates",3,"Projection",12.5
4,"Unmet need for family planning: Any method (Percent)","Unmet need","Estimates and Projections of Family Planning Indicators",2024,"United Nations Population Division",68,"Bolivia (Plurinational State of)","BO","BOL",59,"2008",4,"Median",2,"Female",31,15,49,"15-49",99,"All women",1,"Model-based Estimates",2,"Interpolation",13.9
4,"Unmet need for family planning: Any method (Percent)","Unmet need","Estimates and Projections of Family Planning Indicators",2024,"United Nations Population Division",68,"Bolivia (Plurinational State of)","BO","BOL",60,"2009",4,"Median",2,"Female",31,15,49,"15-49",99,"All women",1,"Model-based Estimates",2,"Interpolation",13.7
4,"Unmet need for family planning: Any method (Percent)","Unmet need","Estimates and Projections of Family Planning Indicators",2024,"United Nations Population Division",68,"Bolivia (Plurinational State of)","BO","BOL",61,"2010",4,"Median",2,"Female",31,15,49,"15-49",99,"All women",1,"Model-based Estimates",2,"Interpolation",13.4
4,"Unmet need for family planning: Any method (Percent)","Unmet need","Estimates and Projections of Family Planning Indicators",2024,"United Nations Population Division",68,"Bolivia (Plurinational State of)","BO","BOL",62,"2011",4,"Median",2,"Female",31,15,49,"15-49",99,"All women",1,"Model-based Estimates",2,"Interpolation",13.2
4,"Unmet need for family planning: Any method (Percent)","Unmet need","Estimates and Projections of Family Planning Indicators",2024,"United Nations Population Division",68,"Bolivia (Plurinational State of)","BO","BOL",63,"2012",4,"Median",2,"Female",31,15,49,"15-49",99,"All women",1,"Model-based Estimates",2,"Interpolation",12.9
4,"Unmet need for family planning: Any method (Percent)","Unmet need","Estimates and Projections of Family Planning Indicators",2024,"United Nations Population Division",68,"Bolivia (Plurinational State of)","BO","BOL",64,"2013",4,"Median",2,"Female",31,15,49,"15-49",99,"All women",1,"Model-based Estimates",2,"Interpolation",12.7
4,"Unmet need for family planning: Any method (Percent)","Unmet need","Estimates and Projections of Family Planning Indicators",2024,"United Nations Population Division",68,"Bolivia (Plurinational State of)","BO","BOL",65,"2014",4,"Median",2,"Female",31,15,49,"15-49",99,"All women",1,"Model-based Estimates",2,"Interpolation",12.5
4,"Unmet need for family planning: Any method (Percent)","Unmet need","Estimates and Projections of Family Planning Indicators",2024,"United Nations Population Division",68,"Bolivia (Plurinational State of)","BO","BOL",66,"2015",4,"Median",2,"Female",31,15,49,"15-49",99,"All women",1,"Model-based Estimates",2,"Interpolation",12.3
4,"Unmet need for family planning: Any method (Percent)","Unmet need","Estimates and Projections of Family Planning Indicators",2024,"United Nations Population Division",68,"Bolivia (Plurinational State of)","BO","BOL",67,"2016",4,"Median",2,"Female",31,15,49,"15-49",99,"All women",1,"Model-based Estimates",2,"Interpolation",12.1
4,"Unmet need for family planning: Any method (Percent)","Unmet need","Estimates and Projections of Family Planning Indicators",2024,"United Nations Population Division",68,"Bolivia (Plurinational State of)","BO","BOL",68,"2017",4,"Median",2,"Female",31,15,49,"15-49",99,"All women",1,"Model-based Estimates",3,"Projection",11.9
4,"Unmet need for family planning: Any method (Percent)","Unmet need","Estimates and Projections of Family Planning Indicators",2024,"United Nations Population Division",68,"Bolivia (Plurinational State of)","BO","BOL",69,"2018",4,"Median",2,"Female",31,15,49,"15-49",99,"All women",1,"Model-based Estimates",3,"Projection",11.6
4,"Unmet need for family planning: Any method (Percent)","Unmet need","Estimates and Projections of Family Planning Indicators",2024,"United Nations Population Division",68,"Bolivia (Plurinational State of)","BO","BOL",70,"2019",4,"Median",2,"Female",31,15,49,"15-49",99,"All women",1,"Model-based Estimates",3,"Projection",11.4
4,"Unmet need for family planning: Any method (Percent)","Unmet need","Estimates and Projections of Family Planning Indicators",2024,"United Nations Population Division",68,"Bolivia (Plurinational State of)","BO","BOL",71,"2020",4,"Median",2,"Female",31,15,49,"15-49",99,"All women",1,"Model-based Estimates",3,"Projection",11.2
4,"Unmet need for family planning: Any method (Percent)","Unmet need","Estimates and Projections of Family Planning Indicators",2024,"United Nations Population Division",68,"Bolivia (Plurinational State of)","BO","BOL",72,"2021",4,"Median",2,"Female",31,15,49,"15-49",99,"All women",1,"Model-based Estimates",3,"Projection",11
4,"Unmet need for family planning: Any method (Percent)","Unmet need","Estimates and Projections of Family Planning Indicators",2024,"United Nations Population Division",68,"Bolivia (Plurinational State of)","BO","BOL",73,"2022",4,"Median",2,"Female",31,15,49,"15-49",99,"All women",1,"Model-based Estimates",3,"Projection",10.9
4,"Unmet need for family planning: Any method (Percent)","Unmet need","Estimates and Projections of Family Planning Indicators",2024,"United Nations Population Division",76,"Brazil","BR","BRA",59,"2008",4,"Median",2,"Female",31,15,49,"15-49",99,"All women",1,"Model-based Estimates",3,"Projection",6.5
4,"Unmet need for family planning: Any method (Percent)","Unmet need","Estimates and Projections of Family Planning Indicators",2024,"United Nations Population Division",76,"Brazil","BR","BRA",60,"2009",4,"Median",2,"Female",31,15,49,"15-49",99,"All women",1,"Model-based Estimates",3,"Projection",6.5
4,"Unmet need for family planning: Any method (Percent)","Unmet need","Estimates and Projections of Family Planning Indicators",2024,"United Nations Population Division",76,"Brazil","BR","BRA",61,"2010",4,"Median",2,"Female",31,15,49,"15-49",99,"All women",1,"Model-based Estimates",3,"Projection",6.5
4,"Unmet need for family planning: Any method (Percent)","Unmet need","Estimates and Projections of Family Planning Indicators",2024,"United Nations Population Division",76,"Brazil","BR","BRA",62,"2011",4,"Median",2,"Female",31,15,49,"15-49",99,"All women",1,"Model-based Estimates",3,"Projection",6.5
4,"Unmet need for family planning: Any method (Percent)","Unmet need","Estimates and Projections of Family Planning Indicators",2024,"United Nations Population Division",76,"Brazil","BR","BRA",63,"2012",4,"Median",2,"Female",31,15,49,"15-49",99,"All women",1,"Model-based Estimates",3,"Projection",6.5
4,"Unmet need for family planning: Any method (Percent)","Unmet need","Estimates and Projections of Family Planning Indicators",2024,"United Nations Population Division",76,"Brazil","BR","BRA",64,"2013",4,"Median",2,"Female",31,15,49,"15-49",99,"All women",1,"Model-based Estimates",3,"Projection",6.5
4,"Unmet need for family planning: Any method (Percent)","Unmet need","Estimates and Projections of Family Planning Indicators",2024,"United Nations Population Division",76,"Brazil","BR","BRA",65,"2014",4,"Median",2,"Female",31,15,49,"15-49",99,"All women",1,"Model-based Estimates",3,"Projection",6.5
4,"Unmet need for family planning: Any method (Percent)","Unmet need","Estimates and Projections of Family Planning Indicators",2024,"United Nations Population Division",76,"Brazil","BR","BRA",66,"2015",4,"Median",2,"Female",31,15,49,"15-49",99,"All women",1,"Model-based Estimates",3,"Projection",6.4
4,"Unmet need for family planning: Any method (Percent)","Unmet need","Estimates and Projections of Family Planning Indicators",2024,"United Nations Population Division",76,"Brazil","BR","BRA",67,"2016",4,"Median",2,"Female",31,15,49,"15-49",99,"All women",1,"Model-based Estimates",3,"Projection",6.4
4,"Unmet need for family planning: Any method (Percent)","Unmet need","Estimates and Projections of Family Planning Indicators",2024,"United Nations Population Division",76,"Brazil","BR","BRA",68,"2017",4,"Median",2,"Female",31,15,49,"15-49",99,"All women",1,"Model-based Estimates",3,"Projection",6.4
4,"Unmet need for family planning: Any method (Percent)","Unmet need","Estimates and Projections of Family Planning Indicators",2024,"United Nations Population Division",76,"Brazil","BR","BRA",69,"2018",4,"Median",2,"Female",31,15,49,"15-49",99,"All women",1,"Model-based Estimates",3,"Projection",6.3
4,"Unmet need for family planning: Any method (Percent)","Unmet need","Estimates and Projections of Family Planning Indicators",2024,"United Nations Population Division",76,"Brazil","BR","BRA",70,"2019",4,"Median",2,"Female",31,15,49,"15-49",99,"All women",1,"Model-based Estimates",3,"Projection",6.3
4,"Unmet need for family planning: Any method (Percent)","Unmet need","Estimates and Projections of Family Planning Indicators",2024,"United Nations Population Division",76,"Brazil","BR","BRA",71,"2020",4,"Median",2,"Female",31,15,49,"15-49",99,"All women",1,"Model-based Estimates",3,"Projection",6.2
4,"Unmet need for family planning: Any method (Percent)","Unmet need","Estimates and Projections of Family Planning Indicators",2024,"United Nations Population Division",76,"Brazil","BR","BRA",72,"2021",4,"Median",2,"Female",31,15,49,"15-49",99,"All women",1,"Model-based Estimates",3,"Projection",6.2
4,"Unmet need for family planning: Any method (Percent)","Unmet need","Estimates and Projections of Family Planning Indicators",2024,"United Nations Population Division",76,"Brazil","BR","BRA",73,"2022",4,"Median",2,"Female",31,15,49,"15-49",99,"All women",1,"Model-based Estimates",3,"Projection",6.1
4,"Unmet need for family planning: Any method (Percent)","Unmet need","Estimates and Projections of Family Planning Indicators",2024,"United Nations Population Division",84,"Belize","BZ","BLZ",59,"2008",4,"Median",2,"Female",31,15,49,"15-49",99,"All women",1,"Model-based Estimates",2,"Interpolation",15.2
4,"Unmet need for family planning: Any method (Percent)","Unmet need","Estimates and Projections of Family Planning Indicators",2024,"United Nations Population Division",84,"Belize","BZ","BLZ",60,"2009",4,"Median",2,"Female",31,15,49,"15-49",99,"All women",1,"Model-based Estimates",2,"Interpolation",15
4,"Unmet need for family planning: Any method (Percent)","Unmet need","Estimates and Projections of Family Planning Indicators",2024,"United Nations Population Division",84,"Belize","BZ","BLZ",61,"2010",4,"Median",2,"Female",31,15,49,"15-49",99,"All women",1,"Model-based Estimates",2,"Interpolation",14.7
4,"Unmet need for family planning: Any method (Percent)","Unmet need","Estimates and Projections of Family Planning Indicators",2024,"United Nations Population Division",84,"Belize","BZ","BLZ",62,"2011",4,"Median",2,"Female",31,15,49,"15-49",99,"All women",1,"Model-based Estimates",2,"Interpolation",14.5
4,"Unmet need for family planning: Any method (Percent)","Unmet need","Estimates and Projections of Family Planning Indicators",2024,"United Nations Population Division",84,"Belize","BZ","BLZ",63,"2012",4,"Median",2,"Female",31,15,49,"15-49",99,"All women",1,"Model-based Estimates",2,"Interpolation",14.4
4,"Unmet need for family planning: Any method (Percent)","Unmet need","Estimates and Projections of Family Planning Indicators",2024,"United Nations Population Division",84,"Belize","BZ","BLZ",64,"2013",4,"Median",2,"Female",31,15,49,"15-49",99,"All women",1,"Model-based Estimates",2,"Interpolation",14.4
4,"Unmet need for family planning: Any method (Percent)","Unmet need","Estimates and Projections of Family Planning Indicators",2024,"United Nations Population Division",84,"Belize","BZ","BLZ",65,"2014",4,"Median",2,"Female",31,15,49,"15-49",99,"All women",1,"Model-based Estimates",2,"Interpolation",14.3
4,"Unmet need for family planning: Any method (Percent)","Unmet need","Estimates and Projections of Family Planning Indicators",2024,"United Nations Population Division",84,"Belize","BZ","BLZ",66,"2015",4,"Median",2,"Female",31,15,49,"15-49",99,"All women",1,"Model-based Estimates",2,"Interpolation",14.3
4,"Unmet need for family planning: Any method (Percent)","Unmet need","Estimates and Projections of Family Planning Indicators",2024,"United Nations Population Division",84,"Belize","BZ","BLZ",67,"2016",4,"Median",2,"Female",31,15,49,"15-49",99,"All women",1,"Model-based Estimates",2,"Interpolation",14.2
4,"Unmet need for family planning: Any method (Percent)","Unmet need","Estimates and Projections of Family Planning Indicators",2024,"United Nations Population Division",84,"Belize","BZ","BLZ",68,"2017",4,"Median",2,"Female",31,15,49,"15-49",99,"All women",1,"Model-based Estimates",3,"Projection",14.1
4,"Unmet need for family planning: Any method (Percent)","Unmet need","Estimates and Projections of Family Planning Indicators",2024,"United Nations Population Division",84,"Belize","BZ","BLZ",69,"2018",4,"Median",2,"Female",31,15,49,"15-49",99,"All women",1,"Model-based Estimates",3,"Projection",13.9
4,"Unmet need for family planning: Any method (Percent)","Unmet need","Estimates and Projections of Family Planning Indicators",2024,"United Nations Population Division",84,"Belize","BZ","BLZ",70,"2019",4,"Median",2,"Female",31,15,49,"15-49",99,"All women",1,"Model-based Estimates",3,"Projection",13.8
4,"Unmet need for family planning: Any method (Percent)","Unmet need","Estimates and Projections of Family Planning Indicators",2024,"United Nations Population Division",84,"Belize","BZ","BLZ",71,"2020",4,"Median",2,"Female",31,15,49,"15-49",99,"All women",1,"Model-based Estimates",3,"Projection",13.7
4,"Unmet need for family planning: Any method (Percent)","Unmet need","Estimates and Projections of Family Planning Indicators",2024,"United Nations Population Division",84,"Belize","BZ","BLZ",72,"2021",4,"Median",2,"Female",31,15,49,"15-49",99,"All women",1,"Model-based Estimates",3,"Projection",13.5
4,"Unmet need for family planning: Any method (Percent)","Unmet need","Estimates and Projections of Family Planning Indicators",2024,"United Nations Population Division",84,"Belize","BZ","BLZ",73,"2022",4,"Median",2,"Female",31,15,49,"15-49",99,"All women",1,"Model-based Estimates",3,"Projection",13.4
4,"Unmet need for family planning: Any method (Percent)","Unmet need","Estimates and Projections of Family Planning Indicators",2024,"United Nations Population Division",124,"Canada","CA","CAN",59,"2008",4,"Median",2,"Female",31,15,49,"15-49",99,"All women",1,"Model-based Estimates",3,"Projection",3.6
4,"Unmet need for family planning: Any method (Percent)","Unmet need","Estimates and Projections of Family Planning Indicators",2024,"United Nations Population Division",124,"Canada","CA","CAN",60,"2009",4,"Median",2,"Female",31,15,49,"15-49",99,"All women",1,"Model-based Estimates",3,"Projection",3.5
4,"Unmet need for family planning: Any method (Percent)","Unmet need","Estimates and Projections of Family Planning Indicators",2024,"United Nations Population Division",124,"Canada","CA","CAN",61,"2010",4,"Median",2,"Female",31,15,49,"15-49",99,"All women",1,"Model-based Estimates",3,"Projection",3.5
4,"Unmet need for family planning: Any method (Percent)","Unmet need","Estimates and Projections of Family Planning Indicators",2024,"United Nations Population Division",124,"Canada","CA","CAN",62,"2011",4,"Median",2,"Female",31,15,49,"15-49",99,"All women",1,"Model-based Estimates",3,"Projection",3.5
4,"Unmet need for family planning: Any method (Percent)","Unmet need","Estimates and Projections of Family Planning Indicators",2024,"United Nations Population Division",124,"Canada","CA","CAN",63,"2012",4,"Median",2,"Female",31,15,49,"15-49",99,"All women",1,"Model-based Estimates",3,"Projection",3.4
4,"Unmet need for family planning: Any method (Percent)","Unmet need","Estimates and Projections of Family Planning Indicators",2024,"United Nations Population Division",124,"Canada","CA","CAN",64,"2013",4,"Median",2,"Female",31,15,49,"15-49",99,"All women",1,"Model-based Estimates",3,"Projection",3.4
4,"Unmet need for family planning: Any method (Percent)","Unmet need","Estimates and Projections of Family Planning Indicators",2024,"United Nations Population Division",124,"Canada","CA","CAN",65,"2014",4,"Median",2,"Female",31,15,49,"15-49",99,"All women",1,"Model-based Estimates",3,"Projection",3.4
4,"Unmet need for family planning: Any method (Percent)","Unmet need","Estimates and Projections of Family Planning Indicators",2024,"United Nations Population Division",124,"Canada","CA","CAN",66,"2015",4,"Median",2,"Female",31,15,49,"15-49",99,"All women",1,"Model-based Estimates",3,"Projection",3.4
4,"Unmet need for family planning: Any method (Percent)","Unmet need","Estimates and Projections of Family Planning Indicators",2024,"United Nations Population Division",124,"Canada","CA","CAN",67,"2016",4,"Median",2,"Female",31,15,49,"15-49",99,"All women",1,"Model-based Estimates",3,"Projection",3.4
4,"Unmet need for family planning: Any method (Percent)","Unmet need","Estimates and Projections of Family Planning Indicators",2024,"United Nations Population Division",124,"Canada","CA","CAN",68,"2017",4,"Median",2,"Female",31,15,49,"15-49",99,"All women",1,"Model-based Estimates",3,"Projection",3.4
4,"Unmet need for family planning: Any method (Percent)","Unmet need","Estimates and Projections of Family Planning Indicators",2024,"United Nations Population Division",124,"Canada","CA","CAN",69,"2018",4,"Median",2,"Female",31,15,49,"15-49",99,"All women",1,"Model-based Estimates",3,"Projection",3.4
4,"Unmet need for family planning: Any method (Percent)","Unmet need","Estimates and Projections of Family Planning Indicators",2024,"United Nations Population Division",124,"Canada","CA","CAN",70,"2019",4,"Median",2,"Female",31,15,49,"15-49",99,"All women",1,"Model-based Estimates",3,"Projection",3.4
4,"Unmet need for family planning: Any method (Percent)","Unmet need","Estimates and Projections of Family Planning Indicators",2024,"United Nations Population Division",124,"Canada","CA","CAN",71,"2020",4,"Median",2,"Female",31,15,49,"15-49",99,"All women",1,"Model-based Estimates",3,"Projection",3.4
4,"Unmet need for family planning: Any method (Percent)","Unmet need","Estimates and Projections of Family Planning Indicators",2024,"United Nations Population Division",124,"Canada","CA","CAN",72,"2021",4,"Median",2,"Female",31,15,49,"15-49",99,"All women",1,"Model-based Estimates",3,"Projection",3.4
4,"Unmet need for family planning: Any method (Percent)","Unmet need","Estimates and Projections of Family Planning Indicators",2024,"United Nations Population Division",124,"Canada","CA","CAN",73,"2022",4,"Median",2,"Female",31,15,49,"15-49",99,"All women",1,"Model-based Estimates",3,"Projection",3.4
4,"Unmet need for family planning: Any method (Percent)","Unmet need","Estimates and Projections of Family Planning Indicators",2024,"United Nations Population Division",152,"Chile","CL","CHL",59,"2008",4,"Median",2,"Female",31,15,49,"15-49",99,"All women",1,"Model-based Estimates",3,"Projection",8.5
4,"Unmet need for family planning: Any method (Percent)","Unmet need","Estimates and Projections of Family Planning Indicators",2024,"United Nations Population Division",152,"Chile","CL","CHL",60,"2009",4,"Median",2,"Female",31,15,49,"15-49",99,"All women",1,"Model-based Estimates",3,"Projection",8.2
4,"Unmet need for family planning: Any method (Percent)","Unmet need","Estimates and Projections of Family Planning Indicators",2024,"United Nations Population Division",152,"Chile","CL","CHL",61,"2010",4,"Median",2,"Female",31,15,49,"15-49",99,"All women",1,"Model-based Estimates",3,"Projection",7.8
4,"Unmet need for family planning: Any method (Percent)","Unmet need","Estimates and Projections of Family Planning Indicators",2024,"United Nations Population Division",152,"Chile","CL","CHL",62,"2011",4,"Median",2,"Female",31,15,49,"15-49",99,"All women",1,"Model-based Estimates",3,"Projection",7.5
4,"Unmet need for family planning: Any method (Percent)","Unmet need","Estimates and Projections of Family Planning Indicators",2024,"United Nations Population Division",152,"Chile","CL","CHL",63,"2012",4,"Median",2,"Female",31,15,49,"15-49",99,"All women",1,"Model-based Estimates",3,"Projection",7.2
4,"Unmet need for family planning: Any method (Percent)","Unmet need","Estimates and Projections of Family Planning Indicators",2024,"United Nations Population Division",152,"Chile","CL","CHL",64,"2013",4,"Median",2,"Female",31,15,49,"15-49",99,"All women",1,"Model-based Estimates",3,"Projection",7
4,"Unmet need for family planning: Any method (Percent)","Unmet need","Estimates and Projections of Family Planning Indicators",2024,"United Nations Population Division",152,"Chile","CL","CHL",65,"2014",4,"Median",2,"Female",31,15,49,"15-49",99,"All women",1,"Model-based Estimates",3,"Projection",6.7
4,"Unmet need for family planning: Any method (Percent)","Unmet need","Estimates and Projections of Family Planning Indicators",2024,"United Nations Population Division",152,"Chile","CL","CHL",66,"2015",4,"Median",2,"Female",31,15,49,"15-49",99,"All women",1,"Model-based Estimates",3,"Projection",6.5
4,"Unmet need for family planning: Any method (Percent)","Unmet need","Estimates and Projections of Family Planning Indicators",2024,"United Nations Population Division",152,"Chile","CL","CHL",67,"2016",4,"Median",2,"Female",31,15,49,"15-49",99,"All women",1,"Model-based Estimates",3,"Projection",6.3
4,"Unmet need for family planning: Any method (Percent)","Unmet need","Estimates and Projections of Family Planning Indicators",2024,"United Nations Population Division",152,"Chile","CL","CHL",68,"2017",4,"Median",2,"Female",31,15,49,"15-49",99,"All women",1,"Model-based Estimates",3,"Projection",6.2
4,"Unmet need for family planning: Any method (Percent)","Unmet need","Estimates and Projections of Family Planning Indicators",2024,"United Nations Population Division",152,"Chile","CL","CHL",69,"2018",4,"Median",2,"Female",31,15,49,"15-49",99,"All women",1,"Model-based Estimates",3,"Projection",6.1
4,"Unmet need for family planning: Any method (Percent)","Unmet need","Estimates and Projections of Family Planning Indicators",2024,"United Nations Population Division",152,"Chile","CL","CHL",70,"2019",4,"Median",2,"Female",31,15,49,"15-49",99,"All women",1,"Model-based Estimates",3,"Projection",6.1
4,"Unmet need for family planning: Any method (Percent)","Unmet need","Estimates and Projections of Family Planning Indicators",2024,"United Nations Population Division",152,"Chile","CL","CHL",71,"2020",4,"Median",2,"Female",31,15,49,"15-49",99,"All women",1,"Model-based Estimates",3,"Projection",6
4,"Unmet need for family planning: Any method (Percent)","Unmet need","Estimates and Projections of Family Planning Indicators",2024,"United Nations Population Division",152,"Chile","CL","CHL",72,"2021",4,"Median",2,"Female",31,15,49,"15-49",99,"All women",1,"Model-based Estimates",3,"Projection",6
4,"Unmet need for family planning: Any method (Percent)","Unmet need","Estimates and Projections of Family Planning Indicators",2024,"United Nations Population Division",152,"Chile","CL","CHL",73,"2022",4,"Median",2,"Female",31,15,49,"15-49",99,"All women",1,"Model-based Estimates",3,"Projection",6
4,"Unmet need for family planning: Any method (Percent)","Unmet need","Estimates and Projections of Family Planning Indicators",2024,"United Nations Population Division",170,"Colombia","CO","COL",59,"2008",4,"Median",2,"Female",31,15,49,"15-49",99,"All women",1,"Model-based Estimates",2,"Interpolation",6.4
4,"Unmet need for family planning: Any method (Percent)","Unmet need","Estimates and Projections of Family Planning Indicators",2024,"United Nations Population Division",170,"Colombia","CO","COL",60,"2009",4,"Median",2,"Female",31,15,49,"15-49",99,"All women",1,"Model-based Estimates",2,"Interpolation",6.3
4,"Unmet need for family planning: Any method (Percent)","Unmet need","Estimates and Projections of Family Planning Indicators",2024,"United Nations Population Division",170,"Colombia","CO","COL",61,"2010",4,"Median",2,"Female",31,15,49,"15-49",99,"All women",1,"Model-based Estimates",2,"Interpolation",6.2
4,"Unmet need for family planning: Any method (Percent)","Unmet need","Estimates and Projections of Family Planning Indicators",2024,"United Nations Population Division",170,"Colombia","CO","COL",62,"2011",4,"Median",2,"Female",31,15,49,"15-49",99,"All women",1,"Model-based Estimates",2,"Interpolation",6.1
4,"Unmet need for family planning: Any method (Percent)","Unmet need","Estimates and Projections of Family Planning Indicators",2024,"United Nations Population Division",170,"Colombia","CO","COL",63,"2012",4,"Median",2,"Female",31,15,49,"15-49",99,"All women",1,"Model-based Estimates",2,"Interpolation",6
4,"Unmet need for family planning: Any method (Percent)","Unmet need","Estimates and Projections of Family Planning Indicators",2024,"United Nations Population Division",170,"Colombia","CO","COL",64,"2013",4,"Median",2,"Female",31,15,49,"15-49",99,"All women",1,"Model-based Estimates",2,"Interpolation",5.9
4,"Unmet need for family planning: Any method (Percent)","Unmet need","Estimates and Projections of Family Planning Indicators",2024,"United Nations Population Division",170,"Colombia","CO","COL",65,"2014",4,"Median",2,"Female",31,15,49,"15-49",99,"All women",1,"Model-based Estimates",2,"Interpolation",5.8
4,"Unmet need for family planning: Any method (Percent)","Unmet need","Estimates and Projections of Family Planning Indicators",2024,"United Nations Population Division",170,"Colombia","CO","COL",66,"2015",4,"Median",2,"Female",31,15,49,"15-49",99,"All women",1,"Model-based Estimates",2,"Interpolation",5.8
4,"Unmet need for family planning: Any method (Percent)","Unmet need","Estimates and Projections of Family Planning Indicators",2024,"United Nations Population Division",170,"Colombia","CO","COL",67,"2016",4,"Median",2,"Female",31,15,49,"15-49",99,"All women",1,"Model-based Estimates",2,"Interpolation",5.7
4,"Unmet need for family planning: Any method (Percent)","Unmet need","Estimates and Projections of Family Planning Indicators",2024,"United Nations Population Division",170,"Colombia","CO","COL",68,"2017",4,"Median",2,"Female",31,15,49,"15-49",99,"All women",1,"Model-based Estimates",3,"Projection",5.6
4,"Unmet need for family planning: Any method (Percent)","Unmet need","Estimates and Projections of Family Planning Indicators",2024,"United Nations Population Division",170,"Colombia","CO","COL",69,"2018",4,"Median",2,"Female",31,15,49,"15-49",99,"All women",1,"Model-based Estimates",3,"Projection",5.6
4,"Unmet need for family planning: Any method (Percent)","Unmet need","Estimates and Projections of Family Planning Indicators",2024,"United Nations Population Division",170,"Colombia","CO","COL",70,"2019",4,"Median",2,"Female",31,15,49,"15-49",99,"All women",1,"Model-based Estimates",3,"Projection",5.5
4,"Unmet need for family planning: Any method (Percent)","Unmet need","Estimates and Projections of Family Planning Indicators",2024,"United Nations Population Division",170,"Colombia","CO","COL",71,"2020",4,"Median",2,"Female",31,15,49,"15-49",99,"All women",1,"Model-based Estimates",3,"Projection",5.5
4,"Unmet need for family planning: Any method (Percent)","Unmet need","Estimates and Projections of Family Planning Indicators",2024,"United Nations Population Division",170,"Colombia","CO","COL",72,"2021",4,"Median",2,"Female",31,15,49,"15-49",99,"All women",1,"Model-based Estimates",3,"Projection",5.4
4,"Unmet need for family planning: Any method (Percent)","Unmet need","Estimates and Projections of Family Planning Indicators",2024,"United Nations Population Division",170,"Colombia","CO","COL",73,"2022",4,"Median",2,"Female",31,15,49,"15-49",99,"All women",1,"Model-based Estimates",3,"Projection",5.4
4,"Unmet need for family planning: Any method (Percent)","Unmet need","Estimates and Projections of Family Planning Indicators",2024,"United Nations Population Division",188,"Costa Rica","CR","CRI",59,"2008",4,"Median",2,"Female",31,15,49,"15-49",99,"All women",1,"Model-based Estimates",2,"Interpolation",7.9
4,"Unmet need for family planning: Any method (Percent)","Unmet need","Estimates and Projections of Family Planning Indicators",2024,"United Nations Population Division",188,"Costa Rica","CR","CRI",60,"2009",4,"Median",2,"Female",31,15,49,"15-49",99,"All women",1,"Model-based Estimates",2,"Interpolation",8.1
4,"Unmet need for family planning: Any method (Percent)","Unmet need","Estimates and Projections of Family Planning Indicators",2024,"United Nations Population Division",188,"Costa Rica","CR","CRI",61,"2010",4,"Median",2,"Female",31,15,49,"15-49",99,"All women",1,"Model-based Estimates",2,"Interpolation",8.2
4,"Unmet need for family planning: Any method (Percent)","Unmet need","Estimates and Projections of Family Planning Indicators",2024,"United Nations Population Division",188,"Costa Rica","CR","CRI",62,"2011",4,"Median",2,"Female",31,15,49,"15-49",99,"All women",1,"Model-based Estimates",2,"Interpolation",8.3
4,"Unmet need for family planning: Any method (Percent)","Unmet need","Estimates and Projections of Family Planning Indicators",2024,"United Nations Population Division",188,"Costa Rica","CR","CRI",63,"2012",4,"Median",2,"Female",31,15,49,"15-49",99,"All women",1,"Model-based Estimates",2,"Interpolation",8.4
4,"Unmet need for family planning: Any method (Percent)","Unmet need","Estimates and Projections of Family Planning Indicators",2024,"United Nations Population Division",188,"Costa Rica","CR","CRI",64,"2013",4,"Median",2,"Female",31,15,49,"15-49",99,"All women",1,"Model-based Estimates",2,"Interpolation",8.5
4,"Unmet need for family planning: Any method (Percent)","Unmet need","Estimates and Projections of Family Planning Indicators",2024,"United Nations Population Division",188,"Costa Rica","CR","CRI",65,"2014",4,"Median",2,"Female",31,15,49,"15-49",99,"All women",1,"Model-based Estimates",2,"Interpolation",8.6
4,"Unmet need for family planning: Any method (Percent)","Unmet need","Estimates and Projections of Family Planning Indicators",2024,"United Nations Population Division",188,"Costa Rica","CR","CRI",66,"2015",4,"Median",2,"Female",31,15,49,"15-49",99,"All women",1,"Model-based Estimates",2,"Interpolation",8.8
4,"Unmet need for family planning: Any method (Percent)","Unmet need","Estimates and Projections of Family Planning Indicators",2024,"United Nations Population Division",188,"Costa Rica","CR","CRI",67,"2016",4,"Median",2,"Female",31,15,49,"15-49",99,"All women",1,"Model-based Estimates",2,"Interpolation",8.9
4,"Unmet need for family planning: Any method (Percent)","Unmet need","Estimates and Projections of Family Planning Indicators",2024,"United Nations Population Division",188,"Costa Rica","CR","CRI",68,"2017",4,"Median",2,"Female",31,15,49,"15-49",99,"All women",1,"Model-based Estimates",2,"Interpolation",9.1
4,"Unmet need for family planning: Any method (Percent)","Unmet need","Estimates and Projections of Family Planning Indicators",2024,"United Nations Population Division",188,"Costa Rica","CR","CRI",69,"2018",4,"Median",2,"Female",31,15,49,"15-49",99,"All women",1,"Model-based Estimates",2,"Interpolation",9.2
4,"Unmet need for family planning: Any method (Percent)","Unmet need","Estimates and Projections of Family Planning Indicators",2024,"United Nations Population Division",188,"Costa Rica","CR","CRI",70,"2019",4,"Median",2,"Female",31,15,49,"15-49",99,"All women",1,"Model-based Estimates",3,"Projection",9.2
4,"Unmet need for family planning: Any method (Percent)","Unmet need","Estimates and Projections of Family Planning Indicators",2024,"United Nations Population Division",188,"Costa Rica","CR","CRI",71,"2020",4,"Median",2,"Female",31,15,49,"15-49",99,"All women",1,"Model-based Estimates",3,"Projection",9.1
4,"Unmet need for family planning: Any method (Percent)","Unmet need","Estimates and Projections of Family Planning Indicators",2024,"United Nations Population Division",188,"Costa Rica","CR","CRI",72,"2021",4,"Median",2,"Female",31,15,49,"15-49",99,"All women",1,"Model-based Estimates",3,"Projection",9
4,"Unmet need for family planning: Any method (Percent)","Unmet need","Estimates and Projections of Family Planning Indicators",2024,"United Nations Population Division",188,"Costa Rica","CR","CRI",73,"2022",4,"Median",2,"Female",31,15,49,"15-49",99,"All women",1,"Model-based Estimates",3,"Projection",8.9
4,"Unmet need for family planning: Any method (Percent)","Unmet need","Estimates and Projections of Family Planning Indicators",2024,"United Nations Population Division",192,"Cuba","CU","CUB",59,"2008",4,"Median",2,"Female",31,15,49,"15-49",99,"All women",1,"Model-based Estimates",3,"Projection",8.8
4,"Unmet need for family planning: Any method (Percent)","Unmet need","Estimates and Projections of Family Planning Indicators",2024,"United Nations Population Division",192,"Cuba","CU","CUB",60,"2009",4,"Median",2,"Female",31,15,49,"15-49",99,"All women",1,"Model-based Estimates",3,"Projection",8.6
4,"Unmet need for family planning: Any method (Percent)","Unmet need","Estimates and Projections of Family Planning Indicators",2024,"United Nations Population Division",192,"Cuba","CU","CUB",61,"2010",4,"Median",2,"Female",31,15,49,"15-49",99,"All women",1,"Model-based Estimates",2,"Interpolation",8.5
4,"Unmet need for family planning: Any method (Percent)","Unmet need","Estimates and Projections of Family Planning Indicators",2024,"United Nations Population Division",192,"Cuba","CU","CUB",62,"2011",4,"Median",2,"Female",31,15,49,"15-49",99,"All women",1,"Model-based Estimates",2,"Interpolation",8.4
4,"Unmet need for family planning: Any method (Percent)","Unmet need","Estimates and Projections of Family Planning Indicators",2024,"United Nations Population Division",192,"Cuba","CU","CUB",63,"2012",4,"Median",2,"Female",31,15,49,"15-49",99,"All women",1,"Model-based Estimates",2,"Interpolation",8.3
4,"Unmet need for family planning: Any method (Percent)","Unmet need","Estimates and Projections of Family Planning Indicators",2024,"United Nations Population Division",192,"Cuba","CU","CUB",64,"2013",4,"Median",2,"Female",31,15,49,"15-49",99,"All women",1,"Model-based Estimates",2,"Interpolation",8.3
4,"Unmet need for family planning: Any method (Percent)","Unmet need","Estimates and Projections of Family Planning Indicators",2024,"United Nations Population Division",192,"Cuba","CU","CUB",65,"2014",4,"Median",2,"Female",31,15,49,"15-49",99,"All women",1,"Model-based Estimates",2,"Interpolation",8.4
4,"Unmet need for family planning: Any method (Percent)","Unmet need","Estimates and Projections of Family Planning Indicators",2024,"United Nations Population Division",192,"Cuba","CU","CUB",66,"2015",4,"Median",2,"Female",31,15,49,"15-49",99,"All women",1,"Model-based Estimates",2,"Interpolation",8.5
4,"Unmet need for family planning: Any method (Percent)","Unmet need","Estimates and Projections of Family Planning Indicators",2024,"United Nations Population Division",192,"Cuba","CU","CUB",67,"2016",4,"Median",2,"Female",31,15,49,"15-49",99,"All women",1,"Model-based Estimates",2,"Interpolation",8.7
4,"Unmet need for family planning: Any method (Percent)","Unmet need","Estimates and Projections of Family Planning Indicators",2024,"United Nations Population Division",192,"Cuba","CU","CUB",68,"2017",4,"Median",2,"Female",31,15,49,"15-49",99,"All women",1,"Model-based Estimates",2,"Interpolation",8.9
4,"Unmet need for family planning: Any method (Percent)","Unmet need","Estimates and Projections of Family Planning Indicators",2024,"United Nations Population Division",192,"Cuba","CU","CUB",69,"2018",4,"Median",2,"Female",31,15,49,"15-49",99,"All women",1,"Model-based Estimates",2,"Interpolation",9.2
4,"Unmet need for family planning: Any method (Percent)","Unmet need","Estimates and Projections of Family Planning Indicators",2024,"United Nations Population Division",192,"Cuba","CU","CUB",70,"2019",4,"Median",2,"Female",31,15,49,"15-49",99,"All women",1,"Model-based Estimates",2,"Interpolation",9.4
4,"Unmet need for family planning: Any method (Percent)","Unmet need","Estimates and Projections of Family Planning Indicators",2024,"United Nations Population Division",192,"Cuba","CU","CUB",71,"2020",4,"Median",2,"Female",31,15,49,"15-49",99,"All women",1,"Model-based Estimates",3,"Projection",9.7
4,"Unmet need for family planning: Any method (Percent)","Unmet need","Estimates and Projections of Family Planning Indicators",2024,"United Nations Population Division",192,"Cuba","CU","CUB",72,"2021",4,"Median",2,"Female",31,15,49,"15-49",99,"All women",1,"Model-based Estimates",3,"Projection",10
4,"Unmet need for family planning: Any method (Percent)","Unmet need","Estimates and Projections of Family Planning Indicators",2024,"United Nations Population Division",192,"Cuba","CU","CUB",73,"2022",4,"Median",2,"Female",31,15,49,"15-49",99,"All women",1,"Model-based Estimates",3,"Projection",10.2
4,"Unmet need for family planning: Any method (Percent)","Unmet need","Estimates and Projections of Family Planning Indicators",2024,"United Nations Population Division",212,"Dominica","DM","DMA",59,"2008",4,"Median",2,"Female",31,15,49,"15-49",99,"All women",1,"Model-based Estimates",3,"Projection",11.5
4,"Unmet need for family planning: Any method (Percent)","Unmet need","Estimates and Projections of Family Planning Indicators",2024,"United Nations Population Division",212,"Dominica","DM","DMA",60,"2009",4,"Median",2,"Female",31,15,49,"15-49",99,"All women",1,"Model-based Estimates",3,"Projection",11.5
4,"Unmet need for family planning: Any method (Percent)","Unmet need","Estimates and Projections of Family Planning Indicators",2024,"United Nations Population Division",212,"Dominica","DM","DMA",61,"2010",4,"Median",2,"Female",31,15,49,"15-49",99,"All women",1,"Model-based Estimates",3,"Projection",11.4
4,"Unmet need for family planning: Any method (Percent)","Unmet need","Estimates and Projections of Family Planning Indicators",2024,"United Nations Population Division",212,"Dominica","DM","DMA",62,"2011",4,"Median",2,"Female",31,15,49,"15-49",99,"All women",1,"Model-based Estimates",3,"Projection",11.4
4,"Unmet need for family planning: Any method (Percent)","Unmet need","Estimates and Projections of Family Planning Indicators",2024,"United Nations Population Division",212,"Dominica","DM","DMA",63,"2012",4,"Median",2,"Female",31,15,49,"15-49",99,"All women",1,"Model-based Estimates",3,"Projection",11.3
4,"Unmet need for family planning: Any method (Percent)","Unmet need","Estimates and Projections of Family Planning Indicators",2024,"United Nations Population Division",212,"Dominica","DM","DMA",64,"2013",4,"Median",2,"Female",31,15,49,"15-49",99,"All women",1,"Model-based Estimates",3,"Projection",11.3
4,"Unmet need for family planning: Any method (Percent)","Unmet need","Estimates and Projections of Family Planning Indicators",2024,"United Nations Population Division",212,"Dominica","DM","DMA",65,"2014",4,"Median",2,"Female",31,15,49,"15-49",99,"All women",1,"Model-based Estimates",3,"Projection",11.2
4,"Unmet need for family planning: Any method (Percent)","Unmet need","Estimates and Projections of Family Planning Indicators",2024,"United Nations Population Division",212,"Dominica","DM","DMA",66,"2015",4,"Median",2,"Female",31,15,49,"15-49",99,"All women",1,"Model-based Estimates",3,"Projection",11.2
4,"Unmet need for family planning: Any method (Percent)","Unmet need","Estimates and Projections of Family Planning Indicators",2024,"United Nations Population Division",212,"Dominica","DM","DMA",67,"2016",4,"Median",2,"Female",31,15,49,"15-49",99,"All women",1,"Model-based Estimates",3,"Projection",11.2
4,"Unmet need for family planning: Any method (Percent)","Unmet need","Estimates and Projections of Family Planning Indicators",2024,"United Nations Population Division",212,"Dominica","DM","DMA",68,"2017",4,"Median",2,"Female",31,15,49,"15-49",99,"All women",1,"Model-based Estimates",3,"Projection",11.2
4,"Unmet need for family planning: Any method (Percent)","Unmet need","Estimates and Projections of Family Planning Indicators",2024,"United Nations Population Division",212,"Dominica","DM","DMA",69,"2018",4,"Median",2,"Female",31,15,49,"15-49",99,"All women",1,"Model-based Estimates",3,"Projection",11.1
4,"Unmet need for family planning: Any method (Percent)","Unmet need","Estimates and Projections of Family Planning Indicators",2024,"United Nations Population Division",212,"Dominica","DM","DMA",70,"2019",4,"Median",2,"Female",31,15,49,"15-49",99,"All women",1,"Model-based Estimates",3,"Projection",11.1
4,"Unmet need for family planning: Any method (Percent)","Unmet need","Estimates and Projections of Family Planning Indicators",2024,"United Nations Population Division",212,"Dominica","DM","DMA",71,"2020",4,"Median",2,"Female",31,15,49,"15-49",99,"All women",1,"Model-based Estimates",3,"Projection",11.1
4,"Unmet need for family planning: Any method (Percent)","Unmet need","Estimates and Projections of Family Planning Indicators",2024,"United Nations Population Division",212,"Dominica","DM","DMA",72,"2021",4,"Median",2,"Female",31,15,49,"15-49",99,"All women",1,"Model-based Estimates",3,"Projection",11.1
4,"Unmet need for family planning: Any method (Percent)","Unmet need","Estimates and Projections of Family Planning Indicators",2024,"United Nations Population Division",212,"Dominica","DM","DMA",73,"2022",4,"Median",2,"Female",31,15,49,"15-49",99,"All women",1,"Model-based Estimates",3,"Projection",11
4,"Unmet need for family planning: Any method (Percent)","Unmet need","Estimates and Projections of Family Planning Indicators",2024,"United Nations Population Division",214,"Dominican Republic","DO","DOM",59,"2008",4,"Median",2,"Female",31,15,49,"15-49",99,"All women",1,"Model-based Estimates",2,"Interpolation",8.9
4,"Unmet need for family planning: Any method (Percent)","Unmet need","Estimates and Projections of Family Planning Indicators",2024,"United Nations Population Division",214,"Dominican Republic","DO","DOM",60,"2009",4,"Median",2,"Female",31,15,49,"15-49",99,"All women",1,"Model-based Estimates",2,"Interpolation",8.7
4,"Unmet need for family planning: Any method (Percent)","Unmet need","Estimates and Projections of Family Planning Indicators",2024,"United Nations Population Division",214,"Dominican Republic","DO","DOM",61,"2010",4,"Median",2,"Female",31,15,49,"15-49",99,"All women",1,"Model-based Estimates",2,"Interpolation",8.7
4,"Unmet need for family planning: Any method (Percent)","Unmet need","Estimates and Projections of Family Planning Indicators",2024,"United Nations Population Division",214,"Dominican Republic","DO","DOM",62,"2011",4,"Median",2,"Female",31,15,49,"15-49",99,"All women",1,"Model-based Estimates",2,"Interpolation",8.6
4,"Unmet need for family planning: Any method (Percent)","Unmet need","Estimates and Projections of Family Planning Indicators",2024,"United Nations Population Division",214,"Dominican Republic","DO","DOM",63,"2012",4,"Median",2,"Female",31,15,49,"15-49",99,"All women",1,"Model-based Estimates",2,"Interpolation",8.7
4,"Unmet need for family planning: Any method (Percent)","Unmet need","Estimates and Projections of Family Planning Indicators",2024,"United Nations Population Division",214,"Dominican Republic","DO","DOM",64,"2013",4,"Median",2,"Female",31,15,49,"15-49",99,"All women",1,"Model-based Estimates",2,"Interpolation",8.7
4,"Unmet need for family planning: Any method (Percent)","Unmet need","Estimates and Projections of Family Planning Indicators",2024,"United Nations Population Division",214,"Dominican Republic","DO","DOM",65,"2014",4,"Median",2,"Female",31,15,49,"15-49",99,"All women",1,"Model-based Estimates",2,"Interpolation",8.8
4,"Unmet need for family planning: Any method (Percent)","Unmet need","Estimates and Projections of Family Planning Indicators",2024,"United Nations Population Division",214,"Dominican Republic","DO","DOM",66,"2015",4,"Median",2,"Female",31,15,49,"15-49",99,"All women",1,"Model-based Estimates",2,"Interpolation",8.8
4,"Unmet need for family planning: Any method (Percent)","Unmet need","Estimates and Projections of Family Planning Indicators",2024,"United Nations Population Division",214,"Dominican Republic","DO","DOM",67,"2016",4,"Median",2,"Female",31,15,49,"15-49",99,"All women",1,"Model-based Estimates",2,"Interpolation",8.7
4,"Unmet need for family planning: Any method (Percent)","Unmet need","Estimates and Projections of Family Planning Indicators",2024,"United Nations Population Division",214,"Dominican Republic","DO","DOM",68,"2017",4,"Median",2,"Female",31,15,49,"15-49",99,"All women",1,"Model-based Estimates",2,"Interpolation",8.6
4,"Unmet need for family planning: Any method (Percent)","Unmet need","Estimates and Projections of Family Planning Indicators",2024,"United Nations Population Division",214,"Dominican Republic","DO","DOM",69,"2018",4,"Median",2,"Female",31,15,49,"15-49",99,"All women",1,"Model-based Estimates",2,"Interpolation",8.5
4,"Unmet need for family planning: Any method (Percent)","Unmet need","Estimates and Projections of Family Planning Indicators",2024,"United Nations Population Division",214,"Dominican Republic","DO","DOM",70,"2019",4,"Median",2,"Female",31,15,49,"15-49",99,"All women",1,"Model-based Estimates",2,"Interpolation",8.4
4,"Unmet need for family planning: Any method (Percent)","Unmet need","Estimates and Projections of Family Planning Indicators",2024,"United Nations Population Division",214,"Dominican Republic","DO","DOM",71,"2020",4,"Median",2,"Female",31,15,49,"15-49",99,"All women",1,"Model-based Estimates",3,"Projection",8.4
4,"Unmet need for family planning: Any method (Percent)","Unmet need","Estimates and Projections of Family Planning Indicators",2024,"United Nations Population Division",214,"Dominican Republic","DO","DOM",72,"2021",4,"Median",2,"Female",31,15,49,"15-49",99,"All women",1,"Model-based Estimates",3,"Projection",8.3
4,"Unmet need for family planning: Any method (Percent)","Unmet need","Estimates and Projections of Family Planning Indicators",2024,"United Nations Population Division",214,"Dominican Republic","DO","DOM",73,"2022",4,"Median",2,"Female",31,15,49,"15-49",99,"All women",1,"Model-based Estimates",3,"Projection",8.2
4,"Unmet need for family planning: Any method (Percent)","Unmet need","Estimates and Projections of Family Planning Indicators",2024,"United Nations Population Division",218,"Ecuador","EC","ECU",59,"2008",4,"Median",2,"Female",31,15,49,"15-49",99,"All women",1,"Model-based Estimates",2,"Interpolation",6.7
4,"Unmet need for family planning: Any method (Percent)","Unmet need","Estimates and Projections of Family Planning Indicators",2024,"United Nations Population Division",218,"Ecuador","EC","ECU",60,"2009",4,"Median",2,"Female",31,15,49,"15-49",99,"All women",1,"Model-based Estimates",2,"Interpolation",6.6
4,"Unmet need for family planning: Any method (Percent)","Unmet need","Estimates and Projections of Family Planning Indicators",2024,"United Nations Population Division",218,"Ecuador","EC","ECU",61,"2010",4,"Median",2,"Female",31,15,49,"15-49",99,"All women",1,"Model-based Estimates",2,"Interpolation",6.5
4,"Unmet need for family planning: Any method (Percent)","Unmet need","Estimates and Projections of Family Planning Indicators",2024,"United Nations Population Division",218,"Ecuador","EC","ECU",62,"2011",4,"Median",2,"Female",31,15,49,"15-49",99,"All women",1,"Model-based Estimates",2,"Interpolation",6.5
4,"Unmet need for family planning: Any method (Percent)","Unmet need","Estimates and Projections of Family Planning Indicators",2024,"United Nations Population Division",218,"Ecuador","EC","ECU",63,"2012",4,"Median",2,"Female",31,15,49,"15-49",99,"All women",1,"Model-based Estimates",2,"Interpolation",6.5
4,"Unmet need for family planning: Any method (Percent)","Unmet need","Estimates and Projections of Family Planning Indicators",2024,"United Nations Population Division",218,"Ecuador","EC","ECU",64,"2013",4,"Median",2,"Female",31,15,49,"15-49",99,"All women",1,"Model-based Estimates",2,"Interpolation",6.6
4,"Unmet need for family planning: Any method (Percent)","Unmet need","Estimates and Projections of Family Planning Indicators",2024,"United Nations Population Division",218,"Ecuador","EC","ECU",65,"2014",4,"Median",2,"Female",31,15,49,"15-49",99,"All women",1,"Model-based Estimates",2,"Interpolation",6.8
4,"Unmet need for family planning: Any method (Percent)","Unmet need","Estimates and Projections of Family Planning Indicators",2024,"United Nations Population Division",218,"Ecuador","EC","ECU",66,"2015",4,"Median",2,"Female",31,15,49,"15-49",99,"All women",1,"Model-based Estimates",2,"Interpolation",6.8
4,"Unmet need for family planning: Any method (Percent)","Unmet need","Estimates and Projections of Family Planning Indicators",2024,"United Nations Population Division",218,"Ecuador","EC","ECU",67,"2016",4,"Median",2,"Female",31,15,49,"15-49",99,"All women",1,"Model-based Estimates",2,"Interpolation",6.9
4,"Unmet need for family planning: Any method (Percent)","Unmet need","Estimates and Projections of Family Planning Indicators",2024,"United Nations Population Division",218,"Ecuador","EC","ECU",68,"2017",4,"Median",2,"Female",31,15,49,"15-49",99,"All women",1,"Model-based Estimates",2,"Interpolation",7
4,"Unmet need for family planning: Any method (Percent)","Unmet need","Estimates and Projections of Family Planning Indicators",2024,"United Nations Population Division",218,"Ecuador","EC","ECU",69,"2018",4,"Median",2,"Female",31,15,49,"15-49",99,"All women",1,"Model-based Estimates",2,"Interpolation",7.1
4,"Unmet need for family planning: Any method (Percent)","Unmet need","Estimates and Projections of Family Planning Indicators",2024,"United Nations Population Division",218,"Ecuador","EC","ECU",70,"2019",4,"Median",2,"Female",31,15,49,"15-49",99,"All women",1,"Model-based Estimates",2,"Interpolation",7.1
4,"Unmet need for family planning: Any method (Percent)","Unmet need","Estimates and Projections of Family Planning Indicators",2024,"United Nations Population Division",218,"Ecuador","EC","ECU",71,"2020",4,"Median",2,"Female",31,15,49,"15-49",99,"All women",1,"Model-based Estimates",3,"Projection",7
4,"Unmet need for family planning: Any method (Percent)","Unmet need","Estimates and Projections of Family Planning Indicators",2024,"United Nations Population Division",218,"Ecuador","EC","ECU",72,"2021",4,"Median",2,"Female",31,15,49,"15-49",99,"All women",1,"Model-based Estimates",3,"Projection",7
4,"Unmet need for family planning: Any method (Percent)","Unmet need","Estimates and Projections of Family Planning Indicators",2024,"United Nations Population Division",218,"Ecuador","EC","ECU",73,"2022",4,"Median",2,"Female",31,15,49,"15-49",99,"All women",1,"Model-based Estimates",3,"Projection",6.9
4,"Unmet need for family planning: Any method (Percent)","Unmet need","Estimates and Projections of Family Planning Indicators",2024,"United Nations Population Division",222,"El Salvador","SV","SLV",59,"2008",4,"Median",2,"Female",31,15,49,"15-49",99,"All women",1,"Model-based Estimates",2,"Interpolation",9.3
4,"Unmet need for family planning: Any method (Percent)","Unmet need","Estimates and Projections of Family Planning Indicators",2024,"United Nations Population Division",222,"El Salvador","SV","SLV",60,"2009",4,"Median",2,"Female",31,15,49,"15-49",99,"All women",1,"Model-based Estimates",2,"Interpolation",9.1
4,"Unmet need for family planning: Any method (Percent)","Unmet need","Estimates and Projections of Family Planning Indicators",2024,"United Nations Population Division",222,"El Salvador","SV","SLV",61,"2010",4,"Median",2,"Female",31,15,49,"15-49",99,"All women",1,"Model-based Estimates",2,"Interpolation",9
4,"Unmet need for family planning: Any method (Percent)","Unmet need","Estimates and Projections of Family Planning Indicators",2024,"United Nations Population Division",222,"El Salvador","SV","SLV",62,"2011",4,"Median",2,"Female",31,15,49,"15-49",99,"All women",1,"Model-based Estimates",2,"Interpolation",8.9
4,"Unmet need for family planning: Any method (Percent)","Unmet need","Estimates and Projections of Family Planning Indicators",2024,"United Nations Population Division",222,"El Salvador","SV","SLV",63,"2012",4,"Median",2,"Female",31,15,49,"15-49",99,"All women",1,"Model-based Estimates",2,"Interpolation",8.8
4,"Unmet need for family planning: Any method (Percent)","Unmet need","Estimates and Projections of Family Planning Indicators",2024,"United Nations Population Division",222,"El Salvador","SV","SLV",64,"2013",4,"Median",2,"Female",31,15,49,"15-49",99,"All women",1,"Model-based Estimates",2,"Interpolation",8.8
4,"Unmet need for family planning: Any method (Percent)","Unmet need","Estimates and Projections of Family Planning Indicators",2024,"United Nations Population Division",222,"El Salvador","SV","SLV",65,"2014",4,"Median",2,"Female",31,15,49,"15-49",99,"All women",1,"Model-based Estimates",2,"Interpolation",8.7
4,"Unmet need for family planning: Any method (Percent)","Unmet need","Estimates and Projections of Family Planning Indicators",2024,"United Nations Population Division",222,"El Salvador","SV","SLV",66,"2015",4,"Median",2,"Female",31,15,49,"15-49",99,"All women",1,"Model-based Estimates",2,"Interpolation",8.6
4,"Unmet need for family planning: Any method (Percent)","Unmet need","Estimates and Projections of Family Planning Indicators",2024,"United Nations Population Division",222,"El Salvador","SV","SLV",67,"2016",4,"Median",2,"Female",31,15,49,"15-49",99,"All women",1,"Model-based Estimates",2,"Interpolation",8.5
4,"Unmet need for family planning: Any method (Percent)","Unmet need","Estimates and Projections of Family Planning Indicators",2024,"United Nations Population Division",222,"El Salvador","SV","SLV",68,"2017",4,"Median",2,"Female",31,15,49,"15-49",99,"All women",1,"Model-based Estimates",2,"Interpolation",8.5
4,"Unmet need for family planning: Any method (Percent)","Unmet need","Estimates and Projections of Family Planning Indicators",2024,"United Nations Population Division",222,"El Salvador","SV","SLV",69,"2018",4,"Median",2,"Female",31,15,49,"15-49",99,"All women",1,"Model-based Estimates",2,"Interpolation",8.4
4,"Unmet need for family planning: Any method (Percent)","Unmet need","Estimates and Projections of Family Planning Indicators",2024,"United Nations Population Division",222,"El Salvador","SV","SLV",70,"2019",4,"Median",2,"Female",31,15,49,"15-49",99,"All women",1,"Model-based Estimates",2,"Interpolation",8.4
4,"Unmet need for family planning: Any method (Percent)","Unmet need","Estimates and Projections of Family Planning Indicators",2024,"United Nations Population Division",222,"El Salvador","SV","SLV",71,"2020",4,"Median",2,"Female",31,15,49,"15-49",99,"All women",1,"Model-based Estimates",2,"Interpolation",8.3
4,"Unmet need for family planning: Any method (Percent)","Unmet need","Estimates and Projections of Family Planning Indicators",2024,"United Nations Population Division",222,"El Salvador","SV","SLV",72,"2021",4,"Median",2,"Female",31,15,49,"15-49",99,"All women",1,"Model-based Estimates",2,"Interpolation",8.2
4,"Unmet need for family planning: Any method (Percent)","Unmet need","Estimates and Projections of Family Planning Indicators",2024,"United Nations Population Division",222,"El Salvador","SV","SLV",73,"2022",4,"Median",2,"Female",31,15,49,"15-49",99,"All women",1,"Model-based Estimates",3,"Projection",8.2
4,"Unmet need for family planning: Any method (Percent)","Unmet need","Estimates and Projections of Family Planning Indicators",2024,"United Nations Population Division",308,"Grenada","GD","GRD",59,"2008",4,"Median",2,"Female",31,15,49,"15-49",99,"All women",1,"Model-based Estimates",3,"Projection",10.5
4,"Unmet need for family planning: Any method (Percent)","Unmet need","Estimates and Projections of Family Planning Indicators",2024,"United Nations Population Division",308,"Grenada","GD","GRD",60,"2009",4,"Median",2,"Female",31,15,49,"15-49",99,"All women",1,"Model-based Estimates",3,"Projection",10.5
4,"Unmet need for family planning: Any method (Percent)","Unmet need","Estimates and Projections of Family Planning Indicators",2024,"United Nations Population Division",308,"Grenada","GD","GRD",61,"2010",4,"Median",2,"Female",31,15,49,"15-49",99,"All women",1,"Model-based Estimates",3,"Projection",10.4
4,"Unmet need for family planning: Any method (Percent)","Unmet need","Estimates and Projections of Family Planning Indicators",2024,"United Nations Population Division",308,"Grenada","GD","GRD",62,"2011",4,"Median",2,"Female",31,15,49,"15-49",99,"All women",1,"Model-based Estimates",3,"Projection",10.4
4,"Unmet need for family planning: Any method (Percent)","Unmet need","Estimates and Projections of Family Planning Indicators",2024,"United Nations Population Division",308,"Grenada","GD","GRD",63,"2012",4,"Median",2,"Female",31,15,49,"15-49",99,"All women",1,"Model-based Estimates",3,"Projection",10.4
4,"Unmet need for family planning: Any method (Percent)","Unmet need","Estimates and Projections of Family Planning Indicators",2024,"United Nations Population Division",308,"Grenada","GD","GRD",64,"2013",4,"Median",2,"Female",31,15,49,"15-49",99,"All women",1,"Model-based Estimates",3,"Projection",10.3
4,"Unmet need for family planning: Any method (Percent)","Unmet need","Estimates and Projections of Family Planning Indicators",2024,"United Nations Population Division",308,"Grenada","GD","GRD",65,"2014",4,"Median",2,"Female",31,15,49,"15-49",99,"All women",1,"Model-based Estimates",3,"Projection",10.3
4,"Unmet need for family planning: Any method (Percent)","Unmet need","Estimates and Projections of Family Planning Indicators",2024,"United Nations Population Division",308,"Grenada","GD","GRD",66,"2015",4,"Median",2,"Female",31,15,49,"15-49",99,"All women",1,"Model-based Estimates",3,"Projection",10.3
4,"Unmet need for family planning: Any method (Percent)","Unmet need","Estimates and Projections of Family Planning Indicators",2024,"United Nations Population Division",308,"Grenada","GD","GRD",67,"2016",4,"Median",2,"Female",31,15,49,"15-49",99,"All women",1,"Model-based Estimates",3,"Projection",10.3
4,"Unmet need for family planning: Any method (Percent)","Unmet need","Estimates and Projections of Family Planning Indicators",2024,"United Nations Population Division",308,"Grenada","GD","GRD",68,"2017",4,"Median",2,"Female",31,15,49,"15-49",99,"All women",1,"Model-based Estimates",3,"Projection",10.2
4,"Unmet need for family planning: Any method (Percent)","Unmet need","Estimates and Projections of Family Planning Indicators",2024,"United Nations Population Division",308,"Grenada","GD","GRD",69,"2018",4,"Median",2,"Female",31,15,49,"15-49",99,"All women",1,"Model-based Estimates",3,"Projection",10.2
4,"Unmet need for family planning: Any method (Percent)","Unmet need","Estimates and Projections of Family Planning Indicators",2024,"United Nations Population Division",308,"Grenada","GD","GRD",70,"2019",4,"Median",2,"Female",31,15,49,"15-49",99,"All women",1,"Model-based Estimates",3,"Projection",10.2
4,"Unmet need for family planning: Any method (Percent)","Unmet need","Estimates and Projections of Family Planning Indicators",2024,"United Nations Population Division",308,"Grenada","GD","GRD",71,"2020",4,"Median",2,"Female",31,15,49,"15-49",99,"All women",1,"Model-based Estimates",3,"Projection",10.2
4,"Unmet need for family planning: Any method (Percent)","Unmet need","Estimates and Projections of Family Planning Indicators",2024,"United Nations Population Division",308,"Grenada","GD","GRD",72,"2021",4,"Median",2,"Female",31,15,49,"15-49",99,"All women",1,"Model-based Estimates",3,"Projection",10.2
4,"Unmet need for family planning: Any method (Percent)","Unmet need","Estimates and Projections of Family Planning Indicators",2024,"United Nations Population Division",308,"Grenada","GD","GRD",73,"2022",4,"Median",2,"Female",31,15,49,"15-49",99,"All women",1,"Model-based Estimates",3,"Projection",10.2
4,"Unmet need for family planning: Any method (Percent)","Unmet need","Estimates and Projections of Family Planning Indicators",2024,"United Nations Population Division",312,"Guadeloupe","GP","GLP",59,"2008",4,"Median",2,"Female",31,15,49,"15-49",99,"All women",1,"Model-based Estimates",3,"Projection",12.3
4,"Unmet need for family planning: Any method (Percent)","Unmet need","Estimates and Projections of Family Planning Indicators",2024,"United Nations Population Division",312,"Guadeloupe","GP","GLP",60,"2009",4,"Median",2,"Female",31,15,49,"15-49",99,"All women",1,"Model-based Estimates",3,"Projection",12.2
4,"Unmet need for family planning: Any method (Percent)","Unmet need","Estimates and Projections of Family Planning Indicators",2024,"United Nations Population Division",312,"Guadeloupe","GP","GLP",61,"2010",4,"Median",2,"Female",31,15,49,"15-49",99,"All women",1,"Model-based Estimates",3,"Projection",12.1
4,"Unmet need for family planning: Any method (Percent)","Unmet need","Estimates and Projections of Family Planning Indicators",2024,"United Nations Population Division",312,"Guadeloupe","GP","GLP",62,"2011",4,"Median",2,"Female",31,15,49,"15-49",99,"All women",1,"Model-based Estimates",3,"Projection",12
4,"Unmet need for family planning: Any method (Percent)","Unmet need","Estimates and Projections of Family Planning Indicators",2024,"United Nations Population Division",312,"Guadeloupe","GP","GLP",63,"2012",4,"Median",2,"Female",31,15,49,"15-49",99,"All women",1,"Model-based Estimates",3,"Projection",11.9
4,"Unmet need for family planning: Any method (Percent)","Unmet need","Estimates and Projections of Family Planning Indicators",2024,"United Nations Population Division",312,"Guadeloupe","GP","GLP",64,"2013",4,"Median",2,"Female",31,15,49,"15-49",99,"All women",1,"Model-based Estimates",3,"Projection",11.8
4,"Unmet need for family planning: Any method (Percent)","Unmet need","Estimates and Projections of Family Planning Indicators",2024,"United Nations Population Division",312,"Guadeloupe","GP","GLP",65,"2014",4,"Median",2,"Female",31,15,49,"15-49",99,"All women",1,"Model-based Estimates",3,"Projection",11.7
4,"Unmet need for family planning: Any method (Percent)","Unmet need","Estimates and Projections of Family Planning Indicators",2024,"United Nations Population Division",312,"Guadeloupe","GP","GLP",66,"2015",4,"Median",2,"Female",31,15,49,"15-49",99,"All women",1,"Model-based Estimates",3,"Projection",11.6
4,"Unmet need for family planning: Any method (Percent)","Unmet need","Estimates and Projections of Family Planning Indicators",2024,"United Nations Population Division",312,"Guadeloupe","GP","GLP",67,"2016",4,"Median",2,"Female",31,15,49,"15-49",99,"All women",1,"Model-based Estimates",3,"Projection",11.5
4,"Unmet need for family planning: Any method (Percent)","Unmet need","Estimates and Projections of Family Planning Indicators",2024,"United Nations Population Division",312,"Guadeloupe","GP","GLP",68,"2017",4,"Median",2,"Female",31,15,49,"15-49",99,"All women",1,"Model-based Estimates",3,"Projection",11.4
4,"Unmet need for family planning: Any method (Percent)","Unmet need","Estimates and Projections of Family Planning Indicators",2024,"United Nations Population Division",312,"Guadeloupe","GP","GLP",69,"2018",4,"Median",2,"Female",31,15,49,"15-49",99,"All women",1,"Model-based Estimates",3,"Projection",11.3
4,"Unmet need for family planning: Any method (Percent)","Unmet need","Estimates and Projections of Family Planning Indicators",2024,"United Nations Population Division",312,"Guadeloupe","GP","GLP",70,"2019",4,"Median",2,"Female",31,15,49,"15-49",99,"All women",1,"Model-based Estimates",3,"Projection",11.2
4,"Unmet need for family planning: Any method (Percent)","Unmet need","Estimates and Projections of Family Planning Indicators",2024,"United Nations Population Division",312,"Guadeloupe","GP","GLP",71,"2020",4,"Median",2,"Female",31,15,49,"15-49",99,"All women",1,"Model-based Estimates",3,"Projection",11.1
4,"Unmet need for family planning: Any method (Percent)","Unmet need","Estimates and Projections of Family Planning Indicators",2024,"United Nations Population Division",312,"Guadeloupe","GP","GLP",72,"2021",4,"Median",2,"Female",31,15,49,"15-49",99,"All women",1,"Model-based Estimates",3,"Projection",10.9
4,"Unmet need for family planning: Any method (Percent)","Unmet need","Estimates and Projections of Family Planning Indicators",2024,"United Nations Population Division",312,"Guadeloupe","GP","GLP",73,"2022",4,"Median",2,"Female",31,15,49,"15-49",99,"All women",1,"Model-based Estimates",3,"Projection",10.8
4,"Unmet need for family planning: Any method (Percent)","Unmet need","Estimates and Projections of Family Planning Indicators",2024,"United Nations Population Division",320,"Guatemala","GT","GTM",59,"2008",4,"Median",2,"Female",31,15,49,"15-49",99,"All women",1,"Model-based Estimates",2,"Interpolation",12.1
4,"Unmet need for family planning: Any method (Percent)","Unmet need","Estimates and Projections of Family Planning Indicators",2024,"United Nations Population Division",320,"Guatemala","GT","GTM",60,"2009",4,"Median",2,"Female",31,15,49,"15-49",99,"All women",1,"Model-based Estimates",2,"Interpolation",11.7
4,"Unmet need for family planning: Any method (Percent)","Unmet need","Estimates and Projections of Family Planning Indicators",2024,"United Nations Population Division",320,"Guatemala","GT","GTM",61,"2010",4,"Median",2,"Female",31,15,49,"15-49",99,"All women",1,"Model-based Estimates",2,"Interpolation",11.1
4,"Unmet need for family planning: Any method (Percent)","Unmet need","Estimates and Projections of Family Planning Indicators",2024,"United Nations Population Division",320,"Guatemala","GT","GTM",62,"2011",4,"Median",2,"Female",31,15,49,"15-49",99,"All women",1,"Model-based Estimates",2,"Interpolation",10.7
4,"Unmet need for family planning: Any method (Percent)","Unmet need","Estimates and Projections of Family Planning Indicators",2024,"United Nations Population Division",320,"Guatemala","GT","GTM",63,"2012",4,"Median",2,"Female",31,15,49,"15-49",99,"All women",1,"Model-based Estimates",2,"Interpolation",10.2
4,"Unmet need for family planning: Any method (Percent)","Unmet need","Estimates and Projections of Family Planning Indicators",2024,"United Nations Population Division",320,"Guatemala","GT","GTM",64,"2013",4,"Median",2,"Female",31,15,49,"15-49",99,"All women",1,"Model-based Estimates",2,"Interpolation",9.8
4,"Unmet need for family planning: Any method (Percent)","Unmet need","Estimates and Projections of Family Planning Indicators",2024,"United Nations Population Division",320,"Guatemala","GT","GTM",65,"2014",4,"Median",2,"Female",31,15,49,"15-49",99,"All women",1,"Model-based Estimates",2,"Interpolation",9.5
4,"Unmet need for family planning: Any method (Percent)","Unmet need","Estimates and Projections of Family Planning Indicators",2024,"United Nations Population Division",320,"Guatemala","GT","GTM",66,"2015",4,"Median",2,"Female",31,15,49,"15-49",99,"All women",1,"Model-based Estimates",2,"Interpolation",9.2
4,"Unmet need for family planning: Any method (Percent)","Unmet need","Estimates and Projections of Family Planning Indicators",2024,"United Nations Population Division",320,"Guatemala","GT","GTM",67,"2016",4,"Median",2,"Female",31,15,49,"15-49",99,"All women",1,"Model-based Estimates",3,"Projection",9
4,"Unmet need for family planning: Any method (Percent)","Unmet need","Estimates and Projections of Family Planning Indicators",2024,"United Nations Population Division",320,"Guatemala","GT","GTM",68,"2017",4,"Median",2,"Female",31,15,49,"15-49",99,"All women",1,"Model-based Estimates",3,"Projection",8.9
4,"Unmet need for family planning: Any method (Percent)","Unmet need","Estimates and Projections of Family Planning Indicators",2024,"United Nations Population Division",320,"Guatemala","GT","GTM",69,"2018",4,"Median",2,"Female",31,15,49,"15-49",99,"All women",1,"Model-based Estimates",3,"Projection",8.8
4,"Unmet need for family planning: Any method (Percent)","Unmet need","Estimates and Projections of Family Planning Indicators",2024,"United Nations Population Division",320,"Guatemala","GT","GTM",70,"2019",4,"Median",2,"Female",31,15,49,"15-49",99,"All women",1,"Model-based Estimates",3,"Projection",8.7
4,"Unmet need for family planning: Any method (Percent)","Unmet need","Estimates and Projections of Family Planning Indicators",2024,"United Nations Population Division",320,"Guatemala","GT","GTM",71,"2020",4,"Median",2,"Female",31,15,49,"15-49",99,"All women",1,"Model-based Estimates",3,"Projection",8.7
4,"Unmet need for family planning: Any method (Percent)","Unmet need","Estimates and Projections of Family Planning Indicators",2024,"United Nations Population Division",320,"Guatemala","GT","GTM",72,"2021",4,"Median",2,"Female",31,15,49,"15-49",99,"All women",1,"Model-based Estimates",3,"Projection",8.6
4,"Unmet need for family planning: Any method (Percent)","Unmet need","Estimates and Projections of Family Planning Indicators",2024,"United Nations Population Division",320,"Guatemala","GT","GTM",73,"2022",4,"Median",2,"Female",31,15,49,"15-49",99,"All women",1,"Model-based Estimates",3,"Projection",8.5
4,"Unmet need for family planning: Any method (Percent)","Unmet need","Estimates and Projections of Family Planning Indicators",2024,"United Nations Population Division",328,"Guyana","GY","GUY",59,"2008",4,"Median",2,"Female",31,15,49,"15-49",99,"All women",1,"Model-based Estimates",3,"Projection",20.4
4,"Unmet need for family planning: Any method (Percent)","Unmet need","Estimates and Projections of Family Planning Indicators",2024,"United Nations Population Division",328,"Guyana","GY","GUY",60,"2009",4,"Median",2,"Female",31,15,49,"15-49",99,"All women",1,"Model-based Estimates",2,"Interpolation",20.3
4,"Unmet need for family planning: Any method (Percent)","Unmet need","Estimates and Projections of Family Planning Indicators",2024,"United Nations Population Division",328,"Guyana","GY","GUY",61,"2010",4,"Median",2,"Female",31,15,49,"15-49",99,"All women",1,"Model-based Estimates",2,"Interpolation",20
4,"Unmet need for family planning: Any method (Percent)","Unmet need","Estimates and Projections of Family Planning Indicators",2024,"United Nations Population Division",328,"Guyana","GY","GUY",62,"2011",4,"Median",2,"Female",31,15,49,"15-49",99,"All women",1,"Model-based Estimates",2,"Interpolation",19.8
4,"Unmet need for family planning: Any method (Percent)","Unmet need","Estimates and Projections of Family Planning Indicators",2024,"United Nations Population Division",328,"Guyana","GY","GUY",63,"2012",4,"Median",2,"Female",31,15,49,"15-49",99,"All women",1,"Model-based Estimates",2,"Interpolation",19.7
4,"Unmet need for family planning: Any method (Percent)","Unmet need","Estimates and Projections of Family Planning Indicators",2024,"United Nations Population Division",328,"Guyana","GY","GUY",64,"2013",4,"Median",2,"Female",31,15,49,"15-49",99,"All women",1,"Model-based Estimates",2,"Interpolation",19.6
4,"Unmet need for family planning: Any method (Percent)","Unmet need","Estimates and Projections of Family Planning Indicators",2024,"United Nations Population Division",328,"Guyana","GY","GUY",65,"2014",4,"Median",2,"Female",31,15,49,"15-49",99,"All women",1,"Model-based Estimates",2,"Interpolation",19.6
4,"Unmet need for family planning: Any method (Percent)","Unmet need","Estimates and Projections of Family Planning Indicators",2024,"United Nations Population Division",328,"Guyana","GY","GUY",66,"2015",4,"Median",2,"Female",31,15,49,"15-49",99,"All women",1,"Model-based Estimates",2,"Interpolation",19.6
4,"Unmet need for family planning: Any method (Percent)","Unmet need","Estimates and Projections of Family Planning Indicators",2024,"United Nations Population Division",328,"Guyana","GY","GUY",67,"2016",4,"Median",2,"Female",31,15,49,"15-49",99,"All women",1,"Model-based Estimates",2,"Interpolation",19.7
4,"Unmet need for family planning: Any method (Percent)","Unmet need","Estimates and Projections of Family Planning Indicators",2024,"United Nations Population Division",328,"Guyana","GY","GUY",68,"2017",4,"Median",2,"Female",31,15,49,"15-49",99,"All women",1,"Model-based Estimates",2,"Interpolation",19.7
4,"Unmet need for family planning: Any method (Percent)","Unmet need","Estimates and Projections of Family Planning Indicators",2024,"United Nations Population Division",328,"Guyana","GY","GUY",69,"2018",4,"Median",2,"Female",31,15,49,"15-49",99,"All women",1,"Model-based Estimates",2,"Interpolation",19.8
4,"Unmet need for family planning: Any method (Percent)","Unmet need","Estimates and Projections of Family Planning Indicators",2024,"United Nations Population Division",328,"Guyana","GY","GUY",70,"2019",4,"Median",2,"Female",31,15,49,"15-49",99,"All women",1,"Model-based Estimates",2,"Interpolation",19.8
4,"Unmet need for family planning: Any method (Percent)","Unmet need","Estimates and Projections of Family Planning Indicators",2024,"United Nations Population Division",328,"Guyana","GY","GUY",71,"2020",4,"Median",2,"Female",31,15,49,"15-49",99,"All women",1,"Model-based Estimates",2,"Interpolation",19.7
4,"Unmet need for family planning: Any method (Percent)","Unmet need","Estimates and Projections of Family Planning Indicators",2024,"United Nations Population Division",328,"Guyana","GY","GUY",72,"2021",4,"Median",2,"Female",31,15,49,"15-49",99,"All women",1,"Model-based Estimates",3,"Projection",19.6
4,"Unmet need for family planning: Any method (Percent)","Unmet need","Estimates and Projections of Family Planning Indicators",2024,"United Nations Population Division",328,"Guyana","GY","GUY",73,"2022",4,"Median",2,"Female",31,15,49,"15-49",99,"All women",1,"Model-based Estimates",3,"Projection",19.5
4,"Unmet need for family planning: Any method (Percent)","Unmet need","Estimates and Projections of Family Planning Indicators",2024,"United Nations Population Division",332,"Haiti","HT","HTI",59,"2008",4,"Median",2,"Female",31,15,49,"15-49",99,"All women",1,"Model-based Estimates",2,"Interpolation",23.8
4,"Unmet need for family planning: Any method (Percent)","Unmet need","Estimates and Projections of Family Planning Indicators",2024,"United Nations Population Division",332,"Haiti","HT","HTI",60,"2009",4,"Median",2,"Female",31,15,49,"15-49",99,"All women",1,"Model-based Estimates",2,"Interpolation",23.6
4,"Unmet need for family planning: Any method (Percent)","Unmet need","Estimates and Projections of Family Planning Indicators",2024,"United Nations Population Division",332,"Haiti","HT","HTI",61,"2010",4,"Median",2,"Female",31,15,49,"15-49",99,"All women",1,"Model-based Estimates",2,"Interpolation",23.6
4,"Unmet need for family planning: Any method (Percent)","Unmet need","Estimates and Projections of Family Planning Indicators",2024,"United Nations Population Division",332,"Haiti","HT","HTI",62,"2011",4,"Median",2,"Female",31,15,49,"15-49",99,"All women",1,"Model-based Estimates",2,"Interpolation",23.5
4,"Unmet need for family planning: Any method (Percent)","Unmet need","Estimates and Projections of Family Planning Indicators",2024,"United Nations Population Division",332,"Haiti","HT","HTI",63,"2012",4,"Median",2,"Female",31,15,49,"15-49",99,"All women",1,"Model-based Estimates",2,"Interpolation",23.6
4,"Unmet need for family planning: Any method (Percent)","Unmet need","Estimates and Projections of Family Planning Indicators",2024,"United Nations Population Division",332,"Haiti","HT","HTI",64,"2013",4,"Median",2,"Female",31,15,49,"15-49",99,"All women",1,"Model-based Estimates",2,"Interpolation",23.8
4,"Unmet need for family planning: Any method (Percent)","Unmet need","Estimates and Projections of Family Planning Indicators",2024,"United Nations Population Division",332,"Haiti","HT","HTI",65,"2014",4,"Median",2,"Female",31,15,49,"15-49",99,"All women",1,"Model-based Estimates",2,"Interpolation",24.2
4,"Unmet need for family planning: Any method (Percent)","Unmet need","Estimates and Projections of Family Planning Indicators",2024,"United Nations Population Division",332,"Haiti","HT","HTI",66,"2015",4,"Median",2,"Female",31,15,49,"15-49",99,"All women",1,"Model-based Estimates",2,"Interpolation",24.5
4,"Unmet need for family planning: Any method (Percent)","Unmet need","Estimates and Projections of Family Planning Indicators",2024,"United Nations Population Division",332,"Haiti","HT","HTI",67,"2016",4,"Median",2,"Female",31,15,49,"15-49",99,"All women",1,"Model-based Estimates",2,"Interpolation",24.9
4,"Unmet need for family planning: Any method (Percent)","Unmet need","Estimates and Projections of Family Planning Indicators",2024,"United Nations Population Division",332,"Haiti","HT","HTI",68,"2017",4,"Median",2,"Female",31,15,49,"15-49",99,"All women",1,"Model-based Estimates",2,"Interpolation",25
4,"Unmet need for family planning: Any method (Percent)","Unmet need","Estimates and Projections of Family Planning Indicators",2024,"United Nations Population Division",332,"Haiti","HT","HTI",69,"2018",4,"Median",2,"Female",31,15,49,"15-49",99,"All women",1,"Model-based Estimates",3,"Projection",24.7
4,"Unmet need for family planning: Any method (Percent)","Unmet need","Estimates and Projections of Family Planning Indicators",2024,"United Nations Population Division",332,"Haiti","HT","HTI",70,"2019",4,"Median",2,"Female",31,15,49,"15-49",99,"All women",1,"Model-based Estimates",3,"Projection",24.4
4,"Unmet need for family planning: Any method (Percent)","Unmet need","Estimates and Projections of Family Planning Indicators",2024,"United Nations Population Division",332,"Haiti","HT","HTI",71,"2020",4,"Median",2,"Female",31,15,49,"15-49",99,"All women",1,"Model-based Estimates",3,"Projection",24.1
4,"Unmet need for family planning: Any method (Percent)","Unmet need","Estimates and Projections of Family Planning Indicators",2024,"United Nations Population Division",332,"Haiti","HT","HTI",72,"2021",4,"Median",2,"Female",31,15,49,"15-49",99,"All women",1,"Model-based Estimates",3,"Projection",23.8
4,"Unmet need for family planning: Any method (Percent)","Unmet need","Estimates and Projections of Family Planning Indicators",2024,"United Nations Population Division",332,"Haiti","HT","HTI",73,"2022",4,"Median",2,"Female",31,15,49,"15-49",99,"All women",1,"Model-based Estimates",3,"Projection",23.4
4,"Unmet need for family planning: Any method (Percent)","Unmet need","Estimates and Projections of Family Planning Indicators",2024,"United Nations Population Division",340,"Honduras","HN","HND",59,"2008",4,"Median",2,"Female",31,15,49,"15-49",99,"All women",1,"Model-based Estimates",2,"Interpolation",9.7
4,"Unmet need for family planning: Any method (Percent)","Unmet need","Estimates and Projections of Family Planning Indicators",2024,"United Nations Population Division",340,"Honduras","HN","HND",60,"2009",4,"Median",2,"Female",31,15,49,"15-49",99,"All women",1,"Model-based Estimates",2,"Interpolation",9.1
4,"Unmet need for family planning: Any method (Percent)","Unmet need","Estimates and Projections of Family Planning Indicators",2024,"United Nations Population Division",340,"Honduras","HN","HND",61,"2010",4,"Median",2,"Female",31,15,49,"15-49",99,"All women",1,"Model-based Estimates",2,"Interpolation",8.6
4,"Unmet need for family planning: Any method (Percent)","Unmet need","Estimates and Projections of Family Planning Indicators",2024,"United Nations Population Division",340,"Honduras","HN","HND",62,"2011",4,"Median",2,"Female",31,15,49,"15-49",99,"All women",1,"Model-based Estimates",2,"Interpolation",8.1
4,"Unmet need for family planning: Any method (Percent)","Unmet need","Estimates and Projections of Family Planning Indicators",2024,"United Nations Population Division",340,"Honduras","HN","HND",63,"2012",4,"Median",2,"Female",31,15,49,"15-49",99,"All women",1,"Model-based Estimates",2,"Interpolation",7.9
4,"Unmet need for family planning: Any method (Percent)","Unmet need","Estimates and Projections of Family Planning Indicators",2024,"United Nations Population Division",340,"Honduras","HN","HND",64,"2013",4,"Median",2,"Female",31,15,49,"15-49",99,"All women",1,"Model-based Estimates",2,"Interpolation",7.8
4,"Unmet need for family planning: Any method (Percent)","Unmet need","Estimates and Projections of Family Planning Indicators",2024,"United Nations Population Division",340,"Honduras","HN","HND",65,"2014",4,"Median",2,"Female",31,15,49,"15-49",99,"All women",1,"Model-based Estimates",2,"Interpolation",7.9
4,"Unmet need for family planning: Any method (Percent)","Unmet need","Estimates and Projections of Family Planning Indicators",2024,"United Nations Population Division",340,"Honduras","HN","HND",66,"2015",4,"Median",2,"Female",31,15,49,"15-49",99,"All women",1,"Model-based Estimates",2,"Interpolation",8
4,"Unmet need for family planning: Any method (Percent)","Unmet need","Estimates and Projections of Family Planning Indicators",2024,"United Nations Population Division",340,"Honduras","HN","HND",67,"2016",4,"Median",2,"Female",31,15,49,"15-49",99,"All women",1,"Model-based Estimates",2,"Interpolation",8.1
4,"Unmet need for family planning: Any method (Percent)","Unmet need","Estimates and Projections of Family Planning Indicators",2024,"United Nations Population Division",340,"Honduras","HN","HND",68,"2017",4,"Median",2,"Female",31,15,49,"15-49",99,"All women",1,"Model-based Estimates",2,"Interpolation",8.2
4,"Unmet need for family planning: Any method (Percent)","Unmet need","Estimates and Projections of Family Planning Indicators",2024,"United Nations Population Division",340,"Honduras","HN","HND",69,"2018",4,"Median",2,"Female",31,15,49,"15-49",99,"All women",1,"Model-based Estimates",2,"Interpolation",8.3
4,"Unmet need for family planning: Any method (Percent)","Unmet need","Estimates and Projections of Family Planning Indicators",2024,"United Nations Population Division",340,"Honduras","HN","HND",70,"2019",4,"Median",2,"Female",31,15,49,"15-49",99,"All women",1,"Model-based Estimates",2,"Interpolation",8.4
4,"Unmet need for family planning: Any method (Percent)","Unmet need","Estimates and Projections of Family Planning Indicators",2024,"United Nations Population Division",340,"Honduras","HN","HND",71,"2020",4,"Median",2,"Female",31,15,49,"15-49",99,"All women",1,"Model-based Estimates",3,"Projection",8.4
4,"Unmet need for family planning: Any method (Percent)","Unmet need","Estimates and Projections of Family Planning Indicators",2024,"United Nations Population Division",340,"Honduras","HN","HND",72,"2021",4,"Median",2,"Female",31,15,49,"15-49",99,"All women",1,"Model-based Estimates",3,"Projection",8.3
4,"Unmet need for family planning: Any method (Percent)","Unmet need","Estimates and Projections of Family Planning Indicators",2024,"United Nations Population Division",340,"Honduras","HN","HND",73,"2022",4,"Median",2,"Female",31,15,49,"15-49",99,"All women",1,"Model-based Estimates",3,"Projection",8.3
4,"Unmet need for family planning: Any method (Percent)","Unmet need","Estimates and Projections of Family Planning Indicators",2024,"United Nations Population Division",388,"Jamaica","JM","JAM",59,"2008",4,"Median",2,"Female",31,15,49,"15-49",99,"All women",1,"Model-based Estimates",2,"Interpolation",9.4
4,"Unmet need for family planning: Any method (Percent)","Unmet need","Estimates and Projections of Family Planning Indicators",2024,"United Nations Population Division",388,"Jamaica","JM","JAM",60,"2009",4,"Median",2,"Female",31,15,49,"15-49",99,"All women",1,"Model-based Estimates",2,"Interpolation",9.3
4,"Unmet need for family planning: Any method (Percent)","Unmet need","Estimates and Projections of Family Planning Indicators",2024,"United Nations Population Division",388,"Jamaica","JM","JAM",61,"2010",4,"Median",2,"Female",31,15,49,"15-49",99,"All women",1,"Model-based Estimates",2,"Interpolation",9.3
4,"Unmet need for family planning: Any method (Percent)","Unmet need","Estimates and Projections of Family Planning Indicators",2024,"United Nations Population Division",388,"Jamaica","JM","JAM",62,"2011",4,"Median",2,"Female",31,15,49,"15-49",99,"All women",1,"Model-based Estimates",2,"Interpolation",9.3
4,"Unmet need for family planning: Any method (Percent)","Unmet need","Estimates and Projections of Family Planning Indicators",2024,"United Nations Population Division",388,"Jamaica","JM","JAM",63,"2012",4,"Median",2,"Female",31,15,49,"15-49",99,"All women",1,"Model-based Estimates",2,"Interpolation",9.3
4,"Unmet need for family planning: Any method (Percent)","Unmet need","Estimates and Projections of Family Planning Indicators",2024,"United Nations Population Division",388,"Jamaica","JM","JAM",64,"2013",4,"Median",2,"Female",31,15,49,"15-49",99,"All women",1,"Model-based Estimates",2,"Interpolation",9.3
4,"Unmet need for family planning: Any method (Percent)","Unmet need","Estimates and Projections of Family Planning Indicators",2024,"United Nations Population Division",388,"Jamaica","JM","JAM",65,"2014",4,"Median",2,"Female",31,15,49,"15-49",99,"All women",1,"Model-based Estimates",2,"Interpolation",9.3
4,"Unmet need for family planning: Any method (Percent)","Unmet need","Estimates and Projections of Family Planning Indicators",2024,"United Nations Population Division",388,"Jamaica","JM","JAM",66,"2015",4,"Median",2,"Female",31,15,49,"15-49",99,"All women",1,"Model-based Estimates",2,"Interpolation",9.3
4,"Unmet need for family planning: Any method (Percent)","Unmet need","Estimates and Projections of Family Planning Indicators",2024,"United Nations Population Division",388,"Jamaica","JM","JAM",67,"2016",4,"Median",2,"Female",31,15,49,"15-49",99,"All women",1,"Model-based Estimates",2,"Interpolation",9.3
4,"Unmet need for family planning: Any method (Percent)","Unmet need","Estimates and Projections of Family Planning Indicators",2024,"United Nations Population Division",388,"Jamaica","JM","JAM",68,"2017",4,"Median",2,"Female",31,15,49,"15-49",99,"All women",1,"Model-based Estimates",2,"Interpolation",9.3
4,"Unmet need for family planning: Any method (Percent)","Unmet need","Estimates and Projections of Family Planning Indicators",2024,"United Nations Population Division",388,"Jamaica","JM","JAM",69,"2018",4,"Median",2,"Female",31,15,49,"15-49",99,"All women",1,"Model-based Estimates",2,"Interpolation",9.3
4,"Unmet need for family planning: Any method (Percent)","Unmet need","Estimates and Projections of Family Planning Indicators",2024,"United Nations Population Division",388,"Jamaica","JM","JAM",70,"2019",4,"Median",2,"Female",31,15,49,"15-49",99,"All women",1,"Model-based Estimates",2,"Interpolation",9.2
4,"Unmet need for family planning: Any method (Percent)","Unmet need","Estimates and Projections of Family Planning Indicators",2024,"United Nations Population Division",388,"Jamaica","JM","JAM",71,"2020",4,"Median",2,"Female",31,15,49,"15-49",99,"All women",1,"Model-based Estimates",2,"Interpolation",9.3
4,"Unmet need for family planning: Any method (Percent)","Unmet need","Estimates and Projections of Family Planning Indicators",2024,"United Nations Population Division",388,"Jamaica","JM","JAM",72,"2021",4,"Median",2,"Female",31,15,49,"15-49",99,"All women",1,"Model-based Estimates",2,"Interpolation",9.2
4,"Unmet need for family planning: Any method (Percent)","Unmet need","Estimates and Projections of Family Planning Indicators",2024,"United Nations Population Division",388,"Jamaica","JM","JAM",73,"2022",4,"Median",2,"Female",31,15,49,"15-49",99,"All women",1,"Model-based Estimates",2,"Interpolation",9.2
4,"Unmet need for family planning: Any method (Percent)","Unmet need","Estimates and Projections of Family Planning Indicators",2024,"United Nations Population Division",474,"Martinique","MQ","MTQ",59,"2008",4,"Median",2,"Female",31,15,49,"15-49",99,"All women",1,"Model-based Estimates",3,"Projection",11.7
4,"Unmet need for family planning: Any method (Percent)","Unmet need","Estimates and Projections of Family Planning Indicators",2024,"United Nations Population Division",474,"Martinique","MQ","MTQ",60,"2009",4,"Median",2,"Female",31,15,49,"15-49",99,"All women",1,"Model-based Estimates",3,"Projection",11.6
4,"Unmet need for family planning: Any method (Percent)","Unmet need","Estimates and Projections of Family Planning Indicators",2024,"United Nations Population Division",474,"Martinique","MQ","MTQ",61,"2010",4,"Median",2,"Female",31,15,49,"15-49",99,"All women",1,"Model-based Estimates",3,"Projection",11.5
4,"Unmet need for family planning: Any method (Percent)","Unmet need","Estimates and Projections of Family Planning Indicators",2024,"United Nations Population Division",474,"Martinique","MQ","MTQ",62,"2011",4,"Median",2,"Female",31,15,49,"15-49",99,"All women",1,"Model-based Estimates",3,"Projection",11.5
4,"Unmet need for family planning: Any method (Percent)","Unmet need","Estimates and Projections of Family Planning Indicators",2024,"United Nations Population Division",474,"Martinique","MQ","MTQ",63,"2012",4,"Median",2,"Female",31,15,49,"15-49",99,"All women",1,"Model-based Estimates",3,"Projection",11.4
4,"Unmet need for family planning: Any method (Percent)","Unmet need","Estimates and Projections of Family Planning Indicators",2024,"United Nations Population Division",474,"Martinique","MQ","MTQ",64,"2013",4,"Median",2,"Female",31,15,49,"15-49",99,"All women",1,"Model-based Estimates",3,"Projection",11.3
4,"Unmet need for family planning: Any method (Percent)","Unmet need","Estimates and Projections of Family Planning Indicators",2024,"United Nations Population Division",474,"Martinique","MQ","MTQ",65,"2014",4,"Median",2,"Female",31,15,49,"15-49",99,"All women",1,"Model-based Estimates",3,"Projection",11.2
4,"Unmet need for family planning: Any method (Percent)","Unmet need","Estimates and Projections of Family Planning Indicators",2024,"United Nations Population Division",474,"Martinique","MQ","MTQ",66,"2015",4,"Median",2,"Female",31,15,49,"15-49",99,"All women",1,"Model-based Estimates",3,"Projection",11.1
4,"Unmet need for family planning: Any method (Percent)","Unmet need","Estimates and Projections of Family Planning Indicators",2024,"United Nations Population Division",474,"Martinique","MQ","MTQ",67,"2016",4,"Median",2,"Female",31,15,49,"15-49",99,"All women",1,"Model-based Estimates",3,"Projection",11
4,"Unmet need for family planning: Any method (Percent)","Unmet need","Estimates and Projections of Family Planning Indicators",2024,"United Nations Population Division",474,"Martinique","MQ","MTQ",68,"2017",4,"Median",2,"Female",31,15,49,"15-49",99,"All women",1,"Model-based Estimates",3,"Projection",10.9
4,"Unmet need for family planning: Any method (Percent)","Unmet need","Estimates and Projections of Family Planning Indicators",2024,"United Nations Population Division",474,"Martinique","MQ","MTQ",69,"2018",4,"Median",2,"Female",31,15,49,"15-49",99,"All women",1,"Model-based Estimates",3,"Projection",10.8
4,"Unmet need for family planning: Any method (Percent)","Unmet need","Estimates and Projections of Family Planning Indicators",2024,"United Nations Population Division",474,"Martinique","MQ","MTQ",70,"2019",4,"Median",2,"Female",31,15,49,"15-49",99,"All women",1,"Model-based Estimates",3,"Projection",10.7
4,"Unmet need for family planning: Any method (Percent)","Unmet need","Estimates and Projections of Family Planning Indicators",2024,"United Nations Population Division",474,"Martinique","MQ","MTQ",71,"2020",4,"Median",2,"Female",31,15,49,"15-49",99,"All women",1,"Model-based Estimates",3,"Projection",10.6
4,"Unmet need for family planning: Any method (Percent)","Unmet need","Estimates and Projections of Family Planning Indicators",2024,"United Nations Population Division",474,"Martinique","MQ","MTQ",72,"2021",4,"Median",2,"Female",31,15,49,"15-49",99,"All women",1,"Model-based Estimates",3,"Projection",10.5
4,"Unmet need for family planning: Any method (Percent)","Unmet need","Estimates and Projections of Family Planning Indicators",2024,"United Nations Population Division",474,"Martinique","MQ","MTQ",73,"2022",4,"Median",2,"Female",31,15,49,"15-49",99,"All women",1,"Model-based Estimates",3,"Projection",10.4
4,"Unmet need for family planning: Any method (Percent)","Unmet need","Estimates and Projections of Family Planning Indicators",2024,"United Nations Population Division",484,"Mexico","MX","MEX",59,"2008",4,"Median",2,"Female",31,15,49,"15-49",99,"All women",1,"Model-based Estimates",2,"Interpolation",9.3
4,"Unmet need for family planning: Any method (Percent)","Unmet need","Estimates and Projections of Family Planning Indicators",2024,"United Nations Population Division",484,"Mexico","MX","MEX",60,"2009",4,"Median",2,"Female",31,15,49,"15-49",99,"All women",1,"Model-based Estimates",2,"Interpolation",9.4
4,"Unmet need for family planning: Any method (Percent)","Unmet need","Estimates and Projections of Family Planning Indicators",2024,"United Nations Population Division",484,"Mexico","MX","MEX",61,"2010",4,"Median",2,"Female",31,15,49,"15-49",99,"All women",1,"Model-based Estimates",2,"Interpolation",9.4
4,"Unmet need for family planning: Any method (Percent)","Unmet need","Estimates and Projections of Family Planning Indicators",2024,"United Nations Population Division",484,"Mexico","MX","MEX",62,"2011",4,"Median",2,"Female",31,15,49,"15-49",99,"All women",1,"Model-based Estimates",2,"Interpolation",9.5
4,"Unmet need for family planning: Any method (Percent)","Unmet need","Estimates and Projections of Family Planning Indicators",2024,"United Nations Population Division",484,"Mexico","MX","MEX",63,"2012",4,"Median",2,"Female",31,15,49,"15-49",99,"All women",1,"Model-based Estimates",2,"Interpolation",9.6
4,"Unmet need for family planning: Any method (Percent)","Unmet need","Estimates and Projections of Family Planning Indicators",2024,"United Nations Population Division",484,"Mexico","MX","MEX",64,"2013",4,"Median",2,"Female",31,15,49,"15-49",99,"All women",1,"Model-based Estimates",2,"Interpolation",9.7
4,"Unmet need for family planning: Any method (Percent)","Unmet need","Estimates and Projections of Family Planning Indicators",2024,"United Nations Population Division",484,"Mexico","MX","MEX",65,"2014",4,"Median",2,"Female",31,15,49,"15-49",99,"All women",1,"Model-based Estimates",2,"Interpolation",9.7
4,"Unmet need for family planning: Any method (Percent)","Unmet need","Estimates and Projections of Family Planning Indicators",2024,"United Nations Population Division",484,"Mexico","MX","MEX",66,"2015",4,"Median",2,"Female",31,15,49,"15-49",99,"All women",1,"Model-based Estimates",2,"Interpolation",9.8
4,"Unmet need for family planning: Any method (Percent)","Unmet need","Estimates and Projections of Family Planning Indicators",2024,"United Nations Population Division",484,"Mexico","MX","MEX",67,"2016",4,"Median",2,"Female",31,15,49,"15-49",99,"All women",1,"Model-based Estimates",2,"Interpolation",9.7
4,"Unmet need for family planning: Any method (Percent)","Unmet need","Estimates and Projections of Family Planning Indicators",2024,"United Nations Population Division",484,"Mexico","MX","MEX",68,"2017",4,"Median",2,"Female",31,15,49,"15-49",99,"All women",1,"Model-based Estimates",2,"Interpolation",9.6
4,"Unmet need for family planning: Any method (Percent)","Unmet need","Estimates and Projections of Family Planning Indicators",2024,"United Nations Population Division",484,"Mexico","MX","MEX",69,"2018",4,"Median",2,"Female",31,15,49,"15-49",99,"All women",1,"Model-based Estimates",2,"Interpolation",9.6
4,"Unmet need for family planning: Any method (Percent)","Unmet need","Estimates and Projections of Family Planning Indicators",2024,"United Nations Population Division",484,"Mexico","MX","MEX",70,"2019",4,"Median",2,"Female",31,15,49,"15-49",99,"All women",1,"Model-based Estimates",3,"Projection",9.6
4,"Unmet need for family planning: Any method (Percent)","Unmet need","Estimates and Projections of Family Planning Indicators",2024,"United Nations Population Division",484,"Mexico","MX","MEX",71,"2020",4,"Median",2,"Female",31,15,49,"15-49",99,"All women",1,"Model-based Estimates",3,"Projection",9.5
4,"Unmet need for family planning: Any method (Percent)","Unmet need","Estimates and Projections of Family Planning Indicators",2024,"United Nations Population Division",484,"Mexico","MX","MEX",72,"2021",4,"Median",2,"Female",31,15,49,"15-49",99,"All women",1,"Model-based Estimates",3,"Projection",9.5
4,"Unmet need for family planning: Any method (Percent)","Unmet need","Estimates and Projections of Family Planning Indicators",2024,"United Nations Population Division",484,"Mexico","MX","MEX",73,"2022",4,"Median",2,"Female",31,15,49,"15-49",99,"All women",1,"Model-based Estimates",3,"Projection",9.5
4,"Unmet need for family planning: Any method (Percent)","Unmet need","Estimates and Projections of Family Planning Indicators",2024,"United Nations Population Division",500,"Montserrat","MS","MSR",59,"2008",4,"Median",2,"Female",31,15,49,"15-49",99,"All women",1,"Model-based Estimates",3,"Projection",11.1
4,"Unmet need for family planning: Any method (Percent)","Unmet need","Estimates and Projections of Family Planning Indicators",2024,"United Nations Population Division",500,"Montserrat","MS","MSR",60,"2009",4,"Median",2,"Female",31,15,49,"15-49",99,"All women",1,"Model-based Estimates",3,"Projection",11
4,"Unmet need for family planning: Any method (Percent)","Unmet need","Estimates and Projections of Family Planning Indicators",2024,"United Nations Population Division",500,"Montserrat","MS","MSR",61,"2010",4,"Median",2,"Female",31,15,49,"15-49",99,"All women",1,"Model-based Estimates",3,"Projection",10.9
4,"Unmet need for family planning: Any method (Percent)","Unmet need","Estimates and Projections of Family Planning Indicators",2024,"United Nations Population Division",500,"Montserrat","MS","MSR",62,"2011",4,"Median",2,"Female",31,15,49,"15-49",99,"All women",1,"Model-based Estimates",3,"Projection",10.9
4,"Unmet need for family planning: Any method (Percent)","Unmet need","Estimates and Projections of Family Planning Indicators",2024,"United Nations Population Division",500,"Montserrat","MS","MSR",63,"2012",4,"Median",2,"Female",31,15,49,"15-49",99,"All women",1,"Model-based Estimates",3,"Projection",10.8
4,"Unmet need for family planning: Any method (Percent)","Unmet need","Estimates and Projections of Family Planning Indicators",2024,"United Nations Population Division",500,"Montserrat","MS","MSR",64,"2013",4,"Median",2,"Female",31,15,49,"15-49",99,"All women",1,"Model-based Estimates",3,"Projection",10.8
4,"Unmet need for family planning: Any method (Percent)","Unmet need","Estimates and Projections of Family Planning Indicators",2024,"United Nations Population Division",500,"Montserrat","MS","MSR",65,"2014",4,"Median",2,"Female",31,15,49,"15-49",99,"All women",1,"Model-based Estimates",3,"Projection",10.7
4,"Unmet need for family planning: Any method (Percent)","Unmet need","Estimates and Projections of Family Planning Indicators",2024,"United Nations Population Division",500,"Montserrat","MS","MSR",66,"2015",4,"Median",2,"Female",31,15,49,"15-49",99,"All women",1,"Model-based Estimates",3,"Projection",10.7
4,"Unmet need for family planning: Any method (Percent)","Unmet need","Estimates and Projections of Family Planning Indicators",2024,"United Nations Population Division",500,"Montserrat","MS","MSR",67,"2016",4,"Median",2,"Female",31,15,49,"15-49",99,"All women",1,"Model-based Estimates",3,"Projection",10.6
4,"Unmet need for family planning: Any method (Percent)","Unmet need","Estimates and Projections of Family Planning Indicators",2024,"United Nations Population Division",500,"Montserrat","MS","MSR",68,"2017",4,"Median",2,"Female",31,15,49,"15-49",99,"All women",1,"Model-based Estimates",3,"Projection",10.6
4,"Unmet need for family planning: Any method (Percent)","Unmet need","Estimates and Projections of Family Planning Indicators",2024,"United Nations Population Division",500,"Montserrat","MS","MSR",69,"2018",4,"Median",2,"Female",31,15,49,"15-49",99,"All women",1,"Model-based Estimates",3,"Projection",10.6
4,"Unmet need for family planning: Any method (Percent)","Unmet need","Estimates and Projections of Family Planning Indicators",2024,"United Nations Population Division",500,"Montserrat","MS","MSR",70,"2019",4,"Median",2,"Female",31,15,49,"15-49",99,"All women",1,"Model-based Estimates",3,"Projection",10.5
4,"Unmet need for family planning: Any method (Percent)","Unmet need","Estimates and Projections of Family Planning Indicators",2024,"United Nations Population Division",500,"Montserrat","MS","MSR",71,"2020",4,"Median",2,"Female",31,15,49,"15-49",99,"All women",1,"Model-based Estimates",3,"Projection",10.5
4,"Unmet need for family planning: Any method (Percent)","Unmet need","Estimates and Projections of Family Planning Indicators",2024,"United Nations Population Division",500,"Montserrat","MS","MSR",72,"2021",4,"Median",2,"Female",31,15,49,"15-49",99,"All women",1,"Model-based Estimates",3,"Projection",10.5
4,"Unmet need for family planning: Any method (Percent)","Unmet need","Estimates and Projections of Family Planning Indicators",2024,"United Nations Population Division",500,"Montserrat","MS","MSR",73,"2022",4,"Median",2,"Female",31,15,49,"15-49",99,"All women",1,"Model-based Estimates",3,"Projection",10.5
4,"Unmet need for family planning: Any method (Percent)","Unmet need","Estimates and Projections of Family Planning Indicators",2024,"United Nations Population Division",531,"Curaçao","CW","CUW",59,"2008",4,"Median",2,"Female",31,15,49,"15-49",99,"All women",1,"Model-based Estimates",3,"Projection",16
4,"Unmet need for family planning: Any method (Percent)","Unmet need","Estimates and Projections of Family Planning Indicators",2024,"United Nations Population Division",531,"Curaçao","CW","CUW",60,"2009",4,"Median",2,"Female",31,15,49,"15-49",99,"All women",1,"Model-based Estimates",3,"Projection",16
4,"Unmet need for family planning: Any method (Percent)","Unmet need","Estimates and Projections of Family Planning Indicators",2024,"United Nations Population Division",531,"Curaçao","CW","CUW",61,"2010",4,"Median",2,"Female",31,15,49,"15-49",99,"All women",1,"Model-based Estimates",3,"Projection",16
4,"Unmet need for family planning: Any method (Percent)","Unmet need","Estimates and Projections of Family Planning Indicators",2024,"United Nations Population Division",531,"Curaçao","CW","CUW",62,"2011",4,"Median",2,"Female",31,15,49,"15-49",99,"All women",1,"Model-based Estimates",3,"Projection",16
4,"Unmet need for family planning: Any method (Percent)","Unmet need","Estimates and Projections of Family Planning Indicators",2024,"United Nations Population Division",531,"Curaçao","CW","CUW",63,"2012",4,"Median",2,"Female",31,15,49,"15-49",99,"All women",1,"Model-based Estimates",3,"Projection",16
4,"Unmet need for family planning: Any method (Percent)","Unmet need","Estimates and Projections of Family Planning Indicators",2024,"United Nations Population Division",531,"Curaçao","CW","CUW",64,"2013",4,"Median",2,"Female",31,15,49,"15-49",99,"All women",1,"Model-based Estimates",3,"Projection",15.9
4,"Unmet need for family planning: Any method (Percent)","Unmet need","Estimates and Projections of Family Planning Indicators",2024,"United Nations Population Division",531,"Curaçao","CW","CUW",65,"2014",4,"Median",2,"Female",31,15,49,"15-49",99,"All women",1,"Model-based Estimates",3,"Projection",15.8
4,"Unmet need for family planning: Any method (Percent)","Unmet need","Estimates and Projections of Family Planning Indicators",2024,"United Nations Population Division",531,"Curaçao","CW","CUW",66,"2015",4,"Median",2,"Female",31,15,49,"15-49",99,"All women",1,"Model-based Estimates",3,"Projection",15.7
4,"Unmet need for family planning: Any method (Percent)","Unmet need","Estimates and Projections of Family Planning Indicators",2024,"United Nations Population Division",531,"Curaçao","CW","CUW",67,"2016",4,"Median",2,"Female",31,15,49,"15-49",99,"All women",1,"Model-based Estimates",3,"Projection",15.6
4,"Unmet need for family planning: Any method (Percent)","Unmet need","Estimates and Projections of Family Planning Indicators",2024,"United Nations Population Division",531,"Curaçao","CW","CUW",68,"2017",4,"Median",2,"Female",31,15,49,"15-49",99,"All women",1,"Model-based Estimates",3,"Projection",15.5
4,"Unmet need for family planning: Any method (Percent)","Unmet need","Estimates and Projections of Family Planning Indicators",2024,"United Nations Population Division",531,"Curaçao","CW","CUW",69,"2018",4,"Median",2,"Female",31,15,49,"15-49",99,"All women",1,"Model-based Estimates",3,"Projection",15.3
4,"Unmet need for family planning: Any method (Percent)","Unmet need","Estimates and Projections of Family Planning Indicators",2024,"United Nations Population Division",531,"Curaçao","CW","CUW",70,"2019",4,"Median",2,"Female",31,15,49,"15-49",99,"All women",1,"Model-based Estimates",3,"Projection",15.2
4,"Unmet need for family planning: Any method (Percent)","Unmet need","Estimates and Projections of Family Planning Indicators",2024,"United Nations Population Division",531,"Curaçao","CW","CUW",71,"2020",4,"Median",2,"Female",31,15,49,"15-49",99,"All women",1,"Model-based Estimates",3,"Projection",15.1
4,"Unmet need for family planning: Any method (Percent)","Unmet need","Estimates and Projections of Family Planning Indicators",2024,"United Nations Population Division",531,"Curaçao","CW","CUW",72,"2021",4,"Median",2,"Female",31,15,49,"15-49",99,"All women",1,"Model-based Estimates",3,"Projection",15.1
4,"Unmet need for family planning: Any method (Percent)","Unmet need","Estimates and Projections of Family Planning Indicators",2024,"United Nations Population Division",531,"Curaçao","CW","CUW",73,"2022",4,"Median",2,"Female",31,15,49,"15-49",99,"All women",1,"Model-based Estimates",3,"Projection",15
4,"Unmet need for family planning: Any method (Percent)","Unmet need","Estimates and Projections of Family Planning Indicators",2024,"United Nations Population Division",558,"Nicaragua","NI","NIC",59,"2008",4,"Median",2,"Female",31,15,49,"15-49",99,"All women",1,"Model-based Estimates",2,"Interpolation",6.6
4,"Unmet need for family planning: Any method (Percent)","Unmet need","Estimates and Projections of Family Planning Indicators",2024,"United Nations Population Division",558,"Nicaragua","NI","NIC",60,"2009",4,"Median",2,"Female",31,15,49,"15-49",99,"All women",1,"Model-based Estimates",2,"Interpolation",6.3
4,"Unmet need for family planning: Any method (Percent)","Unmet need","Estimates and Projections of Family Planning Indicators",2024,"United Nations Population Division",558,"Nicaragua","NI","NIC",61,"2010",4,"Median",2,"Female",31,15,49,"15-49",99,"All women",1,"Model-based Estimates",2,"Interpolation",6.1
4,"Unmet need for family planning: Any method (Percent)","Unmet need","Estimates and Projections of Family Planning Indicators",2024,"United Nations Population Division",558,"Nicaragua","NI","NIC",62,"2011",4,"Median",2,"Female",31,15,49,"15-49",99,"All women",1,"Model-based Estimates",2,"Interpolation",5.9
4,"Unmet need for family planning: Any method (Percent)","Unmet need","Estimates and Projections of Family Planning Indicators",2024,"United Nations Population Division",558,"Nicaragua","NI","NIC",63,"2012",4,"Median",2,"Female",31,15,49,"15-49",99,"All women",1,"Model-based Estimates",2,"Interpolation",5.8
4,"Unmet need for family planning: Any method (Percent)","Unmet need","Estimates and Projections of Family Planning Indicators",2024,"United Nations Population Division",558,"Nicaragua","NI","NIC",64,"2013",4,"Median",2,"Female",31,15,49,"15-49",99,"All women",1,"Model-based Estimates",3,"Projection",5.7
4,"Unmet need for family planning: Any method (Percent)","Unmet need","Estimates and Projections of Family Planning Indicators",2024,"United Nations Population Division",558,"Nicaragua","NI","NIC",65,"2014",4,"Median",2,"Female",31,15,49,"15-49",99,"All women",1,"Model-based Estimates",3,"Projection",5.6
4,"Unmet need for family planning: Any method (Percent)","Unmet need","Estimates and Projections of Family Planning Indicators",2024,"United Nations Population Division",558,"Nicaragua","NI","NIC",66,"2015",4,"Median",2,"Female",31,15,49,"15-49",99,"All women",1,"Model-based Estimates",3,"Projection",5.6
4,"Unmet need for family planning: Any method (Percent)","Unmet need","Estimates and Projections of Family Planning Indicators",2024,"United Nations Population Division",558,"Nicaragua","NI","NIC",67,"2016",4,"Median",2,"Female",31,15,49,"15-49",99,"All women",1,"Model-based Estimates",3,"Projection",5.6
4,"Unmet need for family planning: Any method (Percent)","Unmet need","Estimates and Projections of Family Planning Indicators",2024,"United Nations Population Division",558,"Nicaragua","NI","NIC",68,"2017",4,"Median",2,"Female",31,15,49,"15-49",99,"All women",1,"Model-based Estimates",3,"Projection",5.5
4,"Unmet need for family planning: Any method (Percent)","Unmet need","Estimates and Projections of Family Planning Indicators",2024,"United Nations Population Division",558,"Nicaragua","NI","NIC",69,"2018",4,"Median",2,"Female",31,15,49,"15-49",99,"All women",1,"Model-based Estimates",3,"Projection",5.5
4,"Unmet need for family planning: Any method (Percent)","Unmet need","Estimates and Projections of Family Planning Indicators",2024,"United Nations Population Division",558,"Nicaragua","NI","NIC",70,"2019",4,"Median",2,"Female",31,15,49,"15-49",99,"All women",1,"Model-based Estimates",3,"Projection",5.5
4,"Unmet need for family planning: Any method (Percent)","Unmet need","Estimates and Projections of Family Planning Indicators",2024,"United Nations Population Division",558,"Nicaragua","NI","NIC",71,"2020",4,"Median",2,"Female",31,15,49,"15-49",99,"All women",1,"Model-based Estimates",3,"Projection",5.5
4,"Unmet need for family planning: Any method (Percent)","Unmet need","Estimates and Projections of Family Planning Indicators",2024,"United Nations Population Division",558,"Nicaragua","NI","NIC",72,"2021",4,"Median",2,"Female",31,15,49,"15-49",99,"All women",1,"Model-based Estimates",3,"Projection",5.4
4,"Unmet need for family planning: Any method (Percent)","Unmet need","Estimates and Projections of Family Planning Indicators",2024,"United Nations Population Division",558,"Nicaragua","NI","NIC",73,"2022",4,"Median",2,"Female",31,15,49,"15-49",99,"All women",1,"Model-based Estimates",3,"Projection",5.4
4,"Unmet need for family planning: Any method (Percent)","Unmet need","Estimates and Projections of Family Planning Indicators",2024,"United Nations Population Division",591,"Panama","PA","PAN",59,"2008",4,"Median",2,"Female",31,15,49,"15-49",99,"All women",1,"Model-based Estimates",2,"Interpolation",13.3
4,"Unmet need for family planning: Any method (Percent)","Unmet need","Estimates and Projections of Family Planning Indicators",2024,"United Nations Population Division",591,"Panama","PA","PAN",60,"2009",4,"Median",2,"Female",31,15,49,"15-49",99,"All women",1,"Model-based Estimates",2,"Interpolation",13.5
4,"Unmet need for family planning: Any method (Percent)","Unmet need","Estimates and Projections of Family Planning Indicators",2024,"United Nations Population Division",591,"Panama","PA","PAN",61,"2010",4,"Median",2,"Female",31,15,49,"15-49",99,"All women",1,"Model-based Estimates",2,"Interpolation",13.6
4,"Unmet need for family planning: Any method (Percent)","Unmet need","Estimates and Projections of Family Planning Indicators",2024,"United Nations Population Division",591,"Panama","PA","PAN",62,"2011",4,"Median",2,"Female",31,15,49,"15-49",99,"All women",1,"Model-based Estimates",2,"Interpolation",13.8
4,"Unmet need for family planning: Any method (Percent)","Unmet need","Estimates and Projections of Family Planning Indicators",2024,"United Nations Population Division",591,"Panama","PA","PAN",63,"2012",4,"Median",2,"Female",31,15,49,"15-49",99,"All women",1,"Model-based Estimates",2,"Interpolation",14
4,"Unmet need for family planning: Any method (Percent)","Unmet need","Estimates and Projections of Family Planning Indicators",2024,"United Nations Population Division",591,"Panama","PA","PAN",64,"2013",4,"Median",2,"Female",31,15,49,"15-49",99,"All women",1,"Model-based Estimates",2,"Interpolation",14.3
4,"Unmet need for family planning: Any method (Percent)","Unmet need","Estimates and Projections of Family Planning Indicators",2024,"United Nations Population Division",591,"Panama","PA","PAN",65,"2014",4,"Median",2,"Female",31,15,49,"15-49",99,"All women",1,"Model-based Estimates",2,"Interpolation",14.4
4,"Unmet need for family planning: Any method (Percent)","Unmet need","Estimates and Projections of Family Planning Indicators",2024,"United Nations Population Division",591,"Panama","PA","PAN",66,"2015",4,"Median",2,"Female",31,15,49,"15-49",99,"All women",1,"Model-based Estimates",2,"Interpolation",14.5
4,"Unmet need for family planning: Any method (Percent)","Unmet need","Estimates and Projections of Family Planning Indicators",2024,"United Nations Population Division",591,"Panama","PA","PAN",67,"2016",4,"Median",2,"Female",31,15,49,"15-49",99,"All women",1,"Model-based Estimates",3,"Projection",14.4
4,"Unmet need for family planning: Any method (Percent)","Unmet need","Estimates and Projections of Family Planning Indicators",2024,"United Nations Population Division",591,"Panama","PA","PAN",68,"2017",4,"Median",2,"Female",31,15,49,"15-49",99,"All women",1,"Model-based Estimates",3,"Projection",14.3
4,"Unmet need for family planning: Any method (Percent)","Unmet need","Estimates and Projections of Family Planning Indicators",2024,"United Nations Population Division",591,"Panama","PA","PAN",69,"2018",4,"Median",2,"Female",31,15,49,"15-49",99,"All women",1,"Model-based Estimates",3,"Projection",14.1
4,"Unmet need for family planning: Any method (Percent)","Unmet need","Estimates and Projections of Family Planning Indicators",2024,"United Nations Population Division",591,"Panama","PA","PAN",70,"2019",4,"Median",2,"Female",31,15,49,"15-49",99,"All women",1,"Model-based Estimates",3,"Projection",13.9
4,"Unmet need for family planning: Any method (Percent)","Unmet need","Estimates and Projections of Family Planning Indicators",2024,"United Nations Population Division",591,"Panama","PA","PAN",71,"2020",4,"Median",2,"Female",31,15,49,"15-49",99,"All women",1,"Model-based Estimates",3,"Projection",13.8
4,"Unmet need for family planning: Any method (Percent)","Unmet need","Estimates and Projections of Family Planning Indicators",2024,"United Nations Population Division",591,"Panama","PA","PAN",72,"2021",4,"Median",2,"Female",31,15,49,"15-49",99,"All women",1,"Model-based Estimates",3,"Projection",13.6
4,"Unmet need for family planning: Any method (Percent)","Unmet need","Estimates and Projections of Family Planning Indicators",2024,"United Nations Population Division",591,"Panama","PA","PAN",73,"2022",4,"Median",2,"Female",31,15,49,"15-49",99,"All women",1,"Model-based Estimates",3,"Projection",13.4
4,"Unmet need for family planning: Any method (Percent)","Unmet need","Estimates and Projections of Family Planning Indicators",2024,"United Nations Population Division",600,"Paraguay","PY","PRY",59,"2008",4,"Median",2,"Female",31,15,49,"15-49",99,"All women",1,"Model-based Estimates",2,"Interpolation",6.6
4,"Unmet need for family planning: Any method (Percent)","Unmet need","Estimates and Projections of Family Planning Indicators",2024,"United Nations Population Division",600,"Paraguay","PY","PRY",60,"2009",4,"Median",2,"Female",31,15,49,"15-49",99,"All women",1,"Model-based Estimates",2,"Interpolation",6.7
4,"Unmet need for family planning: Any method (Percent)","Unmet need","Estimates and Projections of Family Planning Indicators",2024,"United Nations Population Division",600,"Paraguay","PY","PRY",61,"2010",4,"Median",2,"Female",31,15,49,"15-49",99,"All women",1,"Model-based Estimates",2,"Interpolation",6.9
4,"Unmet need for family planning: Any method (Percent)","Unmet need","Estimates and Projections of Family Planning Indicators",2024,"United Nations Population Division",600,"Paraguay","PY","PRY",62,"2011",4,"Median",2,"Female",31,15,49,"15-49",99,"All women",1,"Model-based Estimates",2,"Interpolation",7
4,"Unmet need for family planning: Any method (Percent)","Unmet need","Estimates and Projections of Family Planning Indicators",2024,"United Nations Population Division",600,"Paraguay","PY","PRY",63,"2012",4,"Median",2,"Female",31,15,49,"15-49",99,"All women",1,"Model-based Estimates",2,"Interpolation",7.3
4,"Unmet need for family planning: Any method (Percent)","Unmet need","Estimates and Projections of Family Planning Indicators",2024,"United Nations Population Division",600,"Paraguay","PY","PRY",64,"2013",4,"Median",2,"Female",31,15,49,"15-49",99,"All women",1,"Model-based Estimates",2,"Interpolation",7.5
4,"Unmet need for family planning: Any method (Percent)","Unmet need","Estimates and Projections of Family Planning Indicators",2024,"United Nations Population Division",600,"Paraguay","PY","PRY",65,"2014",4,"Median",2,"Female",31,15,49,"15-49",99,"All women",1,"Model-based Estimates",2,"Interpolation",7.8
4,"Unmet need for family planning: Any method (Percent)","Unmet need","Estimates and Projections of Family Planning Indicators",2024,"United Nations Population Division",600,"Paraguay","PY","PRY",66,"2015",4,"Median",2,"Female",31,15,49,"15-49",99,"All women",1,"Model-based Estimates",2,"Interpolation",8
4,"Unmet need for family planning: Any method (Percent)","Unmet need","Estimates and Projections of Family Planning Indicators",2024,"United Nations Population Division",600,"Paraguay","PY","PRY",67,"2016",4,"Median",2,"Female",31,15,49,"15-49",99,"All women",1,"Model-based Estimates",2,"Interpolation",8.2
4,"Unmet need for family planning: Any method (Percent)","Unmet need","Estimates and Projections of Family Planning Indicators",2024,"United Nations Population Division",600,"Paraguay","PY","PRY",68,"2017",4,"Median",2,"Female",31,15,49,"15-49",99,"All women",1,"Model-based Estimates",3,"Projection",8.2
4,"Unmet need for family planning: Any method (Percent)","Unmet need","Estimates and Projections of Family Planning Indicators",2024,"United Nations Population Division",600,"Paraguay","PY","PRY",69,"2018",4,"Median",2,"Female",31,15,49,"15-49",99,"All women",1,"Model-based Estimates",3,"Projection",8.1
4,"Unmet need for family planning: Any method (Percent)","Unmet need","Estimates and Projections of Family Planning Indicators",2024,"United Nations Population Division",600,"Paraguay","PY","PRY",70,"2019",4,"Median",2,"Female",31,15,49,"15-49",99,"All women",1,"Model-based Estimates",3,"Projection",8
4,"Unmet need for family planning: Any method (Percent)","Unmet need","Estimates and Projections of Family Planning Indicators",2024,"United Nations Population Division",600,"Paraguay","PY","PRY",71,"2020",4,"Median",2,"Female",31,15,49,"15-49",99,"All women",1,"Model-based Estimates",3,"Projection",8
4,"Unmet need for family planning: Any method (Percent)","Unmet need","Estimates and Projections of Family Planning Indicators",2024,"United Nations Population Division",600,"Paraguay","PY","PRY",72,"2021",4,"Median",2,"Female",31,15,49,"15-49",99,"All women",1,"Model-based Estimates",3,"Projection",7.9
4,"Unmet need for family planning: Any method (Percent)","Unmet need","Estimates and Projections of Family Planning Indicators",2024,"United Nations Population Division",600,"Paraguay","PY","PRY",73,"2022",4,"Median",2,"Female",31,15,49,"15-49",99,"All women",1,"Model-based Estimates",3,"Projection",7.8
4,"Unmet need for family planning: Any method (Percent)","Unmet need","Estimates and Projections of Family Planning Indicators",2024,"United Nations Population Division",604,"Peru","PE","PER",59,"2008",4,"Median",2,"Female",31,15,49,"15-49",99,"All women",1,"Model-based Estimates",2,"Interpolation",8
4,"Unmet need for family planning: Any method (Percent)","Unmet need","Estimates and Projections of Family Planning Indicators",2024,"United Nations Population Division",604,"Peru","PE","PER",60,"2009",4,"Median",2,"Female",31,15,49,"15-49",99,"All women",1,"Model-based Estimates",2,"Interpolation",7.4
4,"Unmet need for family planning: Any method (Percent)","Unmet need","Estimates and Projections of Family Planning Indicators",2024,"United Nations Population Division",604,"Peru","PE","PER",61,"2010",4,"Median",2,"Female",31,15,49,"15-49",99,"All women",1,"Model-based Estimates",2,"Interpolation",7.1
4,"Unmet need for family planning: Any method (Percent)","Unmet need","Estimates and Projections of Family Planning Indicators",2024,"United Nations Population Division",604,"Peru","PE","PER",62,"2011",4,"Median",2,"Female",31,15,49,"15-49",99,"All women",1,"Model-based Estimates",2,"Interpolation",6.8
4,"Unmet need for family planning: Any method (Percent)","Unmet need","Estimates and Projections of Family Planning Indicators",2024,"United Nations Population Division",604,"Peru","PE","PER",63,"2012",4,"Median",2,"Female",31,15,49,"15-49",99,"All women",1,"Model-based Estimates",2,"Interpolation",6.6
4,"Unmet need for family planning: Any method (Percent)","Unmet need","Estimates and Projections of Family Planning Indicators",2024,"United Nations Population Division",604,"Peru","PE","PER",64,"2013",4,"Median",2,"Female",31,15,49,"15-49",99,"All women",1,"Model-based Estimates",2,"Interpolation",6.3
4,"Unmet need for family planning: Any method (Percent)","Unmet need","Estimates and Projections of Family Planning Indicators",2024,"United Nations Population Division",604,"Peru","PE","PER",65,"2014",4,"Median",2,"Female",31,15,49,"15-49",99,"All women",1,"Model-based Estimates",2,"Interpolation",6.1
4,"Unmet need for family planning: Any method (Percent)","Unmet need","Estimates and Projections of Family Planning Indicators",2024,"United Nations Population Division",604,"Peru","PE","PER",66,"2015",4,"Median",2,"Female",31,15,49,"15-49",99,"All women",1,"Model-based Estimates",2,"Interpolation",5.9
4,"Unmet need for family planning: Any method (Percent)","Unmet need","Estimates and Projections of Family Planning Indicators",2024,"United Nations Population Division",604,"Peru","PE","PER",67,"2016",4,"Median",2,"Female",31,15,49,"15-49",99,"All women",1,"Model-based Estimates",2,"Interpolation",5.6
4,"Unmet need for family planning: Any method (Percent)","Unmet need","Estimates and Projections of Family Planning Indicators",2024,"United Nations Population Division",604,"Peru","PE","PER",68,"2017",4,"Median",2,"Female",31,15,49,"15-49",99,"All women",1,"Model-based Estimates",2,"Interpolation",5.5
4,"Unmet need for family planning: Any method (Percent)","Unmet need","Estimates and Projections of Family Planning Indicators",2024,"United Nations Population Division",604,"Peru","PE","PER",69,"2018",4,"Median",2,"Female",31,15,49,"15-49",99,"All women",1,"Model-based Estimates",2,"Interpolation",5.3
4,"Unmet need for family planning: Any method (Percent)","Unmet need","Estimates and Projections of Family Planning Indicators",2024,"United Nations Population Division",604,"Peru","PE","PER",70,"2019",4,"Median",2,"Female",31,15,49,"15-49",99,"All women",1,"Model-based Estimates",2,"Interpolation",5.2
4,"Unmet need for family planning: Any method (Percent)","Unmet need","Estimates and Projections of Family Planning Indicators",2024,"United Nations Population Division",604,"Peru","PE","PER",71,"2020",4,"Median",2,"Female",31,15,49,"15-49",99,"All women",1,"Model-based Estimates",2,"Interpolation",5.1
4,"Unmet need for family planning: Any method (Percent)","Unmet need","Estimates and Projections of Family Planning Indicators",2024,"United Nations Population Division",604,"Peru","PE","PER",72,"2021",4,"Median",2,"Female",31,15,49,"15-49",99,"All women",1,"Model-based Estimates",2,"Interpolation",5
4,"Unmet need for family planning: Any method (Percent)","Unmet need","Estimates and Projections of Family Planning Indicators",2024,"United Nations Population Division",604,"Peru","PE","PER",73,"2022",4,"Median",2,"Female",31,15,49,"15-49",99,"All women",1,"Model-based Estimates",2,"Interpolation",5
4,"Unmet need for family planning: Any method (Percent)","Unmet need","Estimates and Projections of Family Planning Indicators",2024,"United Nations Population Division",630,"Puerto Rico","PR","PRI",59,"2008",4,"Median",2,"Female",31,15,49,"15-49",99,"All women",1,"Model-based Estimates",3,"Projection",6.4
4,"Unmet need for family planning: Any method (Percent)","Unmet need","Estimates and Projections of Family Planning Indicators",2024,"United Nations Population Division",630,"Puerto Rico","PR","PRI",60,"2009",4,"Median",2,"Female",31,15,49,"15-49",99,"All women",1,"Model-based Estimates",3,"Projection",6.5
4,"Unmet need for family planning: Any method (Percent)","Unmet need","Estimates and Projections of Family Planning Indicators",2024,"United Nations Population Division",630,"Puerto Rico","PR","PRI",61,"2010",4,"Median",2,"Female",31,15,49,"15-49",99,"All women",1,"Model-based Estimates",3,"Projection",6.5
4,"Unmet need for family planning: Any method (Percent)","Unmet need","Estimates and Projections of Family Planning Indicators",2024,"United Nations Population Division",630,"Puerto Rico","PR","PRI",62,"2011",4,"Median",2,"Female",31,15,49,"15-49",99,"All women",1,"Model-based Estimates",3,"Projection",6.6
4,"Unmet need for family planning: Any method (Percent)","Unmet need","Estimates and Projections of Family Planning Indicators",2024,"United Nations Population Division",630,"Puerto Rico","PR","PRI",63,"2012",4,"Median",2,"Female",31,15,49,"15-49",99,"All women",1,"Model-based Estimates",3,"Projection",6.6
4,"Unmet need for family planning: Any method (Percent)","Unmet need","Estimates and Projections of Family Planning Indicators",2024,"United Nations Population Division",630,"Puerto Rico","PR","PRI",64,"2013",4,"Median",2,"Female",31,15,49,"15-49",99,"All women",1,"Model-based Estimates",3,"Projection",6.6
4,"Unmet need for family planning: Any method (Percent)","Unmet need","Estimates and Projections of Family Planning Indicators",2024,"United Nations Population Division",630,"Puerto Rico","PR","PRI",65,"2014",4,"Median",2,"Female",31,15,49,"15-49",99,"All women",1,"Model-based Estimates",3,"Projection",6.6
4,"Unmet need for family planning: Any method (Percent)","Unmet need","Estimates and Projections of Family Planning Indicators",2024,"United Nations Population Division",630,"Puerto Rico","PR","PRI",66,"2015",4,"Median",2,"Female",31,15,49,"15-49",99,"All women",1,"Model-based Estimates",3,"Projection",6.7
4,"Unmet need for family planning: Any method (Percent)","Unmet need","Estimates and Projections of Family Planning Indicators",2024,"United Nations Population Division",630,"Puerto Rico","PR","PRI",67,"2016",4,"Median",2,"Female",31,15,49,"15-49",99,"All women",1,"Model-based Estimates",3,"Projection",6.7
4,"Unmet need for family planning: Any method (Percent)","Unmet need","Estimates and Projections of Family Planning Indicators",2024,"United Nations Population Division",630,"Puerto Rico","PR","PRI",68,"2017",4,"Median",2,"Female",31,15,49,"15-49",99,"All women",1,"Model-based Estimates",3,"Projection",6.7
4,"Unmet need for family planning: Any method (Percent)","Unmet need","Estimates and Projections of Family Planning Indicators",2024,"United Nations Population Division",630,"Puerto Rico","PR","PRI",69,"2018",4,"Median",2,"Female",31,15,49,"15-49",99,"All women",1,"Model-based Estimates",3,"Projection",6.7
4,"Unmet need for family planning: Any method (Percent)","Unmet need","Estimates and Projections of Family Planning Indicators",2024,"United Nations Population Division",630,"Puerto Rico","PR","PRI",70,"2019",4,"Median",2,"Female",31,15,49,"15-49",99,"All women",1,"Model-based Estimates",3,"Projection",6.8
4,"Unmet need for family planning: Any method (Percent)","Unmet need","Estimates and Projections of Family Planning Indicators",2024,"United Nations Population Division",630,"Puerto Rico","PR","PRI",71,"2020",4,"Median",2,"Female",31,15,49,"15-49",99,"All women",1,"Model-based Estimates",3,"Projection",6.8
4,"Unmet need for family planning: Any method (Percent)","Unmet need","Estimates and Projections of Family Planning Indicators",2024,"United Nations Population Division",630,"Puerto Rico","PR","PRI",72,"2021",4,"Median",2,"Female",31,15,49,"15-49",99,"All women",1,"Model-based Estimates",3,"Projection",6.8
4,"Unmet need for family planning: Any method (Percent)","Unmet need","Estimates and Projections of Family Planning Indicators",2024,"United Nations Population Division",630,"Puerto Rico","PR","PRI",73,"2022",4,"Median",2,"Female",31,15,49,"15-49",99,"All women",1,"Model-based Estimates",3,"Projection",6.8
4,"Unmet need for family planning: Any method (Percent)","Unmet need","Estimates and Projections of Family Planning Indicators",2024,"United Nations Population Division",659,"Saint Kitts and Nevis","KN","KNA",59,"2008",4,"Median",2,"Female",31,15,49,"15-49",99,"All women",1,"Model-based Estimates",3,"Projection",13.2
4,"Unmet need for family planning: Any method (Percent)","Unmet need","Estimates and Projections of Family Planning Indicators",2024,"United Nations Population Division",659,"Saint Kitts and Nevis","KN","KNA",60,"2009",4,"Median",2,"Female",31,15,49,"15-49",99,"All women",1,"Model-based Estimates",3,"Projection",13.1
4,"Unmet need for family planning: Any method (Percent)","Unmet need","Estimates and Projections of Family Planning Indicators",2024,"United Nations Population Division",659,"Saint Kitts and Nevis","KN","KNA",61,"2010",4,"Median",2,"Female",31,15,49,"15-49",99,"All women",1,"Model-based Estimates",3,"Projection",13
4,"Unmet need for family planning: Any method (Percent)","Unmet need","Estimates and Projections of Family Planning Indicators",2024,"United Nations Population Division",659,"Saint Kitts and Nevis","KN","KNA",62,"2011",4,"Median",2,"Female",31,15,49,"15-49",99,"All women",1,"Model-based Estimates",3,"Projection",13
4,"Unmet need for family planning: Any method (Percent)","Unmet need","Estimates and Projections of Family Planning Indicators",2024,"United Nations Population Division",659,"Saint Kitts and Nevis","KN","KNA",63,"2012",4,"Median",2,"Female",31,15,49,"15-49",99,"All women",1,"Model-based Estimates",3,"Projection",12.9
4,"Unmet need for family planning: Any method (Percent)","Unmet need","Estimates and Projections of Family Planning Indicators",2024,"United Nations Population Division",659,"Saint Kitts and Nevis","KN","KNA",64,"2013",4,"Median",2,"Female",31,15,49,"15-49",99,"All women",1,"Model-based Estimates",3,"Projection",12.8
4,"Unmet need for family planning: Any method (Percent)","Unmet need","Estimates and Projections of Family Planning Indicators",2024,"United Nations Population Division",659,"Saint Kitts and Nevis","KN","KNA",65,"2014",4,"Median",2,"Female",31,15,49,"15-49",99,"All women",1,"Model-based Estimates",3,"Projection",12.7
4,"Unmet need for family planning: Any method (Percent)","Unmet need","Estimates and Projections of Family Planning Indicators",2024,"United Nations Population Division",659,"Saint Kitts and Nevis","KN","KNA",66,"2015",4,"Median",2,"Female",31,15,49,"15-49",99,"All women",1,"Model-based Estimates",3,"Projection",12.7
4,"Unmet need for family planning: Any method (Percent)","Unmet need","Estimates and Projections of Family Planning Indicators",2024,"United Nations Population Division",659,"Saint Kitts and Nevis","KN","KNA",67,"2016",4,"Median",2,"Female",31,15,49,"15-49",99,"All women",1,"Model-based Estimates",3,"Projection",12.6
4,"Unmet need for family planning: Any method (Percent)","Unmet need","Estimates and Projections of Family Planning Indicators",2024,"United Nations Population Division",659,"Saint Kitts and Nevis","KN","KNA",68,"2017",4,"Median",2,"Female",31,15,49,"15-49",99,"All women",1,"Model-based Estimates",3,"Projection",12.5
4,"Unmet need for family planning: Any method (Percent)","Unmet need","Estimates and Projections of Family Planning Indicators",2024,"United Nations Population Division",659,"Saint Kitts and Nevis","KN","KNA",69,"2018",4,"Median",2,"Female",31,15,49,"15-49",99,"All women",1,"Model-based Estimates",3,"Projection",12.4
4,"Unmet need for family planning: Any method (Percent)","Unmet need","Estimates and Projections of Family Planning Indicators",2024,"United Nations Population Division",659,"Saint Kitts and Nevis","KN","KNA",70,"2019",4,"Median",2,"Female",31,15,49,"15-49",99,"All women",1,"Model-based Estimates",3,"Projection",12.4
4,"Unmet need for family planning: Any method (Percent)","Unmet need","Estimates and Projections of Family Planning Indicators",2024,"United Nations Population Division",659,"Saint Kitts and Nevis","KN","KNA",71,"2020",4,"Median",2,"Female",31,15,49,"15-49",99,"All women",1,"Model-based Estimates",3,"Projection",12.3
4,"Unmet need for family planning: Any method (Percent)","Unmet need","Estimates and Projections of Family Planning Indicators",2024,"United Nations Population Division",659,"Saint Kitts and Nevis","KN","KNA",72,"2021",4,"Median",2,"Female",31,15,49,"15-49",99,"All women",1,"Model-based Estimates",3,"Projection",12.2
4,"Unmet need for family planning: Any method (Percent)","Unmet need","Estimates and Projections of Family Planning Indicators",2024,"United Nations Population Division",659,"Saint Kitts and Nevis","KN","KNA",73,"2022",4,"Median",2,"Female",31,15,49,"15-49",99,"All women",1,"Model-based Estimates",3,"Projection",12.1
4,"Unmet need for family planning: Any method (Percent)","Unmet need","Estimates and Projections of Family Planning Indicators",2024,"United Nations Population Division",660,"Anguilla","AI","AIA",59,"2008",4,"Median",2,"Female",31,15,49,"15-49",99,"All women",1,"Model-based Estimates",3,"Projection",13.3
4,"Unmet need for family planning: Any method (Percent)","Unmet need","Estimates and Projections of Family Planning Indicators",2024,"United Nations Population Division",660,"Anguilla","AI","AIA",60,"2009",4,"Median",2,"Female",31,15,49,"15-49",99,"All women",1,"Model-based Estimates",3,"Projection",13.2
4,"Unmet need for family planning: Any method (Percent)","Unmet need","Estimates and Projections of Family Planning Indicators",2024,"United Nations Population Division",660,"Anguilla","AI","AIA",61,"2010",4,"Median",2,"Female",31,15,49,"15-49",99,"All women",1,"Model-based Estimates",3,"Projection",13.2
4,"Unmet need for family planning: Any method (Percent)","Unmet need","Estimates and Projections of Family Planning Indicators",2024,"United Nations Population Division",660,"Anguilla","AI","AIA",62,"2011",4,"Median",2,"Female",31,15,49,"15-49",99,"All women",1,"Model-based Estimates",3,"Projection",13.1
4,"Unmet need for family planning: Any method (Percent)","Unmet need","Estimates and Projections of Family Planning Indicators",2024,"United Nations Population Division",660,"Anguilla","AI","AIA",63,"2012",4,"Median",2,"Female",31,15,49,"15-49",99,"All women",1,"Model-based Estimates",3,"Projection",13
4,"Unmet need for family planning: Any method (Percent)","Unmet need","Estimates and Projections of Family Planning Indicators",2024,"United Nations Population Division",660,"Anguilla","AI","AIA",64,"2013",4,"Median",2,"Female",31,15,49,"15-49",99,"All women",1,"Model-based Estimates",3,"Projection",12.8
4,"Unmet need for family planning: Any method (Percent)","Unmet need","Estimates and Projections of Family Planning Indicators",2024,"United Nations Population Division",660,"Anguilla","AI","AIA",65,"2014",4,"Median",2,"Female",31,15,49,"15-49",99,"All women",1,"Model-based Estimates",3,"Projection",12.7
4,"Unmet need for family planning: Any method (Percent)","Unmet need","Estimates and Projections of Family Planning Indicators",2024,"United Nations Population Division",660,"Anguilla","AI","AIA",66,"2015",4,"Median",2,"Female",31,15,49,"15-49",99,"All women",1,"Model-based Estimates",3,"Projection",12.6
4,"Unmet need for family planning: Any method (Percent)","Unmet need","Estimates and Projections of Family Planning Indicators",2024,"United Nations Population Division",660,"Anguilla","AI","AIA",67,"2016",4,"Median",2,"Female",31,15,49,"15-49",99,"All women",1,"Model-based Estimates",3,"Projection",12.6
4,"Unmet need for family planning: Any method (Percent)","Unmet need","Estimates and Projections of Family Planning Indicators",2024,"United Nations Population Division",660,"Anguilla","AI","AIA",68,"2017",4,"Median",2,"Female",31,15,49,"15-49",99,"All women",1,"Model-based Estimates",3,"Projection",12.5
4,"Unmet need for family planning: Any method (Percent)","Unmet need","Estimates and Projections of Family Planning Indicators",2024,"United Nations Population Division",660,"Anguilla","AI","AIA",69,"2018",4,"Median",2,"Female",31,15,49,"15-49",99,"All women",1,"Model-based Estimates",3,"Projection",12.5
4,"Unmet need for family planning: Any method (Percent)","Unmet need","Estimates and Projections of Family Planning Indicators",2024,"United Nations Population Division",660,"Anguilla","AI","AIA",70,"2019",4,"Median",2,"Female",31,15,49,"15-49",99,"All women",1,"Model-based Estimates",3,"Projection",12.4
4,"Unmet need for family planning: Any method (Percent)","Unmet need","Estimates and Projections of Family Planning Indicators",2024,"United Nations Population Division",660,"Anguilla","AI","AIA",71,"2020",4,"Median",2,"Female",31,15,49,"15-49",99,"All women",1,"Model-based Estimates",3,"Projection",12.3
4,"Unmet need for family planning: Any method (Percent)","Unmet need","Estimates and Projections of Family Planning Indicators",2024,"United Nations Population Division",660,"Anguilla","AI","AIA",72,"2021",4,"Median",2,"Female",31,15,49,"15-49",99,"All women",1,"Model-based Estimates",3,"Projection",12.2
4,"Unmet need for family planning: Any method (Percent)","Unmet need","Estimates and Projections of Family Planning Indicators",2024,"United Nations Population Division",660,"Anguilla","AI","AIA",73,"2022",4,"Median",2,"Female",31,15,49,"15-49",99,"All women",1,"Model-based Estimates",3,"Projection",12.1
4,"Unmet need for family planning: Any method (Percent)","Unmet need","Estimates and Projections of Family Planning Indicators",2024,"United Nations Population Division",662,"Saint Lucia","LC","LCA",59,"2008",4,"Median",2,"Female",31,15,49,"15-49",99,"All women",1,"Model-based Estimates",3,"Projection",13.3
4,"Unmet need for family planning: Any method (Percent)","Unmet need","Estimates and Projections of Family Planning Indicators",2024,"United Nations Population Division",662,"Saint Lucia","LC","LCA",60,"2009",4,"Median",2,"Female",31,15,49,"15-49",99,"All women",1,"Model-based Estimates",3,"Projection",13.3
4,"Unmet need for family planning: Any method (Percent)","Unmet need","Estimates and Projections of Family Planning Indicators",2024,"United Nations Population Division",662,"Saint Lucia","LC","LCA",61,"2010",4,"Median",2,"Female",31,15,49,"15-49",99,"All women",1,"Model-based Estimates",3,"Projection",13.3
4,"Unmet need for family planning: Any method (Percent)","Unmet need","Estimates and Projections of Family Planning Indicators",2024,"United Nations Population Division",662,"Saint Lucia","LC","LCA",62,"2011",4,"Median",2,"Female",31,15,49,"15-49",99,"All women",1,"Model-based Estimates",2,"Interpolation",13.2
4,"Unmet need for family planning: Any method (Percent)","Unmet need","Estimates and Projections of Family Planning Indicators",2024,"United Nations Population Division",662,"Saint Lucia","LC","LCA",63,"2012",4,"Median",2,"Female",31,15,49,"15-49",99,"All women",1,"Model-based Estimates",2,"Interpolation",13.2
4,"Unmet need for family planning: Any method (Percent)","Unmet need","Estimates and Projections of Family Planning Indicators",2024,"United Nations Population Division",662,"Saint Lucia","LC","LCA",64,"2013",4,"Median",2,"Female",31,15,49,"15-49",99,"All women",1,"Model-based Estimates",3,"Projection",13.1
4,"Unmet need for family planning: Any method (Percent)","Unmet need","Estimates and Projections of Family Planning Indicators",2024,"United Nations Population Division",662,"Saint Lucia","LC","LCA",65,"2014",4,"Median",2,"Female",31,15,49,"15-49",99,"All women",1,"Model-based Estimates",3,"Projection",12.9
4,"Unmet need for family planning: Any method (Percent)","Unmet need","Estimates and Projections of Family Planning Indicators",2024,"United Nations Population Division",662,"Saint Lucia","LC","LCA",66,"2015",4,"Median",2,"Female",31,15,49,"15-49",99,"All women",1,"Model-based Estimates",3,"Projection",12.9
4,"Unmet need for family planning: Any method (Percent)","Unmet need","Estimates and Projections of Family Planning Indicators",2024,"United Nations Population Division",662,"Saint Lucia","LC","LCA",67,"2016",4,"Median",2,"Female",31,15,49,"15-49",99,"All women",1,"Model-based Estimates",3,"Projection",12.7
4,"Unmet need for family planning: Any method (Percent)","Unmet need","Estimates and Projections of Family Planning Indicators",2024,"United Nations Population Division",662,"Saint Lucia","LC","LCA",68,"2017",4,"Median",2,"Female",31,15,49,"15-49",99,"All women",1,"Model-based Estimates",3,"Projection",12.6
4,"Unmet need for family planning: Any method (Percent)","Unmet need","Estimates and Projections of Family Planning Indicators",2024,"United Nations Population Division",662,"Saint Lucia","LC","LCA",69,"2018",4,"Median",2,"Female",31,15,49,"15-49",99,"All women",1,"Model-based Estimates",3,"Projection",12.6
4,"Unmet need for family planning: Any method (Percent)","Unmet need","Estimates and Projections of Family Planning Indicators",2024,"United Nations Population Division",662,"Saint Lucia","LC","LCA",70,"2019",4,"Median",2,"Female",31,15,49,"15-49",99,"All women",1,"Model-based Estimates",3,"Projection",12.5
4,"Unmet need for family planning: Any method (Percent)","Unmet need","Estimates and Projections of Family Planning Indicators",2024,"United Nations Population Division",662,"Saint Lucia","LC","LCA",71,"2020",4,"Median",2,"Female",31,15,49,"15-49",99,"All women",1,"Model-based Estimates",3,"Projection",12.4
4,"Unmet need for family planning: Any method (Percent)","Unmet need","Estimates and Projections of Family Planning Indicators",2024,"United Nations Population Division",662,"Saint Lucia","LC","LCA",72,"2021",4,"Median",2,"Female",31,15,49,"15-49",99,"All women",1,"Model-based Estimates",3,"Projection",12.3
4,"Unmet need for family planning: Any method (Percent)","Unmet need","Estimates and Projections of Family Planning Indicators",2024,"United Nations Population Division",662,"Saint Lucia","LC","LCA",73,"2022",4,"Median",2,"Female",31,15,49,"15-49",99,"All women",1,"Model-based Estimates",3,"Projection",12.2
4,"Unmet need for family planning: Any method (Percent)","Unmet need","Estimates and Projections of Family Planning Indicators",2024,"United Nations Population Division",670,"Saint Vincent and the Grenadines","VC","VCT",59,"2008",4,"Median",2,"Female",31,15,49,"15-49",99,"All women",1,"Model-based Estimates",3,"Projection",11
4,"Unmet need for family planning: Any method (Percent)","Unmet need","Estimates and Projections of Family Planning Indicators",2024,"United Nations Population Division",670,"Saint Vincent and the Grenadines","VC","VCT",60,"2009",4,"Median",2,"Female",31,15,49,"15-49",99,"All women",1,"Model-based Estimates",3,"Projection",10.9
4,"Unmet need for family planning: Any method (Percent)","Unmet need","Estimates and Projections of Family Planning Indicators",2024,"United Nations Population Division",670,"Saint Vincent and the Grenadines","VC","VCT",61,"2010",4,"Median",2,"Female",31,15,49,"15-49",99,"All women",1,"Model-based Estimates",3,"Projection",10.9
4,"Unmet need for family planning: Any method (Percent)","Unmet need","Estimates and Projections of Family Planning Indicators",2024,"United Nations Population Division",670,"Saint Vincent and the Grenadines","VC","VCT",62,"2011",4,"Median",2,"Female",31,15,49,"15-49",99,"All women",1,"Model-based Estimates",3,"Projection",10.8
4,"Unmet need for family planning: Any method (Percent)","Unmet need","Estimates and Projections of Family Planning Indicators",2024,"United Nations Population Division",670,"Saint Vincent and the Grenadines","VC","VCT",63,"2012",4,"Median",2,"Female",31,15,49,"15-49",99,"All women",1,"Model-based Estimates",3,"Projection",10.8
4,"Unmet need for family planning: Any method (Percent)","Unmet need","Estimates and Projections of Family Planning Indicators",2024,"United Nations Population Division",670,"Saint Vincent and the Grenadines","VC","VCT",64,"2013",4,"Median",2,"Female",31,15,49,"15-49",99,"All women",1,"Model-based Estimates",3,"Projection",10.7
4,"Unmet need for family planning: Any method (Percent)","Unmet need","Estimates and Projections of Family Planning Indicators",2024,"United Nations Population Division",670,"Saint Vincent and the Grenadines","VC","VCT",65,"2014",4,"Median",2,"Female",31,15,49,"15-49",99,"All women",1,"Model-based Estimates",3,"Projection",10.7
4,"Unmet need for family planning: Any method (Percent)","Unmet need","Estimates and Projections of Family Planning Indicators",2024,"United Nations Population Division",670,"Saint Vincent and the Grenadines","VC","VCT",66,"2015",4,"Median",2,"Female",31,15,49,"15-49",99,"All women",1,"Model-based Estimates",3,"Projection",10.6
4,"Unmet need for family planning: Any method (Percent)","Unmet need","Estimates and Projections of Family Planning Indicators",2024,"United Nations Population Division",670,"Saint Vincent and the Grenadines","VC","VCT",67,"2016",4,"Median",2,"Female",31,15,49,"15-49",99,"All women",1,"Model-based Estimates",3,"Projection",10.6
4,"Unmet need for family planning: Any method (Percent)","Unmet need","Estimates and Projections of Family Planning Indicators",2024,"United Nations Population Division",670,"Saint Vincent and the Grenadines","VC","VCT",68,"2017",4,"Median",2,"Female",31,15,49,"15-49",99,"All women",1,"Model-based Estimates",3,"Projection",10.5
4,"Unmet need for family planning: Any method (Percent)","Unmet need","Estimates and Projections of Family Planning Indicators",2024,"United Nations Population Division",670,"Saint Vincent and the Grenadines","VC","VCT",69,"2018",4,"Median",2,"Female",31,15,49,"15-49",99,"All women",1,"Model-based Estimates",3,"Projection",10.5
4,"Unmet need for family planning: Any method (Percent)","Unmet need","Estimates and Projections of Family Planning Indicators",2024,"United Nations Population Division",670,"Saint Vincent and the Grenadines","VC","VCT",70,"2019",4,"Median",2,"Female",31,15,49,"15-49",99,"All women",1,"Model-based Estimates",3,"Projection",10.4
4,"Unmet need for family planning: Any method (Percent)","Unmet need","Estimates and Projections of Family Planning Indicators",2024,"United Nations Population Division",670,"Saint Vincent and the Grenadines","VC","VCT",71,"2020",4,"Median",2,"Female",31,15,49,"15-49",99,"All women",1,"Model-based Estimates",3,"Projection",10.4
4,"Unmet need for family planning: Any method (Percent)","Unmet need","Estimates and Projections of Family Planning Indicators",2024,"United Nations Population Division",670,"Saint Vincent and the Grenadines","VC","VCT",72,"2021",4,"Median",2,"Female",31,15,49,"15-49",99,"All women",1,"Model-based Estimates",3,"Projection",10.3
4,"Unmet need for family planning: Any method (Percent)","Unmet need","Estimates and Projections of Family Planning Indicators",2024,"United Nations Population Division",670,"Saint Vincent and the Grenadines","VC","VCT",73,"2022",4,"Median",2,"Female",31,15,49,"15-49",99,"All women",1,"Model-based Estimates",3,"Projection",10.3
4,"Unmet need for family planning: Any method (Percent)","Unmet need","Estimates and Projections of Family Planning Indicators",2024,"United Nations Population Division",740,"Suriname","SR","SUR",59,"2008",4,"Median",2,"Female",31,15,49,"15-49",99,"All women",1,"Model-based Estimates",3,"Projection",14.8
4,"Unmet need for family planning: Any method (Percent)","Unmet need","Estimates and Projections of Family Planning Indicators",2024,"United Nations Population Division",740,"Suriname","SR","SUR",60,"2009",4,"Median",2,"Female",31,15,49,"15-49",99,"All women",1,"Model-based Estimates",3,"Projection",14.8
4,"Unmet need for family planning: Any method (Percent)","Unmet need","Estimates and Projections of Family Planning Indicators",2024,"United Nations Population Division",740,"Suriname","SR","SUR",61,"2010",4,"Median",2,"Female",31,15,49,"15-49",99,"All women",1,"Model-based Estimates",2,"Interpolation",14.8
4,"Unmet need for family planning: Any method (Percent)","Unmet need","Estimates and Projections of Family Planning Indicators",2024,"United Nations Population Division",740,"Suriname","SR","SUR",62,"2011",4,"Median",2,"Female",31,15,49,"15-49",99,"All women",1,"Model-based Estimates",2,"Interpolation",14.8
4,"Unmet need for family planning: Any method (Percent)","Unmet need","Estimates and Projections of Family Planning Indicators",2024,"United Nations Population Division",740,"Suriname","SR","SUR",63,"2012",4,"Median",2,"Female",31,15,49,"15-49",99,"All women",1,"Model-based Estimates",2,"Interpolation",14.9
4,"Unmet need for family planning: Any method (Percent)","Unmet need","Estimates and Projections of Family Planning Indicators",2024,"United Nations Population Division",740,"Suriname","SR","SUR",64,"2013",4,"Median",2,"Female",31,15,49,"15-49",99,"All women",1,"Model-based Estimates",2,"Interpolation",14.9
4,"Unmet need for family planning: Any method (Percent)","Unmet need","Estimates and Projections of Family Planning Indicators",2024,"United Nations Population Division",740,"Suriname","SR","SUR",65,"2014",4,"Median",2,"Female",31,15,49,"15-49",99,"All women",1,"Model-based Estimates",2,"Interpolation",15
4,"Unmet need for family planning: Any method (Percent)","Unmet need","Estimates and Projections of Family Planning Indicators",2024,"United Nations Population Division",740,"Suriname","SR","SUR",66,"2015",4,"Median",2,"Female",31,15,49,"15-49",99,"All women",1,"Model-based Estimates",2,"Interpolation",15
4,"Unmet need for family planning: Any method (Percent)","Unmet need","Estimates and Projections of Family Planning Indicators",2024,"United Nations Population Division",740,"Suriname","SR","SUR",67,"2016",4,"Median",2,"Female",31,15,49,"15-49",99,"All women",1,"Model-based Estimates",2,"Interpolation",15.1
4,"Unmet need for family planning: Any method (Percent)","Unmet need","Estimates and Projections of Family Planning Indicators",2024,"United Nations Population Division",740,"Suriname","SR","SUR",68,"2017",4,"Median",2,"Female",31,15,49,"15-49",99,"All women",1,"Model-based Estimates",2,"Interpolation",15.1
4,"Unmet need for family planning: Any method (Percent)","Unmet need","Estimates and Projections of Family Planning Indicators",2024,"United Nations Population Division",740,"Suriname","SR","SUR",69,"2018",4,"Median",2,"Female",31,15,49,"15-49",99,"All women",1,"Model-based Estimates",2,"Interpolation",15.2
4,"Unmet need for family planning: Any method (Percent)","Unmet need","Estimates and Projections of Family Planning Indicators",2024,"United Nations Population Division",740,"Suriname","SR","SUR",70,"2019",4,"Median",2,"Female",31,15,49,"15-49",99,"All women",1,"Model-based Estimates",3,"Projection",15.1
4,"Unmet need for family planning: Any method (Percent)","Unmet need","Estimates and Projections of Family Planning Indicators",2024,"United Nations Population Division",740,"Suriname","SR","SUR",71,"2020",4,"Median",2,"Female",31,15,49,"15-49",99,"All women",1,"Model-based Estimates",3,"Projection",15
4,"Unmet need for family planning: Any method (Percent)","Unmet need","Estimates and Projections of Family Planning Indicators",2024,"United Nations Population Division",740,"Suriname","SR","SUR",72,"2021",4,"Median",2,"Female",31,15,49,"15-49",99,"All women",1,"Model-based Estimates",3,"Projection",14.8
4,"Unmet need for family planning: Any method (Percent)","Unmet need","Estimates and Projections of Family Planning Indicators",2024,"United Nations Population Division",740,"Suriname","SR","SUR",73,"2022",4,"Median",2,"Female",31,15,49,"15-49",99,"All women",1,"Model-based Estimates",3,"Projection",14.7
4,"Unmet need for family planning: Any method (Percent)","Unmet need","Estimates and Projections of Family Planning Indicators",2024,"United Nations Population Division",780,"Trinidad and Tobago","TT","TTO",59,"2008",4,"Median",2,"Female",31,15,49,"15-49",99,"All women",1,"Model-based Estimates",2,"Interpolation",16.5
4,"Unmet need for family planning: Any method (Percent)","Unmet need","Estimates and Projections of Family Planning Indicators",2024,"United Nations Population Division",780,"Trinidad and Tobago","TT","TTO",60,"2009",4,"Median",2,"Female",31,15,49,"15-49",99,"All women",1,"Model-based Estimates",2,"Interpolation",16.6
4,"Unmet need for family planning: Any method (Percent)","Unmet need","Estimates and Projections of Family Planning Indicators",2024,"United Nations Population Division",780,"Trinidad and Tobago","TT","TTO",61,"2010",4,"Median",2,"Female",31,15,49,"15-49",99,"All women",1,"Model-based Estimates",2,"Interpolation",16.7
4,"Unmet need for family planning: Any method (Percent)","Unmet need","Estimates and Projections of Family Planning Indicators",2024,"United Nations Population Division",780,"Trinidad and Tobago","TT","TTO",62,"2011",4,"Median",2,"Female",31,15,49,"15-49",99,"All women",1,"Model-based Estimates",2,"Interpolation",16.9
4,"Unmet need for family planning: Any method (Percent)","Unmet need","Estimates and Projections of Family Planning Indicators",2024,"United Nations Population Division",780,"Trinidad and Tobago","TT","TTO",63,"2012",4,"Median",2,"Female",31,15,49,"15-49",99,"All women",1,"Model-based Estimates",2,"Interpolation",16.9
4,"Unmet need for family planning: Any method (Percent)","Unmet need","Estimates and Projections of Family Planning Indicators",2024,"United Nations Population Division",780,"Trinidad and Tobago","TT","TTO",64,"2013",4,"Median",2,"Female",31,15,49,"15-49",99,"All women",1,"Model-based Estimates",2,"Interpolation",16.9
4,"Unmet need for family planning: Any method (Percent)","Unmet need","Estimates and Projections of Family Planning Indicators",2024,"United Nations Population Division",780,"Trinidad and Tobago","TT","TTO",65,"2014",4,"Median",2,"Female",31,15,49,"15-49",99,"All women",1,"Model-based Estimates",2,"Interpolation",16.9
4,"Unmet need for family planning: Any method (Percent)","Unmet need","Estimates and Projections of Family Planning Indicators",2024,"United Nations Population Division",780,"Trinidad and Tobago","TT","TTO",66,"2015",4,"Median",2,"Female",31,15,49,"15-49",99,"All women",1,"Model-based Estimates",2,"Interpolation",17
4,"Unmet need for family planning: Any method (Percent)","Unmet need","Estimates and Projections of Family Planning Indicators",2024,"United Nations Population Division",780,"Trinidad and Tobago","TT","TTO",67,"2016",4,"Median",2,"Female",31,15,49,"15-49",99,"All women",1,"Model-based Estimates",2,"Interpolation",16.9
4,"Unmet need for family planning: Any method (Percent)","Unmet need","Estimates and Projections of Family Planning Indicators",2024,"United Nations Population Division",780,"Trinidad and Tobago","TT","TTO",68,"2017",4,"Median",2,"Female",31,15,49,"15-49",99,"All women",1,"Model-based Estimates",2,"Interpolation",17
4,"Unmet need for family planning: Any method (Percent)","Unmet need","Estimates and Projections of Family Planning Indicators",2024,"United Nations Population Division",780,"Trinidad and Tobago","TT","TTO",69,"2018",4,"Median",2,"Female",31,15,49,"15-49",99,"All women",1,"Model-based Estimates",2,"Interpolation",17
4,"Unmet need for family planning: Any method (Percent)","Unmet need","Estimates and Projections of Family Planning Indicators",2024,"United Nations Population Division",780,"Trinidad and Tobago","TT","TTO",70,"2019",4,"Median",2,"Female",31,15,49,"15-49",99,"All women",1,"Model-based Estimates",2,"Interpolation",16.9
4,"Unmet need for family planning: Any method (Percent)","Unmet need","Estimates and Projections of Family Planning Indicators",2024,"United Nations Population Division",780,"Trinidad and Tobago","TT","TTO",71,"2020",4,"Median",2,"Female",31,15,49,"15-49",99,"All women",1,"Model-based Estimates",2,"Interpolation",17
4,"Unmet need for family planning: Any method (Percent)","Unmet need","Estimates and Projections of Family Planning Indicators",2024,"United Nations Population Division",780,"Trinidad and Tobago","TT","TTO",72,"2021",4,"Median",2,"Female",31,15,49,"15-49",99,"All women",1,"Model-based Estimates",2,"Interpolation",17
4,"Unmet need for family planning: Any method (Percent)","Unmet need","Estimates and Projections of Family Planning Indicators",2024,"United Nations Population Division",780,"Trinidad and Tobago","TT","TTO",73,"2022",4,"Median",2,"Female",31,15,49,"15-49",99,"All women",1,"Model-based Estimates",2,"Interpolation",17
4,"Unmet need for family planning: Any method (Percent)","Unmet need","Estimates and Projections of Family Planning Indicators",2024,"United Nations Population Division",796,"Turks and Caicos Islands","TC","TCA",59,"2008",4,"Median",2,"Female",31,15,49,"15-49",99,"All women",1,"Model-based Estimates",3,"Projection",18.7
4,"Unmet need for family planning: Any method (Percent)","Unmet need","Estimates and Projections of Family Planning Indicators",2024,"United Nations Population Division",796,"Turks and Caicos Islands","TC","TCA",60,"2009",4,"Median",2,"Female",31,15,49,"15-49",99,"All women",1,"Model-based Estimates",3,"Projection",18.8
4,"Unmet need for family planning: Any method (Percent)","Unmet need","Estimates and Projections of Family Planning Indicators",2024,"United Nations Population Division",796,"Turks and Caicos Islands","TC","TCA",61,"2010",4,"Median",2,"Female",31,15,49,"15-49",99,"All women",1,"Model-based Estimates",3,"Projection",18.8
4,"Unmet need for family planning: Any method (Percent)","Unmet need","Estimates and Projections of Family Planning Indicators",2024,"United Nations Population Division",796,"Turks and Caicos Islands","TC","TCA",62,"2011",4,"Median",2,"Female",31,15,49,"15-49",99,"All women",1,"Model-based Estimates",3,"Projection",18.8
4,"Unmet need for family planning: Any method (Percent)","Unmet need","Estimates and Projections of Family Planning Indicators",2024,"United Nations Population Division",796,"Turks and Caicos Islands","TC","TCA",63,"2012",4,"Median",2,"Female",31,15,49,"15-49",99,"All women",1,"Model-based Estimates",3,"Projection",18.8
4,"Unmet need for family planning: Any method (Percent)","Unmet need","Estimates and Projections of Family Planning Indicators",2024,"United Nations Population Division",796,"Turks and Caicos Islands","TC","TCA",64,"2013",4,"Median",2,"Female",31,15,49,"15-49",99,"All women",1,"Model-based Estimates",3,"Projection",18.8
4,"Unmet need for family planning: Any method (Percent)","Unmet need","Estimates and Projections of Family Planning Indicators",2024,"United Nations Population Division",796,"Turks and Caicos Islands","TC","TCA",65,"2014",4,"Median",2,"Female",31,15,49,"15-49",99,"All women",1,"Model-based Estimates",3,"Projection",18.9
4,"Unmet need for family planning: Any method (Percent)","Unmet need","Estimates and Projections of Family Planning Indicators",2024,"United Nations Population Division",796,"Turks and Caicos Islands","TC","TCA",66,"2015",4,"Median",2,"Female",31,15,49,"15-49",99,"All women",1,"Model-based Estimates",3,"Projection",18.9
4,"Unmet need for family planning: Any method (Percent)","Unmet need","Estimates and Projections of Family Planning Indicators",2024,"United Nations Population Division",796,"Turks and Caicos Islands","TC","TCA",67,"2016",4,"Median",2,"Female",31,15,49,"15-49",99,"All women",1,"Model-based Estimates",3,"Projection",19
4,"Unmet need for family planning: Any method (Percent)","Unmet need","Estimates and Projections of Family Planning Indicators",2024,"United Nations Population Division",796,"Turks and Caicos Islands","TC","TCA",68,"2017",4,"Median",2,"Female",31,15,49,"15-49",99,"All women",1,"Model-based Estimates",3,"Projection",19
4,"Unmet need for family planning: Any method (Percent)","Unmet need","Estimates and Projections of Family Planning Indicators",2024,"United Nations Population Division",796,"Turks and Caicos Islands","TC","TCA",69,"2018",4,"Median",2,"Female",31,15,49,"15-49",99,"All women",1,"Model-based Estimates",3,"Projection",19
4,"Unmet need for family planning: Any method (Percent)","Unmet need","Estimates and Projections of Family Planning Indicators",2024,"United Nations Population Division",796,"Turks and Caicos Islands","TC","TCA",70,"2019",4,"Median",2,"Female",31,15,49,"15-49",99,"All women",1,"Model-based Estimates",2,"Interpolation",19.1
4,"Unmet need for family planning: Any method (Percent)","Unmet need","Estimates and Projections of Family Planning Indicators",2024,"United Nations Population Division",796,"Turks and Caicos Islands","TC","TCA",71,"2020",4,"Median",2,"Female",31,15,49,"15-49",99,"All women",1,"Model-based Estimates",2,"Interpolation",19.1
4,"Unmet need for family planning: Any method (Percent)","Unmet need","Estimates and Projections of Family Planning Indicators",2024,"United Nations Population Division",796,"Turks and Caicos Islands","TC","TCA",72,"2021",4,"Median",2,"Female",31,15,49,"15-49",99,"All women",1,"Model-based Estimates",3,"Projection",18.9
4,"Unmet need for family planning: Any method (Percent)","Unmet need","Estimates and Projections of Family Planning Indicators",2024,"United Nations Population Division",796,"Turks and Caicos Islands","TC","TCA",73,"2022",4,"Median",2,"Female",31,15,49,"15-49",99,"All women",1,"Model-based Estimates",3,"Projection",18.7
4,"Unmet need for family planning: Any method (Percent)","Unmet need","Estimates and Projections of Family Planning Indicators",2024,"United Nations Population Division",840,"United States of America","US","USA",59,"2008",4,"Median",2,"Female",31,15,49,"15-49",99,"All women",1,"Model-based Estimates",2,"Interpolation",5.5
4,"Unmet need for family planning: Any method (Percent)","Unmet need","Estimates and Projections of Family Planning Indicators",2024,"United Nations Population Division",840,"United States of America","US","USA",60,"2009",4,"Median",2,"Female",31,15,49,"15-49",99,"All women",1,"Model-based Estimates",2,"Interpolation",5.5
4,"Unmet need for family planning: Any method (Percent)","Unmet need","Estimates and Projections of Family Planning Indicators",2024,"United Nations Population Division",840,"United States of America","US","USA",61,"2010",4,"Median",2,"Female",31,15,49,"15-49",99,"All women",1,"Model-based Estimates",2,"Interpolation",5.6
4,"Unmet need for family planning: Any method (Percent)","Unmet need","Estimates and Projections of Family Planning Indicators",2024,"United Nations Population Division",840,"United States of America","US","USA",62,"2011",4,"Median",2,"Female",31,15,49,"15-49",99,"All women",1,"Model-based Estimates",2,"Interpolation",5.7
4,"Unmet need for family planning: Any method (Percent)","Unmet need","Estimates and Projections of Family Planning Indicators",2024,"United Nations Population Division",840,"United States of America","US","USA",63,"2012",4,"Median",2,"Female",31,15,49,"15-49",99,"All women",1,"Model-based Estimates",2,"Interpolation",5.7
4,"Unmet need for family planning: Any method (Percent)","Unmet need","Estimates and Projections of Family Planning Indicators",2024,"United Nations Population Division",840,"United States of America","US","USA",64,"2013",4,"Median",2,"Female",31,15,49,"15-49",99,"All women",1,"Model-based Estimates",2,"Interpolation",5.8
4,"Unmet need for family planning: Any method (Percent)","Unmet need","Estimates and Projections of Family Planning Indicators",2024,"United Nations Population Division",840,"United States of America","US","USA",65,"2014",4,"Median",2,"Female",31,15,49,"15-49",99,"All women",1,"Model-based Estimates",2,"Interpolation",5.8
4,"Unmet need for family planning: Any method (Percent)","Unmet need","Estimates and Projections of Family Planning Indicators",2024,"United Nations Population Division",840,"United States of America","US","USA",66,"2015",4,"Median",2,"Female",31,15,49,"15-49",99,"All women",1,"Model-based Estimates",2,"Interpolation",5.7
4,"Unmet need for family planning: Any method (Percent)","Unmet need","Estimates and Projections of Family Planning Indicators",2024,"United Nations Population Division",840,"United States of America","US","USA",67,"2016",4,"Median",2,"Female",31,15,49,"15-49",99,"All women",1,"Model-based Estimates",2,"Interpolation",5.7
4,"Unmet need for family planning: Any method (Percent)","Unmet need","Estimates and Projections of Family Planning Indicators",2024,"United Nations Population Division",840,"United States of America","US","USA",68,"2017",4,"Median",2,"Female",31,15,49,"15-49",99,"All women",1,"Model-based Estimates",2,"Interpolation",5.7
4,"Unmet need for family planning: Any method (Percent)","Unmet need","Estimates and Projections of Family Planning Indicators",2024,"United Nations Population Division",840,"United States of America","US","USA",69,"2018",4,"Median",2,"Female",31,15,49,"15-49",99,"All women",1,"Model-based Estimates",2,"Interpolation",5.7
4,"Unmet need for family planning: Any method (Percent)","Unmet need","Estimates and Projections of Family Planning Indicators",2024,"United Nations Population Division",840,"United States of America","US","USA",70,"2019",4,"Median",2,"Female",31,15,49,"15-49",99,"All women",1,"Model-based Estimates",2,"Interpolation",5.6
4,"Unmet need for family planning: Any method (Percent)","Unmet need","Estimates and Projections of Family Planning Indicators",2024,"United Nations Population Division",840,"United States of America","US","USA",71,"2020",4,"Median",2,"Female",31,15,49,"15-49",99,"All women",1,"Model-based Estimates",3,"Projection",5.6
4,"Unmet need for family planning: Any method (Percent)","Unmet need","Estimates and Projections of Family Planning Indicators",2024,"United Nations Population Division",840,"United States of America","US","USA",72,"2021",4,"Median",2,"Female",31,15,49,"15-49",99,"All women",1,"Model-based Estimates",3,"Projection",5.6
4,"Unmet need for family planning: Any method (Percent)","Unmet need","Estimates and Projections of Family Planning Indicators",2024,"United Nations Population Division",840,"United States of America","US","USA",73,"2022",4,"Median",2,"Female",31,15,49,"15-49",99,"All women",1,"Model-based Estimates",3,"Projection",5.5
4,"Unmet need for family planning: Any method (Percent)","Unmet need","Estimates and Projections of Family Planning Indicators",2024,"United Nations Population Division",850,"United States Virgin Islands","VI","VIR",59,"2008",4,"Median",2,"Female",31,15,49,"15-49",99,"All women",1,"Model-based Estimates",3,"Projection",8.4
4,"Unmet need for family planning: Any method (Percent)","Unmet need","Estimates and Projections of Family Planning Indicators",2024,"United Nations Population Division",850,"United States Virgin Islands","VI","VIR",60,"2009",4,"Median",2,"Female",31,15,49,"15-49",99,"All women",1,"Model-based Estimates",3,"Projection",8.4
4,"Unmet need for family planning: Any method (Percent)","Unmet need","Estimates and Projections of Family Planning Indicators",2024,"United Nations Population Division",850,"United States Virgin Islands","VI","VIR",61,"2010",4,"Median",2,"Female",31,15,49,"15-49",99,"All women",1,"Model-based Estimates",3,"Projection",8.4
4,"Unmet need for family planning: Any method (Percent)","Unmet need","Estimates and Projections of Family Planning Indicators",2024,"United Nations Population Division",850,"United States Virgin Islands","VI","VIR",62,"2011",4,"Median",2,"Female",31,15,49,"15-49",99,"All women",1,"Model-based Estimates",3,"Projection",8.3
4,"Unmet need for family planning: Any method (Percent)","Unmet need","Estimates and Projections of Family Planning Indicators",2024,"United Nations Population Division",850,"United States Virgin Islands","VI","VIR",63,"2012",4,"Median",2,"Female",31,15,49,"15-49",99,"All women",1,"Model-based Estimates",3,"Projection",8.4
4,"Unmet need for family planning: Any method (Percent)","Unmet need","Estimates and Projections of Family Planning Indicators",2024,"United Nations Population Division",850,"United States Virgin Islands","VI","VIR",64,"2013",4,"Median",2,"Female",31,15,49,"15-49",99,"All women",1,"Model-based Estimates",3,"Projection",8.4
4,"Unmet need for family planning: Any method (Percent)","Unmet need","Estimates and Projections of Family Planning Indicators",2024,"United Nations Population Division",850,"United States Virgin Islands","VI","VIR",65,"2014",4,"Median",2,"Female",31,15,49,"15-49",99,"All women",1,"Model-based Estimates",3,"Projection",8.3
4,"Unmet need for family planning: Any method (Percent)","Unmet need","Estimates and Projections of Family Planning Indicators",2024,"United Nations Population Division",850,"United States Virgin Islands","VI","VIR",66,"2015",4,"Median",2,"Female",31,15,49,"15-49",99,"All women",1,"Model-based Estimates",3,"Projection",8.3
4,"Unmet need for family planning: Any method (Percent)","Unmet need","Estimates and Projections of Family Planning Indicators",2024,"United Nations Population Division",850,"United States Virgin Islands","VI","VIR",67,"2016",4,"Median",2,"Female",31,15,49,"15-49",99,"All women",1,"Model-based Estimates",3,"Projection",8.3
4,"Unmet need for family planning: Any method (Percent)","Unmet need","Estimates and Projections of Family Planning Indicators",2024,"United Nations Population Division",850,"United States Virgin Islands","VI","VIR",68,"2017",4,"Median",2,"Female",31,15,49,"15-49",99,"All women",1,"Model-based Estimates",3,"Projection",8.3
4,"Unmet need for family planning: Any method (Percent)","Unmet need","Estimates and Projections of Family Planning Indicators",2024,"United Nations Population Division",850,"United States Virgin Islands","VI","VIR",69,"2018",4,"Median",2,"Female",31,15,49,"15-49",99,"All women",1,"Model-based Estimates",3,"Projection",8.3
4,"Unmet need for family planning: Any method (Percent)","Unmet need","Estimates and Projections of Family Planning Indicators",2024,"United Nations Population Division",850,"United States Virgin Islands","VI","VIR",70,"2019",4,"Median",2,"Female",31,15,49,"15-49",99,"All women",1,"Model-based Estimates",3,"Projection",8.3
4,"Unmet need for family planning: Any method (Percent)","Unmet need","Estimates and Projections of Family Planning Indicators",2024,"United Nations Population Division",850,"United States Virgin Islands","VI","VIR",71,"2020",4,"Median",2,"Female",31,15,49,"15-49",99,"All women",1,"Model-based Estimates",3,"Projection",8.3
4,"Unmet need for family planning: Any method (Percent)","Unmet need","Estimates and Projections of Family Planning Indicators",2024,"United Nations Population Division",850,"United States Virgin Islands","VI","VIR",72,"2021",4,"Median",2,"Female",31,15,49,"15-49",99,"All women",1,"Model-based Estimates",3,"Projection",8.3
4,"Unmet need for family planning: Any method (Percent)","Unmet need","Estimates and Projections of Family Planning Indicators",2024,"United Nations Population Division",850,"United States Virgin Islands","VI","VIR",73,"2022",4,"Median",2,"Female",31,15,49,"15-49",99,"All women",1,"Model-based Estimates",3,"Projection",8.2
4,"Unmet need for family planning: Any method (Percent)","Unmet need","Estimates and Projections of Family Planning Indicators",2024,"United Nations Population Division",858,"Uruguay","UY","URY",59,"2008",4,"Median",2,"Female",31,15,49,"15-49",99,"All women",1,"Model-based Estimates",3,"Projection",6.4
4,"Unmet need for family planning: Any method (Percent)","Unmet need","Estimates and Projections of Family Planning Indicators",2024,"United Nations Population Division",858,"Uruguay","UY","URY",60,"2009",4,"Median",2,"Female",31,15,49,"15-49",99,"All women",1,"Model-based Estimates",3,"Projection",6.4
4,"Unmet need for family planning: Any method (Percent)","Unmet need","Estimates and Projections of Family Planning Indicators",2024,"United Nations Population Division",858,"Uruguay","UY","URY",61,"2010",4,"Median",2,"Female",31,15,49,"15-49",99,"All women",1,"Model-based Estimates",3,"Projection",6.4
4,"Unmet need for family planning: Any method (Percent)","Unmet need","Estimates and Projections of Family Planning Indicators",2024,"United Nations Population Division",858,"Uruguay","UY","URY",62,"2011",4,"Median",2,"Female",31,15,49,"15-49",99,"All women",1,"Model-based Estimates",3,"Projection",6.4
4,"Unmet need for family planning: Any method (Percent)","Unmet need","Estimates and Projections of Family Planning Indicators",2024,"United Nations Population Division",858,"Uruguay","UY","URY",63,"2012",4,"Median",2,"Female",31,15,49,"15-49",99,"All women",1,"Model-based Estimates",3,"Projection",6.4
4,"Unmet need for family planning: Any method (Percent)","Unmet need","Estimates and Projections of Family Planning Indicators",2024,"United Nations Population Division",858,"Uruguay","UY","URY",64,"2013",4,"Median",2,"Female",31,15,49,"15-49",99,"All women",1,"Model-based Estimates",3,"Projection",6.3
4,"Unmet need for family planning: Any method (Percent)","Unmet need","Estimates and Projections of Family Planning Indicators",2024,"United Nations Population Division",858,"Uruguay","UY","URY",65,"2014",4,"Median",2,"Female",31,15,49,"15-49",99,"All women",1,"Model-based Estimates",3,"Projection",6.3
4,"Unmet need for family planning: Any method (Percent)","Unmet need","Estimates and Projections of Family Planning Indicators",2024,"United Nations Population Division",858,"Uruguay","UY","URY",66,"2015",4,"Median",2,"Female",31,15,49,"15-49",99,"All women",1,"Model-based Estimates",3,"Projection",6.3
4,"Unmet need for family planning: Any method (Percent)","Unmet need","Estimates and Projections of Family Planning Indicators",2024,"United Nations Population Division",858,"Uruguay","UY","URY",67,"2016",4,"Median",2,"Female",31,15,49,"15-49",99,"All women",1,"Model-based Estimates",3,"Projection",6.3
4,"Unmet need for family planning: Any method (Percent)","Unmet need","Estimates and Projections of Family Planning Indicators",2024,"United Nations Population Division",858,"Uruguay","UY","URY",68,"2017",4,"Median",2,"Female",31,15,49,"15-49",99,"All women",1,"Model-based Estimates",3,"Projection",6.3
4,"Unmet need for family planning: Any method (Percent)","Unmet need","Estimates and Projections of Family Planning Indicators",2024,"United Nations Population Division",858,"Uruguay","UY","URY",69,"2018",4,"Median",2,"Female",31,15,49,"15-49",99,"All women",1,"Model-based Estimates",3,"Projection",6.3
4,"Unmet need for family planning: Any method (Percent)","Unmet need","Estimates and Projections of Family Planning Indicators",2024,"United Nations Population Division",858,"Uruguay","UY","URY",70,"2019",4,"Median",2,"Female",31,15,49,"15-49",99,"All women",1,"Model-based Estimates",3,"Projection",6.3
4,"Unmet need for family planning: Any method (Percent)","Unmet need","Estimates and Projections of Family Planning Indicators",2024,"United Nations Population Division",858,"Uruguay","UY","URY",71,"2020",4,"Median",2,"Female",31,15,49,"15-49",99,"All women",1,"Model-based Estimates",3,"Projection",6.3
4,"Unmet need for family planning: Any method (Percent)","Unmet need","Estimates and Projections of Family Planning Indicators",2024,"United Nations Population Division",858,"Uruguay","UY","URY",72,"2021",4,"Median",2,"Female",31,15,49,"15-49",99,"All women",1,"Model-based Estimates",3,"Projection",6.2
4,"Unmet need for family planning: Any method (Percent)","Unmet need","Estimates and Projections of Family Planning Indicators",2024,"United Nations Population Division",858,"Uruguay","UY","URY",73,"2022",4,"Median",2,"Female",31,15,49,"15-49",99,"All women",1,"Model-based Estimates",3,"Projection",6.2
4,"Unmet need for family planning: Any method (Percent)","Unmet need","Estimates and Projections of Family Planning Indicators",2024,"United Nations Population Division",862,"Venezuela (Bolivarian Republic of)","VE","VEN",59,"2008",4,"Median",2,"Female",31,15,49,"15-49",99,"All women",1,"Model-based Estimates",3,"Projection",8.6
4,"Unmet need for family planning: Any method (Percent)","Unmet need","Estimates and Projections of Family Planning Indicators",2024,"United Nations Population Division",862,"Venezuela (Bolivarian Republic of)","VE","VEN",60,"2009",4,"Median",2,"Female",31,15,49,"15-49",99,"All women",1,"Model-based Estimates",3,"Projection",8.5
4,"Unmet need for family planning: Any method (Percent)","Unmet need","Estimates and Projections of Family Planning Indicators",2024,"United Nations Population Division",862,"Venezuela (Bolivarian Republic of)","VE","VEN",61,"2010",4,"Median",2,"Female",31,15,49,"15-49",99,"All women",1,"Model-based Estimates",3,"Projection",8.4
4,"Unmet need for family planning: Any method (Percent)","Unmet need","Estimates and Projections of Family Planning Indicators",2024,"United Nations Population Division",862,"Venezuela (Bolivarian Republic of)","VE","VEN",62,"2011",4,"Median",2,"Female",31,15,49,"15-49",99,"All women",1,"Model-based Estimates",3,"Projection",8.3
4,"Unmet need for family planning: Any method (Percent)","Unmet need","Estimates and Projections of Family Planning Indicators",2024,"United Nations Population Division",862,"Venezuela (Bolivarian Republic of)","VE","VEN",63,"2012",4,"Median",2,"Female",31,15,49,"15-49",99,"All women",1,"Model-based Estimates",3,"Projection",8.2
4,"Unmet need for family planning: Any method (Percent)","Unmet need","Estimates and Projections of Family Planning Indicators",2024,"United Nations Population Division",862,"Venezuela (Bolivarian Republic of)","VE","VEN",64,"2013",4,"Median",2,"Female",31,15,49,"15-49",99,"All women",1,"Model-based Estimates",3,"Projection",8.1
4,"Unmet need for family planning: Any method (Percent)","Unmet need","Estimates and Projections of Family Planning Indicators",2024,"United Nations Population Division",862,"Venezuela (Bolivarian Republic of)","VE","VEN",65,"2014",4,"Median",2,"Female",31,15,49,"15-49",99,"All women",1,"Model-based Estimates",3,"Projection",8.1
4,"Unmet need for family planning: Any method (Percent)","Unmet need","Estimates and Projections of Family Planning Indicators",2024,"United Nations Population Division",862,"Venezuela (Bolivarian Republic of)","VE","VEN",66,"2015",4,"Median",2,"Female",31,15,49,"15-49",99,"All women",1,"Model-based Estimates",3,"Projection",8
4,"Unmet need for family planning: Any method (Percent)","Unmet need","Estimates and Projections of Family Planning Indicators",2024,"United Nations Population Division",862,"Venezuela (Bolivarian Republic of)","VE","VEN",67,"2016",4,"Median",2,"Female",31,15,49,"15-49",99,"All women",1,"Model-based Estimates",3,"Projection",7.9
4,"Unmet need for family planning: Any method (Percent)","Unmet need","Estimates and Projections of Family Planning Indicators",2024,"United Nations Population Division",862,"Venezuela (Bolivarian Republic of)","VE","VEN",68,"2017",4,"Median",2,"Female",31,15,49,"15-49",99,"All women",1,"Model-based Estimates",3,"Projection",7.8
4,"Unmet need for family planning: Any method (Percent)","Unmet need","Estimates and Projections of Family Planning Indicators",2024,"United Nations Population Division",862,"Venezuela (Bolivarian Republic of)","VE","VEN",69,"2018",4,"Median",2,"Female",31,15,49,"15-49",99,"All women",1,"Model-based Estimates",3,"Projection",7.8
4,"Unmet need for family planning: Any method (Percent)","Unmet need","Estimates and Projections of Family Planning Indicators",2024,"United Nations Population Division",862,"Venezuela (Bolivarian Republic of)","VE","VEN",70,"2019",4,"Median",2,"Female",31,15,49,"15-49",99,"All women",1,"Model-based Estimates",3,"Projection",7.7
4,"Unmet need for family planning: Any method (Percent)","Unmet need","Estimates and Projections of Family Planning Indicators",2024,"United Nations Population Division",862,"Venezuela (Bolivarian Republic of)","VE","VEN",71,"2020",4,"Median",2,"Female",31,15,49,"15-49",99,"All women",1,"Model-based Estimates",3,"Projection",7.6
4,"Unmet need for family planning: Any method (Percent)","Unmet need","Estimates and Projections of Family Planning Indicators",2024,"United Nations Population Division",862,"Venezuela (Bolivarian Republic of)","VE","VEN",72,"2021",4,"Median",2,"Female",31,15,49,"15-49",99,"All women",1,"Model-based Estimates",3,"Projection",7.6
4,"Unmet need for family planning: Any method (Percent)","Unmet need","Estimates and Projections of Family Planning Indicators",2024,"United Nations Population Division",862,"Venezuela (Bolivarian Republic of)","VE","VEN",73,"2022",4,"Median",2,"Female",31,15,49,"15-49",99,"All women",1,"Model-based Estimates",3,"Projection",7.5
